[17:00:03.814] INFO: [daemon.js:17438] [3001146bce6941d486975dcd36d69dfc] → GET /mavis/health
[17:00:03.815] INFO: [daemon.js:17438] [3001146bce6941d486975dcd36d69dfc] ← GET /mavis/health status=200 duration=1ms {"locale":"en"}
[17:00:13.825] INFO: [daemon.js:17438] [45bf0838c10544c7b0e75d277c8faec7] → GET /mavis/health
[17:00:13.826] INFO: [daemon.js:17438] [45bf0838c10544c7b0e75d277c8faec7] ← GET /mavis/health status=200 duration=1ms {"locale":"en"}
[17:00:23.825] INFO: [daemon.js:17438] [b8e311e99f9549d29ccaeaac75d2cf9e] → GET /mavis/health
[17:00:23.826] INFO: [daemon.js:17438] [b8e311e99f9549d29ccaeaac75d2cf9e] ← GET /mavis/health status=200 duration=1ms {"locale":"en"}
[17:00:33.838] INFO: [daemon.js:17438] [36a46a89ccab40e7ae5e5d8dc17816c9] → GET /mavis/health
[17:00:33.838] INFO: [daemon.js:17438] [36a46a89ccab40e7ae5e5d8dc17816c9] ← GET /mavis/health status=200 duration=0ms {"locale":"en"}
[17:00:43.829] INFO: [daemon.js:17438] [ad4abc4c94ec45c9ab061de0fe73fa7d] → GET /mavis/health
[17:00:43.829] INFO: [daemon.js:17438] [ad4abc4c94ec45c9ab061de0fe73fa7d] ← GET /mavis/health status=200 duration=0ms {"locale":"en"}
[17:00:53.854] INFO: [daemon.js:17438] [e92513f523aa4f07b482147634db4dcb] → GET /mavis/health
[17:00:53.854] INFO: [daemon.js:17438] [e92513f523aa4f07b482147634db4dcb] ← GET /mavis/health status=200 duration=0ms {"locale":"en"}
[17:01:03.859] INFO: [daemon.js:17438] [423290c412e043e386f67b0ff2893096] → GET /mavis/health
[17:01:03.859] INFO: [daemon.js:17438] [423290c412e043e386f67b0ff2893096] ← GET /mavis/health status=200 duration=0ms {"locale":"en"}
[17:01:09.507] INFO: [daemon.js:17438] [e4f98e34da8a45dcaee0f021b994f27b] [mcp:matrix:stderr] [matrix-mcp-cli] tools/list dropped 2 unknown tool(s) not in this cli's KNOWN_TOOLS: matrix_extract_content_from_websites, matrix_get_upload_url
[17:01:09.509] INFO: [daemon.js:17438] [d06da1b43594403a95ca1f38473b5a1f] → POST /mavis/mcp/cu
[17:01:09.511] INFO: [daemon.js:17438] [d06da1b43594403a95ca1f38473b5a1f] ← POST /mavis/mcp/cu status=200 duration=2ms {"locale":"en"}
[17:01:09.511] INFO: [daemon.js:17438] [786f828ea11b464198be9113c800cead] → POST /mavis/mcp/trash
[17:01:09.516] INFO: [daemon.js:17438] [786f828ea11b464198be9113c800cead] ← POST /mavis/mcp/trash status=200 duration=5ms {"locale":"en"}
[17:01:13.861] INFO: [daemon.js:17438] [caf3ecae9c2a439abb1a308f2cdb380a] → GET /mavis/health
[17:01:13.862] INFO: [daemon.js:17438] [caf3ecae9c2a439abb1a308f2cdb380a] ← GET /mavis/health status=200 duration=1ms {"locale":"en"}
[17:01:23.866] INFO: [daemon.js:17438] [16b7cc777fda41999825774fa8d169f5] → GET /mavis/health
[17:01:23.866] INFO: [daemon.js:17438] [16b7cc777fda41999825774fa8d169f5] ← GET /mavis/health status=200 duration=0ms {"locale":"en"}
[17:01:33.871] INFO: [daemon.js:17438] [a42fc61c188344fda49b416f7bffe85f] → GET /mavis/health
[17:01:33.871] INFO: [daemon.js:17438] [a42fc61c188344fda49b416f7bffe85f] ← GET /mavis/health status=200 duration=0ms {"locale":"en"}
[17:01:43.870] INFO: [daemon.js:17438] [714b1bed7b7a4fe2ac0ad40597c5e5da] → GET /mavis/health
[17:01:43.871] INFO: [daemon.js:17438] [714b1bed7b7a4fe2ac0ad40597c5e5da] ← GET /mavis/health status=200 duration=1ms {"locale":"en"}
[17:01:53.878] INFO: [daemon.js:17438] [f1b1ed979dc44141985de9abecd8dd6a] → GET /mavis/health
[17:01:53.878] INFO: [daemon.js:17438] [f1b1ed979dc44141985de9abecd8dd6a] ← GET /mavis/health status=200 duration=0ms {"locale":"en"}
[17:02:03.887] INFO: [daemon.js:17438] [f80d9a6bcc9a42579d1430c496569ac8] → GET /mavis/health
[17:02:03.887] INFO: [daemon.js:17438] [f80d9a6bcc9a42579d1430c496569ac8] ← GET /mavis/health status=200 duration=0ms {"locale":"en"}
[17:02:13.900] INFO: [daemon.js:17438] [39b561696885447e8964d9b4d29bcaa1] → GET /mavis/health
[17:02:13.900] INFO: [daemon.js:17438] [39b561696885447e8964d9b4d29bcaa1] ← GET /mavis/health status=200 duration=0ms {"locale":"en"}
[17:02:23.891] INFO: [daemon.js:17438] [31a2c091bc78467d9d18aaf55610cac3] → GET /mavis/health
[17:02:23.892] INFO: [daemon.js:17438] [31a2c091bc78467d9d18aaf55610cac3] ← GET /mavis/health status=200 duration=1ms {"locale":"en"}
[17:02:33.912] INFO: [daemon.js:17438] [09439e56a95a43f3813fc3838eebb49d] → GET /mavis/health
[17:02:33.912] INFO: [daemon.js:17438] [09439e56a95a43f3813fc3838eebb49d] ← GET /mavis/health status=200 duration=0ms {"locale":"en"}
[17:02:35.821] INFO: [daemon.js:17438] [2e20e96b1cfa4af39abf6330e00cc158] → GET /mavis/mcp/trash
[17:02:35.822] INFO: [daemon.js:17438] [2e20e96b1cfa4af39abf6330e00cc158] ← GET /mavis/mcp/trash status=200 duration=1ms {"locale":"en"}
[17:02:35.822] INFO: [daemon.js:17438] [1755c6420994487c8b97181a344a8b1f] → GET /mavis/mcp/cu
[17:02:35.823] INFO: [daemon.js:17438] [1755c6420994487c8b97181a344a8b1f] ← GET /mavis/mcp/cu status=200 duration=1ms {"locale":"en"}
[17:02:43.925] INFO: [daemon.js:17438] [01df5adb14e0466a8aedfd7a361262db] → GET /mavis/health
[17:02:43.925] INFO: [daemon.js:17438] [01df5adb14e0466a8aedfd7a361262db] ← GET /mavis/health status=200 duration=0ms {"locale":"en"}
[17:02:53.932] INFO: [daemon.js:17438] [76d75ce3d40142d49ccf733fd07abe6f] → GET /mavis/health
[17:02:53.933] INFO: [daemon.js:17438] [76d75ce3d40142d49ccf733fd07abe6f] ← GET /mavis/health status=200 duration=1ms {"locale":"en"}
[17:03:03.942] INFO: [daemon.js:17438] [caf5c3b17c174a1ebbe2ecdc795db5de] → GET /mavis/health
[17:03:03.942] INFO: [daemon.js:17438] [caf5c3b17c174a1ebbe2ecdc795db5de] ← GET /mavis/health status=200 duration=0ms {"locale":"en"}
[17:03:13.937] INFO: [daemon.js:17438] [917f584d23164437a1465fe69ae8d709] → GET /mavis/health
[17:03:13.937] INFO: [daemon.js:17438] [917f584d23164437a1465fe69ae8d709] ← GET /mavis/health status=200 duration=0ms {"locale":"en"}
[17:03:23.949] INFO: [daemon.js:17438] [670b56b7f92c49428a21e387a056b71d] → GET /mavis/health
[17:03:23.949] INFO: [daemon.js:17438] [670b56b7f92c49428a21e387a056b71d] ← GET /mavis/health status=200 duration=0ms {"locale":"en"}
[17:03:33.955] INFO: [daemon.js:17438] [4bd4f14277f34f9d99010ade3b3ad234] → GET /mavis/health
[17:03:33.955] INFO: [daemon.js:17438] [4bd4f14277f34f9d99010ade3b3ad234] ← GET /mavis/health status=200 duration=0ms {"locale":"en"}
[17:03:43.958] INFO: [daemon.js:17438] [798b2486d40f4f84babec8280adf90b8] → GET /mavis/health
[17:03:43.958] INFO: [daemon.js:17438] [798b2486d40f4f84babec8280adf90b8] ← GET /mavis/health status=200 duration=0ms {"locale":"en"}
[17:03:53.963] INFO: [daemon.js:17438] [933e04363a6948958ea347eca59e2cb5] → GET /mavis/health
[17:03:53.964] INFO: [daemon.js:17438] [933e04363a6948958ea347eca59e2cb5] ← GET /mavis/health status=200 duration=1ms {"locale":"en"}
[17:04:03.973] INFO: [daemon.js:17438] [bde0ee2094e44e1aab5fb55d5dca4c08] → GET /mavis/health
[17:04:03.974] INFO: [daemon.js:17438] [bde0ee2094e44e1aab5fb55d5dca4c08] ← GET /mavis/health status=200 duration=1ms {"locale":"en"}
[17:04:14.002] INFO: [daemon.js:17438] [f077f203c9f84c769347e286af0075f2] → GET /mavis/health
[17:04:14.002] INFO: [daemon.js:17438] [f077f203c9f84c769347e286af0075f2] ← GET /mavis/health status=200 duration=1ms {"locale":"en"}
[17:04:23.992] INFO: [daemon.js:17438] [4eaf5568500a434c9463f7fc44869ed4] → GET /mavis/health
[17:04:23.993] INFO: [daemon.js:17438] [4eaf5568500a434c9463f7fc44869ed4] ← GET /mavis/health status=200 duration=1ms {"locale":"en"}
[17:04:34.006] INFO: [daemon.js:17438] [35cb1e9aa6004be5b5e01a6f8c270c76] → GET /mavis/health
[17:04:34.007] INFO: [daemon.js:17438] [35cb1e9aa6004be5b5e01a6f8c270c76] ← GET /mavis/health status=200 duration=1ms {"locale":"en"}
[17:04:44.012] INFO: [daemon.js:17438] [67a42bc122204b59b6cc9ebdbc0c8bc8] → GET /mavis/health
[17:04:44.012] INFO: [daemon.js:17438] [67a42bc122204b59b6cc9ebdbc0c8bc8] ← GET /mavis/health status=200 duration=0ms {"locale":"en"}
[17:04:54.035] INFO: [daemon.js:17438] [4dc6a986d53c4604adf05b192fb385f4] → GET /mavis/health
[17:04:54.036] INFO: [daemon.js:17438] [4dc6a986d53c4604adf05b192fb385f4] ← GET /mavis/health status=200 duration=1ms {"locale":"en"}
[17:05:04.040] INFO: [daemon.js:17438] [311104857dc4453ab7aeb69e2154aeb4] → GET /mavis/health
[17:05:04.041] INFO: [daemon.js:17438] [311104857dc4453ab7aeb69e2154aeb4] ← GET /mavis/health status=200 duration=1ms {"locale":"en"}
[17:05:14.061] INFO: [daemon.js:17438] [9c095f8395944414a49538ed194840bc] → GET /mavis/health
[17:05:14.062] INFO: [daemon.js:17438] [9c095f8395944414a49538ed194840bc] ← GET /mavis/health status=200 duration=1ms {"locale":"en"}
[17:05:24.045] INFO: [daemon.js:17438] [e7bf550f81f446779819542eb736729c] → GET /mavis/health
[17:05:24.045] INFO: [daemon.js:17438] [e7bf550f81f446779819542eb736729c] ← GET /mavis/health status=200 duration=0ms {"locale":"en"}
[17:05:34.072] INFO: [daemon.js:17438] [0f86b36fb4794286bfbf0007a33b0933] → GET /mavis/health
[17:05:34.072] INFO: [daemon.js:17438] [0f86b36fb4794286bfbf0007a33b0933] ← GET /mavis/health status=200 duration=0ms {"locale":"en"}
[17:05:44.076] INFO: [daemon.js:17438] [3fefedf3401b4ff29c2d7e05b5448878] → GET /mavis/health
[17:05:44.076] INFO: [daemon.js:17438] [3fefedf3401b4ff29c2d7e05b5448878] ← GET /mavis/health status=200 duration=0ms {"locale":"en"}
[17:05:54.066] INFO: [daemon.js:17438] [8f09073ee87a4fabab93a03306cab2d6] → GET /mavis/health
[17:05:54.066] INFO: [daemon.js:17438] [8f09073ee87a4fabab93a03306cab2d6] ← GET /mavis/health status=200 duration=0ms {"locale":"en"}
[17:06:04.087] INFO: [daemon.js:17438] [f4d674f47f744f41811c3b30e50e1217] → GET /mavis/health
[17:06:04.087] INFO: [daemon.js:17438] [f4d674f47f744f41811c3b30e50e1217] ← GET /mavis/health status=200 duration=0ms {"locale":"en"}
[17:06:09.509] INFO: [daemon.js:17438] [cbb832415c2a4af39faf74e5b039a6a7] → POST /mavis/mcp/cu
[17:06:09.511] INFO: [daemon.js:17438] [cbb832415c2a4af39faf74e5b039a6a7] ← POST /mavis/mcp/cu status=200 duration=2ms {"locale":"en"}
[17:06:09.514] INFO: [daemon.js:17438] [b73e549e35eb46139d27cc8753e05bc5] → POST /mavis/mcp/trash
[17:06:09.516] INFO: [daemon.js:17438] [b73e549e35eb46139d27cc8753e05bc5] ← POST /mavis/mcp/trash status=200 duration=2ms {"locale":"en"}
[17:06:09.842] INFO: [daemon.js:17438] [f778a020bf2b4bcfac7a20fda53132ed] [mcp:matrix:stderr] [matrix-mcp-cli] tools/list dropped 2 unknown tool(s) not in this cli's KNOWN_TOOLS: matrix_extract_content_from_websites, matrix_get_upload_url
[17:06:14.110] INFO: [daemon.js:17438] [f58d6c588f694489ad353e41f4040f7a] → GET /mavis/health
[17:06:14.110] INFO: [daemon.js:17438] [f58d6c588f694489ad353e41f4040f7a] ← GET /mavis/health status=200 duration=0ms {"locale":"en"}
[17:06:24.116] INFO: [daemon.js:17438] [cdc74e9ff270444183ab443cd9603042] → GET /mavis/health
[17:06:24.116] INFO: [daemon.js:17438] [cdc74e9ff270444183ab443cd9603042] ← GET /mavis/health status=200 duration=0ms {"locale":"en"}
[17:06:34.118] INFO: [daemon.js:17438] [96ce9ec314e54c5185d234524d202f7f] → GET /mavis/health
[17:06:34.118] INFO: [daemon.js:17438] [96ce9ec314e54c5185d234524d202f7f] ← GET /mavis/health status=200 duration=0ms {"locale":"en"}
[17:06:44.124] INFO: [daemon.js:17438] [d35193ff5f2842d9aaf768dc2fed08d0] → GET /mavis/health
[17:06:44.124] INFO: [daemon.js:17438] [d35193ff5f2842d9aaf768dc2fed08d0] ← GET /mavis/health status=200 duration=0ms {"locale":"en"}
[17:06:54.147] INFO: [daemon.js:17438] [3f0d301d82164bfaa7a5580f947fe790] → GET /mavis/health
[17:06:54.147] INFO: [daemon.js:17438] [3f0d301d82164bfaa7a5580f947fe790] ← GET /mavis/health status=200 duration=0ms {"locale":"en"}
[17:07:04.151] INFO: [daemon.js:17438] [a85c637cdcea4fae9a3de38bd2c228bb] → GET /mavis/health
[17:07:04.151] INFO: [daemon.js:17438] [a85c637cdcea4fae9a3de38bd2c228bb] ← GET /mavis/health status=200 duration=0ms {"locale":"en"}
[17:07:14.150] INFO: [daemon.js:17438] [fd05d09629ee4871a7c4afceb65fca21] → GET /mavis/health
[17:07:14.151] INFO: [daemon.js:17438] [fd05d09629ee4871a7c4afceb65fca21] ← GET /mavis/health status=200 duration=1ms {"locale":"en"}
[17:07:24.154] INFO: [daemon.js:17438] [807eb1a461794d6781b46ad016d6f2f5] → GET /mavis/health
[17:07:24.154] INFO: [daemon.js:17438] [807eb1a461794d6781b46ad016d6f2f5] ← GET /mavis/health status=200 duration=0ms {"locale":"en"}
[17:07:34.166] INFO: [daemon.js:17438] [0120e03b828640d686cddff0a21999ce] → GET /mavis/health
[17:07:34.167] INFO: [daemon.js:17438] [0120e03b828640d686cddff0a21999ce] ← GET /mavis/health status=200 duration=1ms {"locale":"en"}
[17:07:43.963] INFO: [daemon.js:17438] [ce9206988e8647efae710c80f6996f00] → GET /mavis/mcp/trash
[17:07:43.964] INFO: [daemon.js:17438] [ce9206988e8647efae710c80f6996f00] ← GET /mavis/mcp/trash status=200 duration=1ms {"locale":"en"}
[17:07:43.964] INFO: [daemon.js:17438] [16e06c618acf445b8a83f3c79625b149] → GET /mavis/mcp/cu
[17:07:43.965] INFO: [daemon.js:17438] [16e06c618acf445b8a83f3c79625b149] ← GET /mavis/mcp/cu status=200 duration=1ms {"locale":"en"}
[17:07:44.171] INFO: [daemon.js:17438] [7cc630bb1ed241bf8336cead18cde4fb] → GET /mavis/health
[17:07:44.171] INFO: [daemon.js:17438] [7cc630bb1ed241bf8336cead18cde4fb] ← GET /mavis/health status=200 duration=0ms {"locale":"en"}
[17:07:54.182] INFO: [daemon.js:17438] [7946d4d4e7874eb69e26bc13053ff2ee] → GET /mavis/health
[17:07:54.182] INFO: [daemon.js:17438] [7946d4d4e7874eb69e26bc13053ff2ee] ← GET /mavis/health status=200 duration=0ms {"locale":"en"}
[17:08:04.183] INFO: [daemon.js:17438] [c69538fde39140a1b45ce5ac33962b54] → GET /mavis/health
[17:08:04.183] INFO: [daemon.js:17438] [c69538fde39140a1b45ce5ac33962b54] ← GET /mavis/health status=200 duration=0ms {"locale":"en"}
[17:08:14.186] INFO: [daemon.js:17438] [38aaa163fc7e4025b9bb61666be942b6] → GET /mavis/health
[17:08:14.187] INFO: [daemon.js:17438] [38aaa163fc7e4025b9bb61666be942b6] ← GET /mavis/health status=200 duration=1ms {"locale":"en"}
[17:08:24.213] INFO: [daemon.js:17438] [efb6d5dc9d584f5494df175e72d50e1f] → GET /mavis/health
[17:08:24.213] INFO: [daemon.js:17438] [efb6d5dc9d584f5494df175e72d50e1f] ← GET /mavis/health status=200 duration=0ms {"locale":"en"}
[17:08:34.217] INFO: [daemon.js:17438] [da4f6d7b79dc468ebe0a32bc69aaa9f1] → GET /mavis/health
[17:08:34.217] INFO: [daemon.js:17438] [da4f6d7b79dc468ebe0a32bc69aaa9f1] ← GET /mavis/health status=200 duration=0ms {"locale":"en"}
[17:08:44.218] INFO: [daemon.js:17438] [e7f9368f155e48df952dd2498b23f8dc] → GET /mavis/health
[17:08:44.218] INFO: [daemon.js:17438] [e7f9368f155e48df952dd2498b23f8dc] ← GET /mavis/health status=200 duration=0ms {"locale":"en"}
[17:08:54.243] INFO: [daemon.js:17438] [cc1616daa6f649a1965af16c1ac83aa4] → GET /mavis/health
[17:08:54.243] INFO: [daemon.js:17438] [cc1616daa6f649a1965af16c1ac83aa4] ← GET /mavis/health status=200 duration=0ms {"locale":"en"}
[17:09:04.247] INFO: [daemon.js:17438] [2cbe7c9d2807481ab57c90f37278c47f] → GET /mavis/health
[17:09:04.247] INFO: [daemon.js:17438] [2cbe7c9d2807481ab57c90f37278c47f] ← GET /mavis/health status=200 duration=0ms {"locale":"en"}
[17:09:14.246] INFO: [daemon.js:17438] [ab87142cc8204981abad0e0c84c8e293] → GET /mavis/health
[17:09:14.246] INFO: [daemon.js:17438] [ab87142cc8204981abad0e0c84c8e293] ← GET /mavis/health status=200 duration=0ms {"locale":"en"}
[17:09:24.256] INFO: [daemon.js:17438] [78b37d25769f4fe78e3d81bd7ab52e97] → GET /mavis/health
[17:09:24.256] INFO: [daemon.js:17438] [78b37d25769f4fe78e3d81bd7ab52e97] ← GET /mavis/health status=200 duration=0ms {"locale":"en"}
[17:09:34.267] INFO: [daemon.js:17438] [08177d1206af4d668c2ea5b07a30e5ab] → GET /mavis/health
[17:09:34.267] INFO: [daemon.js:17438] [08177d1206af4d668c2ea5b07a30e5ab] ← GET /mavis/health status=200 duration=0ms {"locale":"en"}
[17:09:44.299] INFO: [daemon.js:17438] [6880826361b4433e87328477fe7fb31c] → GET /mavis/health
[17:09:44.299] INFO: [daemon.js:17438] [6880826361b4433e87328477fe7fb31c] ← GET /mavis/health status=200 duration=0ms {"locale":"en"}
[17:09:54.287] INFO: [daemon.js:17438] [7f35072d4fa74339a9ab04443c7279c8] → GET /mavis/health
[17:09:54.287] INFO: [daemon.js:17438] [7f35072d4fa74339a9ab04443c7279c8] ← GET /mavis/health status=200 duration=0ms {"locale":"en"}
[17:10:04.289] INFO: [daemon.js:17438] [cabda6f212ab4746879990ea77321b5b] → GET /mavis/health
[17:10:04.289] INFO: [daemon.js:17438] [cabda6f212ab4746879990ea77321b5b] ← GET /mavis/health status=200 duration=0ms {"locale":"en"}
[17:10:14.317] INFO: [daemon.js:17438] [c7f2b293daf14a099c17ff7ab501a1f1] → GET /mavis/health
[17:10:14.317] INFO: [daemon.js:17438] [c7f2b293daf14a099c17ff7ab501a1f1] ← GET /mavis/health status=200 duration=0ms {"locale":"en"}
[17:10:24.324] INFO: [daemon.js:17438] [133040e5696144ac9030b95a5947fd72] → GET /mavis/health
[17:10:24.325] INFO: [daemon.js:17438] [133040e5696144ac9030b95a5947fd72] ← GET /mavis/health status=200 duration=1ms {"locale":"en"}
[17:10:34.320] INFO: [daemon.js:17438] [cf4ded6f02ad4f91b747ffb5c8d5e403] → GET /mavis/health
[17:10:34.320] INFO: [daemon.js:17438] [cf4ded6f02ad4f91b747ffb5c8d5e403] ← GET /mavis/health status=200 duration=0ms {"locale":"en"}
[17:10:44.320] INFO: [daemon.js:17438] [debbb7099666418a9a9fccaa6c73d2b9] → GET /mavis/health
[17:10:44.321] INFO: [daemon.js:17438] [debbb7099666418a9a9fccaa6c73d2b9] ← GET /mavis/health status=200 duration=1ms {"locale":"en"}
[17:10:54.344] INFO: [daemon.js:17438] [59af8db568064b9fbf1e693f95fafbbb] → GET /mavis/health
[17:10:54.345] INFO: [daemon.js:17438] [59af8db568064b9fbf1e693f95fafbbb] ← GET /mavis/health status=200 duration=1ms {"locale":"en"}
[17:11:04.349] INFO: [daemon.js:17438] [e19a6c0abae54443a4ce643bc02e047f] → GET /mavis/health
[17:11:04.350] INFO: [daemon.js:17438] [e19a6c0abae54443a4ce643bc02e047f] ← GET /mavis/health status=200 duration=1ms {"locale":"en"}
[17:11:09.510] INFO: [daemon.js:17438] [b361882017114e84aac11fa05eedb0d2] [mcp:matrix:stderr] [matrix-mcp-cli] tools/list dropped 2 unknown tool(s) not in this cli's KNOWN_TOOLS: matrix_extract_content_from_websites, matrix_get_upload_url
[17:11:09.512] INFO: [daemon.js:17438] [6d5789f3a013461caea9ec85da8f753e] → POST /mavis/mcp/cu
[17:11:09.513] INFO: [daemon.js:17438] [6d5789f3a013461caea9ec85da8f753e] ← POST /mavis/mcp/cu status=200 duration=1ms {"locale":"en"}
[17:11:09.513] INFO: [daemon.js:17438] [36b303c1469b4a54a06d85fc9404dc42] → POST /mavis/mcp/trash
[17:11:09.513] INFO: [daemon.js:17438] [36b303c1469b4a54a06d85fc9404dc42] ← POST /mavis/mcp/trash status=200 duration=0ms {"locale":"en"}
[17:11:14.355] INFO: [daemon.js:17438] [a1bde08749db48d8aa184d650d7c7e47] → GET /mavis/health
[17:11:14.355] INFO: [daemon.js:17438] [a1bde08749db48d8aa184d650d7c7e47] ← GET /mavis/health status=200 duration=0ms {"locale":"en"}
[17:11:24.360] INFO: [daemon.js:17438] [f2b5e17ccad54607a712250954bc7e1d] → GET /mavis/health
[17:11:24.360] INFO: [daemon.js:17438] [f2b5e17ccad54607a712250954bc7e1d] ← GET /mavis/health status=200 duration=0ms {"locale":"en"}
[17:11:34.376] INFO: [daemon.js:17438] [9240af9e088a415ea58025d8f46f8145] → GET /mavis/health
[17:11:34.376] INFO: [daemon.js:17438] [9240af9e088a415ea58025d8f46f8145] ← GET /mavis/health status=200 duration=0ms {"locale":"en"}
[17:11:44.377] INFO: [daemon.js:17438] [2a659a5fe1684e9c9796d9715be75029] → GET /mavis/health
[17:11:44.377] INFO: [daemon.js:17438] [2a659a5fe1684e9c9796d9715be75029] ← GET /mavis/health status=200 duration=0ms {"locale":"en"}
[17:11:54.389] INFO: [daemon.js:17438] [3df2be8f3377405088749b4683d87b1e] → GET /mavis/health
[17:11:54.389] INFO: [daemon.js:17438] [3df2be8f3377405088749b4683d87b1e] ← GET /mavis/health status=200 duration=0ms {"locale":"en"}
[17:12:04.391] INFO: [daemon.js:17438] [c3de4a81af3849ae8c4c26ca07546e59] → GET /mavis/health
[17:12:04.391] INFO: [daemon.js:17438] [c3de4a81af3849ae8c4c26ca07546e59] ← GET /mavis/health status=200 duration=0ms {"locale":"en"}
[17:12:14.399] INFO: [daemon.js:17438] [6f2690473d9e41588c5d30133236fe0a] → GET /mavis/health
[17:12:14.399] INFO: [daemon.js:17438] [6f2690473d9e41588c5d30133236fe0a] ← GET /mavis/health status=200 duration=0ms {"locale":"en"}
[17:12:24.402] INFO: [daemon.js:17438] [ad8865c419b14cadb267aed55554b1c1] → GET /mavis/health
[17:12:24.403] INFO: [daemon.js:17438] [ad8865c419b14cadb267aed55554b1c1] ← GET /mavis/health status=200 duration=1ms {"locale":"en"}
[17:12:34.403] INFO: [daemon.js:17438] [cd64f734a11c42b88d5940d54fe74a2b] → GET /mavis/health
[17:12:34.403] INFO: [daemon.js:17438] [cd64f734a11c42b88d5940d54fe74a2b] ← GET /mavis/health status=200 duration=0ms {"locale":"en"}
[17:12:44.403] INFO: [daemon.js:17438] [edbcdadb4029441b8afc74a75c953e30] → GET /mavis/health
[17:12:44.404] INFO: [daemon.js:17438] [edbcdadb4029441b8afc74a75c953e30] ← GET /mavis/health status=200 duration=1ms {"locale":"en"}
[17:12:52.169] INFO: [daemon.js:17438] [58cff4a3f33e486c91528bd7dfbdf785] → GET /mavis/mcp/trash
[17:12:52.170] INFO: [daemon.js:17438] [58cff4a3f33e486c91528bd7dfbdf785] ← GET /mavis/mcp/trash status=200 duration=1ms {"locale":"en"}
[17:12:52.170] INFO: [daemon.js:17438] [a6acedf5d6a5433fb64ca3a751ab0bcf] → GET /mavis/mcp/cu
[17:12:52.170] INFO: [daemon.js:17438] [a6acedf5d6a5433fb64ca3a751ab0bcf] ← GET /mavis/mcp/cu status=200 duration=0ms {"locale":"en"}
[17:12:54.432] INFO: [daemon.js:17438] [f1bbf33bb8ee40c6b3c6577af61e7281] → GET /mavis/health
[17:12:54.432] INFO: [daemon.js:17438] [f1bbf33bb8ee40c6b3c6577af61e7281] ← GET /mavis/health status=200 duration=0ms {"locale":"en"}
[17:13:04.412] INFO: [daemon.js:17438] [dc9f7650b1034dbd83ee078be10070d3] → GET /mavis/health
[17:13:04.412] INFO: [daemon.js:17438] [dc9f7650b1034dbd83ee078be10070d3] ← GET /mavis/health status=200 duration=0ms {"locale":"en"}
[17:13:14.442] INFO: [daemon.js:17438] [d06bc61f94da4551907fbfbcb8672237] → GET /mavis/health
[17:13:14.443] INFO: [daemon.js:17438] [d06bc61f94da4551907fbfbcb8672237] ← GET /mavis/health status=200 duration=1ms {"locale":"en"}
[17:13:24.439] INFO: [daemon.js:17438] [492a4635d48749078bccebff6ff81726] → GET /mavis/health
[17:13:24.439] INFO: [daemon.js:17438] [492a4635d48749078bccebff6ff81726] ← GET /mavis/health status=200 duration=0ms {"locale":"en"}
[17:13:34.448] INFO: [daemon.js:17438] [a3ca5afaec0c4ce9b2b43e7bd4656c4b] → GET /mavis/health
[17:13:34.449] INFO: [daemon.js:17438] [a3ca5afaec0c4ce9b2b43e7bd4656c4b] ← GET /mavis/health status=200 duration=1ms {"locale":"en"}
[17:13:44.452] INFO: [daemon.js:17438] [6106ad2af4ad4d3cb22540030313a66c] → GET /mavis/health
[17:13:44.452] INFO: [daemon.js:17438] [6106ad2af4ad4d3cb22540030313a66c] ← GET /mavis/health status=200 duration=0ms {"locale":"en"}
[17:13:54.453] INFO: [daemon.js:17438] [216ffce0ab2347afbfca2540797c2a4f] → GET /mavis/health
[17:13:54.454] INFO: [daemon.js:17438] [216ffce0ab2347afbfca2540797c2a4f] ← GET /mavis/health status=200 duration=1ms {"locale":"en"}
[17:14:04.458] INFO: [daemon.js:17438] [7fddd9c6a82e4ce48cceda8d869aef1d] → GET /mavis/health
[17:14:04.459] INFO: [daemon.js:17438] [7fddd9c6a82e4ce48cceda8d869aef1d] ← GET /mavis/health status=200 duration=1ms {"locale":"en"}
[17:14:14.474] INFO: [daemon.js:17438] [e1c703e9625f4777912a3ebedecf2d16] → GET /mavis/health
[17:14:14.474] INFO: [daemon.js:17438] [e1c703e9625f4777912a3ebedecf2d16] ← GET /mavis/health status=200 duration=0ms {"locale":"en"}
[17:14:24.492] INFO: [daemon.js:17438] [adb5fcc7a25947ef8659f6efa8078e10] → GET /mavis/health
[17:14:24.492] INFO: [daemon.js:17438] [adb5fcc7a25947ef8659f6efa8078e10] ← GET /mavis/health status=200 duration=0ms {"locale":"en"}
[17:14:34.488] INFO: [daemon.js:17438] [d303706488f7458db8c4756f90d93b7e] → GET /mavis/health
[17:14:34.489] INFO: [daemon.js:17438] [d303706488f7458db8c4756f90d93b7e] ← GET /mavis/health status=200 duration=1ms {"locale":"en"}
[17:14:44.494] INFO: [daemon.js:17438] [fcb8cd17265d40949ea598add53ffd04] → GET /mavis/health
[17:14:44.494] INFO: [daemon.js:17438] [fcb8cd17265d40949ea598add53ffd04] ← GET /mavis/health status=200 duration=0ms {"locale":"en"}
[17:14:54.506] INFO: [daemon.js:17438] [d66f79bced254d72a2888be96e34e676] → GET /mavis/health
[17:14:54.507] INFO: [daemon.js:17438] [d66f79bced254d72a2888be96e34e676] ← GET /mavis/health status=200 duration=1ms {"locale":"en"}
[17:15:04.527] INFO: [daemon.js:17438] [d8b5a8d5560a4ff89f775fa0917a0ae5] → GET /mavis/health
[17:15:04.527] INFO: [daemon.js:17438] [d8b5a8d5560a4ff89f775fa0917a0ae5] ← GET /mavis/health status=200 duration=0ms {"locale":"en"}
[17:15:14.518] INFO: [daemon.js:17438] [fa9deb45c8cc47fda1539c03aac866cb] → GET /mavis/health
[17:15:14.518] INFO: [daemon.js:17438] [fa9deb45c8cc47fda1539c03aac866cb] ← GET /mavis/health status=200 duration=0ms {"locale":"en"}
[17:15:24.536] INFO: [daemon.js:17438] [19e1ba2c3828462db27dc0dad094e244] → GET /mavis/health
[17:15:24.536] INFO: [daemon.js:17438] [19e1ba2c3828462db27dc0dad094e244] ← GET /mavis/health status=200 duration=0ms {"locale":"en"}
[17:15:34.522] INFO: [daemon.js:17438] [32736e389ea94d99aafed40dbcd0139d] → GET /mavis/health
[17:15:34.522] INFO: [daemon.js:17438] [32736e389ea94d99aafed40dbcd0139d] ← GET /mavis/health status=200 duration=0ms {"locale":"en"}
[17:15:44.546] INFO: [daemon.js:17438] [eec9324cfc2d46678e48d16a1c5b8899] → GET /mavis/health
[17:15:44.546] INFO: [daemon.js:17438] [eec9324cfc2d46678e48d16a1c5b8899] ← GET /mavis/health status=200 duration=0ms {"locale":"en"}
[17:15:54.553] INFO: [daemon.js:17438] [32694bab8e344ebf9e5a8d8fb146d3c6] → GET /mavis/health
[17:15:54.553] INFO: [daemon.js:17438] [32694bab8e344ebf9e5a8d8fb146d3c6] ← GET /mavis/health status=200 duration=0ms {"locale":"en"}
[17:16:04.559] INFO: [daemon.js:17438] [7ad4ef1f8e84426795d7b7e2a2e53cd9] → GET /mavis/health
[17:16:04.560] INFO: [daemon.js:17438] [7ad4ef1f8e84426795d7b7e2a2e53cd9] ← GET /mavis/health status=200 duration=1ms {"locale":"en"}
[17:16:09.514] INFO: [daemon.js:17438] [eb885555b252429aabb436eb9232d587] → POST /mavis/mcp/cu
[17:16:09.515] INFO: [daemon.js:17438] [eb885555b252429aabb436eb9232d587] ← POST /mavis/mcp/cu status=200 duration=1ms {"locale":"en"}
[17:16:09.516] INFO: [daemon.js:17438] [274c98bc381f409c9a8f7677b2911162] → POST /mavis/mcp/trash
[17:16:09.516] INFO: [daemon.js:17438] [274c98bc381f409c9a8f7677b2911162] ← POST /mavis/mcp/trash status=200 duration=0ms {"locale":"en"}
[17:16:09.810] INFO: [daemon.js:17438] [16a43dbba1e1435d954e93c8bb0671bd] [mcp:matrix:stderr] [matrix-mcp-cli] tools/list dropped 2 unknown tool(s) not in this cli's KNOWN_TOOLS: matrix_extract_content_from_websites, matrix_get_upload_url
[17:16:14.551] INFO: [daemon.js:17438] [bfb7836a9fc341b7834f36bbe723ebe0] → GET /mavis/health
[17:16:14.551] INFO: [daemon.js:17438] [bfb7836a9fc341b7834f36bbe723ebe0] ← GET /mavis/health status=200 duration=0ms {"locale":"en"}
[17:16:24.558] INFO: [daemon.js:17438] [1b193f108f2e40f8b5224dcc0b0cf82c] → GET /mavis/health
[17:16:24.558] INFO: [daemon.js:17438] [1b193f108f2e40f8b5224dcc0b0cf82c] ← GET /mavis/health status=200 duration=0ms {"locale":"en"}
[17:16:34.580] INFO: [daemon.js:17438] [135f74fad1774d89a430c61c569240ab] → GET /mavis/health
[17:16:34.580] INFO: [daemon.js:17438] [135f74fad1774d89a430c61c569240ab] ← GET /mavis/health status=200 duration=0ms {"locale":"en"}
[17:16:44.576] INFO: [daemon.js:17438] [ea37c40c0a2342d7b310320ab10d5c93] → GET /mavis/health
[17:16:44.576] INFO: [daemon.js:17438] [ea37c40c0a2342d7b310320ab10d5c93] ← GET /mavis/health status=200 duration=0ms {"locale":"en"}
[17:16:54.590] INFO: [daemon.js:17438] [7b1c515667da472d8a1d5192fdfa4b8e] → GET /mavis/health
[17:16:54.590] INFO: [daemon.js:17438] [7b1c515667da472d8a1d5192fdfa4b8e] ← GET /mavis/health status=200 duration=0ms {"locale":"en"}
[17:17:04.595] INFO: [daemon.js:17438] [5e0304f5a4234829b28c962447f9a727] → GET /mavis/health
[17:17:04.596] INFO: [daemon.js:17438] [5e0304f5a4234829b28c962447f9a727] ← GET /mavis/health status=200 duration=1ms {"locale":"en"}
[17:17:14.584] INFO: [daemon.js:17438] [c3eeb6013bc44df7a14ec16561d1a315] → GET /mavis/health
[17:17:14.585] INFO: [daemon.js:17438] [c3eeb6013bc44df7a14ec16561d1a315] ← GET /mavis/health status=200 duration=1ms {"locale":"en"}
[17:17:24.604] INFO: [daemon.js:17438] [29801cefd2c2431aaff2827875be5a9a] → GET /mavis/health
[17:17:24.605] INFO: [daemon.js:17438] [29801cefd2c2431aaff2827875be5a9a] ← GET /mavis/health status=200 duration=1ms {"locale":"en"}
[17:17:34.598] INFO: [daemon.js:17438] [e7c571bbec94479e8250991cb877393c] → GET /mavis/health
[17:17:34.598] INFO: [daemon.js:17438] [e7c571bbec94479e8250991cb877393c] ← GET /mavis/health status=200 duration=0ms {"locale":"en"}
[17:17:44.629] INFO: [daemon.js:17438] [f219e5d6acac4ad1850176862538cd24] → GET /mavis/health
[17:17:44.630] INFO: [daemon.js:17438] [f219e5d6acac4ad1850176862538cd24] ← GET /mavis/health status=200 duration=1ms {"locale":"en"}
[17:17:54.625] INFO: [daemon.js:17438] [9c8f252201014630ab6ca9bb8cc68d38] → GET /mavis/health
[17:17:54.625] INFO: [daemon.js:17438] [9c8f252201014630ab6ca9bb8cc68d38] ← GET /mavis/health status=200 duration=0ms {"locale":"en"}
[17:18:00.151] INFO: [daemon.js:17438] [8b04ed94bce948c1a15aaedef9c8267a] → GET /mavis/mcp/trash
[17:18:00.154] INFO: [daemon.js:17438] [8b04ed94bce948c1a15aaedef9c8267a] ← GET /mavis/mcp/trash status=200 duration=3ms {"locale":"en"}
[17:18:00.154] INFO: [daemon.js:17438] [3a029aafd94148a5a17f1bd5797b5f83] → GET /mavis/mcp/cu
[17:18:00.155] INFO: [daemon.js:17438] [3a029aafd94148a5a17f1bd5797b5f83] ← GET /mavis/mcp/cu status=200 duration=1ms {"locale":"en"}
[17:18:04.626] INFO: [daemon.js:17438] [94fe3f9bab4349feafed3ff9d84fac75] → GET /mavis/health
[17:18:04.627] INFO: [daemon.js:17438] [94fe3f9bab4349feafed3ff9d84fac75] ← GET /mavis/health status=200 duration=1ms {"locale":"en"}
[17:18:14.642] INFO: [daemon.js:17438] [c004294562874c1da285ab7a97fc89cc] → GET /mavis/health
[17:18:14.642] INFO: [daemon.js:17438] [c004294562874c1da285ab7a97fc89cc] ← GET /mavis/health status=200 duration=0ms {"locale":"en"}
[17:18:24.641] INFO: [daemon.js:17438] [6a7e924751244226ac1cbf516fbde247] → GET /mavis/health
[17:18:24.641] INFO: [daemon.js:17438] [6a7e924751244226ac1cbf516fbde247] ← GET /mavis/health status=200 duration=0ms {"locale":"en"}
[17:18:34.661] INFO: [daemon.js:17438] [6c3d4933c6f144f989c77ef847409c30] → GET /mavis/health
[17:18:34.661] INFO: [daemon.js:17438] [6c3d4933c6f144f989c77ef847409c30] ← GET /mavis/health status=200 duration=0ms {"locale":"en"}
[17:18:44.659] INFO: [daemon.js:17438] [319e3f0aa9ec488ea2489357d2a9ab8b] → GET /mavis/health
[17:18:44.659] INFO: [daemon.js:17438] [319e3f0aa9ec488ea2489357d2a9ab8b] ← GET /mavis/health status=200 duration=0ms {"locale":"en"}
[17:18:54.652] INFO: [daemon.js:17438] [c7a7e0ccd514427d85747a2639c72aba] → GET /mavis/health
[17:18:54.652] INFO: [daemon.js:17438] [c7a7e0ccd514427d85747a2639c72aba] ← GET /mavis/health status=200 duration=0ms {"locale":"en"}
[17:19:04.657] INFO: [daemon.js:17438] [85f70f583cdb45f680dde6f148466613] → GET /mavis/health
[17:19:04.657] INFO: [daemon.js:17438] [85f70f583cdb45f680dde6f148466613] ← GET /mavis/health status=200 duration=0ms {"locale":"en"}
[17:19:14.664] INFO: [daemon.js:17438] [db79eac2a9c042db81b1924926c07c78] → GET /mavis/health
[17:19:14.664] INFO: [daemon.js:17438] [db79eac2a9c042db81b1924926c07c78] ← GET /mavis/health status=200 duration=0ms {"locale":"en"}
[17:19:24.669] INFO: [daemon.js:17438] [180b50efa51f40c1ab6cdcf81d66324e] → GET /mavis/health
[17:19:24.669] INFO: [daemon.js:17438] [180b50efa51f40c1ab6cdcf81d66324e] ← GET /mavis/health status=200 duration=0ms {"locale":"en"}
[17:19:34.690] INFO: [daemon.js:17438] [f20d017f47de40b0bd5a7a54a6c233f6] → GET /mavis/health
[17:19:34.690] INFO: [daemon.js:17438] [f20d017f47de40b0bd5a7a54a6c233f6] ← GET /mavis/health status=200 duration=0ms {"locale":"en"}
[17:19:44.698] INFO: [daemon.js:17438] [b291c784ba844924aa2a9a8851fcbc1f] → GET /mavis/health
[17:19:44.698] INFO: [daemon.js:17438] [b291c784ba844924aa2a9a8851fcbc1f] ← GET /mavis/health status=200 duration=0ms {"locale":"en"}
[17:19:54.700] INFO: [daemon.js:17438] [d05a5434a79242b59500f44f8b73452d] → GET /mavis/health
[17:19:54.701] INFO: [daemon.js:17438] [d05a5434a79242b59500f44f8b73452d] ← GET /mavis/health status=200 duration=1ms {"locale":"en"}
[17:20:04.720] INFO: [daemon.js:17438] [8fa6a0d709a341acae3a02ae613617d0] → GET /mavis/health
[17:20:04.720] INFO: [daemon.js:17438] [8fa6a0d709a341acae3a02ae613617d0] ← GET /mavis/health status=200 duration=0ms {"locale":"en"}
[17:20:14.713] INFO: [daemon.js:17438] [4ac6032b3e1a4c57911e6413b92b4622] → GET /mavis/health
[17:20:14.713] INFO: [daemon.js:17438] [4ac6032b3e1a4c57911e6413b92b4622] ← GET /mavis/health status=200 duration=0ms {"locale":"en"}
[17:20:24.716] INFO: [daemon.js:17438] [b2b095aaaae94170bcd3d74b3678c5f0] → GET /mavis/health
[17:20:24.716] INFO: [daemon.js:17438] [b2b095aaaae94170bcd3d74b3678c5f0] ← GET /mavis/health status=200 duration=0ms {"locale":"en"}
[17:20:34.732] INFO: [daemon.js:17438] [4516e7755def449e8f1299239b5a6172] → GET /mavis/health
[17:20:34.732] INFO: [daemon.js:17438] [4516e7755def449e8f1299239b5a6172] ← GET /mavis/health status=200 duration=0ms {"locale":"en"}
[17:20:44.759] INFO: [daemon.js:17438] [5adb348da4d94d31996baca073520539] → GET /mavis/health
[17:20:44.759] INFO: [daemon.js:17438] [5adb348da4d94d31996baca073520539] ← GET /mavis/health status=200 duration=0ms {"locale":"en"}
[17:20:54.763] INFO: [daemon.js:17438] [6d4d88da1180470e80794fe044824a7a] → GET /mavis/health
[17:20:54.764] INFO: [daemon.js:17438] [6d4d88da1180470e80794fe044824a7a] ← GET /mavis/health status=200 duration=1ms {"locale":"en"}
[17:21:04.769] INFO: [daemon.js:17438] [dd5b39a26a0a4748900247774ad3cb58] → GET /mavis/health
[17:21:04.769] INFO: [daemon.js:17438] [dd5b39a26a0a4748900247774ad3cb58] ← GET /mavis/health status=200 duration=0ms {"locale":"en"}
[17:21:09.521] INFO: [daemon.js:17438] [fe7646bb8a5a4255b0322f564d2afd2f] → POST /mavis/mcp/cu
[17:21:09.524] INFO: [daemon.js:17438] [fe7646bb8a5a4255b0322f564d2afd2f] ← POST /mavis/mcp/cu status=200 duration=3ms {"locale":"en"}
[17:21:09.525] INFO: [daemon.js:17438] [436d51e8a9f344409d879020637f3f35] → POST /mavis/mcp/trash
[17:21:09.526] INFO: [daemon.js:17438] [436d51e8a9f344409d879020637f3f35] ← POST /mavis/mcp/trash status=200 duration=1ms {"locale":"en"}
[17:21:09.527] INFO: [daemon.js:17438] [b72f5645218f478d9502de971b04e11c] [mcp:matrix:stderr] [matrix-mcp-cli] tools/list dropped 2 unknown tool(s) not in this cli's KNOWN_TOOLS: matrix_extract_content_from_websites, matrix_get_upload_url
[17:21:14.782] INFO: [daemon.js:17438] [714674dad7674f828bfd465212a4c0e8] → GET /mavis/health
[17:21:14.782] INFO: [daemon.js:17438] [714674dad7674f828bfd465212a4c0e8] ← GET /mavis/health status=200 duration=0ms {"locale":"en"}
[17:21:24.794] INFO: [daemon.js:17438] [021d8a865c3842cd868f59cf54c95ba0] → GET /mavis/health
[17:21:24.794] INFO: [daemon.js:17438] [021d8a865c3842cd868f59cf54c95ba0] ← GET /mavis/health status=200 duration=0ms {"locale":"en"}
[17:21:34.807] INFO: [daemon.js:17438] [651c1aa755d14941b4561eec4ca1e124] → GET /mavis/health
[17:21:34.808] INFO: [daemon.js:17438] [651c1aa755d14941b4561eec4ca1e124] ← GET /mavis/health status=200 duration=1ms {"locale":"en"}
[17:21:44.804] INFO: [daemon.js:17438] [6aa5573b544d461c8c76e68bb4855d6b] → GET /mavis/health
[17:21:44.804] INFO: [daemon.js:17438] [6aa5573b544d461c8c76e68bb4855d6b] ← GET /mavis/health status=200 duration=0ms {"locale":"en"}
[17:21:54.817] INFO: [daemon.js:17438] [e310ee56734940eea976a0e2a9e2625b] → GET /mavis/health
[17:21:54.817] INFO: [daemon.js:17438] [e310ee56734940eea976a0e2a9e2625b] ← GET /mavis/health status=200 duration=0ms {"locale":"en"}
[17:22:04.837] INFO: [daemon.js:17438] [333ac10ad1a747c59c40a104caa579ad] → GET /mavis/health
[17:22:04.837] INFO: [daemon.js:17438] [333ac10ad1a747c59c40a104caa579ad] ← GET /mavis/health status=200 duration=0ms {"locale":"en"}
[17:22:14.841] INFO: [daemon.js:17438] [9054c9b418ff48ae86875a5c5e9b6022] → GET /mavis/health
[17:22:14.841] INFO: [daemon.js:17438] [9054c9b418ff48ae86875a5c5e9b6022] ← GET /mavis/health status=200 duration=0ms {"locale":"en"}
[17:22:24.851] INFO: [daemon.js:17438] [2ef1f7f67d524138aea86d2c3a6746f0] → GET /mavis/health
[17:22:24.851] INFO: [daemon.js:17438] [2ef1f7f67d524138aea86d2c3a6746f0] ← GET /mavis/health status=200 duration=0ms {"locale":"en"}
[17:22:34.875] INFO: [daemon.js:17438] [5e7dab7236634d32a008f97aa2d02ab2] → GET /mavis/health
[17:22:34.875] INFO: [daemon.js:17438] [5e7dab7236634d32a008f97aa2d02ab2] ← GET /mavis/health status=200 duration=0ms {"locale":"en"}
[17:22:44.880] INFO: [daemon.js:17438] [8150c5d2a8f5443ba19fb8cf152550fc] → GET /mavis/health
[17:22:44.881] INFO: [daemon.js:17438] [8150c5d2a8f5443ba19fb8cf152550fc] ← GET /mavis/health status=200 duration=1ms {"locale":"en"}
[17:22:54.890] INFO: [daemon.js:17438] [d3eee911d8954f6888e75cdcfcd4ef28] → GET /mavis/health
[17:22:54.890] INFO: [daemon.js:17438] [d3eee911d8954f6888e75cdcfcd4ef28] ← GET /mavis/health status=200 duration=0ms {"locale":"en"}
[17:23:04.905] INFO: [daemon.js:17438] [f0fb9ff33f574401b6d049d765d89555] → GET /mavis/health
[17:23:04.905] INFO: [daemon.js:17438] [f0fb9ff33f574401b6d049d765d89555] ← GET /mavis/health status=200 duration=0ms {"locale":"en"}
[17:23:08.201] INFO: [daemon.js:17438] [68483592cb364253bd85b1094abe9607] → GET /mavis/mcp/trash
[17:23:08.201] INFO: [daemon.js:17438] [68483592cb364253bd85b1094abe9607] ← GET /mavis/mcp/trash status=200 duration=0ms {"locale":"en"}
[17:23:08.202] INFO: [daemon.js:17438] [d182a606eb894a288ab0ad1314118d6e] → GET /mavis/mcp/cu
[17:23:08.202] INFO: [daemon.js:17438] [d182a606eb894a288ab0ad1314118d6e] ← GET /mavis/mcp/cu status=200 duration=0ms {"locale":"en"}
[17:23:14.916] INFO: [daemon.js:17438] [47a7f6ff1c87457289d9047f24a89683] → GET /mavis/health
[17:23:14.917] INFO: [daemon.js:17438] [47a7f6ff1c87457289d9047f24a89683] ← GET /mavis/health status=200 duration=1ms {"locale":"en"}
[17:23:24.916] INFO: [daemon.js:17438] [ce1a7680199141369d8b9a9e7c9d8878] → GET /mavis/health
[17:23:24.917] INFO: [daemon.js:17438] [ce1a7680199141369d8b9a9e7c9d8878] ← GET /mavis/health status=200 duration=1ms {"locale":"en"}
[17:23:34.950] INFO: [daemon.js:17438] [6bda2fda9ab64f03b1396d2708252010] → GET /mavis/health
[17:23:34.950] INFO: [daemon.js:17438] [6bda2fda9ab64f03b1396d2708252010] ← GET /mavis/health status=200 duration=0ms {"locale":"en"}
[17:23:44.941] INFO: [daemon.js:17438] [9f55801b60ce44a099438ea24ccf31ce] → GET /mavis/health
[17:23:44.942] INFO: [daemon.js:17438] [9f55801b60ce44a099438ea24ccf31ce] ← GET /mavis/health status=200 duration=1ms {"locale":"en"}
[17:23:54.952] INFO: [daemon.js:17438] [acb9fc730ee344ee9b4e2e1ea2a3e537] → GET /mavis/health
[17:23:54.952] INFO: [daemon.js:17438] [acb9fc730ee344ee9b4e2e1ea2a3e537] ← GET /mavis/health status=200 duration=0ms {"locale":"en"}
[17:24:04.960] INFO: [daemon.js:17438] [32bf67b5338e4ac6a44e6a969f9ecc1a] → GET /mavis/health
[17:24:04.961] INFO: [daemon.js:17438] [32bf67b5338e4ac6a44e6a969f9ecc1a] ← GET /mavis/health status=200 duration=1ms {"locale":"en"}
[17:24:14.969] INFO: [daemon.js:17438] [eb8b9ea0e5a14e1db4fc1b9d8a84ab61] → GET /mavis/health
[17:24:14.969] INFO: [daemon.js:17438] [eb8b9ea0e5a14e1db4fc1b9d8a84ab61] ← GET /mavis/health status=200 duration=0ms {"locale":"en"}
[17:24:24.974] INFO: [daemon.js:17438] [b558903df0174a9f8a6bcbae1f5da4e8] → GET /mavis/health
[17:24:24.974] INFO: [daemon.js:17438] [b558903df0174a9f8a6bcbae1f5da4e8] ← GET /mavis/health status=200 duration=0ms {"locale":"en"}
[17:24:35.002] INFO: [daemon.js:17438] [6b6ee029f00d45999efab2fe0e2fa006] → GET /mavis/health
[17:24:35.002] INFO: [daemon.js:17438] [6b6ee029f00d45999efab2fe0e2fa006] ← GET /mavis/health status=200 duration=0ms {"locale":"en"}
[17:24:45.007] INFO: [daemon.js:17438] [60ce1ec6bfa54549ac17085c1a1dfc51] → GET /mavis/health
[17:24:45.007] INFO: [daemon.js:17438] [60ce1ec6bfa54549ac17085c1a1dfc51] ← GET /mavis/health status=200 duration=0ms {"locale":"en"}
[17:24:55.011] INFO: [daemon.js:17438] [65233f5e345b4bbb80e6d4ec838ccf8f] → GET /mavis/health
[17:24:55.012] INFO: [daemon.js:17438] [65233f5e345b4bbb80e6d4ec838ccf8f] ← GET /mavis/health status=200 duration=1ms {"locale":"en"}
[17:25:04.997] INFO: [daemon.js:17438] [08e269e09b404229822059f2923919fa] → GET /mavis/health
[17:25:04.997] INFO: [daemon.js:17438] [08e269e09b404229822059f2923919fa] ← GET /mavis/health status=200 duration=0ms {"locale":"en"}
[17:25:15.007] INFO: [daemon.js:17438] [ff88ac07b4d84554828215ecaad35e78] → GET /mavis/health
[17:25:15.007] INFO: [daemon.js:17438] [ff88ac07b4d84554828215ecaad35e78] ← GET /mavis/health status=200 duration=0ms {"locale":"en"}
[17:25:24.999] INFO: [daemon.js:17438] [e4575d8f734e48a78bef86cd79c6fc0d] → GET /mavis/health
[17:25:24.999] INFO: [daemon.js:17438] [e4575d8f734e48a78bef86cd79c6fc0d] ← GET /mavis/health status=200 duration=0ms {"locale":"en"}
[17:25:35.016] INFO: [daemon.js:17438] [c39d12539da14f05ac211fe70e0125ed] → GET /mavis/health
[17:25:35.017] INFO: [daemon.js:17438] [c39d12539da14f05ac211fe70e0125ed] ← GET /mavis/health status=200 duration=1ms {"locale":"en"}
[17:25:45.009] INFO: [daemon.js:17438] [9745bcdaad334979826572dcd4bc1893] → GET /mavis/health
[17:25:45.009] INFO: [daemon.js:17438] [9745bcdaad334979826572dcd4bc1893] ← GET /mavis/health status=200 duration=0ms {"locale":"en"}
[17:25:55.029] INFO: [daemon.js:17438] [2394e5c11442407ca1d99b52516adc9d] → GET /mavis/health
[17:25:55.030] INFO: [daemon.js:17438] [2394e5c11442407ca1d99b52516adc9d] ← GET /mavis/health status=200 duration=1ms {"locale":"en"}
[17:26:05.037] INFO: [daemon.js:17438] [9dde94ce347d4422a58b6a700562f150] → GET /mavis/health
[17:26:05.037] INFO: [daemon.js:17438] [9dde94ce347d4422a58b6a700562f150] ← GET /mavis/health status=200 duration=0ms {"locale":"en"}
[17:26:09.538] INFO: [daemon.js:17438] [590dd04bf5d045f8a3abc5167a621758] → POST /mavis/mcp/cu
[17:26:09.541] INFO: [daemon.js:17438] [590dd04bf5d045f8a3abc5167a621758] ← POST /mavis/mcp/cu status=200 duration=3ms {"locale":"en"}
[17:26:09.541] INFO: [daemon.js:17438] [288b9ddf75c641c7997f7c3ae0dd7ccd] → POST /mavis/mcp/trash
[17:26:09.542] INFO: [daemon.js:17438] [288b9ddf75c641c7997f7c3ae0dd7ccd] ← POST /mavis/mcp/trash status=200 duration=1ms {"locale":"en"}
[17:26:09.822] INFO: [daemon.js:17438] [62967bde0f50455e96446dd7d999bedc] [mcp:matrix:stderr] [matrix-mcp-cli] tools/list dropped 2 unknown tool(s) not in this cli's KNOWN_TOOLS: matrix_extract_content_from_websites, matrix_get_upload_url
[17:26:15.032] INFO: [daemon.js:17438] [e02a45c696154e5684291bd7ee681f64] → GET /mavis/health
[17:26:15.032] INFO: [daemon.js:17438] [e02a45c696154e5684291bd7ee681f64] ← GET /mavis/health status=200 duration=0ms {"locale":"en"}
[17:26:25.047] INFO: [daemon.js:17438] [343548b3efae43cc8e3641f571453410] → GET /mavis/health
[17:26:25.048] INFO: [daemon.js:17438] [343548b3efae43cc8e3641f571453410] ← GET /mavis/health status=200 duration=1ms {"locale":"en"}
[17:26:35.066] INFO: [daemon.js:17438] [079a71b6899c489cb22af44ec6baacec] → GET /mavis/health
[17:26:35.066] INFO: [daemon.js:17438] [079a71b6899c489cb22af44ec6baacec] ← GET /mavis/health status=200 duration=0ms {"locale":"en"}
[17:26:45.054] INFO: [daemon.js:17438] [5761f019a22b4d13bd9e43c0b37966c3] → GET /mavis/health
[17:26:45.054] INFO: [daemon.js:17438] [5761f019a22b4d13bd9e43c0b37966c3] ← GET /mavis/health status=200 duration=0ms {"locale":"en"}
[17:26:55.063] INFO: [daemon.js:17438] [bc1e94694c1442f3ad4cc57242eadf26] → GET /mavis/health
[17:26:55.063] INFO: [daemon.js:17438] [bc1e94694c1442f3ad4cc57242eadf26] ← GET /mavis/health status=200 duration=0ms {"locale":"en"}
[17:27:05.080] INFO: [daemon.js:17438] [f01b0014f3b047b2a2e5e154d260093a] → GET /mavis/health
[17:27:05.081] INFO: [daemon.js:17438] [f01b0014f3b047b2a2e5e154d260093a] ← GET /mavis/health status=200 duration=1ms {"locale":"en"}
[17:27:15.077] INFO: [daemon.js:17438] [c11aac68f4ac451193260dc2b5bb6893] → GET /mavis/health
[17:27:15.077] INFO: [daemon.js:17438] [c11aac68f4ac451193260dc2b5bb6893] ← GET /mavis/health status=200 duration=0ms {"locale":"en"}
[17:27:25.082] INFO: [daemon.js:17438] [e3135647864a416aaa70585a0d2dc819] → GET /mavis/health
[17:27:25.083] INFO: [daemon.js:17438] [e3135647864a416aaa70585a0d2dc819] ← GET /mavis/health status=200 duration=1ms {"locale":"en"}
[17:27:35.106] INFO: [daemon.js:17438] [1eddbf8bc7a44cf1b7f51502e6409123] → GET /mavis/health
[17:27:35.107] INFO: [daemon.js:17438] [1eddbf8bc7a44cf1b7f51502e6409123] ← GET /mavis/health status=200 duration=1ms {"locale":"en"}
[17:27:45.132] INFO: [daemon.js:17438] [8a7e514a07d143108a921fa2e600d089] → GET /mavis/health
[17:27:45.132] INFO: [daemon.js:17438] [8a7e514a07d143108a921fa2e600d089] ← GET /mavis/health status=200 duration=0ms {"locale":"en"}
[17:27:55.119] INFO: [daemon.js:17438] [6c9ae2f866e94fcfa1ae795eb6406ba2] → GET /mavis/health
[17:27:55.119] INFO: [daemon.js:17438] [6c9ae2f866e94fcfa1ae795eb6406ba2] ← GET /mavis/health status=200 duration=0ms {"locale":"en"}
[17:28:05.131] INFO: [daemon.js:17438] [55e69ecc7c234b6a99ba8849d7c3016f] → GET /mavis/health
[17:28:05.132] INFO: [daemon.js:17438] [55e69ecc7c234b6a99ba8849d7c3016f] ← GET /mavis/health status=200 duration=1ms {"locale":"en"}
[17:28:15.143] INFO: [daemon.js:17438] [7cebdd6e1a114acc9c46249884d966f3] → GET /mavis/health
[17:28:15.143] INFO: [daemon.js:17438] [7cebdd6e1a114acc9c46249884d966f3] ← GET /mavis/health status=200 duration=0ms {"locale":"en"}
[17:28:16.114] INFO: [daemon.js:17438] [cb764b5fce8b48bdb253f994746cdc52] → GET /mavis/mcp/trash
[17:28:16.115] INFO: [daemon.js:17438] [cb764b5fce8b48bdb253f994746cdc52] ← GET /mavis/mcp/trash status=200 duration=1ms {"locale":"en"}
[17:28:16.115] INFO: [daemon.js:17438] [21710bf4d9ac4b18ba3e3c2f956cecae] → GET /mavis/mcp/cu
[17:28:16.115] INFO: [daemon.js:17438] [21710bf4d9ac4b18ba3e3c2f956cecae] ← GET /mavis/mcp/cu status=200 duration=0ms {"locale":"en"}
[17:28:25.157] INFO: [daemon.js:17438] [3eede95d70e14648a46c5ab81f752059] → GET /mavis/health
[17:28:25.157] INFO: [daemon.js:17438] [3eede95d70e14648a46c5ab81f752059] ← GET /mavis/health status=200 duration=0ms {"locale":"en"}
[17:28:35.174] INFO: [daemon.js:17438] [6074eecb65ce41ceb9b4aafef335f341] → GET /mavis/health
[17:28:35.175] INFO: [daemon.js:17438] [6074eecb65ce41ceb9b4aafef335f341] ← GET /mavis/health status=200 duration=1ms {"locale":"en"}
[17:28:45.173] INFO: [daemon.js:17438] [27b9f6b0b4b343169cbd479557ba7041] → GET /mavis/health
[17:28:45.173] INFO: [daemon.js:17438] [27b9f6b0b4b343169cbd479557ba7041] ← GET /mavis/health status=200 duration=0ms {"locale":"en"}
[17:28:55.183] INFO: [daemon.js:17438] [2f113a82c4254321bf21fc6ace875db1] → GET /mavis/health
[17:28:55.184] INFO: [daemon.js:17438] [2f113a82c4254321bf21fc6ace875db1] ← GET /mavis/health status=200 duration=1ms {"locale":"en"}
[17:29:05.190] INFO: [daemon.js:17438] [7141de7655cc43168f03ad2e33d3ab5b] → GET /mavis/health
[17:29:05.190] INFO: [daemon.js:17438] [7141de7655cc43168f03ad2e33d3ab5b] ← GET /mavis/health status=200 duration=0ms {"locale":"en"}
[17:29:15.211] INFO: [daemon.js:17438] [d80de792ed514513a81abda7397e5db4] → GET /mavis/health
[17:29:15.211] INFO: [daemon.js:17438] [d80de792ed514513a81abda7397e5db4] ← GET /mavis/health status=200 duration=0ms {"locale":"en"}
[17:29:25.206] INFO: [daemon.js:17438] [e36a7d3f692444159f5aa497c69151a9] → GET /mavis/health
[17:29:25.206] INFO: [daemon.js:17438] [e36a7d3f692444159f5aa497c69151a9] ← GET /mavis/health status=200 duration=1ms {"locale":"en"}
[17:29:35.207] INFO: [daemon.js:17438] [c3e1758575ac4738882216afa8f89fe5] → GET /mavis/health
[17:29:35.207] INFO: [daemon.js:17438] [c3e1758575ac4738882216afa8f89fe5] ← GET /mavis/health status=200 duration=0ms {"locale":"en"}
[17:29:45.213] INFO: [daemon.js:17438] [d6c1d80898fd4b9881d1cd5b17fdc838] → GET /mavis/health
[17:29:45.213] INFO: [daemon.js:17438] [d6c1d80898fd4b9881d1cd5b17fdc838] ← GET /mavis/health status=200 duration=0ms {"locale":"en"}
[17:29:55.219] INFO: [daemon.js:17438] [3283cd7d418a4599a312df42e9afb594] → GET /mavis/health
[17:29:55.219] INFO: [daemon.js:17438] [3283cd7d418a4599a312df42e9afb594] ← GET /mavis/health status=200 duration=0ms {"locale":"en"}
[17:30:05.220] INFO: [daemon.js:17438] [3e5bcfa3485c43e8b89ef19a89f49a81] → GET /mavis/health
[17:30:05.220] INFO: [daemon.js:17438] [3e5bcfa3485c43e8b89ef19a89f49a81] ← GET /mavis/health status=200 duration=0ms {"locale":"en"}
[17:30:15.239] INFO: [daemon.js:17438] [af30787741b849fb880435ab5892f569] → GET /mavis/health
[17:30:15.240] INFO: [daemon.js:17438] [af30787741b849fb880435ab5892f569] ← GET /mavis/health status=200 duration=1ms {"locale":"en"}
[17:30:25.238] INFO: [daemon.js:17438] [dbbde7bfb17e4d3dbb260b9105544dc7] → GET /mavis/health
[17:30:25.238] INFO: [daemon.js:17438] [dbbde7bfb17e4d3dbb260b9105544dc7] ← GET /mavis/health status=200 duration=0ms {"locale":"en"}
[17:30:35.240] INFO: [daemon.js:17438] [2272228a2b6b4b5cafcd74e06f68caff] → GET /mavis/health
[17:30:35.240] INFO: [daemon.js:17438] [2272228a2b6b4b5cafcd74e06f68caff] ← GET /mavis/health status=200 duration=0ms {"locale":"en"}
[17:30:45.240] INFO: [daemon.js:17438] [579301f80cf7493f8e05437597b11e4a] → GET /mavis/health
[17:30:45.240] INFO: [daemon.js:17438] [579301f80cf7493f8e05437597b11e4a] ← GET /mavis/health status=200 duration=0ms {"locale":"en"}
[17:30:55.239] INFO: [daemon.js:17438] [c142f98b2e3d4c91a864433f4f621a0e] → GET /mavis/health
[17:30:55.240] INFO: [daemon.js:17438] [c142f98b2e3d4c91a864433f4f621a0e] ← GET /mavis/health status=200 duration=1ms {"locale":"en"}
[17:31:05.256] INFO: [daemon.js:17438] [82474c11a3344d09aff043b351596f85] → GET /mavis/health
[17:31:05.256] INFO: [daemon.js:17438] [82474c11a3344d09aff043b351596f85] ← GET /mavis/health status=200 duration=0ms {"locale":"en"}
[17:31:09.542] INFO: [daemon.js:17438] [c4ad15e3061e4bd0a22f868794540efa] [mcp:matrix:stderr] [matrix-mcp-cli] tools/list dropped 2 unknown tool(s) not in this cli's KNOWN_TOOLS: matrix_extract_content_from_websites, matrix_get_upload_url
[17:31:09.543] INFO: [daemon.js:17438] [5a90c10c4dbd4b86ad397b9e78a54d38] → POST /mavis/mcp/cu
[17:31:09.545] INFO: [daemon.js:17438] [5a90c10c4dbd4b86ad397b9e78a54d38] ← POST /mavis/mcp/cu status=200 duration=2ms {"locale":"en"}
[17:31:09.546] INFO: [daemon.js:17438] [9a61f2539697438c94ee66500497c884] → POST /mavis/mcp/trash
[17:31:09.546] INFO: [daemon.js:17438] [9a61f2539697438c94ee66500497c884] ← POST /mavis/mcp/trash status=200 duration=0ms {"locale":"en"}
[17:31:15.250] INFO: [daemon.js:17438] [d3c289ac73284913b2adea48b57035cb] → GET /mavis/health
[17:31:15.250] INFO: [daemon.js:17438] [d3c289ac73284913b2adea48b57035cb] ← GET /mavis/health status=200 duration=0ms {"locale":"en"}
[17:31:25.257] INFO: [daemon.js:17438] [1c7698c6276b4e0ebe12bcd64725f41f] → GET /mavis/health
[17:31:25.257] INFO: [daemon.js:17438] [1c7698c6276b4e0ebe12bcd64725f41f] ← GET /mavis/health status=200 duration=0ms {"locale":"en"}
[17:31:35.286] INFO: [daemon.js:17438] [1321322e62034f5a838cf707043ab004] → GET /mavis/health
[17:31:35.286] INFO: [daemon.js:17438] [1321322e62034f5a838cf707043ab004] ← GET /mavis/health status=200 duration=0ms {"locale":"en"}
[17:31:45.276] INFO: [daemon.js:17438] [be3e0709a2ae46eb83b5d391f263717e] → GET /mavis/health
[17:31:45.276] INFO: [daemon.js:17438] [be3e0709a2ae46eb83b5d391f263717e] ← GET /mavis/health status=200 duration=0ms {"locale":"en"}
[17:31:55.281] INFO: [daemon.js:17438] [7a44efc44b5c4d00bfef0f6ea746065e] → GET /mavis/health
[17:31:55.282] INFO: [daemon.js:17438] [7a44efc44b5c4d00bfef0f6ea746065e] ← GET /mavis/health status=200 duration=1ms {"locale":"en"}
[17:32:05.291] INFO: [daemon.js:17438] [0dcdf4cecf1e43eeab49bcd3cfb41173] → GET /mavis/health
[17:32:05.292] INFO: [daemon.js:17438] [0dcdf4cecf1e43eeab49bcd3cfb41173] ← GET /mavis/health status=200 duration=1ms {"locale":"en"}
[17:32:15.291] INFO: [daemon.js:17438] [75a20b30a3984d549ff87abb2902d6aa] → GET /mavis/health
[17:32:15.291] INFO: [daemon.js:17438] [75a20b30a3984d549ff87abb2902d6aa] ← GET /mavis/health status=200 duration=0ms {"locale":"en"}
[17:32:25.307] INFO: [daemon.js:17438] [7f137982501a4d50bdb834e691a02171] → GET /mavis/health
[17:32:25.307] INFO: [daemon.js:17438] [7f137982501a4d50bdb834e691a02171] ← GET /mavis/health status=200 duration=0ms {"locale":"en"}
[17:32:35.320] INFO: [daemon.js:17438] [1884eab966fc44d3a8608c0ce1b986ce] → GET /mavis/health
[17:32:35.320] INFO: [daemon.js:17438] [1884eab966fc44d3a8608c0ce1b986ce] ← GET /mavis/health status=200 duration=0ms {"locale":"en"}
[17:32:45.352] INFO: [daemon.js:17438] [be18b80059684fe7a29260488929d4a6] → GET /mavis/health
[17:32:45.352] INFO: [daemon.js:17438] [be18b80059684fe7a29260488929d4a6] ← GET /mavis/health status=200 duration=0ms {"locale":"en"}
[17:32:55.346] INFO: [daemon.js:17438] [599ce7a7272d4c18a758d803afcb17c0] → GET /mavis/health
[17:32:55.347] INFO: [daemon.js:17438] [599ce7a7272d4c18a758d803afcb17c0] ← GET /mavis/health status=200 duration=1ms {"locale":"en"}
[17:33:05.351] INFO: [daemon.js:17438] [da51e929646b4239bdd925613577d81a] → GET /mavis/health
[17:33:05.351] INFO: [daemon.js:17438] [da51e929646b4239bdd925613577d81a] ← GET /mavis/health status=200 duration=0ms {"locale":"en"}
[17:33:15.366] INFO: [daemon.js:17438] [f3e805a6016b460eaf3fb86c9d22b619] → GET /mavis/health
[17:33:15.366] INFO: [daemon.js:17438] [f3e805a6016b460eaf3fb86c9d22b619] ← GET /mavis/health status=200 duration=0ms {"locale":"en"}
[17:33:24.169] INFO: [daemon.js:17438] [affd4b66779943479e7fb94b091b2b9b] → GET /mavis/mcp/trash
[17:33:24.170] INFO: [daemon.js:17438] [affd4b66779943479e7fb94b091b2b9b] ← GET /mavis/mcp/trash status=200 duration=1ms {"locale":"en"}
[17:33:24.170] INFO: [daemon.js:17438] [0c6d8d1ec4c4467d976d6a556de66b5d] → GET /mavis/mcp/cu
[17:33:24.171] INFO: [daemon.js:17438] [0c6d8d1ec4c4467d976d6a556de66b5d] ← GET /mavis/mcp/cu status=200 duration=1ms {"locale":"en"}
[17:33:25.366] INFO: [daemon.js:17438] [7a84f0303e64429ab4098083ea74f4c3] → GET /mavis/health
[17:33:25.366] INFO: [daemon.js:17438] [7a84f0303e64429ab4098083ea74f4c3] ← GET /mavis/health status=200 duration=0ms {"locale":"en"}
[17:33:35.373] INFO: [daemon.js:17438] [c9dee98011884341b91d51fe1fce1aee] → GET /mavis/health
[17:33:35.374] INFO: [daemon.js:17438] [c9dee98011884341b91d51fe1fce1aee] ← GET /mavis/health status=200 duration=0ms {"locale":"en"}
[17:33:45.383] INFO: [daemon.js:17438] [d29090039e744e92b1575b5e8ece6f84] → GET /mavis/health
[17:33:45.384] INFO: [daemon.js:17438] [d29090039e744e92b1575b5e8ece6f84] ← GET /mavis/health status=200 duration=1ms {"locale":"en"}
[17:33:55.402] INFO: [daemon.js:17438] [65477d194d634de2aae1748e1f7df751] → GET /mavis/health
[17:33:55.402] INFO: [daemon.js:17438] [65477d194d634de2aae1748e1f7df751] ← GET /mavis/health status=200 duration=0ms {"locale":"en"}
[17:34:05.396] INFO: [daemon.js:17438] [d6082e4766304580bbf9323828a76f81] → GET /mavis/health
[17:34:05.397] INFO: [daemon.js:17438] [d6082e4766304580bbf9323828a76f81] ← GET /mavis/health status=200 duration=1ms {"locale":"en"}
[17:34:15.396] INFO: [daemon.js:17438] [77a73754341e460796553a00663d8d63] → GET /mavis/health
[17:34:15.397] INFO: [daemon.js:17438] [77a73754341e460796553a00663d8d63] ← GET /mavis/health status=200 duration=1ms {"locale":"en"}
[17:34:25.410] INFO: [daemon.js:17438] [2bc434c3752546d88d6afa4c82ef8cac] → GET /mavis/health
[17:34:25.411] INFO: [daemon.js:17438] [2bc434c3752546d88d6afa4c82ef8cac] ← GET /mavis/health status=200 duration=1ms {"locale":"en"}
[17:34:35.416] INFO: [daemon.js:17438] [f75b6cac668643589b87274a185f0f51] → GET /mavis/health
[17:34:35.417] INFO: [daemon.js:17438] [f75b6cac668643589b87274a185f0f51] ← GET /mavis/health status=200 duration=1ms {"locale":"en"}
[17:34:45.439] INFO: [daemon.js:17438] [2317f6c4af6a4b8e838976744e4980ce] → GET /mavis/health
[17:34:45.439] INFO: [daemon.js:17438] [2317f6c4af6a4b8e838976744e4980ce] ← GET /mavis/health status=200 duration=0ms {"locale":"en"}
[17:34:55.441] INFO: [daemon.js:17438] [2d9137a518ea4c92b7373352c37efae2] → GET /mavis/health
[17:34:55.441] INFO: [daemon.js:17438] [2d9137a518ea4c92b7373352c37efae2] ← GET /mavis/health status=200 duration=0ms {"locale":"en"}
[17:35:05.449] INFO: [daemon.js:17438] [7c1717bca34f489a94367f72e0043153] → GET /mavis/health
[17:35:05.449] INFO: [daemon.js:17438] [7c1717bca34f489a94367f72e0043153] ← GET /mavis/health status=200 duration=0ms {"locale":"en"}
[17:35:15.456] INFO: [daemon.js:17438] [1a5269dd0f52459fafd7a74c92b0b1ab] → GET /mavis/health
[17:35:15.456] INFO: [daemon.js:17438] [1a5269dd0f52459fafd7a74c92b0b1ab] ← GET /mavis/health status=200 duration=0ms {"locale":"en"}
[17:35:25.472] INFO: [daemon.js:17438] [1865fce31cc54a8fa3d8d24614731fbc] → GET /mavis/health
[17:35:25.472] INFO: [daemon.js:17438] [1865fce31cc54a8fa3d8d24614731fbc] ← GET /mavis/health status=200 duration=0ms {"locale":"en"}
[17:35:35.489] INFO: [daemon.js:17438] [da30b0dd248743348d3b988d71ff58a5] → GET /mavis/health
[17:35:35.489] INFO: [daemon.js:17438] [da30b0dd248743348d3b988d71ff58a5] ← GET /mavis/health status=200 duration=0ms {"locale":"en"}
[17:35:45.478] INFO: [daemon.js:17438] [4ccfae2b424d4fddb62ca1ac90aaebb8] → GET /mavis/health
[17:35:45.479] INFO: [daemon.js:17438] [4ccfae2b424d4fddb62ca1ac90aaebb8] ← GET /mavis/health status=200 duration=1ms {"locale":"en"}
[17:35:55.489] INFO: [daemon.js:17438] [4f70ad16aea249098ad67b97a11b1c77] → GET /mavis/health
[17:35:55.489] INFO: [daemon.js:17438] [4f70ad16aea249098ad67b97a11b1c77] ← GET /mavis/health status=200 duration=0ms {"locale":"en"}
[17:36:05.513] INFO: [daemon.js:17438] [d1b5d5b68a1f46feb9e0a379b3cf807f] → GET /mavis/health
[17:36:05.514] INFO: [daemon.js:17438] [d1b5d5b68a1f46feb9e0a379b3cf807f] ← GET /mavis/health status=200 duration=1ms {"locale":"en"}
[17:36:09.553] INFO: [daemon.js:17438] [d1f8de064683438894d1bfb4f36111e9] → POST /mavis/mcp/cu
[17:36:09.555] INFO: [daemon.js:17438] [d1f8de064683438894d1bfb4f36111e9] ← POST /mavis/mcp/cu status=200 duration=2ms {"locale":"en"}
[17:36:09.556] INFO: [daemon.js:17438] [c3e178bc573b4025a180bc03ea3d729b] → POST /mavis/mcp/trash
[17:36:09.557] INFO: [daemon.js:17438] [c3e178bc573b4025a180bc03ea3d729b] ← POST /mavis/mcp/trash status=200 duration=1ms {"locale":"en"}
[17:36:09.841] INFO: [daemon.js:17438] [7f00321a233f4731804c5585cd9a770d] [mcp:matrix:stderr] [matrix-mcp-cli] tools/list dropped 2 unknown tool(s) not in this cli's KNOWN_TOOLS: matrix_extract_content_from_websites, matrix_get_upload_url
[17:36:15.507] INFO: [daemon.js:17438] [a844005b9a42426bb02667417c0d7150] → GET /mavis/health
[17:36:15.507] INFO: [daemon.js:17438] [a844005b9a42426bb02667417c0d7150] ← GET /mavis/health status=200 duration=0ms {"locale":"en"}
[17:36:25.521] INFO: [daemon.js:17438] [f56631efe43f43299297de8de1d99cce] → GET /mavis/health
[17:36:25.521] INFO: [daemon.js:17438] [f56631efe43f43299297de8de1d99cce] ← GET /mavis/health status=200 duration=0ms {"locale":"en"}
[17:36:35.525] INFO: [daemon.js:17438] [e3ce70fe57544c3491af8acbc5f7ebf8] → GET /mavis/health
[17:36:35.526] INFO: [daemon.js:17438] [e3ce70fe57544c3491af8acbc5f7ebf8] ← GET /mavis/health status=200 duration=1ms {"locale":"en"}
[17:36:45.531] INFO: [daemon.js:17438] [21e07114f2c64b55987de9580b58ebd0] → GET /mavis/health
[17:36:45.531] INFO: [daemon.js:17438] [21e07114f2c64b55987de9580b58ebd0] ← GET /mavis/health status=200 duration=0ms {"locale":"en"}
[17:36:55.539] INFO: [daemon.js:17438] [62381d6ad81c4659af2be2093ab92004] → GET /mavis/health
[17:36:55.539] INFO: [daemon.js:17438] [62381d6ad81c4659af2be2093ab92004] ← GET /mavis/health status=200 duration=0ms {"locale":"en"}
[17:37:05.542] INFO: [daemon.js:17438] [47d1e110d789463bb83aac91c1e5bb04] → GET /mavis/health
[17:37:05.543] INFO: [daemon.js:17438] [47d1e110d789463bb83aac91c1e5bb04] ← GET /mavis/health status=200 duration=1ms {"locale":"en"}
[17:37:15.561] INFO: [daemon.js:17438] [ff9b7828d65b47d8a924326a9bc14e68] → GET /mavis/health
[17:37:15.561] INFO: [daemon.js:17438] [ff9b7828d65b47d8a924326a9bc14e68] ← GET /mavis/health status=200 duration=0ms {"locale":"en"}
[17:37:25.566] INFO: [daemon.js:17438] [fffd0e2e3207468f8a9463e7e0dd6097] → GET /mavis/health
[17:37:25.567] INFO: [daemon.js:17438] [fffd0e2e3207468f8a9463e7e0dd6097] ← GET /mavis/health status=200 duration=1ms {"locale":"en"}
[17:37:35.571] INFO: [daemon.js:17438] [3d969a949b0848a28e20eb928145a8c6] → GET /mavis/health
[17:37:35.572] INFO: [daemon.js:17438] [3d969a949b0848a28e20eb928145a8c6] ← GET /mavis/health status=200 duration=1ms {"locale":"en"}
[17:37:45.573] INFO: [daemon.js:17438] [7e88d3a5d6304d8ea52332a2392dd96f] → GET /mavis/health
[17:37:45.573] INFO: [daemon.js:17438] [7e88d3a5d6304d8ea52332a2392dd96f] ← GET /mavis/health status=200 duration=0ms {"locale":"en"}
[17:37:55.579] INFO: [daemon.js:17438] [36f1a0c996b6415dacb90e3f66900958] → GET /mavis/health
[17:37:55.579] INFO: [daemon.js:17438] [36f1a0c996b6415dacb90e3f66900958] ← GET /mavis/health status=200 duration=0ms {"locale":"en"}
[17:38:05.602] INFO: [daemon.js:17438] [e904db9f398d4f9d990ff11e95b28a63] → GET /mavis/health
[17:38:05.602] INFO: [daemon.js:17438] [e904db9f398d4f9d990ff11e95b28a63] ← GET /mavis/health status=200 duration=0ms {"locale":"en"}
[17:38:15.597] INFO: [daemon.js:17438] [c565a1effda04211be3e3e016f70136d] → GET /mavis/health
[17:38:15.597] INFO: [daemon.js:17438] [c565a1effda04211be3e3e016f70136d] ← GET /mavis/health status=200 duration=0ms {"locale":"en"}
[17:38:25.601] INFO: [daemon.js:17438] [15c660d5b3154839a389c362450ef8cd] → GET /mavis/health
[17:38:25.602] INFO: [daemon.js:17438] [15c660d5b3154839a389c362450ef8cd] ← GET /mavis/health status=200 duration=1ms {"locale":"en"}
[17:38:31.795] INFO: [daemon.js:17438] [70e45a3819a44954b6ac1c8f3c0039c6] → GET /mavis/mcp/cu
[17:38:31.796] INFO: [daemon.js:17438] [70e45a3819a44954b6ac1c8f3c0039c6] ← GET /mavis/mcp/cu status=200 duration=1ms {"locale":"en"}
[17:38:31.797] INFO: [daemon.js:17438] [f9f2c325afba4a19873d8defd38928e8] → GET /mavis/mcp/trash
[17:38:31.797] INFO: [daemon.js:17438] [f9f2c325afba4a19873d8defd38928e8] ← GET /mavis/mcp/trash status=200 duration=0ms {"locale":"en"}
[17:38:35.606] INFO: [daemon.js:17438] [9303eed2873247099462f1231f305fbe] → GET /mavis/health
[17:38:35.606] INFO: [daemon.js:17438] [9303eed2873247099462f1231f305fbe] ← GET /mavis/health status=200 duration=0ms {"locale":"en"}
[17:38:45.595] INFO: [daemon.js:17438] [6e9c6f1b6b8c4335a7c802f7b8440310] → GET /mavis/health
[17:38:45.596] INFO: [daemon.js:17438] [6e9c6f1b6b8c4335a7c802f7b8440310] ← GET /mavis/health status=200 duration=1ms {"locale":"en"}
[17:38:55.604] INFO: [daemon.js:17438] [99812359c1d848fc95502c3ed62d9ba2] → GET /mavis/health
[17:38:55.605] INFO: [daemon.js:17438] [99812359c1d848fc95502c3ed62d9ba2] ← GET /mavis/health status=200 duration=1ms {"locale":"en"}
[17:39:05.620] INFO: [daemon.js:17438] [3ac759e6267e436483d75b163c17c01e] → GET /mavis/health
[17:39:05.621] INFO: [daemon.js:17438] [3ac759e6267e436483d75b163c17c01e] ← GET /mavis/health status=200 duration=1ms {"locale":"en"}
[17:39:15.613] INFO: [daemon.js:17438] [4da81a60e3e6442483577c96063fb5c2] → GET /mavis/health
[17:39:15.613] INFO: [daemon.js:17438] [4da81a60e3e6442483577c96063fb5c2] ← GET /mavis/health status=200 duration=0ms {"locale":"en"}
[17:39:25.629] INFO: [daemon.js:17438] [43aa63383f5f47508edb4042297de1d2] → GET /mavis/health
[17:39:25.629] INFO: [daemon.js:17438] [43aa63383f5f47508edb4042297de1d2] ← GET /mavis/health status=200 duration=0ms {"locale":"en"}
[17:39:35.639] INFO: [daemon.js:17438] [63bd93ac860d4c92bf0acbca9ca5b2d6] → GET /mavis/health
[17:39:35.640] INFO: [daemon.js:17438] [63bd93ac860d4c92bf0acbca9ca5b2d6] ← GET /mavis/health status=200 duration=1ms {"locale":"en"}
[17:39:45.656] INFO: [daemon.js:17438] [023ff09fae47420faab079ecfb657f80] → GET /mavis/health
[17:39:45.656] INFO: [daemon.js:17438] [023ff09fae47420faab079ecfb657f80] ← GET /mavis/health status=200 duration=0ms {"locale":"en"}
[17:39:55.663] INFO: [daemon.js:17438] [ed4406f2aa774b5799ca92eee3539969] → GET /mavis/health
[17:39:55.663] INFO: [daemon.js:17438] [ed4406f2aa774b5799ca92eee3539969] ← GET /mavis/health status=200 duration=0ms {"locale":"en"}
[17:40:05.672] INFO: [daemon.js:17438] [57959fb55bba48859f09d7610bfc50f0] → GET /mavis/health
[17:40:05.673] INFO: [daemon.js:17438] [57959fb55bba48859f09d7610bfc50f0] ← GET /mavis/health status=200 duration=1ms {"locale":"en"}
[17:40:15.684] INFO: [daemon.js:17438] [cf2132cc5930473d9db96dea0990329f] → GET /mavis/health
[17:40:15.684] INFO: [daemon.js:17438] [cf2132cc5930473d9db96dea0990329f] ← GET /mavis/health status=200 duration=0ms {"locale":"en"}
[17:40:25.692] INFO: [daemon.js:17438] [ba46777ed84047bfbb9dbf1b19e43d9c] → GET /mavis/health
[17:40:25.692] INFO: [daemon.js:17438] [ba46777ed84047bfbb9dbf1b19e43d9c] ← GET /mavis/health status=200 duration=0ms {"locale":"en"}
[17:40:35.690] INFO: [daemon.js:17438] [5839eeca16b646dd94d80b6d12bd4b65] → GET /mavis/health
[17:40:35.690] INFO: [daemon.js:17438] [5839eeca16b646dd94d80b6d12bd4b65] ← GET /mavis/health status=200 duration=0ms {"locale":"en"}
[17:40:45.716] INFO: [daemon.js:17438] [d8ab5a5c9aa84b92a87c86db6e1a84be] → GET /mavis/health
[17:40:45.716] INFO: [daemon.js:17438] [d8ab5a5c9aa84b92a87c86db6e1a84be] ← GET /mavis/health status=200 duration=0ms {"locale":"en"}
[17:40:55.714] INFO: [daemon.js:17438] [c50dec9b9cf040889403e928e810ced2] → GET /mavis/health
[17:40:55.715] INFO: [daemon.js:17438] [c50dec9b9cf040889403e928e810ced2] ← GET /mavis/health status=200 duration=1ms {"locale":"en"}
[17:41:05.743] INFO: [daemon.js:17438] [eebc82febbbf4f538a6a1566712b5580] → GET /mavis/health
[17:41:05.743] INFO: [daemon.js:17438] [eebc82febbbf4f538a6a1566712b5580] ← GET /mavis/health status=200 duration=0ms {"locale":"en"}
[17:41:09.568] INFO: [daemon.js:17438] [8ab35435c5df47a1824888d17264be51] [mcp:matrix:stderr] [matrix-mcp-cli] tools/list dropped 2 unknown tool(s) not in this cli's KNOWN_TOOLS: matrix_extract_content_from_websites, matrix_get_upload_url
[17:41:09.570] INFO: [daemon.js:17438] [5d5db6982e9b46c6a04e03f747866a4d] → POST /mavis/mcp/cu
[17:41:09.572] INFO: [daemon.js:17438] [5d5db6982e9b46c6a04e03f747866a4d] ← POST /mavis/mcp/cu status=200 duration=2ms {"locale":"en"}
[17:41:09.573] INFO: [daemon.js:17438] [1e0bd9abcdfc4737b5e99543d822d07d] → POST /mavis/mcp/trash
[17:41:09.573] INFO: [daemon.js:17438] [1e0bd9abcdfc4737b5e99543d822d07d] ← POST /mavis/mcp/trash status=200 duration=0ms {"locale":"en"}
[17:41:15.731] INFO: [daemon.js:17438] [d95c8fe650c640f8a12d3719765ea034] → GET /mavis/health
[17:41:15.732] INFO: [daemon.js:17438] [d95c8fe650c640f8a12d3719765ea034] ← GET /mavis/health status=200 duration=1ms {"locale":"en"}
[17:41:25.747] INFO: [daemon.js:17438] [47a6eacaaaa44a59918b90a6a7fa752d] → GET /mavis/health
[17:41:25.747] INFO: [daemon.js:17438] [47a6eacaaaa44a59918b90a6a7fa752d] ← GET /mavis/health status=200 duration=0ms {"locale":"en"}
[17:41:35.756] INFO: [daemon.js:17438] [6fe8efc0fe47440ba2ffc1afe4b789a3] → GET /mavis/health
[17:41:35.756] INFO: [daemon.js:17438] [6fe8efc0fe47440ba2ffc1afe4b789a3] ← GET /mavis/health status=200 duration=0ms {"locale":"en"}
[17:41:45.756] INFO: [daemon.js:17438] [e259f45551224385b3193b60d048874d] → GET /mavis/health
[17:41:45.756] INFO: [daemon.js:17438] [e259f45551224385b3193b60d048874d] ← GET /mavis/health status=200 duration=0ms {"locale":"en"}
[17:41:55.771] INFO: [daemon.js:17438] [a3c4249708f64e45b85135387170e489] → GET /mavis/health
[17:41:55.772] INFO: [daemon.js:17438] [a3c4249708f64e45b85135387170e489] ← GET /mavis/health status=200 duration=1ms {"locale":"en"}
[17:42:05.797] INFO: [daemon.js:17438] [cdbad107918d406b9e61ed1cc3cf5b1a] → GET /mavis/health
[17:42:05.797] INFO: [daemon.js:17438] [cdbad107918d406b9e61ed1cc3cf5b1a] ← GET /mavis/health status=200 duration=0ms {"locale":"en"}
[17:42:15.792] INFO: [daemon.js:17438] [a02c82ee153841738a3be243baaccac8] → GET /mavis/health
[17:42:15.793] INFO: [daemon.js:17438] [a02c82ee153841738a3be243baaccac8] ← GET /mavis/health status=200 duration=1ms {"locale":"en"}
[17:42:25.795] INFO: [daemon.js:17438] [ce4399631a184c27a2d8ae6bd98451c0] → GET /mavis/health
[17:42:25.796] INFO: [daemon.js:17438] [ce4399631a184c27a2d8ae6bd98451c0] ← GET /mavis/health status=200 duration=1ms {"locale":"en"}
[17:42:35.799] INFO: [daemon.js:17438] [db252edf7255401a837a6e59f2a16ff2] → GET /mavis/health
[17:42:35.800] INFO: [daemon.js:17438] [db252edf7255401a837a6e59f2a16ff2] ← GET /mavis/health status=200 duration=1ms {"locale":"en"}
[17:42:45.824] INFO: [daemon.js:17438] [1036338e3cea443da1fc07d8c3dc198d] → GET /mavis/health
[17:42:45.825] INFO: [daemon.js:17438] [1036338e3cea443da1fc07d8c3dc198d] ← GET /mavis/health status=200 duration=1ms {"locale":"en"}
[17:42:55.819] INFO: [daemon.js:17438] [886c6c52a7754532990e9b7da2716f01] → GET /mavis/health
[17:42:55.819] INFO: [daemon.js:17438] [886c6c52a7754532990e9b7da2716f01] ← GET /mavis/health status=200 duration=0ms {"locale":"en"}
[17:43:05.837] INFO: [daemon.js:17438] [a4074dba046a4f18be1ea9a558b863ef] → GET /mavis/health
[17:43:05.837] INFO: [daemon.js:17438] [a4074dba046a4f18be1ea9a558b863ef] ← GET /mavis/health status=200 duration=0ms {"locale":"en"}
[17:43:15.856] INFO: [daemon.js:17438] [89747f7699bf4300b17e8f67f97609ed] → GET /mavis/health
[17:43:15.856] INFO: [daemon.js:17438] [89747f7699bf4300b17e8f67f97609ed] ← GET /mavis/health status=200 duration=0ms {"locale":"en"}
[17:43:25.856] INFO: [daemon.js:17438] [a890cf09dc9e4be386271ea1c833cc64] → GET /mavis/health
[17:43:25.856] INFO: [daemon.js:17438] [a890cf09dc9e4be386271ea1c833cc64] ← GET /mavis/health status=200 duration=0ms {"locale":"en"}
[17:43:35.856] INFO: [daemon.js:17438] [27170e6618b04b1d9c767dd251394dc1] → GET /mavis/health
[17:43:35.856] INFO: [daemon.js:17438] [27170e6618b04b1d9c767dd251394dc1] ← GET /mavis/health status=200 duration=0ms {"locale":"en"}
[17:43:39.854] INFO: [daemon.js:17438] [dbdbf5b155874c6ca869ef218eac2d0f] → GET /mavis/mcp/cu
[17:43:39.855] INFO: [daemon.js:17438] [dbdbf5b155874c6ca869ef218eac2d0f] ← GET /mavis/mcp/cu status=200 duration=1ms {"locale":"en"}
[17:43:39.855] INFO: [daemon.js:17438] [294ca066dd364afa839a60ebc6c4faf4] → GET /mavis/mcp/trash
[17:43:39.856] INFO: [daemon.js:17438] [294ca066dd364afa839a60ebc6c4faf4] ← GET /mavis/mcp/trash status=200 duration=1ms {"locale":"en"}
[17:43:45.855] INFO: [daemon.js:17438] [86b5866c8c5f48eeac6d1e3674ae7920] → GET /mavis/health
[17:43:45.856] INFO: [daemon.js:17438] [86b5866c8c5f48eeac6d1e3674ae7920] ← GET /mavis/health status=200 duration=1ms {"locale":"en"}
[17:43:55.877] INFO: [daemon.js:17438] [90aa4b7d40fd4f34a1446c3e0e8d00e4] → GET /mavis/health
[17:43:55.877] INFO: [daemon.js:17438] [90aa4b7d40fd4f34a1446c3e0e8d00e4] ← GET /mavis/health status=200 duration=0ms {"locale":"en"}
[17:44:05.885] INFO: [daemon.js:17438] [cbf781e7789f4dde8f77f64ea4c1efba] → GET /mavis/health
[17:44:05.886] INFO: [daemon.js:17438] [cbf781e7789f4dde8f77f64ea4c1efba] ← GET /mavis/health status=200 duration=1ms {"locale":"en"}
[17:44:15.891] INFO: [daemon.js:17438] [8bea0afb75d64014a57c9165c4e852ad] → GET /mavis/health
[17:44:15.891] INFO: [daemon.js:17438] [8bea0afb75d64014a57c9165c4e852ad] ← GET /mavis/health status=200 duration=0ms {"locale":"en"}
[17:44:25.898] INFO: [daemon.js:17438] [eea9e60f9e1f4140b696dfac7b4cffd6] → GET /mavis/health
[17:44:25.899] INFO: [daemon.js:17438] [eea9e60f9e1f4140b696dfac7b4cffd6] ← GET /mavis/health status=200 duration=1ms {"locale":"en"}
[17:44:35.922] INFO: [daemon.js:17438] [240269f497994a0f82edc43eba98c830] → GET /mavis/health
[17:44:35.922] INFO: [daemon.js:17438] [240269f497994a0f82edc43eba98c830] ← GET /mavis/health status=200 duration=0ms {"locale":"en"}
[17:44:45.922] INFO: [daemon.js:17438] [34dcf7e98f8e485fbc40ee9d3f6118ec] → GET /mavis/health
[17:44:45.923] INFO: [daemon.js:17438] [34dcf7e98f8e485fbc40ee9d3f6118ec] ← GET /mavis/health status=200 duration=1ms {"locale":"en"}
[17:44:55.926] INFO: [daemon.js:17438] [7a353cb599614b8589c1c476467b0299] → GET /mavis/health
[17:44:55.927] INFO: [daemon.js:17438] [7a353cb599614b8589c1c476467b0299] ← GET /mavis/health status=200 duration=1ms {"locale":"en"}
[17:45:05.955] INFO: [daemon.js:17438] [5f61e9840cf9407daf51cc53b29d3ad4] → GET /mavis/health
[17:45:05.955] INFO: [daemon.js:17438] [5f61e9840cf9407daf51cc53b29d3ad4] ← GET /mavis/health status=200 duration=0ms {"locale":"en"}
[17:45:15.972] INFO: [daemon.js:17438] [4f778038863e4a03ad9f145ac2d0b9e7] → GET /mavis/health
[17:45:15.972] INFO: [daemon.js:17438] [4f778038863e4a03ad9f145ac2d0b9e7] ← GET /mavis/health status=200 duration=0ms {"locale":"en"}
[17:45:25.972] INFO: [daemon.js:17438] [4ede23ef8af44ff987abc8ee753d65c4] → GET /mavis/health
[17:45:25.972] INFO: [daemon.js:17438] [4ede23ef8af44ff987abc8ee753d65c4] ← GET /mavis/health status=200 duration=0ms {"locale":"en"}
[17:45:35.966] INFO: [daemon.js:17438] [7dd6fea470084869812cce4b481e8e61] → GET /mavis/health
[17:45:35.967] INFO: [daemon.js:17438] [7dd6fea470084869812cce4b481e8e61] ← GET /mavis/health status=200 duration=1ms {"locale":"en"}
[17:45:45.986] INFO: [daemon.js:17438] [6ed16b4ec42547b9bbd72fc45effe715] → GET /mavis/health
[17:45:45.987] INFO: [daemon.js:17438] [6ed16b4ec42547b9bbd72fc45effe715] ← GET /mavis/health status=200 duration=1ms {"locale":"en"}
[17:45:55.995] INFO: [daemon.js:17438] [d81a988097814f53ab7d07a70fb46d66] → GET /mavis/health
[17:45:55.995] INFO: [daemon.js:17438] [d81a988097814f53ab7d07a70fb46d66] ← GET /mavis/health status=200 duration=0ms {"locale":"en"}
[17:46:05.990] INFO: [daemon.js:17438] [10da04b3762a414dbc6beaf98a08a30d] → GET /mavis/health
[17:46:05.990] INFO: [daemon.js:17438] [10da04b3762a414dbc6beaf98a08a30d] ← GET /mavis/health status=200 duration=0ms {"locale":"en"}
[17:46:09.578] INFO: [daemon.js:17438] [2eade27f8acf4bdc9389160fef6e524a] → POST /mavis/mcp/cu
[17:46:09.581] INFO: [daemon.js:17438] [2eade27f8acf4bdc9389160fef6e524a] ← POST /mavis/mcp/cu status=200 duration=3ms {"locale":"en"}
[17:46:09.581] INFO: [daemon.js:17438] [6657266077064cc1902d5035c4d1d494] → POST /mavis/mcp/trash
[17:46:09.582] INFO: [daemon.js:17438] [6657266077064cc1902d5035c4d1d494] ← POST /mavis/mcp/trash status=200 duration=1ms {"locale":"en"}
[17:46:09.929] INFO: [daemon.js:17438] [34d40f110f2e4606b207f45df0b7161f] [mcp:matrix:stderr] [matrix-mcp-cli] tools/list dropped 2 unknown tool(s) not in this cli's KNOWN_TOOLS: matrix_extract_content_from_websites, matrix_get_upload_url
[17:46:15.993] INFO: [daemon.js:17438] [9d358f91fd9640deaba70aec9ba7b54d] → GET /mavis/health
[17:46:15.993] INFO: [daemon.js:17438] [9d358f91fd9640deaba70aec9ba7b54d] ← GET /mavis/health status=200 duration=0ms {"locale":"en"}
[17:46:26.005] INFO: [daemon.js:17438] [503979738c454c418bf3d0c2e84249e2] → GET /mavis/health
[17:46:26.006] INFO: [daemon.js:17438] [503979738c454c418bf3d0c2e84249e2] ← GET /mavis/health status=200 duration=1ms {"locale":"en"}
[17:46:36.006] INFO: [daemon.js:17438] [529dd327275b4519b0a3ccfb9e82dde3] → GET /mavis/health
[17:46:36.006] INFO: [daemon.js:17438] [529dd327275b4519b0a3ccfb9e82dde3] ← GET /mavis/health status=200 duration=0ms {"locale":"en"}
[17:46:46.013] INFO: [daemon.js:17438] [2df8311f015541fea5a84c849c27462f] → GET /mavis/health
[17:46:46.014] INFO: [daemon.js:17438] [2df8311f015541fea5a84c849c27462f] ← GET /mavis/health status=200 duration=1ms {"locale":"en"}
[17:46:56.023] INFO: [daemon.js:17438] [d2771df72bda47fd936c041aba2edcc7] → GET /mavis/health
[17:46:56.024] INFO: [daemon.js:17438] [d2771df72bda47fd936c041aba2edcc7] ← GET /mavis/health status=200 duration=1ms {"locale":"en"}
[17:47:06.026] INFO: [daemon.js:17438] [61bef7a9dc1d46a69b62b78a0dfdd765] → GET /mavis/health
[17:47:06.026] INFO: [daemon.js:17438] [61bef7a9dc1d46a69b62b78a0dfdd765] ← GET /mavis/health status=200 duration=0ms {"locale":"en"}
[17:47:16.043] INFO: [daemon.js:17438] [c8913a8ccb194582b523ea02c11711a0] → GET /mavis/health
[17:47:16.043] INFO: [daemon.js:17438] [c8913a8ccb194582b523ea02c11711a0] ← GET /mavis/health status=200 duration=0ms {"locale":"en"}
[17:47:26.050] INFO: [daemon.js:17438] [8e132d9337d74a47a59aedf64a699bf7] → GET /mavis/health
[17:47:26.050] INFO: [daemon.js:17438] [8e132d9337d74a47a59aedf64a699bf7] ← GET /mavis/health status=200 duration=0ms {"locale":"en"}
[17:47:36.070] INFO: [daemon.js:17438] [ca01c57dc3734ff49c986d9f5726f4a0] → GET /mavis/health
[17:47:36.070] INFO: [daemon.js:17438] [ca01c57dc3734ff49c986d9f5726f4a0] ← GET /mavis/health status=200 duration=0ms {"locale":"en"}
[17:47:46.058] INFO: [daemon.js:17438] [1bbbbe089b00492baf6437d210a7ffbe] → GET /mavis/health
[17:47:46.059] INFO: [daemon.js:17438] [1bbbbe089b00492baf6437d210a7ffbe] ← GET /mavis/health status=200 duration=1ms {"locale":"en"}
[17:47:50.404] INFO: [daemon.js:17438] [1937f22447ab4dea99dbaef7f274522b] → GET /mavis/api/config
[17:47:50.405] INFO: [daemon.js:17438] [1937f22447ab4dea99dbaef7f274522b] ← GET /mavis/api/config status=200 duration=1ms {"locale":"en"}
[17:47:50.405] INFO: [daemon.js:17438] [fc284c180fa8413da7790619fd69ecba] → GET /mavis/api/models
[17:47:50.406] INFO: [daemon.js:17438] [be0f4cc959244cebbc380434763f8d25] → GET /mavis/api/agent/mavis/skill
[17:47:50.407] INFO: [daemon.js:17438] skill block emitted {"ctx":{"traceId":"1ab28ad9c1b04abab6656c89576e3f68"},"event":"skill_block_emitted","agent":"mavis","total_count":24,"total_chars":11685,"skills":[{"name":"create-agent","char_count":676,"source_kind":"builtin-global"},{"name":"init-harness","char_count":521,"source_kind":"builtin-global"},{"name":"lark-tools","char_count":899,"source_kind":"builtin-global"},{"name":"literature-note","char_count":281,"source_kind":"user-mavis"},{"name":"llm-call","char_count":337,"source_kind":"builtin-global"},{"name":"mavis","char_count":950,"source_kind":"builtin-global"},{"name":"mavis-browser","char_count":355,"source_kind":"builtin-global"},{"name":"mavis-doctor","char_count":300,"source_kind":"builtin-agent"},{"name":"mavis-team","char_count":952,"source_kind":"builtin-agent"},{"name":"mcp-cli","char_count":121,"source_kind":"builtin-global"},{"name":"mcp-onboarding","char_count":169,"source_kind":"builtin-global"},{"name":"minimax-docx","char_count":235,"source_kind":"builtin-global"},{"name":"minimax-pdf","char_count":322,"source_kind":"builtin-global"},{"name":"minimax-pptx","char_count":261,"source_kind":"builtin-global"},{"name":"minimax-xlsx","char_count":350,"source_kind":"builtin-global"},{"name":"obsidian-cli","char_count":1134,"source_kind":null},{"name":"plan-mode","char_count":308,"source_kind":"builtin-global"},{"name":"skill-creator","char_count":363,"source_kind":"builtin-global"},{"name":"skill-evolution","char_count":614,"source_kind":"builtin-global"},{"name":"skill-refiner","char_count":326,"source_kind":"builtin-global"},{"name":"visual-summary","char_count":614,"source_kind":"builtin-global"},{"name":"worktree-management","char_count":480,"source_kind":"builtin-global"},{"name":"x-link-reader","char_count":315,"source_kind":"builtin-global"},{"name":"zotero-use","char_count":802,"source_kind":null}]}
[17:47:50.408] INFO: [daemon.js:17438] [be0f4cc959244cebbc380434763f8d25] ← GET /mavis/api/agent/mavis/skill status=200 duration=2ms {"locale":"en"}
[17:47:50.416] INFO: [daemon.js:17438] [b948ec87b03a4983a42b26a435bb8a5a] → GET /mavis/api/config/api-key-status
[17:47:50.416] INFO: [daemon.js:17438] [ccc57c54786046108680a6952ef9bfae] → GET /mavis/api/config
[17:47:50.417] INFO: [daemon.js:17438] [b948ec87b03a4983a42b26a435bb8a5a] ← GET /mavis/api/config/api-key-status status=200 duration=1ms {"locale":"en"}
[17:47:50.417] INFO: [daemon.js:17438] [ccc57c54786046108680a6952ef9bfae] ← GET /mavis/api/config status=200 duration=1ms {"locale":"en"}
[17:47:50.787] INFO: [daemon.js:17438] [fc284c180fa8413da7790619fd69ecba] ← GET /mavis/api/models status=200 duration=382ms {"locale":"en"}
[17:47:56.077] INFO: [daemon.js:17438] [dd8bc2397d2c4175b2f14b9b41a86b33] → GET /mavis/health
[17:47:56.077] INFO: [daemon.js:17438] [dd8bc2397d2c4175b2f14b9b41a86b33] ← GET /mavis/health status=200 duration=0ms {"locale":"en"}
[17:48:06.072] INFO: [daemon.js:17438] [ce95924e1df041c2bf8ec6cd1519eebd] → GET /mavis/health
[17:48:06.073] INFO: [daemon.js:17438] [ce95924e1df041c2bf8ec6cd1519eebd] ← GET /mavis/health status=200 duration=1ms {"locale":"en"}
[17:48:16.075] INFO: [daemon.js:17438] [4b283c31b30945119b5ad57a1b0dd251] → GET /mavis/health
[17:48:16.075] INFO: [daemon.js:17438] [4b283c31b30945119b5ad57a1b0dd251] ← GET /mavis/health status=200 duration=0ms {"locale":"en"}
[17:48:20.179] INFO: [daemon.js:17438] [6cb9a81f3a0e434b8e02b770a7129782] → POST /mavis/api/agent/mavis/session
[17:48:20.179] INFO: [daemon.js:17438] [6cb9a81f3a0e434b8e02b770a7129782] Creating new session, name=mavis, workspaceDir=C:\Users\jethr\.minimax-agent\projects, title=undefined, model=undefined {"locale":"en"}
[17:48:20.179] INFO: [daemon.js:17438] [6cb9a81f3a0e434b8e02b770a7129782] newSession started, agentName=mavis, workspaceDir=C:\Users\jethr\.minimax-agent\projects, parentSessionId=undefined {"locale":"en"}
[17:48:20.179] INFO: [daemon.js:17438] [6cb9a81f3a0e434b8e02b770a7129782] newSession started, agentName=mavis, workspaceDir=C:\Users\jethr\.minimax-agent\projects {"locale":"en"}
[17:48:20.188] INFO: [daemon.js:17438] [6cb9a81f3a0e434b8e02b770a7129782] created session, daemonId=mvs_0dbdbf20f8454c5d9ca7a005919f273e, frameworkId=ses_17d6a70a5ffejthngPWIKCEkSn, agent=mavis {"locale":"en"}
[17:48:20.190] INFO: [daemon.js:17438] Branch session created {"ctx":{"traceId":"6cb9a81f3a0e434b8e02b770a7129782","locale":"en"},"agentName":"mavis","sessionId":"mvs_0dbdbf20f8454c5d9ca7a005919f273e","workspaceDir":"C:\\Users\\jethr\\.minimax-agent\\projects"}
[17:48:20.190] INFO: [daemon.js:17438] [6cb9a81f3a0e434b8e02b770a7129782] ← POST /mavis/api/agent/mavis/session status=201 duration=11ms {"locale":"en"}
[17:48:20.191] INFO: [daemon.js:17438] [2cf4891310654a60bb85ed0d32a74277] → GET /mavis/api/session/mvs_0dbdbf20f8454c5d9ca7a005919f273e
[17:48:20.192] INFO: [daemon.js:17438] [3700eb6b75f04fd5a63e9d9ad9cd04af] → PUT /mavis/api/models/select
[17:48:20.193] INFO: [daemon.js:17438] [3700eb6b75f04fd5a63e9d9ad9cd04af] ← PUT /mavis/api/models/select status=200 duration=1ms {"locale":"en"}
[17:48:20.194] INFO: [daemon.js:17438] [2cf4891310654a60bb85ed0d32a74277] ← GET /mavis/api/session/mvs_0dbdbf20f8454c5d9ca7a005919f273e status=200 duration=3ms {"locale":"en"}
[17:48:20.208] INFO: [daemon.js:17438] [f7884b69eebf4587a9e65b8e0fd57c21] → GET /mavis/api/config
[17:48:20.209] INFO: [daemon.js:17438] [1a7604716cfe404cbc086251a1f6b2b3] → GET /mavis/api/models
[17:48:20.209] INFO: [daemon.js:17438] [f7884b69eebf4587a9e65b8e0fd57c21] ← GET /mavis/api/config status=200 duration=1ms {"locale":"en"}
[17:48:20.209] INFO: [daemon.js:17438] [1a7604716cfe404cbc086251a1f6b2b3] ← GET /mavis/api/models status=200 duration=0ms {"locale":"en"}
[17:48:20.210] INFO: [daemon.js:17438] [58cc8403297f48b3befaed91c32ac371] → GET /mavis/api/agent/mavis/skill
[17:48:20.210] INFO: [daemon.js:17438] [9d8bd0b55c9a48bb9d79bb2754b09ecb] → GET /mavis/api/session/mvs_0dbdbf20f8454c5d9ca7a005919f273e/queue
[17:48:20.211] INFO: [daemon.js:17438] [9d8bd0b55c9a48bb9d79bb2754b09ecb] ← GET /mavis/api/session/mvs_0dbdbf20f8454c5d9ca7a005919f273e/queue status=200 duration=1ms {"locale":"en"}
[17:48:20.211] INFO: [daemon.js:17438] skill block emitted {"ctx":{"traceId":"093bcb91af5944e0b7d6e88d401a890e"},"event":"skill_block_emitted","agent":"mavis","total_count":24,"total_chars":11685,"skills":[{"name":"create-agent","char_count":676,"source_kind":"builtin-global"},{"name":"init-harness","char_count":521,"source_kind":"builtin-global"},{"name":"lark-tools","char_count":899,"source_kind":"builtin-global"},{"name":"literature-note","char_count":281,"source_kind":"user-mavis"},{"name":"llm-call","char_count":337,"source_kind":"builtin-global"},{"name":"mavis","char_count":950,"source_kind":"builtin-global"},{"name":"mavis-browser","char_count":355,"source_kind":"builtin-global"},{"name":"mavis-doctor","char_count":300,"source_kind":"builtin-agent"},{"name":"mavis-team","char_count":952,"source_kind":"builtin-agent"},{"name":"mcp-cli","char_count":121,"source_kind":"builtin-global"},{"name":"mcp-onboarding","char_count":169,"source_kind":"builtin-global"},{"name":"minimax-docx","char_count":235,"source_kind":"builtin-global"},{"name":"minimax-pdf","char_count":322,"source_kind":"builtin-global"},{"name":"minimax-pptx","char_count":261,"source_kind":"builtin-global"},{"name":"minimax-xlsx","char_count":350,"source_kind":"builtin-global"},{"name":"obsidian-cli","char_count":1134,"source_kind":null},{"name":"plan-mode","char_count":308,"source_kind":"builtin-global"},{"name":"skill-creator","char_count":363,"source_kind":"builtin-global"},{"name":"skill-evolution","char_count":614,"source_kind":"builtin-global"},{"name":"skill-refiner","char_count":326,"source_kind":"builtin-global"},{"name":"visual-summary","char_count":614,"source_kind":"builtin-global"},{"name":"worktree-management","char_count":480,"source_kind":"builtin-global"},{"name":"x-link-reader","char_count":315,"source_kind":"builtin-global"},{"name":"zotero-use","char_count":802,"source_kind":null}]}
[17:48:20.211] INFO: [daemon.js:17438] [58cc8403297f48b3befaed91c32ac371] ← GET /mavis/api/agent/mavis/skill status=200 duration=1ms {"locale":"en"}
[17:48:20.212] INFO: [daemon.js:17438] [277cadc19ee04019aff8d413538cf88e] → GET /mavis/api/session/mvs_0dbdbf20f8454c5d9ca7a005919f273e
[17:48:20.212] INFO: [daemon.js:17438] [9df235e6a8504aeea79ee86d306ea84f] → GET /mavis/api/permission/requests
[17:48:20.212] INFO: [daemon.js:17438] [9df235e6a8504aeea79ee86d306ea84f] ← GET /mavis/api/permission/requests status=200 duration=0ms {"locale":"en"}
[17:48:20.213] INFO: [daemon.js:17438] [c262c958c0db4c3c99de9744294c6c41] → GET /mavis/api/agent/mavis/questionnaire/pending
[17:48:20.213] INFO: [daemon.js:17438] [c262c958c0db4c3c99de9744294c6c41] ← GET /mavis/api/agent/mavis/questionnaire/pending status=200 duration=0ms {"locale":"en"}
[17:48:20.214] INFO: [daemon.js:17438] [277cadc19ee04019aff8d413538cf88e] ← GET /mavis/api/session/mvs_0dbdbf20f8454c5d9ca7a005919f273e status=200 duration=2ms {"locale":"en"}
[17:48:20.220] INFO: [daemon.js:17438] [6690aeed353e4f0b87e9e50915fa1c7b] → GET /mavis/api/config/api-key-status
[17:48:20.221] INFO: [daemon.js:17438] [c7aebfec0eba4974be93570b79e56f78] → GET /mavis/api/config
[17:48:20.221] INFO: [daemon.js:17438] [6690aeed353e4f0b87e9e50915fa1c7b] ← GET /mavis/api/config/api-key-status status=200 duration=1ms {"locale":"en"}
[17:48:20.222] INFO: [daemon.js:17438] [c7aebfec0eba4974be93570b79e56f78] ← GET /mavis/api/config status=200 duration=1ms {"locale":"en"}
[17:48:20.232] INFO: [daemon.js:17438] [6070de32ed42458da28cba4f09db4ec0] → GET /mavis/api/session/mvs_0dbdbf20f8454c5d9ca7a005919f273e/message
[17:48:20.233] INFO: [daemon.js:17438] MessageStore list completed {"ctx":{"traceId":"6070de32ed42458da28cba4f09db4ec0","locale":"en"},"sessionId":"mvs_0dbdbf20f8454c5d9ca7a005919f273e","durationMs":0,"messageCount":0,"hasNextCursor":false}
[17:48:20.233] INFO: [daemon.js:17438] [6070de32ed42458da28cba4f09db4ec0] ← GET /mavis/api/session/mvs_0dbdbf20f8454c5d9ca7a005919f273e/message status=200 duration=1ms {"locale":"en"}
[17:48:20.235] INFO: [daemon.js:17438] [bfc6d3d81ac949ba9de74950ed2a05d0] → GET /mavis/api/session/mvs_0dbdbf20f8454c5d9ca7a005919f273e/queue
[17:48:20.235] INFO: [daemon.js:17438] [bfc6d3d81ac949ba9de74950ed2a05d0] ← GET /mavis/api/session/mvs_0dbdbf20f8454c5d9ca7a005919f273e/queue status=200 duration=0ms {"locale":"en"}
[17:48:20.240] INFO: [daemon.js:17438] [86b06aa00ac64e85abbd448936369978] → POST /mavis/api/content
[17:48:20.519] INFO: [daemon.js:17438] [86b06aa00ac64e85abbd448936369978] ← POST /mavis/api/content status=200 duration=279ms {"locale":"en"}
[17:48:20.523] INFO: [daemon.js:17438] [ba151c2b88ee4ce9b483d14b5e3c7794] → POST /mavis/api/session/mvs_0dbdbf20f8454c5d9ca7a005919f273e/message
[17:48:20.524] INFO: [daemon.js:17438] [ba151c2b88ee4ce9b483d14b5e3c7794] SendMessage received for mavis/mvs_0dbdbf20f8454c5d9ca7a005919f273e {"locale":"en"}
[17:48:20.524] INFO: [daemon.js:17438] [message] Forwarding user message {"ctx":{"traceId":"ba151c2b88ee4ce9b483d14b5e3c7794","locale":"en"},"agentName":"mavis","sessionId":"mvs_0dbdbf20f8454c5d9ca7a005919f273e","queuedMessageCount":0,"turnId":"3aba9ee8-abd2-4985-8b44-c32d92d3d1bf"}
[17:48:20.524] INFO: [daemon.js:17438] [ba151c2b88ee4ce9b483d14b5e3c7794] ← POST /mavis/api/session/mvs_0dbdbf20f8454c5d9ca7a005919f273e/message status=200 duration=1ms {"locale":"en"}
[17:48:20.525] INFO: [daemon.js:17438] [bb36d316eefc41df9950b5922d244226] Session turnId updated sessionId=mvs_0dbdbf20f8454c5d9ca7a005919f273e turnId=3aba9ee8-abd2-4985-8b44-c32d92d3d1bf
[17:48:20.525] INFO: [daemon.js:17438] [4921517d39b148aea3f6fac3e2cdf8bd] Resolved model from request override agentName=mavis providerID=minimax modelID=MiniMax-M2.7
[17:48:20.532] INFO: [daemon.js:17438] [85b603d759434458b5eb8d2facb59588] Resolved model from request override agentName=mavis providerID=minimax modelID=MiniMax-M2.7
[17:48:20.536] INFO: [daemon.js:17438] [ba151c2b88ee4ce9b483d14b5e3c7794] sendMessage started, agentName=mavis, sessionId=mvs_0dbdbf20f8454c5d9ca7a005919f273e {"locale":"en"}
[17:48:20.562] INFO: [daemon.js:17438] [dd38956c6e38412aaf6548e891aaf55c] → GET /mavis/api/session/ses_17d6a70a5ffejthngPWIKCEkSn
[17:48:20.564] INFO: [daemon.js:17438] [dd38956c6e38412aaf6548e891aaf55c] ← GET /mavis/api/session/ses_17d6a70a5ffejthngPWIKCEkSn status=200 duration=2ms {"locale":"en"}
[17:48:20.565] INFO: [daemon.js:17438] [52236398e588422b903f755aef29b1b9] → GET /mavis/api/agent/mavis
[17:48:20.566] INFO: [daemon.js:17438] [52236398e588422b903f755aef29b1b9] ← GET /mavis/api/agent/mavis status=200 duration=1ms {"locale":"en"}
[17:48:20.567] INFO: [daemon.js:17438] [50338a8202ae4c9caa5258b17aac46f4] → GET /mavis/api/agent/mavis/skill
[17:48:20.568] INFO: [daemon.js:17438] [db067be871b640bd9ce3dea60711c7cf] → GET /mavis/api/mcp/servers
[17:48:20.570] INFO: [daemon.js:17438] [db067be871b640bd9ce3dea60711c7cf] ← GET /mavis/api/mcp/servers status=200 duration=2ms {"locale":"en"}
[17:48:20.570] INFO: [daemon.js:17438] [5ed67849443844d79dff6567d960dc80] → GET /mavis/api/mcp/native-tools
[17:48:20.571] INFO: [daemon.js:17438] [5ed67849443844d79dff6567d960dc80] ← GET /mavis/api/mcp/native-tools status=200 duration=1ms {"locale":"en"}
[17:48:20.572] INFO: [daemon.js:17438] skill block emitted {"ctx":{"traceId":"78d2bdd6169d4154848a65e6aea55363"},"event":"skill_block_emitted","agent":"mavis","total_count":24,"total_chars":11685,"skills":[{"name":"create-agent","char_count":676,"source_kind":"builtin-global"},{"name":"init-harness","char_count":521,"source_kind":"builtin-global"},{"name":"lark-tools","char_count":899,"source_kind":"builtin-global"},{"name":"literature-note","char_count":281,"source_kind":"user-mavis"},{"name":"llm-call","char_count":337,"source_kind":"builtin-global"},{"name":"mavis","char_count":950,"source_kind":"builtin-global"},{"name":"mavis-browser","char_count":355,"source_kind":"builtin-global"},{"name":"mavis-doctor","char_count":300,"source_kind":"builtin-agent"},{"name":"mavis-team","char_count":952,"source_kind":"builtin-agent"},{"name":"mcp-cli","char_count":121,"source_kind":"builtin-global"},{"name":"mcp-onboarding","char_count":169,"source_kind":"builtin-global"},{"name":"minimax-docx","char_count":235,"source_kind":"builtin-global"},{"name":"minimax-pdf","char_count":322,"source_kind":"builtin-global"},{"name":"minimax-pptx","char_count":261,"source_kind":"builtin-global"},{"name":"minimax-xlsx","char_count":350,"source_kind":"builtin-global"},{"name":"obsidian-cli","char_count":1134,"source_kind":null},{"name":"plan-mode","char_count":308,"source_kind":"builtin-global"},{"name":"skill-creator","char_count":363,"source_kind":"builtin-global"},{"name":"skill-evolution","char_count":614,"source_kind":"builtin-global"},{"name":"skill-refiner","char_count":326,"source_kind":"builtin-global"},{"name":"visual-summary","char_count":614,"source_kind":"builtin-global"},{"name":"worktree-management","char_count":480,"source_kind":"builtin-global"},{"name":"x-link-reader","char_count":315,"source_kind":"builtin-global"},{"name":"zotero-use","char_count":802,"source_kind":null}]}
[17:48:20.572] INFO: [daemon.js:17438] [50338a8202ae4c9caa5258b17aac46f4] ← GET /mavis/api/agent/mavis/skill status=200 duration=5ms {"locale":"en"}
[17:48:20.574] INFO: [daemon.js:17438] [8d45b76e9375421dbe29096218ca067a] → POST /mavis/api/metrics/runtime-event
[17:48:20.574] INFO: [daemon.js:17438] [8d45b76e9375421dbe29096218ca067a] ← POST /mavis/api/metrics/runtime-event status=204 duration=0ms {"locale":"en"}
[17:48:26.102] INFO: [daemon.js:17438] [0879e1a65afa46698eb1af26f41ca41c] → GET /mavis/health
[17:48:26.102] INFO: [daemon.js:17438] [0879e1a65afa46698eb1af26f41ca41c] ← GET /mavis/health status=200 duration=0ms {"locale":"en"}
[17:48:27.021] INFO: [daemon.js:17438] [fb5510fdfd72439faba9fc331ff9e9ef] [monitor] thinking TTFT measured sessionId=mvs_0dbdbf20f8454c5d9ca7a005919f273e agentName=mavis ttftMs=6497
[17:48:27.150] INFO: [daemon.js:17438] [48b28f0de3a1468eb71876399d1e749a] → POST /mavis/api/metrics/runtime-event
[17:48:27.150] INFO: [daemon.js:17438] [48b28f0de3a1468eb71876399d1e749a] ← POST /mavis/api/metrics/runtime-event status=204 duration=0ms {"locale":"en"}
[17:48:27.151] INFO: [daemon.js:17438] [0f4fa85be32944acaab370355443eead] → POST /mavis/api/permission/check
[17:48:27.151] INFO: [daemon.js:17438] [0f4fa85be32944acaab370355443eead] Permission check requested: skill for mavis {"locale":"en"}
[17:48:27.151] INFO: [daemon.js:17438] Created ToolPermissionContext {"mode":"auto","ruleCount":0,"sandboxEnabled":false,"workingDirectory":"C:\\Users\\jethr\\.minimax-agent\\projects"}
[17:48:27.151] INFO: [daemon.js:17438] [0d534be38ad14283baba4e90ae312e2c] [permission-service] Check result: toolName=skill behavior=allow reasonType=safetyCheck locale=en
[17:48:27.152] INFO: [daemon.js:17438] [0f4fa85be32944acaab370355443eead] Permission check result: skill → allow {"locale":"en"}
[17:48:27.152] INFO: [daemon.js:17438] [0f4fa85be32944acaab370355443eead] ← POST /mavis/api/permission/check status=200 duration=1ms {"locale":"en"}
[17:48:27.153] INFO: [daemon.js:17438] [4e2f4888633748caa8c47f7aac058dca] → POST /mavis/api/hooks/execute
[17:48:27.153] INFO: [daemon.js:17438] [hook-registry] matcher did not match, hook filtered out {"module":"hook-registry","hookId":"builtin:binary-read-guard","matcher":"^[Rr]ead$","matchValue":"skill"}
[17:48:27.153] INFO: [daemon.js:17438] [hook-registry] hooks filtered by matcher {"module":"hook-registry","hookEvent":"PreToolUse","matchValue":"skill","beforeCount":2,"afterCount":1}
[17:48:27.153] INFO: [daemon.js:17438] [4e2f4888633748caa8c47f7aac058dca] ← POST /mavis/api/hooks/execute status=200 duration=0ms {"locale":"en"}
[17:48:27.154] INFO: [daemon.js:17438] [e253532fa464481db8acbf1e051cfd8f] → GET /mavis/api/session/ses_17d6a70a5ffejthngPWIKCEkSn
[17:48:27.156] INFO: [daemon.js:17438] [e253532fa464481db8acbf1e051cfd8f] ← GET /mavis/api/session/ses_17d6a70a5ffejthngPWIKCEkSn status=200 duration=2ms {"locale":"en"}
[17:48:27.157] INFO: [daemon.js:17438] [f96d9199083c4530b59d30da15b88579] → GET /mavis/api/skill/obsidian-cli
[17:48:27.158] INFO: [daemon.js:17438] [f96d9199083c4530b59d30da15b88579] ← GET /mavis/api/skill/obsidian-cli status=200 duration=1ms {"locale":"en"}
[17:48:27.159] INFO: [daemon.js:17438] [c275199e94e147678d2334569f8147a5] → GET /mavis/api/skill/obsidian-cli/files
[17:48:27.160] INFO: [daemon.js:17438] [c275199e94e147678d2334569f8147a5] ← GET /mavis/api/skill/obsidian-cli/files status=200 duration=1ms {"locale":"en"}
[17:48:27.161] INFO: [daemon.js:17438] [af2ceb982898427ba43206812a826e81] → POST /mavis/api/metrics/runtime-event
[17:48:27.161] INFO: [daemon.js:17438] [af2ceb982898427ba43206812a826e81] ← POST /mavis/api/metrics/runtime-event status=204 duration=0ms {"locale":"en"}
[17:48:27.162] INFO: [daemon.js:17438] [a833e010c1d348a2bb31638cf17a4950] → POST /mavis/api/hooks/execute
[17:48:27.162] INFO: [daemon.js:17438] [hook-registry] matcher did not match, hook filtered out {"module":"hook-registry","hookId":"builtin:read-image-compressor","matcher":"^[Rr]ead$","matchValue":"skill"}
[17:48:27.162] INFO: [daemon.js:17438] [hook-registry] matcher did not match, hook filtered out {"module":"hook-registry","hookId":"builtin:cu-image-injector","matcher":"^[Bb]ash$","matchValue":"skill"}
[17:48:27.162] INFO: [daemon.js:17438] [hook-registry] hooks filtered by matcher {"module":"hook-registry","hookEvent":"PostToolUse","matchValue":"skill","beforeCount":7,"afterCount":5}
[17:48:27.162] INFO: [daemon.js:17438] [a833e010c1d348a2bb31638cf17a4950] ← POST /mavis/api/hooks/execute status=200 duration=0ms {"locale":"en"}
[17:48:27.164] INFO: [daemon.js:17438] [25a180d6b9fb4643bda8123c1ebb56c8] → POST /mavis/api/metrics/runtime-event
[17:48:27.164] INFO: [daemon.js:17438] [25a180d6b9fb4643bda8123c1ebb56c8] ← POST /mavis/api/metrics/runtime-event status=204 duration=0ms {"locale":"en"}
[17:48:27.177] INFO: [daemon.js:17438] [ea291433d7ae49cf9238000027e51304] → POST /mavis/api/metrics/runtime-event
[17:48:27.177] INFO: [daemon.js:17438] [ea291433d7ae49cf9238000027e51304] ← POST /mavis/api/metrics/runtime-event status=204 duration=0ms {"locale":"en"}
[17:48:29.205] INFO: [daemon.js:17438] [dc71d9e729644f1a93c0788c906751c1] [monitor] response TTFT measured sessionId=mvs_0dbdbf20f8454c5d9ca7a005919f273e agentName=mavis ttftMs=8681 breakdown={"resolveSession":1,"reconcileConfig":0,"hooks":7,"modelResolve":4,"adapterSend":8669}
[17:48:29.365] WARN: [daemon.js:17438] LLM returned invalid title, retrying {"sessionId":"mvs_0dbdbf20f8454c5d9ca7a005919f273e","attempt":0,"rawLen":713,"raw":"# Obsidian CLI 探索指南 ## 常用 Obsidian CLI 工具 ### 1. **obsidian-cli** (npm) ```bash "}
[17:48:29.446] INFO: [daemon.js:17438] [432d2fdab477457a984cd18eea19df4e] → POST /mavis/api/metrics/runtime-event
[17:48:29.447] INFO: [daemon.js:17438] [432d2fdab477457a984cd18eea19df4e] ← POST /mavis/api/metrics/runtime-event status=204 duration=1ms {"locale":"en"}
[17:48:29.447] INFO: [daemon.js:17438] [998de00f4eb84f01b838d989f079d93c] → POST /mavis/api/permission/check
[17:48:29.447] INFO: [daemon.js:17438] [998de00f4eb84f01b838d989f079d93c] Permission check requested: bash for mavis {"locale":"en"}
[17:48:29.447] INFO: [daemon.js:17438] Created ToolPermissionContext {"mode":"auto","ruleCount":0,"sandboxEnabled":false,"workingDirectory":"C:\\Users\\jethr\\.minimax-agent\\projects"}
[17:48:29.447] INFO: [daemon.js:17438] [92926333946347d3a17eaf06c547ca4f] BashToolPermissionChecker checkPermissions called, _toolName=bash, input={"command":"obsidian vaults","description":"List available Obsidian vaults"}, context={"mode":"auto","rules":[],"sandboxEnabled":false,"autoAllowBashIfSandboxed":false,"workingDirectory":"C:\\Users\\jethr\\.minimax-agent\\projects","allowedWorkingPaths":[],"sandboxAllowPaths":[],"dataDir":"C:\\Users\\jethr\\.mavis","homeDir":"C:\\Users\\jethr","agentName":"mavis","sessionId":"mvs_0dbdbf20f8454c5d9ca7a005919f273e","allowManagedPermissionRulesOnly":false,"interactiveTools":{}}
[17:48:29.448] INFO: [daemon.js:17438] [permission] subcommand layer=tail mode=default verdict=ask {"permLayer":"tail","permMode":"default","permVerdict":"ask","permReasonType":"safetyCheck","cmdPreview":"obsidian vaults"}
[17:48:29.448] INFO: [daemon.js:17438] [permission] whole-command layer=aggregated mode=default verdict=ask {"permLayer":"aggregated","permMode":"default","permVerdict":"ask","permScope":"whole-command","cmdPreview":"obsidian vaults","sessionId":"mvs_0dbdbf20f8454c5d9ca7a005919f273e","subcommandCount":1}
[17:48:29.448] INFO: [daemon.js:17438] [1c665056b3bf4ba9a3d122f1bc5f6409] [permission-service] Check result: toolName=bash behavior=ask reasonType=safetyCheck locale=en
[17:48:29.448] INFO: [daemon.js:17438] Running YOLO classifier {"toolName":"bash","inputLength":15,"sessionId":"mvs_0dbdbf20f8454c5d9ca7a005919f273e","agentId":"mavis"}
[17:48:29.449] INFO: [daemon.js:17438] [permission] subcommand layer=tail mode=auto verdict=undecided {"permLayer":"tail","permMode":"auto","permVerdict":"undecided","permReasonType":"safetyCheck","cmdPreview":"obsidian vaults"}
[17:48:29.449] INFO: [daemon.js:17438] [permission] whole-command layer=aggregated mode=auto verdict=undecided {"permLayer":"aggregated","permMode":"auto","permVerdict":"undecided","permScope":"whole-command","cmdPreview":"obsidian vaults","subcommandCount":1}
[17:48:33.930] INFO: [daemon.js:17438] Stage 2 LLM classification result {"toolName":"bash","verdict":"allow","reason":"User explicitly authorized read-only exploration of Obsidian vaults with \"PLEASE DO NOT EDIT ANY NOTES\" directive. Listing vaults is a safe read-only operation with no destructive or system-modifying effects.","model":"minimax/MiniMax-M2.7","isIrreversibleDelete":false,"confidence":0.95}
[17:48:33.930] INFO: [daemon.js:17438] [1197ef80170d42ae8557c7422de8b735] [permission-service] Auto mode classifier result: toolName=bash verdict=allow reason=User explicitly authorized read-only exploration of Obsidian vaults with "PLEASE DO NOT EDIT ANY NOTES" directive. Listing vaults is a safe read-only operation with no destructive or system-modifying effects. model=minimax/MiniMax-M2.7 stage=thinking durationMs=4482 locale=en
[17:48:33.930] INFO: [daemon.js:17438] [998de00f4eb84f01b838d989f079d93c] Permission check result: bash → allow {"locale":"en"}
[17:48:33.930] INFO: [daemon.js:17438] [998de00f4eb84f01b838d989f079d93c] ← POST /mavis/api/permission/check status=200 duration=4483ms {"locale":"en"}
[17:48:33.934] INFO: [daemon.js:17438] [6439d9e457204c3da4d522d08620b643] → POST /mavis/api/hooks/execute
[17:48:33.934] INFO: [daemon.js:17438] [hook-registry] matcher did not match, hook filtered out {"module":"hook-registry","hookId":"builtin:binary-read-guard","matcher":"^[Rr]ead$","matchValue":"bash"}
[17:48:33.934] INFO: [daemon.js:17438] [hook-registry] matcher did not match, hook filtered out {"module":"hook-registry","hookId":"builtin:docx-skill-env-gate","matcher":"^[Ss][Kk][Ii][Ll][Ll]$","matchValue":"bash"}
[17:48:33.934] INFO: [daemon.js:17438] [hook-registry] hooks filtered by matcher {"module":"hook-registry","hookEvent":"PreToolUse","matchValue":"bash","beforeCount":2,"afterCount":0}
[17:48:33.934] INFO: [daemon.js:17438] [6439d9e457204c3da4d522d08620b643] ← POST /mavis/api/hooks/execute status=200 duration=0ms {"locale":"en"}
[17:48:34.137] INFO: [daemon.js:17438] [20a05a942361434483aa3bd361319131] → POST /mavis/api/metrics/runtime-event
[17:48:34.138] INFO: [daemon.js:17438] [20a05a942361434483aa3bd361319131] ← POST /mavis/api/metrics/runtime-event status=204 duration=1ms {"locale":"en"}
[17:48:34.138] INFO: [daemon.js:17438] [71beedb3a768457e97df4d3a005758f8] → POST /mavis/api/hooks/execute
[17:48:34.138] INFO: [daemon.js:17438] [hook-registry] matcher did not match, hook filtered out {"module":"hook-registry","hookId":"builtin:read-image-compressor","matcher":"^[Rr]ead$","matchValue":"bash"}
[17:48:34.139] INFO: [daemon.js:17438] [hook-registry] hooks filtered by matcher {"module":"hook-registry","hookEvent":"PostToolUse","matchValue":"bash","beforeCount":7,"afterCount":6}
[17:48:34.139] INFO: [daemon.js:17438] [71beedb3a768457e97df4d3a005758f8] ← POST /mavis/api/hooks/execute status=200 duration=1ms {"locale":"en"}
[17:48:34.141] INFO: [daemon.js:17438] [3e7cb05877564d7fa54f0c8a26ccb34d] → POST /mavis/api/metrics/runtime-event
[17:48:34.141] INFO: [daemon.js:17438] [3e7cb05877564d7fa54f0c8a26ccb34d] ← POST /mavis/api/metrics/runtime-event status=204 duration=0ms {"locale":"en"}
[17:48:34.152] INFO: [daemon.js:17438] [b80ea3c1e6b7487d91d6aee462e81ede] → POST /mavis/api/metrics/runtime-event
[17:48:34.153] INFO: [daemon.js:17438] [b80ea3c1e6b7487d91d6aee462e81ede] ← POST /mavis/api/metrics/runtime-event status=204 duration=1ms {"locale":"en"}
[17:48:35.682] WARN: [daemon.js:17438] LLM returned invalid title, retrying {"sessionId":"mvs_0dbdbf20f8454c5d9ca7a005919f273e","attempt":1,"rawLen":683,"raw":"I don't have access to your local file system or the ability to run local CLI to"}
[17:48:35.956] INFO: [daemon.js:17438] [d36dfc5be00e4e9bbe44bbd4cd58f36d] → POST /mavis/api/metrics/runtime-event
[17:48:35.957] INFO: [daemon.js:17438] [d36dfc5be00e4e9bbe44bbd4cd58f36d] ← POST /mavis/api/metrics/runtime-event status=204 duration=1ms {"locale":"en"}
[17:48:35.957] INFO: [daemon.js:17438] [a45cb41df665425d93cefe9ea300564b] → POST /mavis/api/permission/check
[17:48:35.958] INFO: [daemon.js:17438] [a45cb41df665425d93cefe9ea300564b] Permission check requested: bash for mavis {"locale":"en"}
[17:48:35.958] INFO: [daemon.js:17438] Created ToolPermissionContext {"mode":"auto","ruleCount":0,"sandboxEnabled":false,"workingDirectory":"C:\\Users\\jethr\\.minimax-agent\\projects"}
[17:48:35.958] INFO: [daemon.js:17438] [b99fc4a38487451880dd89cadcfd400c] BashToolPermissionChecker checkPermissions called, _toolName=bash, input={"command":"obsidian \"Obsidian\" files total","description":"Count files in Obsidian vault"}, context={"mode":"auto","rules":[],"sandboxEnabled":false,"autoAllowBashIfSandboxed":false,"workingDirectory":"C:\\Users\\jethr\\.minimax-agent\\projects","allowedWorkingPaths":[],"sandboxAllowPaths":[],"dataDir":"C:\\Users\\jethr\\.mavis","homeDir":"C:\\Users\\jethr","agentName":"mavis","sessionId":"mvs_0dbdbf20f8454c5d9ca7a005919f273e","allowManagedPermissionRulesOnly":false,"interactiveTools":{}}
[17:48:35.958] INFO: [daemon.js:17438] [permission] subcommand layer=tail mode=default verdict=ask {"permLayer":"tail","permMode":"default","permVerdict":"ask","permReasonType":"safetyCheck","cmdPreview":"obsidian \"Obsidian\" files total"}
[17:48:35.958] INFO: [daemon.js:17438] [permission] whole-command layer=aggregated mode=default verdict=ask {"permLayer":"aggregated","permMode":"default","permVerdict":"ask","permScope":"whole-command","cmdPreview":"obsidian \"Obsidian\" files total","sessionId":"mvs_0dbdbf20f8454c5d9ca7a005919f273e","subcommandCount":1}
[17:48:35.958] INFO: [daemon.js:17438] [3a0de834c00c41a094a1eb2857becf67] [permission-service] Check result: toolName=bash behavior=ask reasonType=safetyCheck locale=en
[17:48:35.958] INFO: [daemon.js:17438] Running YOLO classifier {"toolName":"bash","inputLength":31,"sessionId":"mvs_0dbdbf20f8454c5d9ca7a005919f273e","agentId":"mavis"}
[17:48:35.959] INFO: [daemon.js:17438] [permission] subcommand layer=tail mode=auto verdict=undecided {"permLayer":"tail","permMode":"auto","permVerdict":"undecided","permReasonType":"safetyCheck","cmdPreview":"obsidian \"Obsidian\" files total"}
[17:48:35.959] INFO: [daemon.js:17438] [permission] whole-command layer=aggregated mode=auto verdict=undecided {"permLayer":"aggregated","permMode":"auto","permVerdict":"undecided","permScope":"whole-command","cmdPreview":"obsidian \"Obsidian\" files total","subcommandCount":1}
[17:48:36.084] INFO: [daemon.js:17438] [2c841f01eca4462ab12d8e0544f7dc82] Session updated, sessionId=mvs_0dbdbf20f8454c5d9ca7a005919f273e, updates={"title":"/obsidian-cli Can you use the"}
[17:48:36.084] INFO: [daemon.js:17438] Session title auto-generated {"sessionId":"mvs_0dbdbf20f8454c5d9ca7a005919f273e","agentName":"mavis","title":"/obsidian-cli Can you use the"}
[17:48:36.085] INFO: [daemon.js:17438] [50d8496f1d634098974384367b49a7ba] → GET /mavis/api/session/mvs_0dbdbf20f8454c5d9ca7a005919f273e
[17:48:36.086] INFO: [daemon.js:17438] [50d8496f1d634098974384367b49a7ba] ← GET /mavis/api/session/mvs_0dbdbf20f8454c5d9ca7a005919f273e status=200 duration=1ms {"locale":"en"}
[17:48:36.091] INFO: [daemon.js:17438] [90d69a3dd414477cb31122e340e4a8b7] → GET /mavis/health
[17:48:36.091] INFO: [daemon.js:17438] [90d69a3dd414477cb31122e340e4a8b7] ← GET /mavis/health status=200 duration=0ms {"locale":"en"}
[17:48:36.142] INFO: [daemon.js:17438] [319e1f66766a43b19871c5b20e3bb7b7] → POST /mavis/api/metrics/runtime-event
[17:48:36.142] INFO: [daemon.js:17438] [319e1f66766a43b19871c5b20e3bb7b7] ← POST /mavis/api/metrics/runtime-event status=204 duration=0ms {"locale":"en"}
[17:48:36.143] INFO: [daemon.js:17438] [d535b193606141ec9315b25e9f6783a7] → POST /mavis/api/permission/check
[17:48:36.143] INFO: [daemon.js:17438] [d535b193606141ec9315b25e9f6783a7] Permission check requested: bash for mavis {"locale":"en"}
[17:48:36.143] INFO: [daemon.js:17438] Created ToolPermissionContext {"mode":"auto","ruleCount":0,"sandboxEnabled":false,"workingDirectory":"C:\\Users\\jethr\\.minimax-agent\\projects"}
[17:48:36.143] INFO: [daemon.js:17438] [d652b8e852244f58856fd0b386787235] BashToolPermissionChecker checkPermissions called, _toolName=bash, input={"command":"obsidian \"Notes\" files total","description":"Count files in Notes vault"}, context={"mode":"auto","rules":[],"sandboxEnabled":false,"autoAllowBashIfSandboxed":false,"workingDirectory":"C:\\Users\\jethr\\.minimax-agent\\projects","allowedWorkingPaths":[],"sandboxAllowPaths":[],"dataDir":"C:\\Users\\jethr\\.mavis","homeDir":"C:\\Users\\jethr","agentName":"mavis","sessionId":"mvs_0dbdbf20f8454c5d9ca7a005919f273e","allowManagedPermissionRulesOnly":false,"interactiveTools":{}}
[17:48:36.143] INFO: [daemon.js:17438] [permission] subcommand layer=tail mode=default verdict=ask {"permLayer":"tail","permMode":"default","permVerdict":"ask","permReasonType":"safetyCheck","cmdPreview":"obsidian \"Notes\" files total"}
[17:48:36.143] INFO: [daemon.js:17438] [permission] whole-command layer=aggregated mode=default verdict=ask {"permLayer":"aggregated","permMode":"default","permVerdict":"ask","permScope":"whole-command","cmdPreview":"obsidian \"Notes\" files total","sessionId":"mvs_0dbdbf20f8454c5d9ca7a005919f273e","subcommandCount":1}
[17:48:36.143] INFO: [daemon.js:17438] [229469904473491ab30d7ac827ea7bb8] [permission-service] Check result: toolName=bash behavior=ask reasonType=safetyCheck locale=en
[17:48:36.144] INFO: [daemon.js:17438] Running YOLO classifier {"toolName":"bash","inputLength":28,"sessionId":"mvs_0dbdbf20f8454c5d9ca7a005919f273e","agentId":"mavis"}
[17:48:36.144] INFO: [daemon.js:17438] [permission] subcommand layer=tail mode=auto verdict=undecided {"permLayer":"tail","permMode":"auto","permVerdict":"undecided","permReasonType":"safetyCheck","cmdPreview":"obsidian \"Notes\" files total"}
[17:48:36.144] INFO: [daemon.js:17438] [permission] whole-command layer=aggregated mode=auto verdict=undecided {"permLayer":"aggregated","permMode":"auto","permVerdict":"undecided","permScope":"whole-command","cmdPreview":"obsidian \"Notes\" files total","subcommandCount":1}
[17:48:42.459] INFO: [daemon.js:17438] Stage 2 LLM classification result {"toolName":"bash","verdict":"allow","reason":"Read-only query to count files in the user's own Obsidian vault; no modifications or external network calls. The user explicitly requested exploration without edits.","model":"minimax/MiniMax-M2.7","isIrreversibleDelete":false,"confidence":0.95}
[17:48:42.459] INFO: [daemon.js:17438] [0f3152a98a0442ad94edaf88e38065c9] [permission-service] Auto mode classifier result: toolName=bash verdict=allow reason=Read-only query to count files in the user's own Obsidian vault; no modifications or external network calls. The user explicitly requested exploration without edits. model=minimax/MiniMax-M2.7 stage=thinking durationMs=6315 locale=en
[17:48:42.459] INFO: [daemon.js:17438] [d535b193606141ec9315b25e9f6783a7] Permission check result: bash → allow {"locale":"en"}
[17:48:42.459] INFO: [daemon.js:17438] [d535b193606141ec9315b25e9f6783a7] ← POST /mavis/api/permission/check status=200 duration=6316ms {"locale":"en"}
[17:48:42.463] INFO: [daemon.js:17438] [c9c8ebab01da41dc99c8a6b97cb8b2af] → POST /mavis/api/hooks/execute
[17:48:42.463] INFO: [daemon.js:17438] [hook-registry] matcher did not match, hook filtered out {"module":"hook-registry","hookId":"builtin:binary-read-guard","matcher":"^[Rr]ead$","matchValue":"bash"}
[17:48:42.463] INFO: [daemon.js:17438] [hook-registry] matcher did not match, hook filtered out {"module":"hook-registry","hookId":"builtin:docx-skill-env-gate","matcher":"^[Ss][Kk][Ii][Ll][Ll]$","matchValue":"bash"}
[17:48:42.463] INFO: [daemon.js:17438] [hook-registry] hooks filtered by matcher {"module":"hook-registry","hookEvent":"PreToolUse","matchValue":"bash","beforeCount":2,"afterCount":0}
[17:48:42.463] INFO: [daemon.js:17438] [c9c8ebab01da41dc99c8a6b97cb8b2af] ← POST /mavis/api/hooks/execute status=200 duration=0ms {"locale":"en"}
[17:48:42.660] INFO: [daemon.js:17438] [37eecb6260444c4e86829ab58f96f37e] → POST /mavis/api/metrics/runtime-event
[17:48:42.660] INFO: [daemon.js:17438] [37eecb6260444c4e86829ab58f96f37e] ← POST /mavis/api/metrics/runtime-event status=204 duration=0ms {"locale":"en"}
[17:48:42.661] INFO: [daemon.js:17438] [81e8aaf790164d9095cac363520e97e4] → POST /mavis/api/hooks/execute
[17:48:42.661] INFO: [daemon.js:17438] [hook-registry] matcher did not match, hook filtered out {"module":"hook-registry","hookId":"builtin:read-image-compressor","matcher":"^[Rr]ead$","matchValue":"bash"}
[17:48:42.661] INFO: [daemon.js:17438] [hook-registry] hooks filtered by matcher {"module":"hook-registry","hookEvent":"PostToolUse","matchValue":"bash","beforeCount":7,"afterCount":6}
[17:48:42.661] INFO: [daemon.js:17438] [81e8aaf790164d9095cac363520e97e4] ← POST /mavis/api/hooks/execute status=200 duration=0ms {"locale":"en"}
[17:48:44.865] INFO: [daemon.js:17438] Stage 2 LLM classification result {"toolName":"bash","verdict":"allow","reason":"Read-only file count query on the user's own Obsidian vault. This follows the user's instruction to NOT edit notes and is a safe informational operation.","model":"minimax/MiniMax-M2.7","isIrreversibleDelete":false,"confidence":0.9}
[17:48:44.865] INFO: [daemon.js:17438] [8fa716fbad734ae6a09d125df11d4470] [permission-service] Auto mode classifier result: toolName=bash verdict=allow reason=Read-only file count query on the user's own Obsidian vault. This follows the user's instruction to NOT edit notes and is a safe informational operation. model=minimax/MiniMax-M2.7 stage=thinking durationMs=8907 locale=en
[17:48:44.865] INFO: [daemon.js:17438] [a45cb41df665425d93cefe9ea300564b] Permission check result: bash → allow {"locale":"en"}
[17:48:44.865] INFO: [daemon.js:17438] [a45cb41df665425d93cefe9ea300564b] ← POST /mavis/api/permission/check status=200 duration=8908ms {"locale":"en"}
[17:48:44.869] INFO: [daemon.js:17438] [b33544042880489eb817081d1ee0e864] → POST /mavis/api/hooks/execute
[17:48:44.870] INFO: [daemon.js:17438] [hook-registry] matcher did not match, hook filtered out {"module":"hook-registry","hookId":"builtin:binary-read-guard","matcher":"^[Rr]ead$","matchValue":"bash"}
[17:48:44.870] INFO: [daemon.js:17438] [hook-registry] matcher did not match, hook filtered out {"module":"hook-registry","hookId":"builtin:docx-skill-env-gate","matcher":"^[Ss][Kk][Ii][Ll][Ll]$","matchValue":"bash"}
[17:48:44.870] INFO: [daemon.js:17438] [hook-registry] hooks filtered by matcher {"module":"hook-registry","hookEvent":"PreToolUse","matchValue":"bash","beforeCount":2,"afterCount":0}
[17:48:44.870] INFO: [daemon.js:17438] [b33544042880489eb817081d1ee0e864] ← POST /mavis/api/hooks/execute status=200 duration=1ms {"locale":"en"}
[17:48:45.055] INFO: [daemon.js:17438] [f06537ced4804982aedfc18c3bf2bf62] → POST /mavis/api/metrics/runtime-event
[17:48:45.056] INFO: [daemon.js:17438] [f06537ced4804982aedfc18c3bf2bf62] ← POST /mavis/api/metrics/runtime-event status=204 duration=1ms {"locale":"en"}
[17:48:45.056] INFO: [daemon.js:17438] [df424d3d68914f62a4f537485302b9df] → POST /mavis/api/hooks/execute
[17:48:45.057] INFO: [daemon.js:17438] [hook-registry] matcher did not match, hook filtered out {"module":"hook-registry","hookId":"builtin:read-image-compressor","matcher":"^[Rr]ead$","matchValue":"bash"}
[17:48:45.057] INFO: [daemon.js:17438] [hook-registry] hooks filtered by matcher {"module":"hook-registry","hookEvent":"PostToolUse","matchValue":"bash","beforeCount":7,"afterCount":6}
[17:48:45.057] INFO: [daemon.js:17438] [df424d3d68914f62a4f537485302b9df] ← POST /mavis/api/hooks/execute status=200 duration=1ms {"locale":"en"}
[17:48:45.060] INFO: [daemon.js:17438] [ae50bd3019c24f6fbabb0f3a50ad6a2d] → POST /mavis/api/metrics/runtime-event
[17:48:45.060] INFO: [daemon.js:17438] [ae50bd3019c24f6fbabb0f3a50ad6a2d] ← POST /mavis/api/metrics/runtime-event status=204 duration=0ms {"locale":"en"}
[17:48:45.076] INFO: [daemon.js:17438] [acf73747a6224d9b91c038844465070d] → POST /mavis/api/metrics/runtime-event
[17:48:45.076] INFO: [daemon.js:17438] [acf73747a6224d9b91c038844465070d] ← POST /mavis/api/metrics/runtime-event status=204 duration=0ms {"locale":"en"}
[17:48:46.104] INFO: [daemon.js:17438] [c86d8fdb0f7a4a7aa90499b8c3d02338] → GET /mavis/health
[17:48:46.105] INFO: [daemon.js:17438] [c86d8fdb0f7a4a7aa90499b8c3d02338] ← GET /mavis/health status=200 duration=1ms {"locale":"en"}
[17:48:47.707] INFO: [daemon.js:17438] [00395a9f9cfa45758668d7d939ff2dfc] → GET /mavis/mcp/cu
[17:48:47.708] INFO: [daemon.js:17438] [00395a9f9cfa45758668d7d939ff2dfc] ← GET /mavis/mcp/cu status=200 duration=1ms {"locale":"en"}
[17:48:47.708] INFO: [daemon.js:17438] [df7533a22531482bba80853d58353ae3] → GET /mavis/mcp/trash
[17:48:47.709] INFO: [daemon.js:17438] [df7533a22531482bba80853d58353ae3] ← GET /mavis/mcp/trash status=200 duration=1ms {"locale":"en"}
[17:48:48.967] INFO: [daemon.js:17438] [b2f383f48d8d489c9b34403ce84f1664] → POST /mavis/api/metrics/runtime-event
[17:48:48.967] INFO: [daemon.js:17438] [b2f383f48d8d489c9b34403ce84f1664] ← POST /mavis/api/metrics/runtime-event status=204 duration=0ms {"locale":"en"}
[17:48:48.967] INFO: [daemon.js:17438] [9412351bf9d340f696a4caaa3cb0513c] → POST /mavis/api/permission/check
[17:48:48.968] INFO: [daemon.js:17438] [9412351bf9d340f696a4caaa3cb0513c] Permission check requested: bash for mavis {"locale":"en"}
[17:48:48.968] INFO: [daemon.js:17438] Created ToolPermissionContext {"mode":"auto","ruleCount":0,"sandboxEnabled":false,"workingDirectory":"C:\\Users\\jethr\\.minimax-agent\\projects"}
[17:48:48.968] INFO: [daemon.js:17438] [3a4c18535be44122815957fd13e6c608] BashToolPermissionChecker checkPermissions called, _toolName=bash, input={"command":"obsidian files total","description":"Get total file count (default vault)"}, context={"mode":"auto","rules":[],"sandboxEnabled":false,"autoAllowBashIfSandboxed":false,"workingDirectory":"C:\\Users\\jethr\\.minimax-agent\\projects","allowedWorkingPaths":[],"sandboxAllowPaths":[],"dataDir":"C:\\Users\\jethr\\.mavis","homeDir":"C:\\Users\\jethr","agentName":"mavis","sessionId":"mvs_0dbdbf20f8454c5d9ca7a005919f273e","allowManagedPermissionRulesOnly":false,"interactiveTools":{}}
[17:48:48.968] INFO: [daemon.js:17438] [permission] subcommand layer=tail mode=default verdict=ask {"permLayer":"tail","permMode":"default","permVerdict":"ask","permReasonType":"safetyCheck","cmdPreview":"obsidian files total"}
[17:48:48.968] INFO: [daemon.js:17438] [permission] whole-command layer=aggregated mode=default verdict=ask {"permLayer":"aggregated","permMode":"default","permVerdict":"ask","permScope":"whole-command","cmdPreview":"obsidian files total","sessionId":"mvs_0dbdbf20f8454c5d9ca7a005919f273e","subcommandCount":1}
[17:48:48.968] INFO: [daemon.js:17438] [17831aa018574c529a34ae75cd3f2eae] [permission-service] Check result: toolName=bash behavior=ask reasonType=safetyCheck locale=en
[17:48:48.969] INFO: [daemon.js:17438] Running YOLO classifier {"toolName":"bash","inputLength":20,"sessionId":"mvs_0dbdbf20f8454c5d9ca7a005919f273e","agentId":"mavis"}
[17:48:48.969] INFO: [daemon.js:17438] [permission] subcommand layer=tail mode=auto verdict=undecided {"permLayer":"tail","permMode":"auto","permVerdict":"undecided","permReasonType":"safetyCheck","cmdPreview":"obsidian files total"}
[17:48:48.969] INFO: [daemon.js:17438] [permission] whole-command layer=aggregated mode=auto verdict=undecided {"permLayer":"aggregated","permMode":"auto","permVerdict":"undecided","permScope":"whole-command","cmdPreview":"obsidian files total","subcommandCount":1}
[17:48:49.098] INFO: [daemon.js:17438] [7616438501b043b2928ba44570f7da1f] → POST /mavis/api/metrics/runtime-event
[17:48:49.098] INFO: [daemon.js:17438] [7616438501b043b2928ba44570f7da1f] ← POST /mavis/api/metrics/runtime-event status=204 duration=0ms {"locale":"en"}
[17:48:49.098] INFO: [daemon.js:17438] [cb32930c8e354b059834eda517280271] → POST /mavis/api/permission/check
[17:48:49.099] INFO: [daemon.js:17438] [cb32930c8e354b059834eda517280271] Permission check requested: bash for mavis {"locale":"en"}
[17:48:49.099] INFO: [daemon.js:17438] Created ToolPermissionContext {"mode":"auto","ruleCount":0,"sandboxEnabled":false,"workingDirectory":"C:\\Users\\jethr\\.minimax-agent\\projects"}
[17:48:49.099] INFO: [daemon.js:17438] [baaa9b482deb426291dec8dacbc2c5ef] BashToolPermissionChecker checkPermissions called, _toolName=bash, input={"command":"obsidian tags counts","description":"List top tags by usage count"}, context={"mode":"auto","rules":[],"sandboxEnabled":false,"autoAllowBashIfSandboxed":false,"workingDirectory":"C:\\Users\\jethr\\.minimax-agent\\projects","allowedWorkingPaths":[],"sandboxAllowPaths":[],"dataDir":"C:\\Users\\jethr\\.mavis","homeDir":"C:\\Users\\jethr","agentName":"mavis","sessionId":"mvs_0dbdbf20f8454c5d9ca7a005919f273e","allowManagedPermissionRulesOnly":false,"interactiveTools":{}}
[17:48:49.099] INFO: [daemon.js:17438] [permission] subcommand layer=tail mode=default verdict=ask {"permLayer":"tail","permMode":"default","permVerdict":"ask","permReasonType":"safetyCheck","cmdPreview":"obsidian tags counts"}
[17:48:49.099] INFO: [daemon.js:17438] [permission] whole-command layer=aggregated mode=default verdict=ask {"permLayer":"aggregated","permMode":"default","permVerdict":"ask","permScope":"whole-command","cmdPreview":"obsidian tags counts","sessionId":"mvs_0dbdbf20f8454c5d9ca7a005919f273e","subcommandCount":1}
[17:48:49.099] INFO: [daemon.js:17438] [9634ece1887c447b93212ba5c2e1a613] [permission-service] Check result: toolName=bash behavior=ask reasonType=safetyCheck locale=en
[17:48:49.100] INFO: [daemon.js:17438] Running YOLO classifier {"toolName":"bash","inputLength":20,"sessionId":"mvs_0dbdbf20f8454c5d9ca7a005919f273e","agentId":"mavis"}
[17:48:49.100] INFO: [daemon.js:17438] [permission] subcommand layer=tail mode=auto verdict=undecided {"permLayer":"tail","permMode":"auto","permVerdict":"undecided","permReasonType":"safetyCheck","cmdPreview":"obsidian tags counts"}
[17:48:49.100] INFO: [daemon.js:17438] [permission] whole-command layer=aggregated mode=auto verdict=undecided {"permLayer":"aggregated","permMode":"auto","permVerdict":"undecided","permScope":"whole-command","cmdPreview":"obsidian tags counts","subcommandCount":1}
[17:48:56.111] INFO: [daemon.js:17438] [1901d1e28d744dcf976affa89e293525] → GET /mavis/health
[17:48:56.111] INFO: [daemon.js:17438] [1901d1e28d744dcf976affa89e293525] ← GET /mavis/health status=200 duration=0ms {"locale":"en"}
[17:48:58.441] INFO: [daemon.js:17438] Stage 2 LLM classification result {"toolName":"bash","verdict":"allow","reason":"This is a read-only query to count tags in the Obsidian vault. No file modifications, deletions, or external network calls — just local metadata retrieval. Aligns with the user's explicit request to explore without editing notes.","model":"minimax/MiniMax-M2.7","isIrreversibleDelete":false,"confidence":0.95}
[17:48:58.441] INFO: [daemon.js:17438] [073e1f0f7f324933b860eeee644f8dd3] [permission-service] Auto mode classifier result: toolName=bash verdict=allow reason=This is a read-only query to count tags in the Obsidian vault. No file modifications, deletions, or external network calls — just local metadata retrieval. Aligns with the user's explicit request to explore without editing notes. model=minimax/MiniMax-M2.7 stage=thinking durationMs=9341 locale=en
[17:48:58.441] INFO: [daemon.js:17438] [cb32930c8e354b059834eda517280271] Permission check result: bash → allow {"locale":"en"}
[17:48:58.441] INFO: [daemon.js:17438] [cb32930c8e354b059834eda517280271] ← POST /mavis/api/permission/check status=200 duration=9343ms {"locale":"en"}
[17:48:58.445] INFO: [daemon.js:17438] [0c88ad39775c414f8bee28901dd4c1b2] → POST /mavis/api/hooks/execute
[17:48:58.446] INFO: [daemon.js:17438] [hook-registry] matcher did not match, hook filtered out {"module":"hook-registry","hookId":"builtin:binary-read-guard","matcher":"^[Rr]ead$","matchValue":"bash"}
[17:48:58.446] INFO: [daemon.js:17438] [hook-registry] matcher did not match, hook filtered out {"module":"hook-registry","hookId":"builtin:docx-skill-env-gate","matcher":"^[Ss][Kk][Ii][Ll][Ll]$","matchValue":"bash"}
[17:48:58.446] INFO: [daemon.js:17438] [hook-registry] hooks filtered by matcher {"module":"hook-registry","hookEvent":"PreToolUse","matchValue":"bash","beforeCount":2,"afterCount":0}
[17:48:58.447] INFO: [daemon.js:17438] [0c88ad39775c414f8bee28901dd4c1b2] ← POST /mavis/api/hooks/execute status=200 duration=2ms {"locale":"en"}
[17:48:58.628] INFO: [daemon.js:17438] [052fb68707dd46ba817fa707dde07e39] → POST /mavis/api/metrics/runtime-event
[17:48:58.629] INFO: [daemon.js:17438] [052fb68707dd46ba817fa707dde07e39] ← POST /mavis/api/metrics/runtime-event status=204 duration=1ms {"locale":"en"}
[17:48:58.629] INFO: [daemon.js:17438] [f45b065ee0294cfcab9636bcc8918822] → POST /mavis/api/hooks/execute
[17:48:58.629] INFO: [daemon.js:17438] [hook-registry] matcher did not match, hook filtered out {"module":"hook-registry","hookId":"builtin:read-image-compressor","matcher":"^[Rr]ead$","matchValue":"bash"}
[17:48:58.629] INFO: [daemon.js:17438] [hook-registry] hooks filtered by matcher {"module":"hook-registry","hookEvent":"PostToolUse","matchValue":"bash","beforeCount":7,"afterCount":6}
[17:48:58.630] INFO: [daemon.js:17438] [f45b065ee0294cfcab9636bcc8918822] ← POST /mavis/api/hooks/execute status=200 duration=1ms {"locale":"en"}
[17:48:59.034] INFO: [daemon.js:17438] Stage 2 LLM classification result {"toolName":"bash","verdict":"allow","reason":"The command `obsidian files total` is a read-only operation that only counts files in a vault. It doesn't edit, delete, or modify any data. The user explicitly requested exploration without editing, so this informational query aligns with their intent.","model":"minimax/MiniMax-M2.7","isIrreversibleDelete":false,"confidence":0.95}
[17:48:59.035] INFO: [daemon.js:17438] [3f82b9238e62414ca69adc1a8adbc40e] [permission-service] Auto mode classifier result: toolName=bash verdict=allow reason=The command `obsidian files total` is a read-only operation that only counts files in a vault. It doesn't edit, delete, or modify any data. The user explicitly requested exploration without editing, so this informational query aligns with their intent. model=minimax/MiniMax-M2.7 stage=thinking durationMs=10066 locale=en
[17:48:59.035] INFO: [daemon.js:17438] [9412351bf9d340f696a4caaa3cb0513c] Permission check result: bash → allow {"locale":"en"}
[17:48:59.035] INFO: [daemon.js:17438] [9412351bf9d340f696a4caaa3cb0513c] ← POST /mavis/api/permission/check status=200 duration=10068ms {"locale":"en"}
[17:48:59.036] INFO: [daemon.js:17438] [c1d94142a4cf49799b4a7f3f58fe4e15] → POST /mavis/api/hooks/execute
[17:48:59.036] INFO: [daemon.js:17438] [hook-registry] matcher did not match, hook filtered out {"module":"hook-registry","hookId":"builtin:binary-read-guard","matcher":"^[Rr]ead$","matchValue":"bash"}
[17:48:59.036] INFO: [daemon.js:17438] [hook-registry] matcher did not match, hook filtered out {"module":"hook-registry","hookId":"builtin:docx-skill-env-gate","matcher":"^[Ss][Kk][Ii][Ll][Ll]$","matchValue":"bash"}
[17:48:59.036] INFO: [daemon.js:17438] [hook-registry] hooks filtered by matcher {"module":"hook-registry","hookEvent":"PreToolUse","matchValue":"bash","beforeCount":2,"afterCount":0}
[17:48:59.036] INFO: [daemon.js:17438] [c1d94142a4cf49799b4a7f3f58fe4e15] ← POST /mavis/api/hooks/execute status=200 duration=0ms {"locale":"en"}
[17:48:59.235] INFO: [daemon.js:17438] [cb2c86bb86694daba70677bc0abbb351] → POST /mavis/api/metrics/runtime-event
[17:48:59.236] INFO: [daemon.js:17438] [cb2c86bb86694daba70677bc0abbb351] ← POST /mavis/api/metrics/runtime-event status=204 duration=1ms {"locale":"en"}
[17:48:59.236] INFO: [daemon.js:17438] [becd69009dee44d18e9f3359573dfdcf] → POST /mavis/api/hooks/execute
[17:48:59.236] INFO: [daemon.js:17438] [hook-registry] matcher did not match, hook filtered out {"module":"hook-registry","hookId":"builtin:read-image-compressor","matcher":"^[Rr]ead$","matchValue":"bash"}
[17:48:59.237] INFO: [daemon.js:17438] [hook-registry] hooks filtered by matcher {"module":"hook-registry","hookEvent":"PostToolUse","matchValue":"bash","beforeCount":7,"afterCount":6}
[17:48:59.237] INFO: [daemon.js:17438] [becd69009dee44d18e9f3359573dfdcf] ← POST /mavis/api/hooks/execute status=200 duration=1ms {"locale":"en"}
[17:48:59.241] INFO: [daemon.js:17438] [28e8f31d225f4133a24969ed6ba92b4e] → POST /mavis/api/metrics/runtime-event
[17:48:59.242] INFO: [daemon.js:17438] [28e8f31d225f4133a24969ed6ba92b4e] ← POST /mavis/api/metrics/runtime-event status=204 duration=1ms {"locale":"en"}
[17:48:59.255] INFO: [daemon.js:17438] [9ac12d7c5aad456f9974274d5f7f8ed3] → POST /mavis/api/metrics/runtime-event
[17:48:59.255] INFO: [daemon.js:17438] [9ac12d7c5aad456f9974274d5f7f8ed3] ← POST /mavis/api/metrics/runtime-event status=204 duration=0ms {"locale":"en"}
[17:49:00.974] INFO: [daemon.js:17438] [67035edf4cdc460b8623d950d2a3a4b0] → POST /mavis/api/metrics/runtime-event
[17:49:00.974] INFO: [daemon.js:17438] [67035edf4cdc460b8623d950d2a3a4b0] ← POST /mavis/api/metrics/runtime-event status=204 duration=0ms {"locale":"en"}
[17:49:00.975] INFO: [daemon.js:17438] [e54e6ebe4eab4b2cb13ad6e989393ccb] → POST /mavis/api/permission/check
[17:49:00.975] INFO: [daemon.js:17438] [e54e6ebe4eab4b2cb13ad6e989393ccb] Permission check requested: bash for mavis {"locale":"en"}
[17:49:00.976] INFO: [daemon.js:17438] Created ToolPermissionContext {"mode":"auto","ruleCount":0,"sandboxEnabled":false,"workingDirectory":"C:\\Users\\jethr\\.minimax-agent\\projects"}
[17:49:00.976] INFO: [daemon.js:17438] [d9727f19bd124ecb85ff3e354e243c93] BashToolPermissionChecker checkPermissions called, _toolName=bash, input={"command":"obsidian folders","description":"List top-level folders in vault"}, context={"mode":"auto","rules":[],"sandboxEnabled":false,"autoAllowBashIfSandboxed":false,"workingDirectory":"C:\\Users\\jethr\\.minimax-agent\\projects","allowedWorkingPaths":[],"sandboxAllowPaths":[],"dataDir":"C:\\Users\\jethr\\.mavis","homeDir":"C:\\Users\\jethr","agentName":"mavis","sessionId":"mvs_0dbdbf20f8454c5d9ca7a005919f273e","allowManagedPermissionRulesOnly":false,"interactiveTools":{}}
[17:49:00.976] INFO: [daemon.js:17438] [permission] subcommand layer=tail mode=default verdict=ask {"permLayer":"tail","permMode":"default","permVerdict":"ask","permReasonType":"safetyCheck","cmdPreview":"obsidian folders"}
[17:49:00.976] INFO: [daemon.js:17438] [permission] whole-command layer=aggregated mode=default verdict=ask {"permLayer":"aggregated","permMode":"default","permVerdict":"ask","permScope":"whole-command","cmdPreview":"obsidian folders","sessionId":"mvs_0dbdbf20f8454c5d9ca7a005919f273e","subcommandCount":1}
[17:49:00.976] INFO: [daemon.js:17438] [55f30e08807344769c25c7aae6f85d53] [permission-service] Check result: toolName=bash behavior=ask reasonType=safetyCheck locale=en
[17:49:00.976] INFO: [daemon.js:17438] Running YOLO classifier {"toolName":"bash","inputLength":16,"sessionId":"mvs_0dbdbf20f8454c5d9ca7a005919f273e","agentId":"mavis"}
[17:49:00.976] INFO: [daemon.js:17438] [permission] subcommand layer=tail mode=auto verdict=undecided {"permLayer":"tail","permMode":"auto","permVerdict":"undecided","permReasonType":"safetyCheck","cmdPreview":"obsidian folders"}
[17:49:00.976] INFO: [daemon.js:17438] [permission] whole-command layer=aggregated mode=auto verdict=undecided {"permLayer":"aggregated","permMode":"auto","permVerdict":"undecided","permScope":"whole-command","cmdPreview":"obsidian folders","subcommandCount":1}
[17:49:01.141] INFO: [daemon.js:17438] [567cab6653f04671b9d45e741138742c] → POST /mavis/api/metrics/runtime-event
[17:49:01.141] INFO: [daemon.js:17438] [567cab6653f04671b9d45e741138742c] ← POST /mavis/api/metrics/runtime-event status=204 duration=0ms {"locale":"en"}
[17:49:01.141] INFO: [daemon.js:17438] [ab3070deeeca401fb33da9c1bda1b908] → POST /mavis/api/permission/check
[17:49:01.142] INFO: [daemon.js:17438] [ab3070deeeca401fb33da9c1bda1b908] Permission check requested: bash for mavis {"locale":"en"}
[17:49:01.142] INFO: [daemon.js:17438] Created ToolPermissionContext {"mode":"auto","ruleCount":0,"sandboxEnabled":false,"workingDirectory":"C:\\Users\\jethr\\.minimax-agent\\projects"}
[17:49:01.142] INFO: [daemon.js:17438] [fc37079590324f8489f7c3208d7bbe11] BashToolPermissionChecker checkPermissions called, _toolName=bash, input={"command":"obsidian recents limit=5","description":"Show recent notes"}, context={"mode":"auto","rules":[],"sandboxEnabled":false,"autoAllowBashIfSandboxed":false,"workingDirectory":"C:\\Users\\jethr\\.minimax-agent\\projects","allowedWorkingPaths":[],"sandboxAllowPaths":[],"dataDir":"C:\\Users\\jethr\\.mavis","homeDir":"C:\\Users\\jethr","agentName":"mavis","sessionId":"mvs_0dbdbf20f8454c5d9ca7a005919f273e","allowManagedPermissionRulesOnly":false,"interactiveTools":{}}
[17:49:01.142] INFO: [daemon.js:17438] [permission] subcommand layer=tail mode=default verdict=ask {"permLayer":"tail","permMode":"default","permVerdict":"ask","permReasonType":"safetyCheck","cmdPreview":"obsidian recents limit=5"}
[17:49:01.142] INFO: [daemon.js:17438] [permission] whole-command layer=aggregated mode=default verdict=ask {"permLayer":"aggregated","permMode":"default","permVerdict":"ask","permScope":"whole-command","cmdPreview":"obsidian recents limit=5","sessionId":"mvs_0dbdbf20f8454c5d9ca7a005919f273e","subcommandCount":1}
[17:49:01.142] INFO: [daemon.js:17438] [ad51ebf0cbab410a9b837bb4a88dfe79] [permission-service] Check result: toolName=bash behavior=ask reasonType=safetyCheck locale=en
[17:49:01.143] INFO: [daemon.js:17438] Running YOLO classifier {"toolName":"bash","inputLength":24,"sessionId":"mvs_0dbdbf20f8454c5d9ca7a005919f273e","agentId":"mavis"}
[17:49:01.143] INFO: [daemon.js:17438] [permission] subcommand layer=tail mode=auto verdict=undecided {"permLayer":"tail","permMode":"auto","permVerdict":"undecided","permReasonType":"safetyCheck","cmdPreview":"obsidian recents limit=5"}
[17:49:01.143] INFO: [daemon.js:17438] [permission] whole-command layer=aggregated mode=auto verdict=undecided {"permLayer":"aggregated","permMode":"auto","permVerdict":"undecided","permScope":"whole-command","cmdPreview":"obsidian recents limit=5","subcommandCount":1}
[17:49:02.377] INFO: [daemon.js:17438] Stage 2 LLM classification result {"toolName":"bash","verdict":"allow","reason":"Listing vault folders is a read-only exploration operation with no side effects, no modifications, and bounded scope within the user's personal notes. The user explicitly requested a read-only exploration (\"PLEASE DO NOT EDIT ANY NOTES\").","model":"minimax/MiniMax-M2.7","isIrreversibleDelete":false,"confidence":0.95}
[17:49:02.378] INFO: [daemon.js:17438] [3270af8ac877425ba0d8389c2e957ca8] [permission-service] Auto mode classifier result: toolName=bash verdict=allow reason=Listing vault folders is a read-only exploration operation with no side effects, no modifications, and bounded scope within the user's personal notes. The user explicitly requested a read-only exploration ("PLEASE DO NOT EDIT ANY NOTES"). model=minimax/MiniMax-M2.7 stage=thinking durationMs=1402 locale=en
[17:49:02.378] INFO: [daemon.js:17438] [e54e6ebe4eab4b2cb13ad6e989393ccb] Permission check result: bash → allow {"locale":"en"}
[17:49:02.378] INFO: [daemon.js:17438] [e54e6ebe4eab4b2cb13ad6e989393ccb] ← POST /mavis/api/permission/check status=200 duration=1403ms {"locale":"en"}
[17:49:02.383] INFO: [daemon.js:17438] [402c1965309d4c19978f21ad7e603773] → POST /mavis/api/hooks/execute
[17:49:02.384] INFO: [daemon.js:17438] [hook-registry] matcher did not match, hook filtered out {"module":"hook-registry","hookId":"builtin:binary-read-guard","matcher":"^[Rr]ead$","matchValue":"bash"}
[17:49:02.384] INFO: [daemon.js:17438] [hook-registry] matcher did not match, hook filtered out {"module":"hook-registry","hookId":"builtin:docx-skill-env-gate","matcher":"^[Ss][Kk][Ii][Ll][Ll]$","matchValue":"bash"}
[17:49:02.384] INFO: [daemon.js:17438] [hook-registry] hooks filtered by matcher {"module":"hook-registry","hookEvent":"PreToolUse","matchValue":"bash","beforeCount":2,"afterCount":0}
[17:49:02.384] INFO: [daemon.js:17438] [402c1965309d4c19978f21ad7e603773] ← POST /mavis/api/hooks/execute status=200 duration=1ms {"locale":"en"}
[17:49:02.576] INFO: [daemon.js:17438] [bcbc309668354c83a3312570b0df9b7f] → POST /mavis/api/metrics/runtime-event
[17:49:02.576] INFO: [daemon.js:17438] [bcbc309668354c83a3312570b0df9b7f] ← POST /mavis/api/metrics/runtime-event status=204 duration=0ms {"locale":"en"}
[17:49:02.577] INFO: [daemon.js:17438] [e96053cfca97401b85c724d62dbeb41c] → POST /mavis/api/hooks/execute
[17:49:02.577] INFO: [daemon.js:17438] [hook-registry] matcher did not match, hook filtered out {"module":"hook-registry","hookId":"builtin:read-image-compressor","matcher":"^[Rr]ead$","matchValue":"bash"}
[17:49:02.577] INFO: [daemon.js:17438] [hook-registry] hooks filtered by matcher {"module":"hook-registry","hookEvent":"PostToolUse","matchValue":"bash","beforeCount":7,"afterCount":6}
[17:49:02.577] INFO: [daemon.js:17438] [e96053cfca97401b85c724d62dbeb41c] ← POST /mavis/api/hooks/execute status=200 duration=0ms {"locale":"en"}
[17:49:05.024] INFO: [daemon.js:17438] Stage 2 LLM classification result {"toolName":"bash","verdict":"allow","reason":"Read-only operation listing recent files in Obsidian vault; aligns with explicit user instruction not to edit notes.","model":"minimax/MiniMax-M2.7","isIrreversibleDelete":false,"confidence":0.95}
[17:49:05.024] INFO: [daemon.js:17438] [893726c2ee95483f91c35b61a2a94363] [permission-service] Auto mode classifier result: toolName=bash verdict=allow reason=Read-only operation listing recent files in Obsidian vault; aligns with explicit user instruction not to edit notes. model=minimax/MiniMax-M2.7 stage=thinking durationMs=3881 locale=en
[17:49:05.024] INFO: [daemon.js:17438] [ab3070deeeca401fb33da9c1bda1b908] Permission check result: bash → allow {"locale":"en"}
[17:49:05.024] INFO: [daemon.js:17438] [ab3070deeeca401fb33da9c1bda1b908] ← POST /mavis/api/permission/check status=200 duration=3883ms {"locale":"en"}
[17:49:05.029] INFO: [daemon.js:17438] [7df854b9b8f248c1b21ca9625ae43ce8] → POST /mavis/api/hooks/execute
[17:49:05.029] INFO: [daemon.js:17438] [hook-registry] matcher did not match, hook filtered out {"module":"hook-registry","hookId":"builtin:binary-read-guard","matcher":"^[Rr]ead$","matchValue":"bash"}
[17:49:05.029] INFO: [daemon.js:17438] [hook-registry] matcher did not match, hook filtered out {"module":"hook-registry","hookId":"builtin:docx-skill-env-gate","matcher":"^[Ss][Kk][Ii][Ll][Ll]$","matchValue":"bash"}
[17:49:05.029] INFO: [daemon.js:17438] [hook-registry] hooks filtered by matcher {"module":"hook-registry","hookEvent":"PreToolUse","matchValue":"bash","beforeCount":2,"afterCount":0}
[17:49:05.029] INFO: [daemon.js:17438] [7df854b9b8f248c1b21ca9625ae43ce8] ← POST /mavis/api/hooks/execute status=200 duration=0ms {"locale":"en"}
[17:49:05.211] INFO: [daemon.js:17438] [7aa98291f9fd461a9e5e467d0d942b04] → POST /mavis/api/metrics/runtime-event
[17:49:05.212] INFO: [daemon.js:17438] [7aa98291f9fd461a9e5e467d0d942b04] ← POST /mavis/api/metrics/runtime-event status=204 duration=1ms {"locale":"en"}
[17:49:05.212] INFO: [daemon.js:17438] [c1c143cb4aa542fbb62093ff64a0bf0c] → POST /mavis/api/hooks/execute
[17:49:05.212] INFO: [daemon.js:17438] [hook-registry] matcher did not match, hook filtered out {"module":"hook-registry","hookId":"builtin:read-image-compressor","matcher":"^[Rr]ead$","matchValue":"bash"}
[17:49:05.212] INFO: [daemon.js:17438] [hook-registry] hooks filtered by matcher {"module":"hook-registry","hookEvent":"PostToolUse","matchValue":"bash","beforeCount":7,"afterCount":6}
[17:49:05.212] INFO: [daemon.js:17438] [c1c143cb4aa542fbb62093ff64a0bf0c] ← POST /mavis/api/hooks/execute status=200 duration=0ms {"locale":"en"}
[17:49:05.215] INFO: [daemon.js:17438] [4f3d68d146e44675a264c1460c61b0fb] → POST /mavis/api/metrics/runtime-event
[17:49:05.215] INFO: [daemon.js:17438] [4f3d68d146e44675a264c1460c61b0fb] ← POST /mavis/api/metrics/runtime-event status=204 duration=0ms {"locale":"en"}
[17:49:05.227] INFO: [daemon.js:17438] [a0f35de5c20b4466b6dfc9808804134a] → POST /mavis/api/metrics/runtime-event
[17:49:05.227] INFO: [daemon.js:17438] [a0f35de5c20b4466b6dfc9808804134a] ← POST /mavis/api/metrics/runtime-event status=204 duration=0ms {"locale":"en"}
[17:49:06.114] INFO: [daemon.js:17438] [0d867df8d1434134afaf3808e53bdd59] → GET /mavis/health
[17:49:06.114] INFO: [daemon.js:17438] [0d867df8d1434134afaf3808e53bdd59] ← GET /mavis/health status=200 duration=0ms {"locale":"en"}
[17:49:06.754] INFO: [daemon.js:17438] [f9f21083128f4e5fb9eacb0f2452bfdd] → POST /mavis/api/metrics/runtime-event
[17:49:06.754] INFO: [daemon.js:17438] [f9f21083128f4e5fb9eacb0f2452bfdd] ← POST /mavis/api/metrics/runtime-event status=204 duration=0ms {"locale":"en"}
[17:49:06.754] INFO: [daemon.js:17438] [f6521520feb644b5bc782e7f33ffe13e] → POST /mavis/api/permission/check
[17:49:06.755] INFO: [daemon.js:17438] [f6521520feb644b5bc782e7f33ffe13e] Permission check requested: bash for mavis {"locale":"en"}
[17:49:06.755] INFO: [daemon.js:17438] Created ToolPermissionContext {"mode":"auto","ruleCount":0,"sandboxEnabled":false,"workingDirectory":"C:\\Users\\jethr\\.minimax-agent\\projects"}
[17:49:06.755] INFO: [daemon.js:17438] [29aefafdcf0e4adfbcee94688a6047da] BashToolPermissionChecker checkPermissions called, _toolName=bash, input={"command":"obsidian folders path=\"main\"","description":"List subfolders in main folder"}, context={"mode":"auto","rules":[],"sandboxEnabled":false,"autoAllowBashIfSandboxed":false,"workingDirectory":"C:\\Users\\jethr\\.minimax-agent\\projects","allowedWorkingPaths":[],"sandboxAllowPaths":[],"dataDir":"C:\\Users\\jethr\\.mavis","homeDir":"C:\\Users\\jethr","agentName":"mavis","sessionId":"mvs_0dbdbf20f8454c5d9ca7a005919f273e","allowManagedPermissionRulesOnly":false,"interactiveTools":{}}
[17:49:06.755] INFO: [daemon.js:17438] [permission] subcommand layer=tail mode=default verdict=ask {"permLayer":"tail","permMode":"default","permVerdict":"ask","permReasonType":"safetyCheck","cmdPreview":"obsidian folders path=\"main\""}
[17:49:06.755] INFO: [daemon.js:17438] [permission] whole-command layer=aggregated mode=default verdict=ask {"permLayer":"aggregated","permMode":"default","permVerdict":"ask","permScope":"whole-command","cmdPreview":"obsidian folders path=\"main\"","sessionId":"mvs_0dbdbf20f8454c5d9ca7a005919f273e","subcommandCount":1}
[17:49:06.756] INFO: [daemon.js:17438] [f75419cbb75444b9a9afbdc1d31ebf71] [permission-service] Check result: toolName=bash behavior=ask reasonType=safetyCheck locale=en
[17:49:06.756] INFO: [daemon.js:17438] Running YOLO classifier {"toolName":"bash","inputLength":28,"sessionId":"mvs_0dbdbf20f8454c5d9ca7a005919f273e","agentId":"mavis"}
[17:49:06.756] INFO: [daemon.js:17438] [permission] subcommand layer=tail mode=auto verdict=undecided {"permLayer":"tail","permMode":"auto","permVerdict":"undecided","permReasonType":"safetyCheck","cmdPreview":"obsidian folders path=\"main\""}
[17:49:06.756] INFO: [daemon.js:17438] [permission] whole-command layer=aggregated mode=auto verdict=undecided {"permLayer":"aggregated","permMode":"auto","permVerdict":"undecided","permScope":"whole-command","cmdPreview":"obsidian folders path=\"main\"","subcommandCount":1}
[17:49:07.060] INFO: [daemon.js:17438] [13e99312932e4e5b872a39d0e504486a] → POST /mavis/api/metrics/runtime-event
[17:49:07.060] INFO: [daemon.js:17438] [13e99312932e4e5b872a39d0e504486a] ← POST /mavis/api/metrics/runtime-event status=204 duration=0ms {"locale":"en"}
[17:49:07.061] INFO: [daemon.js:17438] [bff2b9171f224f768a4a0576be386a63] → POST /mavis/api/permission/check
[17:49:07.061] INFO: [daemon.js:17438] [bff2b9171f224f768a4a0576be386a63] Permission check requested: bash for mavis {"locale":"en"}
[17:49:07.061] INFO: [daemon.js:17438] Created ToolPermissionContext {"mode":"auto","ruleCount":0,"sandboxEnabled":false,"workingDirectory":"C:\\Users\\jethr\\.minimax-agent\\projects"}
[17:49:07.061] INFO: [daemon.js:17438] [5daa4c387aec41e4885e4f7445f0d929] BashToolPermissionChecker checkPermissions called, _toolName=bash, input={"command":"obsidian folders path=\"references\"","description":"List subfolders in references folder"}, context={"mode":"auto","rules":[],"sandboxEnabled":false,"autoAllowBashIfSandboxed":false,"workingDirectory":"C:\\Users\\jethr\\.minimax-agent\\projects","allowedWorkingPaths":[],"sandboxAllowPaths":[],"dataDir":"C:\\Users\\jethr\\.mavis","homeDir":"C:\\Users\\jethr","agentName":"mavis","sessionId":"mvs_0dbdbf20f8454c5d9ca7a005919f273e","allowManagedPermissionRulesOnly":false,"interactiveTools":{}}
[17:49:07.061] INFO: [daemon.js:17438] [permission] subcommand layer=tail mode=default verdict=ask {"permLayer":"tail","permMode":"default","permVerdict":"ask","permReasonType":"safetyCheck","cmdPreview":"obsidian folders path=\"references\""}
[17:49:07.061] INFO: [daemon.js:17438] [permission] whole-command layer=aggregated mode=default verdict=ask {"permLayer":"aggregated","permMode":"default","permVerdict":"ask","permScope":"whole-command","cmdPreview":"obsidian folders path=\"references\"","sessionId":"mvs_0dbdbf20f8454c5d9ca7a005919f273e","subcommandCount":1}
[17:49:07.061] INFO: [daemon.js:17438] [79f9027b29734a72a68428c77872a62b] [permission-service] Check result: toolName=bash behavior=ask reasonType=safetyCheck locale=en
[17:49:07.062] INFO: [daemon.js:17438] Running YOLO classifier {"toolName":"bash","inputLength":34,"sessionId":"mvs_0dbdbf20f8454c5d9ca7a005919f273e","agentId":"mavis"}
[17:49:07.062] INFO: [daemon.js:17438] [permission] subcommand layer=tail mode=auto verdict=undecided {"permLayer":"tail","permMode":"auto","permVerdict":"undecided","permReasonType":"safetyCheck","cmdPreview":"obsidian folders path=\"references\""}
[17:49:07.062] INFO: [daemon.js:17438] [permission] whole-command layer=aggregated mode=auto verdict=undecided {"permLayer":"aggregated","permMode":"auto","permVerdict":"undecided","permScope":"whole-command","cmdPreview":"obsidian folders path=\"references\"","subcommandCount":1}
[17:49:07.282] INFO: [daemon.js:17438] [67197b303a764e22ba0e137708576f27] → POST /mavis/api/metrics/runtime-event
[17:49:07.283] INFO: [daemon.js:17438] [67197b303a764e22ba0e137708576f27] ← POST /mavis/api/metrics/runtime-event status=204 duration=1ms {"locale":"en"}
[17:49:07.283] INFO: [daemon.js:17438] [e799895e28824ef9a20c1b971057ea19] → POST /mavis/api/permission/check
[17:49:07.283] INFO: [daemon.js:17438] [e799895e28824ef9a20c1b971057ea19] Permission check requested: bash for mavis {"locale":"en"}
[17:49:07.284] INFO: [daemon.js:17438] Created ToolPermissionContext {"mode":"auto","ruleCount":0,"sandboxEnabled":false,"workingDirectory":"C:\\Users\\jethr\\.minimax-agent\\projects"}
[17:49:07.284] INFO: [daemon.js:17438] [88620e04cf174ce986cf29bb70620348] BashToolPermissionChecker checkPermissions called, _toolName=bash, input={"command":"obsidian daily:read","description":"Read today's daily note"}, context={"mode":"auto","rules":[],"sandboxEnabled":false,"autoAllowBashIfSandboxed":false,"workingDirectory":"C:\\Users\\jethr\\.minimax-agent\\projects","allowedWorkingPaths":[],"sandboxAllowPaths":[],"dataDir":"C:\\Users\\jethr\\.mavis","homeDir":"C:\\Users\\jethr","agentName":"mavis","sessionId":"mvs_0dbdbf20f8454c5d9ca7a005919f273e","allowManagedPermissionRulesOnly":false,"interactiveTools":{}}
[17:49:07.284] INFO: [daemon.js:17438] [permission] subcommand layer=tail mode=default verdict=ask {"permLayer":"tail","permMode":"default","permVerdict":"ask","permReasonType":"safetyCheck","cmdPreview":"obsidian daily:read"}
[17:49:07.284] INFO: [daemon.js:17438] [permission] whole-command layer=aggregated mode=default verdict=ask {"permLayer":"aggregated","permMode":"default","permVerdict":"ask","permScope":"whole-command","cmdPreview":"obsidian daily:read","sessionId":"mvs_0dbdbf20f8454c5d9ca7a005919f273e","subcommandCount":1}
[17:49:07.284] INFO: [daemon.js:17438] [c79d7d191f494b07bd3049900c71f5dd] [permission-service] Check result: toolName=bash behavior=ask reasonType=safetyCheck locale=en
[17:49:07.284] INFO: [daemon.js:17438] Running YOLO classifier {"toolName":"bash","inputLength":19,"sessionId":"mvs_0dbdbf20f8454c5d9ca7a005919f273e","agentId":"mavis"}
[17:49:07.284] INFO: [daemon.js:17438] [permission] subcommand layer=tail mode=auto verdict=undecided {"permLayer":"tail","permMode":"auto","permVerdict":"undecided","permReasonType":"safetyCheck","cmdPreview":"obsidian daily:read"}
[17:49:07.284] INFO: [daemon.js:17438] [permission] whole-command layer=aggregated mode=auto verdict=undecided {"permLayer":"aggregated","permMode":"auto","permVerdict":"undecided","permScope":"whole-command","cmdPreview":"obsidian daily:read","subcommandCount":1}
[17:49:10.544] INFO: [daemon.js:17438] Stage 2 LLM classification result {"toolName":"bash","verdict":"allow","reason":"Read-only folder listing command in user's personal Obsidian vault; user explicitly requested exploration-only mode (\"please do not edit\"). No destructive or privileged operations involved.","model":"minimax/MiniMax-M2.7","isIrreversibleDelete":false,"confidence":0.95}
[17:49:10.544] INFO: [daemon.js:17438] [8e225b0d37924bc3863bde1063cda7db] [permission-service] Auto mode classifier result: toolName=bash verdict=allow reason=Read-only folder listing command in user's personal Obsidian vault; user explicitly requested exploration-only mode ("please do not edit"). No destructive or privileged operations involved. model=minimax/MiniMax-M2.7 stage=thinking durationMs=3788 locale=en
[17:49:10.544] INFO: [daemon.js:17438] [f6521520feb644b5bc782e7f33ffe13e] Permission check result: bash → allow {"locale":"en"}
[17:49:10.544] INFO: [daemon.js:17438] [f6521520feb644b5bc782e7f33ffe13e] ← POST /mavis/api/permission/check status=200 duration=3790ms {"locale":"en"}
[17:49:10.548] INFO: [daemon.js:17438] [51920ccd8e264ab8ab37e976e7234190] → POST /mavis/api/hooks/execute
[17:49:10.549] INFO: [daemon.js:17438] [hook-registry] matcher did not match, hook filtered out {"module":"hook-registry","hookId":"builtin:binary-read-guard","matcher":"^[Rr]ead$","matchValue":"bash"}
[17:49:10.549] INFO: [daemon.js:17438] [hook-registry] matcher did not match, hook filtered out {"module":"hook-registry","hookId":"builtin:docx-skill-env-gate","matcher":"^[Ss][Kk][Ii][Ll][Ll]$","matchValue":"bash"}
[17:49:10.549] INFO: [daemon.js:17438] [hook-registry] hooks filtered by matcher {"module":"hook-registry","hookEvent":"PreToolUse","matchValue":"bash","beforeCount":2,"afterCount":0}
[17:49:10.549] INFO: [daemon.js:17438] [51920ccd8e264ab8ab37e976e7234190] ← POST /mavis/api/hooks/execute status=200 duration=1ms {"locale":"en"}
[17:49:10.737] INFO: [daemon.js:17438] [0b060598cedd4d9abf8fc8959c0a6c16] → POST /mavis/api/metrics/runtime-event
[17:49:10.737] INFO: [daemon.js:17438] [0b060598cedd4d9abf8fc8959c0a6c16] ← POST /mavis/api/metrics/runtime-event status=204 duration=0ms {"locale":"en"}
[17:49:10.737] INFO: [daemon.js:17438] [bb40a6a563c14df7a6b49eb1cf82f012] → POST /mavis/api/hooks/execute
[17:49:10.738] INFO: [daemon.js:17438] [hook-registry] matcher did not match, hook filtered out {"module":"hook-registry","hookId":"builtin:read-image-compressor","matcher":"^[Rr]ead$","matchValue":"bash"}
[17:49:10.738] INFO: [daemon.js:17438] [hook-registry] hooks filtered by matcher {"module":"hook-registry","hookEvent":"PostToolUse","matchValue":"bash","beforeCount":7,"afterCount":6}
[17:49:10.738] INFO: [daemon.js:17438] [bb40a6a563c14df7a6b49eb1cf82f012] ← POST /mavis/api/hooks/execute status=200 duration=1ms {"locale":"en"}
[17:49:12.275] INFO: [daemon.js:17438] Stage 2 LLM classification result {"toolName":"bash","verdict":"allow","reason":"The command reads (not edits/deletes) the daily note, consistent with the user's explicit instruction to explore the vault without editing. This is a safe read operation on the user's own Obsidian data.","model":"minimax/MiniMax-M2.7","isIrreversibleDelete":false,"confidence":0.95}
[17:49:12.275] INFO: [daemon.js:17438] [45b2b6a8dff9427b8aee041021fa9ba8] [permission-service] Auto mode classifier result: toolName=bash verdict=allow reason=The command reads (not edits/deletes) the daily note, consistent with the user's explicit instruction to explore the vault without editing. This is a safe read operation on the user's own Obsidian data. model=minimax/MiniMax-M2.7 stage=thinking durationMs=4991 locale=en
[17:49:12.275] INFO: [daemon.js:17438] [e799895e28824ef9a20c1b971057ea19] Permission check result: bash → allow {"locale":"en"}
[17:49:12.275] INFO: [daemon.js:17438] [e799895e28824ef9a20c1b971057ea19] ← POST /mavis/api/permission/check status=200 duration=4992ms {"locale":"en"}
[17:49:12.280] INFO: [daemon.js:17438] [d9dbb6f33f62452986f4ec170de20913] → POST /mavis/api/hooks/execute
[17:49:12.281] INFO: [daemon.js:17438] [hook-registry] matcher did not match, hook filtered out {"module":"hook-registry","hookId":"builtin:binary-read-guard","matcher":"^[Rr]ead$","matchValue":"bash"}
[17:49:12.281] INFO: [daemon.js:17438] [hook-registry] matcher did not match, hook filtered out {"module":"hook-registry","hookId":"builtin:docx-skill-env-gate","matcher":"^[Ss][Kk][Ii][Ll][Ll]$","matchValue":"bash"}
[17:49:12.281] INFO: [daemon.js:17438] [hook-registry] hooks filtered by matcher {"module":"hook-registry","hookEvent":"PreToolUse","matchValue":"bash","beforeCount":2,"afterCount":0}
[17:49:12.281] INFO: [daemon.js:17438] [d9dbb6f33f62452986f4ec170de20913] ← POST /mavis/api/hooks/execute status=200 duration=1ms {"locale":"en"}
[17:49:12.477] INFO: [daemon.js:17438] Stage 2 LLM classification result {"toolName":"bash","verdict":"allow","reason":"Read-only folder exploration of the Obsidian vault, consistent with user's stated intent to explore without editing notes.","model":"minimax/MiniMax-M2.7","isIrreversibleDelete":false,"confidence":0.95}
[17:49:12.477] INFO: [daemon.js:17438] [856e352a7a644d1ab06c467c447e1748] [permission-service] Auto mode classifier result: toolName=bash verdict=allow reason=Read-only folder exploration of the Obsidian vault, consistent with user's stated intent to explore without editing notes. model=minimax/MiniMax-M2.7 stage=thinking durationMs=5415 locale=en
[17:49:12.477] INFO: [daemon.js:17438] [bff2b9171f224f768a4a0576be386a63] Permission check result: bash → allow {"locale":"en"}
[17:49:12.478] INFO: [daemon.js:17438] [bff2b9171f224f768a4a0576be386a63] ← POST /mavis/api/permission/check status=200 duration=5417ms {"locale":"en"}
[17:49:12.478] INFO: [daemon.js:17438] [7a4aad103e7d4054b2b530296a6602c8] → POST /mavis/api/metrics/runtime-event
[17:49:12.478] INFO: [daemon.js:17438] [7a4aad103e7d4054b2b530296a6602c8] ← POST /mavis/api/metrics/runtime-event status=204 duration=0ms {"locale":"en"}
[17:49:12.478] INFO: [daemon.js:17438] [12f77dc63c29471e9eb0247de419d769] → POST /mavis/api/hooks/execute
[17:49:12.479] INFO: [daemon.js:17438] [hook-registry] matcher did not match, hook filtered out {"module":"hook-registry","hookId":"builtin:read-image-compressor","matcher":"^[Rr]ead$","matchValue":"bash"}
[17:49:12.479] INFO: [daemon.js:17438] [hook-registry] hooks filtered by matcher {"module":"hook-registry","hookEvent":"PostToolUse","matchValue":"bash","beforeCount":7,"afterCount":6}
[17:49:12.479] INFO: [daemon.js:17438] [12f77dc63c29471e9eb0247de419d769] ← POST /mavis/api/hooks/execute status=200 duration=1ms {"locale":"en"}
[17:49:12.479] INFO: [daemon.js:17438] [1c62a82dc0d34741952dc7edbb8d2293] → POST /mavis/api/hooks/execute
[17:49:12.479] INFO: [daemon.js:17438] [hook-registry] matcher did not match, hook filtered out {"module":"hook-registry","hookId":"builtin:binary-read-guard","matcher":"^[Rr]ead$","matchValue":"bash"}
[17:49:12.480] INFO: [daemon.js:17438] [hook-registry] matcher did not match, hook filtered out {"module":"hook-registry","hookId":"builtin:docx-skill-env-gate","matcher":"^[Ss][Kk][Ii][Ll][Ll]$","matchValue":"bash"}
[17:49:12.480] INFO: [daemon.js:17438] [hook-registry] hooks filtered by matcher {"module":"hook-registry","hookEvent":"PreToolUse","matchValue":"bash","beforeCount":2,"afterCount":0}
[17:49:12.480] INFO: [daemon.js:17438] [1c62a82dc0d34741952dc7edbb8d2293] ← POST /mavis/api/hooks/execute status=200 duration=1ms {"locale":"en"}
[17:49:12.667] INFO: [daemon.js:17438] [8564be6f4f6d4d46ad318053f8459c3e] → POST /mavis/api/metrics/runtime-event
[17:49:12.667] INFO: [daemon.js:17438] [8564be6f4f6d4d46ad318053f8459c3e] ← POST /mavis/api/metrics/runtime-event status=204 duration=0ms {"locale":"en"}
[17:49:12.667] INFO: [daemon.js:17438] [c9e2a2d33dc2418093b0c99d6ad3e9fc] → POST /mavis/api/hooks/execute
[17:49:12.668] INFO: [daemon.js:17438] [hook-registry] matcher did not match, hook filtered out {"module":"hook-registry","hookId":"builtin:read-image-compressor","matcher":"^[Rr]ead$","matchValue":"bash"}
[17:49:12.668] INFO: [daemon.js:17438] [hook-registry] hooks filtered by matcher {"module":"hook-registry","hookEvent":"PostToolUse","matchValue":"bash","beforeCount":7,"afterCount":6}
[17:49:12.668] INFO: [daemon.js:17438] [c9e2a2d33dc2418093b0c99d6ad3e9fc] ← POST /mavis/api/hooks/execute status=200 duration=1ms {"locale":"en"}
[17:49:12.670] INFO: [daemon.js:17438] [ec4798ca40f746f79e3288bee89147fc] → POST /mavis/api/metrics/runtime-event
[17:49:12.670] INFO: [daemon.js:17438] [ec4798ca40f746f79e3288bee89147fc] ← POST /mavis/api/metrics/runtime-event status=204 duration=0ms {"locale":"en"}
[17:49:12.682] INFO: [daemon.js:17438] [17018ea3d5da48e48c69d032cc5590e7] → POST /mavis/api/metrics/runtime-event
[17:49:12.683] INFO: [daemon.js:17438] [17018ea3d5da48e48c69d032cc5590e7] ← POST /mavis/api/metrics/runtime-event status=204 duration=1ms {"locale":"en"}
[17:49:16.140] INFO: [daemon.js:17438] [0e0d103580994792a57a7023f53f447e] → GET /mavis/health
[17:49:16.141] INFO: [daemon.js:17438] [0e0d103580994792a57a7023f53f447e] ← GET /mavis/health status=200 duration=1ms {"locale":"en"}
[17:49:18.843] INFO: [daemon.js:17438] [3a43e703a56b403db4f269ec42962e41] → POST /mavis/api/metrics/runtime-event
[17:49:18.844] INFO: [daemon.js:17438] [3a43e703a56b403db4f269ec42962e41] ← POST /mavis/api/metrics/runtime-event status=204 duration=1ms {"locale":"en"}
[17:49:18.844] INFO: [daemon.js:17438] [38d5c02b24524c20beaa4f55242f1c98] → POST /mavis/api/permission/check
[17:49:18.844] INFO: [daemon.js:17438] [38d5c02b24524c20beaa4f55242f1c98] Permission check requested: bash for mavis {"locale":"en"}
[17:49:18.845] INFO: [daemon.js:17438] Created ToolPermissionContext {"mode":"auto","ruleCount":0,"sandboxEnabled":false,"workingDirectory":"C:\\Users\\jethr\\.minimax-agent\\projects"}
[17:49:18.845] INFO: [daemon.js:17438] [084ae74746494c339b2fb46f0f045512] BashToolPermissionChecker checkPermissions called, _toolName=bash, input={"command":"obsidian search query=\"folder:main\" format=json 2>/dev/null | jq length","description":"Count files in main folder"}, context={"mode":"auto","rules":[],"sandboxEnabled":false,"autoAllowBashIfSandboxed":false,"workingDirectory":"C:\\Users\\jethr\\.minimax-agent\\projects","allowedWorkingPaths":[],"sandboxAllowPaths":[],"dataDir":"C:\\Users\\jethr\\.mavis","homeDir":"C:\\Users\\jethr","agentName":"mavis","sessionId":"mvs_0dbdbf20f8454c5d9ca7a005919f273e","allowManagedPermissionRulesOnly":false,"interactiveTools":{}}
[17:49:18.845] INFO: [daemon.js:17438] [permission] subcommand layer=tail mode=default verdict=ask {"permLayer":"tail","permMode":"default","permVerdict":"ask","permReasonType":"safetyCheck","cmdPreview":"obsidian search query=\"folder:main\" format=json 2>/dev/null"}
[17:49:18.845] INFO: [daemon.js:17438] [permission] subcommand layer=fast-allow-first-word mode=default verdict=allow {"permLayer":"fast-allow-first-word","permMode":"default","permVerdict":"allow","permCategory":"pureReadFastAllow","permReasonType":"safetyCheck","cmdPreview":"jq length","firstWord":"jq"}
[17:49:18.845] INFO: [daemon.js:17438] [permission] whole-command layer=aggregated mode=default verdict=ask {"permLayer":"aggregated","permMode":"default","permVerdict":"ask","permScope":"whole-command","cmdPreview":"obsidian search query=\"folder:main\" format=json 2>/dev/null | jq length","sessionId":"mvs_0dbdbf20f8454c5d9ca7a005919f273e","subcommandCount":2}
[17:49:18.845] INFO: [daemon.js:17438] [2a5d344c1abf4e5f9347023a353f25f1] [permission-service] Check result: toolName=bash behavior=ask reasonType=safetyCheck locale=en
[17:49:18.845] INFO: [daemon.js:17438] Running YOLO classifier {"toolName":"bash","inputLength":71,"sessionId":"mvs_0dbdbf20f8454c5d9ca7a005919f273e","agentId":"mavis"}
[17:49:18.846] INFO: [daemon.js:17438] [permission] subcommand layer=tail mode=auto verdict=undecided {"permLayer":"tail","permMode":"auto","permVerdict":"undecided","permReasonType":"safetyCheck","cmdPreview":"obsidian search query=\"folder:main\" format=json 2>/dev/null"}
[17:49:18.846] INFO: [daemon.js:17438] [permission] subcommand layer=fast-allow-first-word mode=auto verdict=allow {"permLayer":"fast-allow-first-word","permMode":"auto","permVerdict":"allow","permCategory":"pureReadFastAllow","permReasonType":"safetyCheck","cmdPreview":"jq length","firstWord":"jq"}
[17:49:18.846] INFO: [daemon.js:17438] [permission] whole-command layer=aggregated mode=auto verdict=undecided {"permLayer":"aggregated","permMode":"auto","permVerdict":"undecided","permScope":"whole-command","cmdPreview":"obsidian search query=\"folder:main\" format=json 2>/dev/null | jq length","subcommandCount":2}
[17:49:19.288] INFO: [daemon.js:17438] [f33e732149c5481a941ea7c5a9465809] → POST /mavis/api/metrics/runtime-event
[17:49:19.289] INFO: [daemon.js:17438] [f33e732149c5481a941ea7c5a9465809] ← POST /mavis/api/metrics/runtime-event status=204 duration=1ms {"locale":"en"}
[17:49:19.290] INFO: [daemon.js:17438] [e6808c16b5c342dab998f273723f62df] → POST /mavis/api/permission/check
[17:49:19.290] INFO: [daemon.js:17438] [e6808c16b5c342dab998f273723f62df] Permission check requested: bash for mavis {"locale":"en"}
[17:49:19.290] INFO: [daemon.js:17438] Created ToolPermissionContext {"mode":"auto","ruleCount":0,"sandboxEnabled":false,"workingDirectory":"C:\\Users\\jethr\\.minimax-agent\\projects"}
[17:49:19.290] INFO: [daemon.js:17438] [756e8891c4784f3789b6224e7248e96c] BashToolPermissionChecker checkPermissions called, _toolName=bash, input={"command":"obsidian search query=\"folder:references\" format=json 2>/dev/null | jq length","description":"Count files in references folder"}, context={"mode":"auto","rules":[],"sandboxEnabled":false,"autoAllowBashIfSandboxed":false,"workingDirectory":"C:\\Users\\jethr\\.minimax-agent\\projects","allowedWorkingPaths":[],"sandboxAllowPaths":[],"dataDir":"C:\\Users\\jethr\\.mavis","homeDir":"C:\\Users\\jethr","agentName":"mavis","sessionId":"mvs_0dbdbf20f8454c5d9ca7a005919f273e","allowManagedPermissionRulesOnly":false,"interactiveTools":{}}
[17:49:19.291] INFO: [daemon.js:17438] [permission] subcommand layer=tail mode=default verdict=ask {"permLayer":"tail","permMode":"default","permVerdict":"ask","permReasonType":"safetyCheck","cmdPreview":"obsidian search query=\"folder:references\" format=json 2>/dev/null"}
[17:49:19.291] INFO: [daemon.js:17438] [permission] subcommand layer=fast-allow-first-word mode=default verdict=allow {"permLayer":"fast-allow-first-word","permMode":"default","permVerdict":"allow","permCategory":"pureReadFastAllow","permReasonType":"safetyCheck","cmdPreview":"jq length","firstWord":"jq"}
[17:49:19.291] INFO: [daemon.js:17438] [permission] whole-command layer=aggregated mode=default verdict=ask {"permLayer":"aggregated","permMode":"default","permVerdict":"ask","permScope":"whole-command","cmdPreview":"obsidian search query=\"folder:references\" format=json 2>/dev/null | jq length","sessionId":"mvs_0dbdbf20f8454c5d9ca7a005919f273e","subcommandCount":2}
[17:49:19.291] INFO: [daemon.js:17438] [a06948b9d83d4e0ab610e30da955bd14] [permission-service] Check result: toolName=bash behavior=ask reasonType=safetyCheck locale=en
[17:49:19.291] INFO: [daemon.js:17438] Running YOLO classifier {"toolName":"bash","inputLength":77,"sessionId":"mvs_0dbdbf20f8454c5d9ca7a005919f273e","agentId":"mavis"}
[17:49:19.291] INFO: [daemon.js:17438] [permission] subcommand layer=tail mode=auto verdict=undecided {"permLayer":"tail","permMode":"auto","permVerdict":"undecided","permReasonType":"safetyCheck","cmdPreview":"obsidian search query=\"folder:references\" format=json 2>/dev/null"}
[17:49:19.291] INFO: [daemon.js:17438] [permission] subcommand layer=fast-allow-first-word mode=auto verdict=allow {"permLayer":"fast-allow-first-word","permMode":"auto","permVerdict":"allow","permCategory":"pureReadFastAllow","permReasonType":"safetyCheck","cmdPreview":"jq length","firstWord":"jq"}
[17:49:19.291] INFO: [daemon.js:17438] [permission] whole-command layer=aggregated mode=auto verdict=undecided {"permLayer":"aggregated","permMode":"auto","permVerdict":"undecided","permScope":"whole-command","cmdPreview":"obsidian search query=\"folder:references\" format=json 2>/dev/null | jq length","subcommandCount":2}
[17:49:19.637] INFO: [daemon.js:17438] [08e4e4f743d342d5946a34a64326ded0] → POST /mavis/api/metrics/runtime-event
[17:49:19.637] INFO: [daemon.js:17438] [08e4e4f743d342d5946a34a64326ded0] ← POST /mavis/api/metrics/runtime-event status=204 duration=0ms {"locale":"en"}
[17:49:19.639] INFO: [daemon.js:17438] [7429acb3d5d84b02ab7e3c11cdf89735] → POST /mavis/api/permission/check
[17:49:19.639] INFO: [daemon.js:17438] [7429acb3d5d84b02ab7e3c11cdf89735] Permission check requested: bash for mavis {"locale":"en"}
[17:49:19.639] INFO: [daemon.js:17438] Created ToolPermissionContext {"mode":"auto","ruleCount":0,"sandboxEnabled":false,"workingDirectory":"C:\\Users\\jethr\\.minimax-agent\\projects"}
[17:49:19.639] INFO: [daemon.js:17438] [c55164761e804751a93de274ece18695] BashToolPermissionChecker checkPermissions called, _toolName=bash, input={"command":"obsidian tasks | head -30","description":"View recent tasks"}, context={"mode":"auto","rules":[],"sandboxEnabled":false,"autoAllowBashIfSandboxed":false,"workingDirectory":"C:\\Users\\jethr\\.minimax-agent\\projects","allowedWorkingPaths":[],"sandboxAllowPaths":[],"dataDir":"C:\\Users\\jethr\\.mavis","homeDir":"C:\\Users\\jethr","agentName":"mavis","sessionId":"mvs_0dbdbf20f8454c5d9ca7a005919f273e","allowManagedPermissionRulesOnly":false,"interactiveTools":{}}
[17:49:19.640] INFO: [daemon.js:17438] [permission] subcommand layer=tail mode=default verdict=ask {"permLayer":"tail","permMode":"default","permVerdict":"ask","permReasonType":"safetyCheck","cmdPreview":"obsidian tasks"}
[17:49:19.640] INFO: [daemon.js:17438] [permission] subcommand layer=fast-allow-first-word mode=default verdict=allow {"permLayer":"fast-allow-first-word","permMode":"default","permVerdict":"allow","permCategory":"pureReadFastAllow","permReasonType":"safetyCheck","cmdPreview":"head -30","firstWord":"head"}
[17:49:19.640] INFO: [daemon.js:17438] [permission] whole-command layer=aggregated mode=default verdict=ask {"permLayer":"aggregated","permMode":"default","permVerdict":"ask","permScope":"whole-command","cmdPreview":"obsidian tasks | head -30","sessionId":"mvs_0dbdbf20f8454c5d9ca7a005919f273e","subcommandCount":2}
[17:49:19.640] INFO: [daemon.js:17438] [f580e00cee5946b39a5054098a0c1965] [permission-service] Check result: toolName=bash behavior=ask reasonType=safetyCheck locale=en
[17:49:19.640] INFO: [daemon.js:17438] Running YOLO classifier {"toolName":"bash","inputLength":25,"sessionId":"mvs_0dbdbf20f8454c5d9ca7a005919f273e","agentId":"mavis"}
[17:49:19.640] INFO: [daemon.js:17438] [permission] subcommand layer=tail mode=auto verdict=undecided {"permLayer":"tail","permMode":"auto","permVerdict":"undecided","permReasonType":"safetyCheck","cmdPreview":"obsidian tasks"}
[17:49:19.640] INFO: [daemon.js:17438] [permission] subcommand layer=fast-allow-first-word mode=auto verdict=allow {"permLayer":"fast-allow-first-word","permMode":"auto","permVerdict":"allow","permCategory":"pureReadFastAllow","permReasonType":"safetyCheck","cmdPreview":"head -30","firstWord":"head"}
[17:49:19.640] INFO: [daemon.js:17438] [permission] whole-command layer=aggregated mode=auto verdict=undecided {"permLayer":"aggregated","permMode":"auto","permVerdict":"undecided","permScope":"whole-command","cmdPreview":"obsidian tasks | head -30","subcommandCount":2}
[17:49:22.161] INFO: [daemon.js:17438] Stage 2 LLM classification result {"toolName":"bash","verdict":"allow","reason":"Read-only Obsidian search operation; user explicitly authorized exploration and requested no edits. Bounded scope targeting the user's personal vault only.","model":"minimax/MiniMax-M2.7","isIrreversibleDelete":false,"confidence":0.95}
[17:49:22.161] INFO: [daemon.js:17438] [1daa3864fccc4187922ed4434e282851] [permission-service] Auto mode classifier result: toolName=bash verdict=allow reason=Read-only Obsidian search operation; user explicitly authorized exploration and requested no edits. Bounded scope targeting the user's personal vault only. model=minimax/MiniMax-M2.7 stage=thinking durationMs=3316 locale=en
[17:49:22.161] INFO: [daemon.js:17438] [38d5c02b24524c20beaa4f55242f1c98] Permission check result: bash → allow {"locale":"en"}
[17:49:22.161] INFO: [daemon.js:17438] [38d5c02b24524c20beaa4f55242f1c98] ← POST /mavis/api/permission/check status=200 duration=3317ms {"locale":"en"}
[17:49:22.165] INFO: [daemon.js:17438] [82cd8855e7b0465fa3a9a911a7267ca3] → POST /mavis/api/hooks/execute
[17:49:22.166] INFO: [daemon.js:17438] [hook-registry] matcher did not match, hook filtered out {"module":"hook-registry","hookId":"builtin:binary-read-guard","matcher":"^[Rr]ead$","matchValue":"bash"}
[17:49:22.166] INFO: [daemon.js:17438] [hook-registry] matcher did not match, hook filtered out {"module":"hook-registry","hookId":"builtin:docx-skill-env-gate","matcher":"^[Ss][Kk][Ii][Ll][Ll]$","matchValue":"bash"}
[17:49:22.166] INFO: [daemon.js:17438] [hook-registry] hooks filtered by matcher {"module":"hook-registry","hookEvent":"PreToolUse","matchValue":"bash","beforeCount":2,"afterCount":0}
[17:49:22.166] INFO: [daemon.js:17438] [82cd8855e7b0465fa3a9a911a7267ca3] ← POST /mavis/api/hooks/execute status=200 duration=1ms {"locale":"en"}
[17:49:22.388] INFO: [daemon.js:17438] [4b2789ba0f1c451084a1f7407e069175] → POST /mavis/api/metrics/runtime-event
[17:49:22.389] INFO: [daemon.js:17438] [4b2789ba0f1c451084a1f7407e069175] ← POST /mavis/api/metrics/runtime-event status=204 duration=1ms {"locale":"en"}
[17:49:22.389] INFO: [daemon.js:17438] [f5bba35c5d784e1d9aed3a5803c16087] → POST /mavis/api/hooks/execute
[17:49:22.390] INFO: [daemon.js:17438] [hook-registry] matcher did not match, hook filtered out {"module":"hook-registry","hookId":"builtin:read-image-compressor","matcher":"^[Rr]ead$","matchValue":"bash"}
[17:49:22.390] INFO: [daemon.js:17438] [hook-registry] hooks filtered by matcher {"module":"hook-registry","hookEvent":"PostToolUse","matchValue":"bash","beforeCount":7,"afterCount":6}
[17:49:22.390] INFO: [daemon.js:17438] [f5bba35c5d784e1d9aed3a5803c16087] ← POST /mavis/api/hooks/execute status=200 duration=1ms {"locale":"en"}
[17:49:22.992] INFO: [daemon.js:17438] Stage 2 LLM classification result {"toolName":"bash","verdict":"allow","reason":"Read-only search operation in Obsidian vault, aligned with user instruction to explore but not edit notes. No system modification or data destruction.","model":"minimax/MiniMax-M2.7","isIrreversibleDelete":false,"confidence":0.95}
[17:49:22.992] INFO: [daemon.js:17438] [bbb90c789b704211a4ba9e0474ecc920] [permission-service] Auto mode classifier result: toolName=bash verdict=allow reason=Read-only search operation in Obsidian vault, aligned with user instruction to explore but not edit notes. No system modification or data destruction. model=minimax/MiniMax-M2.7 stage=thinking durationMs=3701 locale=en
[17:49:22.992] INFO: [daemon.js:17438] [e6808c16b5c342dab998f273723f62df] Permission check result: bash → allow {"locale":"en"}
[17:49:22.992] INFO: [daemon.js:17438] [e6808c16b5c342dab998f273723f62df] ← POST /mavis/api/permission/check status=200 duration=3702ms {"locale":"en"}
[17:49:22.997] INFO: [daemon.js:17438] [e9b69a735ff145adb87fb52ecac03f7e] → POST /mavis/api/hooks/execute
[17:49:22.997] INFO: [daemon.js:17438] [hook-registry] matcher did not match, hook filtered out {"module":"hook-registry","hookId":"builtin:binary-read-guard","matcher":"^[Rr]ead$","matchValue":"bash"}
[17:49:22.997] INFO: [daemon.js:17438] [hook-registry] matcher did not match, hook filtered out {"module":"hook-registry","hookId":"builtin:docx-skill-env-gate","matcher":"^[Ss][Kk][Ii][Ll][Ll]$","matchValue":"bash"}
[17:49:22.997] INFO: [daemon.js:17438] [hook-registry] hooks filtered by matcher {"module":"hook-registry","hookEvent":"PreToolUse","matchValue":"bash","beforeCount":2,"afterCount":0}
[17:49:22.998] INFO: [daemon.js:17438] [e9b69a735ff145adb87fb52ecac03f7e] ← POST /mavis/api/hooks/execute status=200 duration=0ms {"locale":"en"}
[17:49:23.173] INFO: [daemon.js:17438] [590fd2819fc04d9f9f18bb6a12f40857] → POST /mavis/api/metrics/runtime-event
[17:49:23.173] INFO: [daemon.js:17438] [590fd2819fc04d9f9f18bb6a12f40857] ← POST /mavis/api/metrics/runtime-event status=204 duration=0ms {"locale":"en"}
[17:49:23.173] INFO: [daemon.js:17438] [e0d4b4ced193488c8296433dacc01588] → POST /mavis/api/hooks/execute
[17:49:23.174] INFO: [daemon.js:17438] [hook-registry] matcher did not match, hook filtered out {"module":"hook-registry","hookId":"builtin:read-image-compressor","matcher":"^[Rr]ead$","matchValue":"bash"}
[17:49:23.174] INFO: [daemon.js:17438] [hook-registry] hooks filtered by matcher {"module":"hook-registry","hookEvent":"PostToolUse","matchValue":"bash","beforeCount":7,"afterCount":6}
[17:49:23.174] INFO: [daemon.js:17438] [e0d4b4ced193488c8296433dacc01588] ← POST /mavis/api/hooks/execute status=200 duration=1ms {"locale":"en"}
[17:49:25.848] INFO: [daemon.js:17438] Stage 2 LLM classification result {"toolName":"bash","verdict":"allow","reason":"Read-only query of tasks in the Obsidian vault, piped through head -30 for bounded output. Consistent with prior safe exploration commands and user instruction to not edit notes.","model":"minimax/MiniMax-M2.7","isIrreversibleDelete":false,"confidence":0.95}
[17:49:25.848] INFO: [daemon.js:17438] [03dc3b2aa5804bf49e2311f935898cbb] [permission-service] Auto mode classifier result: toolName=bash verdict=allow reason=Read-only query of tasks in the Obsidian vault, piped through head -30 for bounded output. Consistent with prior safe exploration commands and user instruction to not edit notes. model=minimax/MiniMax-M2.7 stage=thinking durationMs=6208 locale=en
[17:49:25.848] INFO: [daemon.js:17438] [7429acb3d5d84b02ab7e3c11cdf89735] Permission check result: bash → allow {"locale":"en"}
[17:49:25.848] INFO: [daemon.js:17438] [7429acb3d5d84b02ab7e3c11cdf89735] ← POST /mavis/api/permission/check status=200 duration=6209ms {"locale":"en"}
[17:49:25.852] INFO: [daemon.js:17438] [4d044b3c341c40c79fe4f270cf32da43] → POST /mavis/api/hooks/execute
[17:49:25.853] INFO: [daemon.js:17438] [hook-registry] matcher did not match, hook filtered out {"module":"hook-registry","hookId":"builtin:binary-read-guard","matcher":"^[Rr]ead$","matchValue":"bash"}
[17:49:25.853] INFO: [daemon.js:17438] [hook-registry] matcher did not match, hook filtered out {"module":"hook-registry","hookId":"builtin:docx-skill-env-gate","matcher":"^[Ss][Kk][Ii][Ll][Ll]$","matchValue":"bash"}
[17:49:25.853] INFO: [daemon.js:17438] [hook-registry] hooks filtered by matcher {"module":"hook-registry","hookEvent":"PreToolUse","matchValue":"bash","beforeCount":2,"afterCount":0}
[17:49:25.853] INFO: [daemon.js:17438] [4d044b3c341c40c79fe4f270cf32da43] ← POST /mavis/api/hooks/execute status=200 duration=1ms {"locale":"en"}
[17:49:26.141] INFO: [daemon.js:17438] [e9a437342293426cb4a55bdd37c4af3d] → GET /mavis/health
[17:49:26.142] INFO: [daemon.js:17438] [e9a437342293426cb4a55bdd37c4af3d] ← GET /mavis/health status=200 duration=1ms {"locale":"en"}
[17:49:26.648] INFO: [daemon.js:17438] [0cd49975e4714e67a3aa6d55b614db31] → POST /mavis/api/metrics/runtime-event
[17:49:26.648] INFO: [daemon.js:17438] [0cd49975e4714e67a3aa6d55b614db31] ← POST /mavis/api/metrics/runtime-event status=204 duration=0ms {"locale":"en"}
[17:49:26.649] INFO: [daemon.js:17438] [44baaf36fcb3414291b9dd1c1c40667c] → POST /mavis/api/hooks/execute
[17:49:26.649] INFO: [daemon.js:17438] [hook-registry] matcher did not match, hook filtered out {"module":"hook-registry","hookId":"builtin:read-image-compressor","matcher":"^[Rr]ead$","matchValue":"bash"}
[17:49:26.649] INFO: [daemon.js:17438] [hook-registry] hooks filtered by matcher {"module":"hook-registry","hookEvent":"PostToolUse","matchValue":"bash","beforeCount":7,"afterCount":6}
[17:49:26.649] INFO: [daemon.js:17438] [44baaf36fcb3414291b9dd1c1c40667c] ← POST /mavis/api/hooks/execute status=200 duration=0ms {"locale":"en"}
[17:49:26.651] INFO: [daemon.js:17438] [03adf14515664e038b644a5a4e059342] → POST /mavis/api/metrics/runtime-event
[17:49:26.651] INFO: [daemon.js:17438] [03adf14515664e038b644a5a4e059342] ← POST /mavis/api/metrics/runtime-event status=204 duration=0ms {"locale":"en"}
[17:49:26.663] INFO: [daemon.js:17438] [c18479e7ba8d447bb28e2893eebcb526] → POST /mavis/api/metrics/runtime-event
[17:49:26.664] INFO: [daemon.js:17438] [c18479e7ba8d447bb28e2893eebcb526] ← POST /mavis/api/metrics/runtime-event status=204 duration=1ms {"locale":"en"}
[17:49:30.851] INFO: [daemon.js:17438] [160893d565f24ab181793d71109c7c1c] → POST /mavis/api/metrics/runtime-event
[17:49:30.851] INFO: [daemon.js:17438] [160893d565f24ab181793d71109c7c1c] ← POST /mavis/api/metrics/runtime-event status=204 duration=0ms {"locale":"en"}
[17:49:30.852] INFO: [daemon.js:17438] [5f420659168549819d619f41e9a855f5] → POST /mavis/api/permission/check
[17:49:30.852] INFO: [daemon.js:17438] [5f420659168549819d619f41e9a855f5] Permission check requested: bash for mavis {"locale":"en"}
[17:49:30.853] INFO: [daemon.js:17438] Created ToolPermissionContext {"mode":"auto","ruleCount":0,"sandboxEnabled":false,"workingDirectory":"C:\\Users\\jethr\\.minimax-agent\\projects"}
[17:49:30.853] INFO: [daemon.js:17438] [76ffaed60c6f40468a767bbc1ea5ec53] BashToolPermissionChecker checkPermissions called, _toolName=bash, input={"command":"obsidian search query=\"path:main/\" format=json","description":"Count files under main/ path"}, context={"mode":"auto","rules":[],"sandboxEnabled":false,"autoAllowBashIfSandboxed":false,"workingDirectory":"C:\\Users\\jethr\\.minimax-agent\\projects","allowedWorkingPaths":[],"sandboxAllowPaths":[],"dataDir":"C:\\Users\\jethr\\.mavis","homeDir":"C:\\Users\\jethr","agentName":"mavis","sessionId":"mvs_0dbdbf20f8454c5d9ca7a005919f273e","allowManagedPermissionRulesOnly":false,"interactiveTools":{}}
[17:49:30.853] INFO: [daemon.js:17438] [permission] subcommand layer=tail mode=default verdict=ask {"permLayer":"tail","permMode":"default","permVerdict":"ask","permReasonType":"safetyCheck","cmdPreview":"obsidian search query=\"path:main/\" format=json"}
[17:49:30.853] INFO: [daemon.js:17438] [permission] whole-command layer=aggregated mode=default verdict=ask {"permLayer":"aggregated","permMode":"default","permVerdict":"ask","permScope":"whole-command","cmdPreview":"obsidian search query=\"path:main/\" format=json","sessionId":"mvs_0dbdbf20f8454c5d9ca7a005919f273e","subcommandCount":1}
[17:49:30.853] INFO: [daemon.js:17438] [e60c0c298c284f35a38e8302e08f552c] [permission-service] Check result: toolName=bash behavior=ask reasonType=safetyCheck locale=en
[17:49:30.853] INFO: [daemon.js:17438] Running YOLO classifier {"toolName":"bash","inputLength":46,"sessionId":"mvs_0dbdbf20f8454c5d9ca7a005919f273e","agentId":"mavis"}
[17:49:30.853] INFO: [daemon.js:17438] [permission] subcommand layer=tail mode=auto verdict=undecided {"permLayer":"tail","permMode":"auto","permVerdict":"undecided","permReasonType":"safetyCheck","cmdPreview":"obsidian search query=\"path:main/\" format=json"}
[17:49:30.853] INFO: [daemon.js:17438] [permission] whole-command layer=aggregated mode=auto verdict=undecided {"permLayer":"aggregated","permMode":"auto","permVerdict":"undecided","permScope":"whole-command","cmdPreview":"obsidian search query=\"path:main/\" format=json","subcommandCount":1}
[17:49:31.179] INFO: [daemon.js:17438] [c4a258e704c0487e872356325c6f88f6] → POST /mavis/api/metrics/runtime-event
[17:49:31.180] INFO: [daemon.js:17438] [c4a258e704c0487e872356325c6f88f6] ← POST /mavis/api/metrics/runtime-event status=204 duration=1ms {"locale":"en"}
[17:49:31.180] INFO: [daemon.js:17438] [bb9f72d009284b50b8af1f8b9329999e] → POST /mavis/api/permission/check
[17:49:31.180] INFO: [daemon.js:17438] [bb9f72d009284b50b8af1f8b9329999e] Permission check requested: bash for mavis {"locale":"en"}
[17:49:31.181] INFO: [daemon.js:17438] Created ToolPermissionContext {"mode":"auto","ruleCount":0,"sandboxEnabled":false,"workingDirectory":"C:\\Users\\jethr\\.minimax-agent\\projects"}
[17:49:31.181] INFO: [daemon.js:17438] [fa9818a39fee4e8c8c7636015fac8087] BashToolPermissionChecker checkPermissions called, _toolName=bash, input={"command":"obsidian search query=\"path:references/\" format=json","description":"Count files under references/ path"}, context={"mode":"auto","rules":[],"sandboxEnabled":false,"autoAllowBashIfSandboxed":false,"workingDirectory":"C:\\Users\\jethr\\.minimax-agent\\projects","allowedWorkingPaths":[],"sandboxAllowPaths":[],"dataDir":"C:\\Users\\jethr\\.mavis","homeDir":"C:\\Users\\jethr","agentName":"mavis","sessionId":"mvs_0dbdbf20f8454c5d9ca7a005919f273e","allowManagedPermissionRulesOnly":false,"interactiveTools":{}}
[17:49:31.181] INFO: [daemon.js:17438] [permission] subcommand layer=tail mode=default verdict=ask {"permLayer":"tail","permMode":"default","permVerdict":"ask","permReasonType":"safetyCheck","cmdPreview":"obsidian search query=\"path:references/\" format=json"}
[17:49:31.182] INFO: [daemon.js:17438] [permission] whole-command layer=aggregated mode=default verdict=ask {"permLayer":"aggregated","permMode":"default","permVerdict":"ask","permScope":"whole-command","cmdPreview":"obsidian search query=\"path:references/\" format=json","sessionId":"mvs_0dbdbf20f8454c5d9ca7a005919f273e","subcommandCount":1}
[17:49:31.182] INFO: [daemon.js:17438] [8918255903cf4b79b3012875e94c3fd1] [permission-service] Check result: toolName=bash behavior=ask reasonType=safetyCheck locale=en
[17:49:31.182] INFO: [daemon.js:17438] Running YOLO classifier {"toolName":"bash","inputLength":52,"sessionId":"mvs_0dbdbf20f8454c5d9ca7a005919f273e","agentId":"mavis"}
[17:49:31.182] INFO: [daemon.js:17438] [permission] subcommand layer=tail mode=auto verdict=undecided {"permLayer":"tail","permMode":"auto","permVerdict":"undecided","permReasonType":"safetyCheck","cmdPreview":"obsidian search query=\"path:references/\" format=json"}
[17:49:31.182] INFO: [daemon.js:17438] [permission] whole-command layer=aggregated mode=auto verdict=undecided {"permLayer":"aggregated","permMode":"auto","permVerdict":"undecided","permScope":"whole-command","cmdPreview":"obsidian search query=\"path:references/\" format=json","subcommandCount":1}
[17:49:36.159] INFO: [daemon.js:17438] [14a5dcb0469e423c87de1f2626074192] → GET /mavis/health
[17:49:36.159] INFO: [daemon.js:17438] [14a5dcb0469e423c87de1f2626074192] ← GET /mavis/health status=200 duration=0ms {"locale":"en"}
[17:49:36.730] INFO: [daemon.js:17438] Stage 2 LLM classification result {"toolName":"bash","verdict":"allow","reason":"Read-only search operation on user's personal vault; aligns with user's stated goal to explore without editing. No system changes, no secrets, no irreversible effects.","model":"minimax/MiniMax-M2.7","isIrreversibleDelete":false,"confidence":0.95}
[17:49:36.730] INFO: [daemon.js:17438] [f3019f8e028e4de88a5981542b4144ee] [permission-service] Auto mode classifier result: toolName=bash verdict=allow reason=Read-only search operation on user's personal vault; aligns with user's stated goal to explore without editing. No system changes, no secrets, no irreversible effects. model=minimax/MiniMax-M2.7 stage=thinking durationMs=5877 locale=en
[17:49:36.730] INFO: [daemon.js:17438] [5f420659168549819d619f41e9a855f5] Permission check result: bash → allow {"locale":"en"}
[17:49:36.730] INFO: [daemon.js:17438] [5f420659168549819d619f41e9a855f5] ← POST /mavis/api/permission/check status=200 duration=5878ms {"locale":"en"}
[17:49:36.734] INFO: [daemon.js:17438] [9ed94ec4c52f40dd9e11a73b01795ff8] → POST /mavis/api/hooks/execute
[17:49:36.735] INFO: [daemon.js:17438] [hook-registry] matcher did not match, hook filtered out {"module":"hook-registry","hookId":"builtin:binary-read-guard","matcher":"^[Rr]ead$","matchValue":"bash"}
[17:49:36.735] INFO: [daemon.js:17438] [hook-registry] matcher did not match, hook filtered out {"module":"hook-registry","hookId":"builtin:docx-skill-env-gate","matcher":"^[Ss][Kk][Ii][Ll][Ll]$","matchValue":"bash"}
[17:49:36.735] INFO: [daemon.js:17438] [hook-registry] hooks filtered by matcher {"module":"hook-registry","hookEvent":"PreToolUse","matchValue":"bash","beforeCount":2,"afterCount":0}
[17:49:36.735] INFO: [daemon.js:17438] [9ed94ec4c52f40dd9e11a73b01795ff8] ← POST /mavis/api/hooks/execute status=200 duration=1ms {"locale":"en"}
[17:49:36.969] INFO: [daemon.js:17438] Stage 2 LLM classification result {"toolName":"bash","verdict":"allow","reason":"Read-only search operation on the user's own vault with explicit authorization to explore. No edits, deletions, or external data transmission — safe and bounded.","model":"minimax/MiniMax-M2.7","isIrreversibleDelete":false,"confidence":0.95}
[17:49:36.969] INFO: [daemon.js:17438] [a89e64d4ba6349ca9a52c7a61bb97ab8] [permission-service] Auto mode classifier result: toolName=bash verdict=allow reason=Read-only search operation on the user's own vault with explicit authorization to explore. No edits, deletions, or external data transmission — safe and bounded. model=minimax/MiniMax-M2.7 stage=thinking durationMs=5787 locale=en
[17:49:36.969] INFO: [daemon.js:17438] [bb9f72d009284b50b8af1f8b9329999e] Permission check result: bash → allow {"locale":"en"}
[17:49:36.969] INFO: [daemon.js:17438] [bb9f72d009284b50b8af1f8b9329999e] ← POST /mavis/api/permission/check status=200 duration=5789ms {"locale":"en"}
[17:49:36.970] INFO: [daemon.js:17438] [900ac058b3844833be31851c3217f0c4] → POST /mavis/api/hooks/execute
[17:49:36.971] INFO: [daemon.js:17438] [hook-registry] matcher did not match, hook filtered out {"module":"hook-registry","hookId":"builtin:binary-read-guard","matcher":"^[Rr]ead$","matchValue":"bash"}
[17:49:36.971] INFO: [daemon.js:17438] [hook-registry] matcher did not match, hook filtered out {"module":"hook-registry","hookId":"builtin:docx-skill-env-gate","matcher":"^[Ss][Kk][Ii][Ll][Ll]$","matchValue":"bash"}
[17:49:36.971] INFO: [daemon.js:17438] [hook-registry] hooks filtered by matcher {"module":"hook-registry","hookEvent":"PreToolUse","matchValue":"bash","beforeCount":2,"afterCount":0}
[17:49:36.971] INFO: [daemon.js:17438] [900ac058b3844833be31851c3217f0c4] ← POST /mavis/api/hooks/execute status=200 duration=1ms {"locale":"en"}
[17:49:43.807] INFO: [daemon.js:17438] [a2d7498b728545388a35b181a52b46d7] → POST /mavis/api/metrics/runtime-event
[17:49:43.808] INFO: [daemon.js:17438] [a2d7498b728545388a35b181a52b46d7] ← POST /mavis/api/metrics/runtime-event status=204 duration=1ms {"locale":"en"}
[17:49:43.809] INFO: [daemon.js:17438] [d0738a9dec0c4784b5aa8ab731db7956] → POST /mavis/api/hooks/execute
[17:49:43.809] INFO: [daemon.js:17438] [hook-registry] matcher did not match, hook filtered out {"module":"hook-registry","hookId":"builtin:read-image-compressor","matcher":"^[Rr]ead$","matchValue":"bash"}
[17:49:43.809] INFO: [daemon.js:17438] [hook-registry] hooks filtered by matcher {"module":"hook-registry","hookEvent":"PostToolUse","matchValue":"bash","beforeCount":7,"afterCount":6}
[17:49:43.810] INFO: [daemon.js:17438] [d0738a9dec0c4784b5aa8ab731db7956] ← POST /mavis/api/hooks/execute status=200 duration=1ms {"locale":"en"}
[17:49:43.810] INFO: [daemon.js:17438] [fdb964bb3e9a46cd8d5b1c5502583660] → POST /mavis/api/metrics/runtime-event
[17:49:43.810] INFO: [daemon.js:17438] [fdb964bb3e9a46cd8d5b1c5502583660] ← POST /mavis/api/metrics/runtime-event status=204 duration=0ms {"locale":"en"}
[17:49:43.810] INFO: [daemon.js:17438] [c10fab5d77dc4822a586469962df8ce6] → POST /mavis/api/hooks/execute
[17:49:43.811] INFO: [daemon.js:17438] [hook-registry] matcher did not match, hook filtered out {"module":"hook-registry","hookId":"builtin:read-image-compressor","matcher":"^[Rr]ead$","matchValue":"bash"}
[17:49:43.811] INFO: [daemon.js:17438] [hook-registry] hooks filtered by matcher {"module":"hook-registry","hookEvent":"PostToolUse","matchValue":"bash","beforeCount":7,"afterCount":6}
[17:49:43.811] INFO: [daemon.js:17438] [c10fab5d77dc4822a586469962df8ce6] ← POST /mavis/api/hooks/execute status=200 duration=1ms {"locale":"en"}
[17:49:43.817] INFO: [daemon.js:17438] [d55ab0e332f44836a5c8de7acbc6bc2a] → POST /mavis/api/metrics/runtime-event
[17:49:43.817] INFO: [daemon.js:17438] [d55ab0e332f44836a5c8de7acbc6bc2a] ← POST /mavis/api/metrics/runtime-event status=204 duration=0ms {"locale":"en"}
[17:49:43.831] INFO: [daemon.js:17438] [ea5de96f425f41ac8a419f08583d323f] → POST /mavis/api/metrics/runtime-event
[17:49:43.831] INFO: [daemon.js:17438] [ea5de96f425f41ac8a419f08583d323f] ← POST /mavis/api/metrics/runtime-event status=204 duration=0ms {"locale":"en"}
[17:49:46.160] INFO: [daemon.js:17438] [9d0f8a0c477d47f1936d0df1c60a046d] → GET /mavis/health
[17:49:46.160] INFO: [daemon.js:17438] [9d0f8a0c477d47f1936d0df1c60a046d] ← GET /mavis/health status=200 duration=0ms {"locale":"en"}
[17:49:49.017] INFO: [daemon.js:17438] [d4c5ed83c52a4f15a6d6f391c74b6799] → POST /mavis/api/metrics/runtime-event
[17:49:49.017] INFO: [daemon.js:17438] [d4c5ed83c52a4f15a6d6f391c74b6799] ← POST /mavis/api/metrics/runtime-event status=204 duration=0ms {"locale":"en"}
[17:49:49.310] INFO: [daemon.js:17438] [5524a3bb0e0d472d9fe4c42e49db5aaa] [bridge] Emitting session.finish event sessionId=mvs_0dbdbf20f8454c5d9ca7a005919f273e agentName=mavis isError=false
[17:49:49.313] INFO: [daemon.js:17438] [b94329e7684e443a9d87a2c5b22cdb47] [cron-store] Loaded cron configs, count=0
[17:49:49.318] INFO: [daemon.js:17438] [26530190c6834147ad349b03396beeee] → GET /mavis/api/session/mvs_0dbdbf20f8454c5d9ca7a005919f273e/diff
[17:49:49.320] INFO: [daemon.js:17438] [1d9ba899e6db472b83a19205e9f9b1bf] → GET /mavis/api/session/mvs_0dbdbf20f8454c5d9ca7a005919f273e
[17:49:49.324] INFO: [daemon.js:17438] [26530190c6834147ad349b03396beeee] ← GET /mavis/api/session/mvs_0dbdbf20f8454c5d9ca7a005919f273e/diff status=200 duration=6ms {"locale":"en"}
[17:49:49.325] INFO: [daemon.js:17438] [1d9ba899e6db472b83a19205e9f9b1bf] ← GET /mavis/api/session/mvs_0dbdbf20f8454c5d9ca7a005919f273e status=200 duration=5ms {"locale":"en"}
[17:49:56.174] INFO: [daemon.js:17438] [a0efd6e9c27d4f7f87796ad45bae4c60] → GET /mavis/health
[17:49:56.174] INFO: [daemon.js:17438] [a0efd6e9c27d4f7f87796ad45bae4c60] ← GET /mavis/health status=200 duration=0ms {"locale":"en"}
[17:50:06.174] INFO: [daemon.js:17438] [5a2bea22303942d4a700df4d07c7463e] → GET /mavis/health
[17:50:06.174] INFO: [daemon.js:17438] [5a2bea22303942d4a700df4d07c7463e] ← GET /mavis/health status=200 duration=0ms {"locale":"en"}
[17:50:16.185] INFO: [daemon.js:17438] [0fa7e423622849bd8773a172e5acdc0f] → GET /mavis/health
[17:50:16.186] INFO: [daemon.js:17438] [0fa7e423622849bd8773a172e5acdc0f] ← GET /mavis/health status=200 duration=1ms {"locale":"en"}
[17:50:26.180] INFO: [daemon.js:17438] [ea6a33d4d34d4f3ea7136138d2345ed2] → GET /mavis/health
[17:50:26.180] INFO: [daemon.js:17438] [ea6a33d4d34d4f3ea7136138d2345ed2] ← GET /mavis/health status=200 duration=0ms {"locale":"en"}
[17:50:36.196] INFO: [daemon.js:17438] [ded32140a767414e804454db3cab7ae7] → GET /mavis/health
[17:50:36.196] INFO: [daemon.js:17438] [ded32140a767414e804454db3cab7ae7] ← GET /mavis/health status=200 duration=0ms {"locale":"en"}
[17:50:46.201] INFO: [daemon.js:17438] [2f4d1aa7356f4fbfbfb7bbfa46990f0f] → GET /mavis/health
[17:50:46.201] INFO: [daemon.js:17438] [2f4d1aa7356f4fbfbfb7bbfa46990f0f] ← GET /mavis/health status=200 duration=0ms {"locale":"en"}
[17:50:56.205] INFO: [daemon.js:17438] [54da57f2717a4c3ea8e14f5be9684124] → GET /mavis/health
[17:50:56.205] INFO: [daemon.js:17438] [54da57f2717a4c3ea8e14f5be9684124] ← GET /mavis/health status=200 duration=0ms {"locale":"en"}
[17:51:06.219] INFO: [daemon.js:17438] [6742890873ee4824962957276580d331] → GET /mavis/health
[17:51:06.220] INFO: [daemon.js:17438] [6742890873ee4824962957276580d331] ← GET /mavis/health status=200 duration=1ms {"locale":"en"}
[17:51:09.581] INFO: [daemon.js:17438] [b42fad3809ce4541adfadaebffb857d1] [mcp:matrix:stderr] [matrix-mcp-cli] tools/list dropped 2 unknown tool(s) not in this cli's KNOWN_TOOLS: matrix_extract_content_from_websites, matrix_get_upload_url
[17:51:09.583] INFO: [daemon.js:17438] [65f6a2975b334f8cb56da2c36b266a31] → POST /mavis/mcp/cu
[17:51:09.584] INFO: [daemon.js:17438] [65f6a2975b334f8cb56da2c36b266a31] ← POST /mavis/mcp/cu status=200 duration=1ms {"locale":"en"}
[17:51:09.584] INFO: [daemon.js:17438] [ddedc76c5c284fed8b3f2014b70e8cfe] → POST /mavis/mcp/trash
[17:51:09.585] INFO: [daemon.js:17438] [ddedc76c5c284fed8b3f2014b70e8cfe] ← POST /mavis/mcp/trash status=200 duration=1ms {"locale":"en"}
[17:51:16.230] INFO: [daemon.js:17438] [905e1569da374a9388bba9d053b6db57] → GET /mavis/health
[17:51:16.230] INFO: [daemon.js:17438] [905e1569da374a9388bba9d053b6db57] ← GET /mavis/health status=200 duration=0ms {"locale":"en"}
[17:51:26.235] INFO: [daemon.js:17438] [5107c06d20a3458c943c1d507a438fc8] → GET /mavis/health
[17:51:26.235] INFO: [daemon.js:17438] [5107c06d20a3458c943c1d507a438fc8] ← GET /mavis/health status=200 duration=0ms {"locale":"en"}
[17:51:36.225] INFO: [daemon.js:17438] [b8503214752d4da5967949ce266d2b88] → GET /mavis/health
[17:51:36.225] INFO: [daemon.js:17438] [b8503214752d4da5967949ce266d2b88] ← GET /mavis/health status=200 duration=0ms {"locale":"en"}
[17:51:46.245] INFO: [daemon.js:17438] [99fd7fa229e243d583de2c564919a355] → GET /mavis/health
[17:51:46.245] INFO: [daemon.js:17438] [99fd7fa229e243d583de2c564919a355] ← GET /mavis/health status=200 duration=0ms {"locale":"en"}
[17:51:56.249] INFO: [daemon.js:17438] [15a68d229055446a810ac6305cc5ca5c] → GET /mavis/health
[17:51:56.249] INFO: [daemon.js:17438] [15a68d229055446a810ac6305cc5ca5c] ← GET /mavis/health status=200 duration=0ms {"locale":"en"}
[17:52:06.246] INFO: [daemon.js:17438] [07f7609528834736bbc35240047c1f6c] → GET /mavis/health
[17:52:06.247] INFO: [daemon.js:17438] [07f7609528834736bbc35240047c1f6c] ← GET /mavis/health status=200 duration=1ms {"locale":"en"}
[17:52:16.248] INFO: [daemon.js:17438] [6e5bf40a994a41b38935be5ff92e92fa] → GET /mavis/health
[17:52:16.248] INFO: [daemon.js:17438] [6e5bf40a994a41b38935be5ff92e92fa] ← GET /mavis/health status=200 duration=0ms {"locale":"en"}
[17:52:26.250] INFO: [daemon.js:17438] [c4b27ea6fabc49c0a9147b70659b9f74] → GET /mavis/health
[17:52:26.250] INFO: [daemon.js:17438] [c4b27ea6fabc49c0a9147b70659b9f74] ← GET /mavis/health status=200 duration=0ms {"locale":"en"}
[17:52:36.275] INFO: [daemon.js:17438] [38b1c038e6534e70b2b0d594ce22999d] → GET /mavis/health
[17:52:36.275] INFO: [daemon.js:17438] [38b1c038e6534e70b2b0d594ce22999d] ← GET /mavis/health status=200 duration=0ms {"locale":"en"}
[17:52:46.280] INFO: [daemon.js:17438] [54c2c2cf2b684e03a1dfd014a41944ee] → GET /mavis/health
[17:52:46.280] INFO: [daemon.js:17438] [54c2c2cf2b684e03a1dfd014a41944ee] ← GET /mavis/health status=200 duration=0ms {"locale":"en"}
[17:52:56.299] INFO: [daemon.js:17438] [a37e64eeaf4e42038956cb2587da6f13] → GET /mavis/health
[17:52:56.299] INFO: [daemon.js:17438] [a37e64eeaf4e42038956cb2587da6f13] ← GET /mavis/health status=200 duration=0ms {"locale":"en"}
[17:53:06.305] INFO: [daemon.js:17438] [0eb09e1a9861449f92f75e6dbf7dcf3e] → GET /mavis/health
[17:53:06.305] INFO: [daemon.js:17438] [0eb09e1a9861449f92f75e6dbf7dcf3e] ← GET /mavis/health status=200 duration=0ms {"locale":"en"}
[17:53:16.309] INFO: [daemon.js:17438] [2eb19ebf675e435ebe384191387a5dd3] → GET /mavis/health
[17:53:16.309] INFO: [daemon.js:17438] [2eb19ebf675e435ebe384191387a5dd3] ← GET /mavis/health status=200 duration=0ms {"locale":"en"}
[17:53:26.314] INFO: [daemon.js:17438] [859657757e734f098d3162d6030ef6d7] → GET /mavis/health
[17:53:26.314] INFO: [daemon.js:17438] [859657757e734f098d3162d6030ef6d7] ← GET /mavis/health status=200 duration=0ms {"locale":"en"}
[17:53:36.319] INFO: [daemon.js:17438] [d578182007634775ba809911fe91f6f2] → GET /mavis/health
[17:53:36.319] INFO: [daemon.js:17438] [d578182007634775ba809911fe91f6f2] ← GET /mavis/health status=200 duration=0ms {"locale":"en"}
[17:53:46.340] INFO: [daemon.js:17438] [2255f2f9cf4a4f888e86d64ff4260057] → GET /mavis/health
[17:53:46.340] INFO: [daemon.js:17438] [2255f2f9cf4a4f888e86d64ff4260057] ← GET /mavis/health status=200 duration=0ms {"locale":"en"}
[17:53:55.008] INFO: [daemon.js:17438] [cab19167188f49a093d9f3b2bede6aa0] → GET /mavis/mcp/cu
[17:53:55.009] INFO: [daemon.js:17438] [cab19167188f49a093d9f3b2bede6aa0] ← GET /mavis/mcp/cu status=200 duration=1ms {"locale":"en"}
[17:53:55.009] INFO: [daemon.js:17438] [9db91d9038134415b885bfcb95bf972a] → GET /mavis/mcp/trash
[17:53:55.010] INFO: [daemon.js:17438] [9db91d9038134415b885bfcb95bf972a] ← GET /mavis/mcp/trash status=200 duration=1ms {"locale":"en"}
[17:53:56.329] INFO: [daemon.js:17438] [e329fb73ced14adfb28878892a0c8388] → GET /mavis/health
[17:53:56.329] INFO: [daemon.js:17438] [e329fb73ced14adfb28878892a0c8388] ← GET /mavis/health status=200 duration=0ms {"locale":"en"}
[17:54:06.335] INFO: [daemon.js:17438] [b7a9baa83907409eac84350e25955945] → GET /mavis/health
[17:54:06.335] INFO: [daemon.js:17438] [b7a9baa83907409eac84350e25955945] ← GET /mavis/health status=200 duration=0ms {"locale":"en"}
[17:54:16.340] INFO: [daemon.js:17438] [220639203e4f4f5981b4de66be63319f] → GET /mavis/health
[17:54:16.340] INFO: [daemon.js:17438] [220639203e4f4f5981b4de66be63319f] ← GET /mavis/health status=200 duration=0ms {"locale":"en"}
[17:54:26.345] INFO: [daemon.js:17438] [354d7f10d6d9479fbf5eca302cbcb343] → GET /mavis/health
[17:54:26.345] INFO: [daemon.js:17438] [354d7f10d6d9479fbf5eca302cbcb343] ← GET /mavis/health status=200 duration=0ms {"locale":"en"}
[17:54:36.353] INFO: [daemon.js:17438] [5cd833e473584531983184971fa1867b] → GET /mavis/health
[17:54:36.353] INFO: [daemon.js:17438] [5cd833e473584531983184971fa1867b] ← GET /mavis/health status=200 duration=0ms {"locale":"en"}
[17:54:46.372] INFO: [daemon.js:17438] [244bff92aee2419f95bd58f5342fb0a8] → GET /mavis/health
[17:54:46.373] INFO: [daemon.js:17438] [244bff92aee2419f95bd58f5342fb0a8] ← GET /mavis/health status=200 duration=1ms {"locale":"en"}
[17:54:56.367] INFO: [daemon.js:17438] [4fe78125f3e54573b4c095105e89c74d] → GET /mavis/health
[17:54:56.368] INFO: [daemon.js:17438] [4fe78125f3e54573b4c095105e89c74d] ← GET /mavis/health status=200 duration=1ms {"locale":"en"}
[17:55:06.381] INFO: [daemon.js:17438] [6dc161ca184448219beeef35a8c13297] → GET /mavis/health
[17:55:06.381] INFO: [daemon.js:17438] [6dc161ca184448219beeef35a8c13297] ← GET /mavis/health status=200 duration=0ms {"locale":"en"}
[17:55:16.388] INFO: [daemon.js:17438] [fa9d3e2bd79b4b5ab0a54171b4bd45ce] → GET /mavis/health
[17:55:16.388] INFO: [daemon.js:17438] [fa9d3e2bd79b4b5ab0a54171b4bd45ce] ← GET /mavis/health status=200 duration=0ms {"locale":"en"}
[17:55:26.381] INFO: [daemon.js:17438] [ef847d9c81264ac7b5e293b67e0f31af] → GET /mavis/health
[17:55:26.382] INFO: [daemon.js:17438] [ef847d9c81264ac7b5e293b67e0f31af] ← GET /mavis/health status=200 duration=1ms {"locale":"en"}
[17:55:36.405] INFO: [daemon.js:17438] [fcea530f35e340f38d6e49d247083989] → GET /mavis/health
[17:55:36.405] INFO: [daemon.js:17438] [fcea530f35e340f38d6e49d247083989] ← GET /mavis/health status=200 duration=0ms {"locale":"en"}
[17:55:46.400] INFO: [daemon.js:17438] [0a2696a4493842a69e533cbe8c6a83e0] → GET /mavis/health
[17:55:46.400] INFO: [daemon.js:17438] [0a2696a4493842a69e533cbe8c6a83e0] ← GET /mavis/health status=200 duration=0ms {"locale":"en"}
[17:55:56.414] INFO: [daemon.js:17438] [0ee5dfea917a43bb869f8443bc760d4e] → GET /mavis/health
[17:55:56.414] INFO: [daemon.js:17438] [0ee5dfea917a43bb869f8443bc760d4e] ← GET /mavis/health status=200 duration=0ms {"locale":"en"}
[17:56:06.436] INFO: [daemon.js:17438] [73abdabcbefe4536b1e83bb381a92bb0] → GET /mavis/health
[17:56:06.437] INFO: [daemon.js:17438] [73abdabcbefe4536b1e83bb381a92bb0] ← GET /mavis/health status=200 duration=1ms {"locale":"en"}
[17:56:09.589] INFO: [daemon.js:17438] [ae52956902764febb6b2b882b4dc257d] → POST /mavis/mcp/cu
[17:56:09.590] INFO: [daemon.js:17438] [ae52956902764febb6b2b882b4dc257d] ← POST /mavis/mcp/cu status=200 duration=1ms {"locale":"en"}
[17:56:09.591] INFO: [daemon.js:17438] [f7df54a7b8a14266858e33724891ab93] → POST /mavis/mcp/trash
[17:56:09.591] INFO: [daemon.js:17438] [f7df54a7b8a14266858e33724891ab93] ← POST /mavis/mcp/trash status=200 duration=0ms {"locale":"en"}
[17:56:09.855] INFO: [daemon.js:17438] [21fd00c1c1af4159b2b4e7b26b36583d] [mcp:matrix:stderr] [matrix-mcp-cli] tools/list dropped 2 unknown tool(s) not in this cli's KNOWN_TOOLS: matrix_extract_content_from_websites, matrix_get_upload_url
[17:56:16.442] INFO: [daemon.js:17438] [fec826aba7f341918a56729ab62f7b52] → GET /mavis/health
[17:56:16.443] INFO: [daemon.js:17438] [fec826aba7f341918a56729ab62f7b52] ← GET /mavis/health status=200 duration=1ms {"locale":"en"}
[17:56:26.448] INFO: [daemon.js:17438] [728d0b90383f478a937e4a56cfd74855] → GET /mavis/health
[17:56:26.449] INFO: [daemon.js:17438] [728d0b90383f478a937e4a56cfd74855] ← GET /mavis/health status=200 duration=1ms {"locale":"en"}
[17:56:36.452] INFO: [daemon.js:17438] [d8f1dbd97b0640118dbde7a1ff4f53a4] → GET /mavis/health
[17:56:36.453] INFO: [daemon.js:17438] [d8f1dbd97b0640118dbde7a1ff4f53a4] ← GET /mavis/health status=200 duration=1ms {"locale":"en"}
[17:56:46.458] INFO: [daemon.js:17438] [336014fd5f154830b1d0b51db0eb88e0] → GET /mavis/health
[17:56:46.458] INFO: [daemon.js:17438] [336014fd5f154830b1d0b51db0eb88e0] ← GET /mavis/health status=200 duration=0ms {"locale":"en"}
[17:56:56.478] INFO: [daemon.js:17438] [ee7feac1864248229f5137dcfc105f9c] → GET /mavis/health
[17:56:56.478] INFO: [daemon.js:17438] [ee7feac1864248229f5137dcfc105f9c] ← GET /mavis/health status=200 duration=0ms {"locale":"en"}
[17:57:06.468] INFO: [daemon.js:17438] [41b37323a3fd4d9687c125ae4d251a8d] → GET /mavis/health
[17:57:06.468] INFO: [daemon.js:17438] [41b37323a3fd4d9687c125ae4d251a8d] ← GET /mavis/health status=200 duration=0ms {"locale":"en"}
[17:57:16.463] INFO: [daemon.js:17438] [f175eb46ec4841e8b4a269d447de5e6f] → GET /mavis/health
[17:57:16.463] INFO: [daemon.js:17438] [f175eb46ec4841e8b4a269d447de5e6f] ← GET /mavis/health status=200 duration=0ms {"locale":"en"}
[17:57:26.493] INFO: [daemon.js:17438] [b5bb2a7dd6b14718b1022e21e954aca6] → GET /mavis/health
[17:57:26.493] INFO: [daemon.js:17438] [b5bb2a7dd6b14718b1022e21e954aca6] ← GET /mavis/health status=200 duration=0ms {"locale":"en"}
[17:57:36.498] INFO: [daemon.js:17438] [28c3e4e764624d23bfb785dcb3de324d] → GET /mavis/health
[17:57:36.498] INFO: [daemon.js:17438] [28c3e4e764624d23bfb785dcb3de324d] ← GET /mavis/health status=200 duration=0ms {"locale":"en"}
[17:57:46.503] INFO: [daemon.js:17438] [7b1373764cf84ac98773726a6afb2573] → GET /mavis/health
[17:57:46.503] INFO: [daemon.js:17438] [7b1373764cf84ac98773726a6afb2573] ← GET /mavis/health status=200 duration=0ms {"locale":"en"}
[17:57:56.525] INFO: [daemon.js:17438] [36a02c7db1e448089fb4cd6be66531fe] → GET /mavis/health
[17:57:56.525] INFO: [daemon.js:17438] [36a02c7db1e448089fb4cd6be66531fe] ← GET /mavis/health status=200 duration=0ms {"locale":"en"}
[17:58:06.523] INFO: [daemon.js:17438] [6015c33158a840d08e83f1600c1e12aa] → GET /mavis/health
[17:58:06.523] INFO: [daemon.js:17438] [6015c33158a840d08e83f1600c1e12aa] ← GET /mavis/health status=200 duration=0ms {"locale":"en"}
[17:58:16.529] INFO: [daemon.js:17438] [fec124f86b134bacb4c5e37358bc2a0c] → GET /mavis/health
[17:58:16.530] INFO: [daemon.js:17438] [fec124f86b134bacb4c5e37358bc2a0c] ← GET /mavis/health status=200 duration=1ms {"locale":"en"}
[17:58:26.530] INFO: [daemon.js:17438] [c6c90dacfc76464692b938662277552d] → GET /mavis/health
[17:58:26.530] INFO: [daemon.js:17438] [c6c90dacfc76464692b938662277552d] ← GET /mavis/health status=200 duration=0ms {"locale":"en"}
[17:58:36.556] INFO: [daemon.js:17438] [756fab837d6b44cd8d2c1b87ba4c9ee9] → GET /mavis/health
[17:58:36.556] INFO: [daemon.js:17438] [756fab837d6b44cd8d2c1b87ba4c9ee9] ← GET /mavis/health status=200 duration=0ms {"locale":"en"}
[17:58:46.561] INFO: [daemon.js:17438] [92389b1491944e9282b65dd5f4df5416] → GET /mavis/health
[17:58:46.561] INFO: [daemon.js:17438] [92389b1491944e9282b65dd5f4df5416] ← GET /mavis/health status=200 duration=0ms {"locale":"en"}
[17:58:56.565] INFO: [daemon.js:17438] [319c1b5c11834247a5b6dbb733da8c14] → GET /mavis/health
[17:58:56.566] INFO: [daemon.js:17438] [319c1b5c11834247a5b6dbb733da8c14] ← GET /mavis/health status=200 duration=1ms {"locale":"en"}
[17:59:01.853] INFO: [daemon.js:17438] [308c233c46f84b3489ae3b9514744d01] → GET /mavis/mcp/cu
[17:59:01.854] INFO: [daemon.js:17438] [308c233c46f84b3489ae3b9514744d01] ← GET /mavis/mcp/cu status=200 duration=1ms {"locale":"en"}
[17:59:01.854] INFO: [daemon.js:17438] [b66cd462a2194a79a77e13c543f4631a] → GET /mavis/mcp/trash
[17:59:01.855] INFO: [daemon.js:17438] [b66cd462a2194a79a77e13c543f4631a] ← GET /mavis/mcp/trash status=200 duration=1ms {"locale":"en"}
[17:59:06.570] INFO: [daemon.js:17438] [1899d237398743529781a0e95390d0e0] → GET /mavis/health
[17:59:06.571] INFO: [daemon.js:17438] [1899d237398743529781a0e95390d0e0] ← GET /mavis/health status=200 duration=1ms {"locale":"en"}
[17:59:16.575] INFO: [daemon.js:17438] [c75c02cebdc5490db543f232f55a7c78] → GET /mavis/health
[17:59:16.575] INFO: [daemon.js:17438] [c75c02cebdc5490db543f232f55a7c78] ← GET /mavis/health status=200 duration=0ms {"locale":"en"}
[17:59:26.571] INFO: [daemon.js:17438] [6010a6cd8f164897aa923ff12ef8cbdd] → GET /mavis/health
[17:59:26.571] INFO: [daemon.js:17438] [6010a6cd8f164897aa923ff12ef8cbdd] ← GET /mavis/health status=200 duration=0ms {"locale":"en"}
[17:59:36.584] INFO: [daemon.js:17438] [5187c31ac3534d03b8405100a1f46221] → GET /mavis/health
[17:59:36.584] INFO: [daemon.js:17438] [5187c31ac3534d03b8405100a1f46221] ← GET /mavis/health status=200 duration=0ms {"locale":"en"}
[17:59:46.606] INFO: [daemon.js:17438] [d7b49efe3657440bb8e07c02daf92415] → GET /mavis/health
[17:59:46.606] INFO: [daemon.js:17438] [d7b49efe3657440bb8e07c02daf92415] ← GET /mavis/health status=200 duration=0ms {"locale":"en"}
[17:59:56.612] INFO: [daemon.js:17438] [9780692c33a040efade6f1168e040c8b] → GET /mavis/health
[17:59:56.612] INFO: [daemon.js:17438] [9780692c33a040efade6f1168e040c8b] ← GET /mavis/health status=200 duration=0ms {"locale":"en"}
