[16:00:00.965] INFO: [daemon.js:17438] [a4849e924a4d400fbdba27c3a9a54b0f] → GET /mavis/health
[16:00:00.966] INFO: [daemon.js:17438] [a4849e924a4d400fbdba27c3a9a54b0f] ← GET /mavis/health status=200 duration=1ms {"locale":"en"}
[16:00:10.961] INFO: [daemon.js:17438] [d374afe660a34699a43580d0bf5c2d68] → GET /mavis/health
[16:00:10.961] INFO: [daemon.js:17438] [d374afe660a34699a43580d0bf5c2d68] ← GET /mavis/health status=200 duration=0ms {"locale":"en"}
[16:00:20.981] INFO: [daemon.js:17438] [cc9416f5cb9944a7ad1a81216bd490b4] → GET /mavis/health
[16:00:20.981] INFO: [daemon.js:17438] [cc9416f5cb9944a7ad1a81216bd490b4] ← GET /mavis/health status=200 duration=0ms {"locale":"en"}
[16:00:30.971] INFO: [daemon.js:17438] [2e88095c4c644bd58bdc30f74be1961a] → GET /mavis/health
[16:00:30.972] INFO: [daemon.js:17438] [2e88095c4c644bd58bdc30f74be1961a] ← GET /mavis/health status=200 duration=1ms {"locale":"en"}
[16:00:40.991] INFO: [daemon.js:17438] [16f7f57c0d1646fb90f5cd07134b2f6a] → GET /mavis/health
[16:00:40.992] INFO: [daemon.js:17438] [16f7f57c0d1646fb90f5cd07134b2f6a] ← GET /mavis/health status=200 duration=1ms {"locale":"en"}
[16:00:50.996] INFO: [daemon.js:17438] [764cb235af6e43bab2434cbf2ccf7aad] → GET /mavis/health
[16:00:50.996] INFO: [daemon.js:17438] [764cb235af6e43bab2434cbf2ccf7aad] ← GET /mavis/health status=200 duration=0ms {"locale":"en"}
[16:01:00.985] INFO: [daemon.js:17438] [129760fe5d3b4601b92260e9a8e0bf61] → GET /mavis/health
[16:01:00.986] INFO: [daemon.js:17438] [129760fe5d3b4601b92260e9a8e0bf61] ← GET /mavis/health status=200 duration=1ms {"locale":"en"}
[16:01:09.400] INFO: [daemon.js:17438] [20a57deba5264ea5bd1832d3bb5ada00] [mcp:matrix:stderr] [matrix-mcp-cli] tools/list dropped 2 unknown tool(s) not in this cli's KNOWN_TOOLS: matrix_extract_content_from_websites, matrix_get_upload_url
[16:01:09.401] INFO: [daemon.js:17438] [bc08f2902f514b9882423e0859e943d9] → POST /mavis/mcp/cu
[16:01:09.408] INFO: [daemon.js:17438] [bc08f2902f514b9882423e0859e943d9] ← POST /mavis/mcp/cu status=200 duration=7ms {"locale":"en"}
[16:01:09.408] INFO: [daemon.js:17438] [9fc5c58018844c21b2dd675a1895053c] → POST /mavis/mcp/trash
[16:01:09.409] INFO: [daemon.js:17438] [9fc5c58018844c21b2dd675a1895053c] ← POST /mavis/mcp/trash status=200 duration=1ms {"locale":"en"}
[16:01:09.412] INFO: [daemon.js:17438] [e070c464a0b7460884c42fb2bea98f66] → POST /mavis/mcp/cu
[16:01:09.417] INFO: [daemon.js:17438] [e070c464a0b7460884c42fb2bea98f66] ← POST /mavis/mcp/cu status=202 duration=5ms {"locale":"en"}
[16:01:09.417] INFO: [daemon.js:17438] [a0dfb3f353fd4fce875d1265e200e7ff] → POST /mavis/mcp/trash
[16:01:09.419] INFO: [daemon.js:17438] [a0dfb3f353fd4fce875d1265e200e7ff] ← POST /mavis/mcp/trash status=202 duration=2ms {"locale":"en"}
[16:01:09.421] INFO: [daemon.js:17438] [1149939f3b624bdfb0851fe9b5c624c3] Connected MCP server, serverName=cu, transportType=http
[16:01:09.422] INFO: [daemon.js:17438] [9cbe3358e6f3415485c0788437010546] Connected MCP server, serverName=trash, transportType=http
[16:01:09.423] INFO: [daemon.js:17438] [1d3c2612b18f466699c0af4ff900a41e] → GET /mavis/mcp/cu
[16:01:09.424] INFO: [daemon.js:17438] [1d3c2612b18f466699c0af4ff900a41e] ← GET /mavis/mcp/cu status=200 duration=1ms {"locale":"en"}
[16:01:09.425] INFO: [daemon.js:17438] [8202250fdd8f4c519030780bcb68612c] → POST /mavis/mcp/cu
[16:01:09.431] INFO: [daemon.js:17438] [8202250fdd8f4c519030780bcb68612c] ← POST /mavis/mcp/cu status=200 duration=6ms {"locale":"en"}
[16:01:09.435] INFO: [daemon.js:17438] [17ad935831da4e10b7ba854f4cd52a9f] → GET /mavis/mcp/trash
[16:01:09.436] INFO: [daemon.js:17438] [17ad935831da4e10b7ba854f4cd52a9f] ← GET /mavis/mcp/trash status=200 duration=1ms {"locale":"en"}
[16:01:09.437] INFO: [daemon.js:17438] [613b36987ab8492cb161f0d610c3c669] → POST /mavis/mcp/trash
[16:01:09.439] INFO: [daemon.js:17438] [613b36987ab8492cb161f0d610c3c669] ← POST /mavis/mcp/trash status=200 duration=2ms {"locale":"en"}
[16:01:11.006] INFO: [daemon.js:17438] [9c69f2cbf61244598f50d4de63388ce0] → GET /mavis/health
[16:01:11.006] INFO: [daemon.js:17438] [9c69f2cbf61244598f50d4de63388ce0] ← GET /mavis/health status=200 duration=0ms {"locale":"en"}
[16:01:21.011] INFO: [daemon.js:17438] [e215c3f4f26449868777214f11798fee] → GET /mavis/health
[16:01:21.011] INFO: [daemon.js:17438] [e215c3f4f26449868777214f11798fee] ← GET /mavis/health status=200 duration=0ms {"locale":"en"}
[16:01:31.000] INFO: [daemon.js:17438] [612e1fbb09aa42eb85a11758c0c4b7b9] → GET /mavis/health
[16:01:31.001] INFO: [daemon.js:17438] [612e1fbb09aa42eb85a11758c0c4b7b9] ← GET /mavis/health status=200 duration=1ms {"locale":"en"}
[16:01:41.004] INFO: [daemon.js:17438] [00f6b956ccc94915806540b9939c678e] → GET /mavis/health
[16:01:41.005] INFO: [daemon.js:17438] [00f6b956ccc94915806540b9939c678e] ← GET /mavis/health status=200 duration=1ms {"locale":"en"}
[16:01:51.026] INFO: [daemon.js:17438] [7e42a28847784580b0124559484fc336] → GET /mavis/health
[16:01:51.026] INFO: [daemon.js:17438] [7e42a28847784580b0124559484fc336] ← GET /mavis/health status=200 duration=0ms {"locale":"en"}
[16:02:01.022] INFO: [daemon.js:17438] [fcd7d808c18c4f059478442e02cb0bf8] → GET /mavis/health
[16:02:01.023] INFO: [daemon.js:17438] [fcd7d808c18c4f059478442e02cb0bf8] ← GET /mavis/health status=200 duration=1ms {"locale":"en"}
[16:02:11.043] INFO: [daemon.js:17438] [92379158eab2474297892e4c60c99969] → GET /mavis/health
[16:02:11.043] INFO: [daemon.js:17438] [92379158eab2474297892e4c60c99969] ← GET /mavis/health status=200 duration=0ms {"locale":"en"}
[16:02:15.743] INFO: [daemon.js:17438] [9c434eac02c1441d8f24a69cef163538] → GET /mavis/api/fs/git-info
[16:02:15.743] INFO: [daemon.js:17438] [9c434eac02c1441d8f24a69cef163538] ← GET /mavis/api/fs/git-info status=200 duration=0ms {"locale":"en"}
[16:02:21.041] INFO: [daemon.js:17438] [e7fdb4149f67434eb39d96441f122c32] → GET /mavis/health
[16:02:21.042] INFO: [daemon.js:17438] [e7fdb4149f67434eb39d96441f122c32] ← GET /mavis/health status=200 duration=1ms {"locale":"en"}
[16:02:31.050] INFO: [daemon.js:17438] [8202fe43654c4d94b84a7fd42150d6ad] → GET /mavis/health
[16:02:31.050] INFO: [daemon.js:17438] [8202fe43654c4d94b84a7fd42150d6ad] ← GET /mavis/health status=200 duration=0ms {"locale":"en"}
[16:02:41.057] INFO: [daemon.js:17438] [91074e13d17540f88fabab261aff62a2] → GET /mavis/health
[16:02:41.058] INFO: [daemon.js:17438] [91074e13d17540f88fabab261aff62a2] ← GET /mavis/health status=200 duration=1ms {"locale":"en"}
[16:02:51.078] INFO: [daemon.js:17438] [c7dcb78048c34a409aad5d6c06e03afa] → GET /mavis/health
[16:02:51.078] INFO: [daemon.js:17438] [c7dcb78048c34a409aad5d6c06e03afa] ← GET /mavis/health status=200 duration=0ms {"locale":"en"}
[16:03:01.082] INFO: [daemon.js:17438] [8f3a44b1f7204d40ad54725783015785] → GET /mavis/health
[16:03:01.083] INFO: [daemon.js:17438] [8f3a44b1f7204d40ad54725783015785] ← GET /mavis/health status=200 duration=1ms {"locale":"en"}
[16:03:11.088] INFO: [daemon.js:17438] [6aef8f69ad8e458dafd6223e9152b946] → GET /mavis/health
[16:03:11.088] INFO: [daemon.js:17438] [6aef8f69ad8e458dafd6223e9152b946] ← GET /mavis/health status=200 duration=0ms {"locale":"en"}
[16:03:21.088] INFO: [daemon.js:17438] [fbbcc73a868a4d978b45598bd3dcc128] → GET /mavis/health
[16:03:21.088] INFO: [daemon.js:17438] [fbbcc73a868a4d978b45598bd3dcc128] ← GET /mavis/health status=200 duration=0ms {"locale":"en"}
[16:03:31.113] INFO: [daemon.js:17438] [e328ac7d31a34bfb8eab1860d686b0cc] → GET /mavis/health
[16:03:31.113] INFO: [daemon.js:17438] [e328ac7d31a34bfb8eab1860d686b0cc] ← GET /mavis/health status=200 duration=0ms {"locale":"en"}
[16:03:41.113] INFO: [daemon.js:17438] [db05e465280f4f03a0399cfd4b07fd5a] → GET /mavis/health
[16:03:41.113] INFO: [daemon.js:17438] [db05e465280f4f03a0399cfd4b07fd5a] ← GET /mavis/health status=200 duration=0ms {"locale":"en"}
[16:03:51.123] INFO: [daemon.js:17438] [f5ac8fbf7d434dbeb7b608ed83244b14] → GET /mavis/health
[16:03:51.123] INFO: [daemon.js:17438] [f5ac8fbf7d434dbeb7b608ed83244b14] ← GET /mavis/health status=200 duration=0ms {"locale":"en"}
[16:04:01.129] INFO: [daemon.js:17438] [e33d8c958fd84231a555d9b9c70f0e01] → GET /mavis/health
[16:04:01.129] INFO: [daemon.js:17438] [e33d8c958fd84231a555d9b9c70f0e01] ← GET /mavis/health status=200 duration=0ms {"locale":"en"}
[16:04:11.136] INFO: [daemon.js:17438] [8eda7a6c3dee4f8b9caf50889d3baad4] → GET /mavis/health
[16:04:11.136] INFO: [daemon.js:17438] [8eda7a6c3dee4f8b9caf50889d3baad4] ← GET /mavis/health status=200 duration=0ms {"locale":"en"}
[16:04:21.144] INFO: [daemon.js:17438] [832a551faeba4bef99c4f937ded9558b] → GET /mavis/health
[16:04:21.145] INFO: [daemon.js:17438] [832a551faeba4bef99c4f937ded9558b] ← GET /mavis/health status=200 duration=1ms {"locale":"en"}
[16:04:31.158] INFO: [daemon.js:17438] [cf0c8cf3eb884b56b72271a8b0226a30] → GET /mavis/health
[16:04:31.159] INFO: [daemon.js:17438] [cf0c8cf3eb884b56b72271a8b0226a30] ← GET /mavis/health status=200 duration=1ms {"locale":"en"}
[16:04:41.157] INFO: [daemon.js:17438] [b2fbffa1e6934fc5b26dd98aae15b176] → GET /mavis/health
[16:04:41.157] INFO: [daemon.js:17438] [b2fbffa1e6934fc5b26dd98aae15b176] ← GET /mavis/health status=200 duration=0ms {"locale":"en"}
[16:04:51.185] INFO: [daemon.js:17438] [b1c99b8bf6714b92b35f922357754cd1] → GET /mavis/health
[16:04:51.185] INFO: [daemon.js:17438] [b1c99b8bf6714b92b35f922357754cd1] ← GET /mavis/health status=200 duration=0ms {"locale":"en"}
[16:05:01.188] INFO: [daemon.js:17438] [afe65ade837f45b4b5a0b1bb2bfafea7] → GET /mavis/health
[16:05:01.188] INFO: [daemon.js:17438] [afe65ade837f45b4b5a0b1bb2bfafea7] ← GET /mavis/health status=200 duration=0ms {"locale":"en"}
[16:05:11.172] INFO: [daemon.js:17438] [87d5901565e347f39d1ce31f0cb0fd7c] → GET /mavis/health
[16:05:11.172] INFO: [daemon.js:17438] [87d5901565e347f39d1ce31f0cb0fd7c] ← GET /mavis/health status=200 duration=0ms {"locale":"en"}
[16:05:21.198] INFO: [daemon.js:17438] [c66844e63fd74fae9b53cbabb3f011a5] → GET /mavis/health
[16:05:21.198] INFO: [daemon.js:17438] [c66844e63fd74fae9b53cbabb3f011a5] ← GET /mavis/health status=200 duration=0ms {"locale":"en"}
[16:05:31.203] INFO: [daemon.js:17438] [bd17382e6f32474a93538302dd77115f] → GET /mavis/health
[16:05:31.203] INFO: [daemon.js:17438] [bd17382e6f32474a93538302dd77115f] ← GET /mavis/health status=200 duration=0ms {"locale":"en"}
[16:05:41.208] INFO: [daemon.js:17438] [20e8252e9e2547898cbda39b95a9c8c9] → GET /mavis/health
[16:05:41.208] INFO: [daemon.js:17438] [20e8252e9e2547898cbda39b95a9c8c9] ← GET /mavis/health status=200 duration=0ms {"locale":"en"}
[16:05:51.198] INFO: [daemon.js:17438] [6ce13b5efb9f48c09690f25388cecbe2] → GET /mavis/health
[16:05:51.198] INFO: [daemon.js:17438] [6ce13b5efb9f48c09690f25388cecbe2] ← GET /mavis/health status=200 duration=0ms {"locale":"en"}
[16:06:01.204] INFO: [daemon.js:17438] [1d980fe886fb4c46bbacb20819738ed5] → GET /mavis/health
[16:06:01.205] INFO: [daemon.js:17438] [1d980fe886fb4c46bbacb20819738ed5] ← GET /mavis/health status=200 duration=1ms {"locale":"en"}
[16:06:09.404] INFO: [daemon.js:17438] [8fef1dde5a524881824b62014e8323ac] → POST /mavis/mcp/cu
[16:06:09.408] INFO: [daemon.js:17438] [8fef1dde5a524881824b62014e8323ac] ← POST /mavis/mcp/cu status=200 duration=4ms {"locale":"en"}
[16:06:09.408] INFO: [daemon.js:17438] [34dc92b092dd47e39e978ef7be2d4e2a] → POST /mavis/mcp/trash
[16:06:09.410] INFO: [daemon.js:17438] [34dc92b092dd47e39e978ef7be2d4e2a] ← POST /mavis/mcp/trash status=200 duration=2ms {"locale":"en"}
[16:06:09.664] INFO: [daemon.js:17438] [8e3c9f956f484aa8a11d22cb8a34c7c8] [mcp:matrix:stderr] [matrix-mcp-cli] tools/list dropped 2 unknown tool(s) not in this cli's KNOWN_TOOLS: matrix_extract_content_from_websites, matrix_get_upload_url
[16:06:11.223] INFO: [daemon.js:17438] [74e0f231d6214c4bb1499dab4e06a660] → GET /mavis/health
[16:06:11.223] INFO: [daemon.js:17438] [74e0f231d6214c4bb1499dab4e06a660] ← GET /mavis/health status=200 duration=0ms {"locale":"en"}
[16:06:16.240] INFO: [daemon.js:17438] [dea5db0775974fd996e5c8d51cc633b4] → GET /mavis/mcp/cu
[16:06:16.242] INFO: [daemon.js:17438] [dea5db0775974fd996e5c8d51cc633b4] ← GET /mavis/mcp/cu status=200 duration=2ms {"locale":"en"}
[16:06:16.242] INFO: [daemon.js:17438] [3d6fe0e668f24f618c708051fce66b6b] → GET /mavis/mcp/trash
[16:06:16.242] INFO: [daemon.js:17438] [3d6fe0e668f24f618c708051fce66b6b] ← GET /mavis/mcp/trash status=200 duration=0ms {"locale":"en"}
[16:06:21.243] INFO: [daemon.js:17438] [fd780927b6044b9c96ab4ed969df0ca2] → GET /mavis/health
[16:06:21.243] INFO: [daemon.js:17438] [fd780927b6044b9c96ab4ed969df0ca2] ← GET /mavis/health status=200 duration=0ms {"locale":"en"}
[16:06:31.248] INFO: [daemon.js:17438] [b4178156403344b395da27f8c29422c8] → GET /mavis/health
[16:06:31.249] INFO: [daemon.js:17438] [b4178156403344b395da27f8c29422c8] ← GET /mavis/health status=200 duration=1ms {"locale":"en"}
[16:06:41.268] INFO: [daemon.js:17438] [ffb8d6d9a7ad4c75aa70dc15483a27c0] → GET /mavis/health
[16:06:41.268] INFO: [daemon.js:17438] [ffb8d6d9a7ad4c75aa70dc15483a27c0] ← GET /mavis/health status=200 duration=0ms {"locale":"en"}
[16:06:51.264] INFO: [daemon.js:17438] [02c095f5b74d4b28a7ea5764a61c82e8] → GET /mavis/health
[16:06:51.264] INFO: [daemon.js:17438] [02c095f5b74d4b28a7ea5764a61c82e8] ← GET /mavis/health status=200 duration=0ms {"locale":"en"}
[16:07:01.266] INFO: [daemon.js:17438] [34e1356f6db74ffd9d2fa5178ab10f7f] → GET /mavis/health
[16:07:01.266] INFO: [daemon.js:17438] [34e1356f6db74ffd9d2fa5178ab10f7f] ← GET /mavis/health status=200 duration=0ms {"locale":"en"}
[16:07:11.283] INFO: [daemon.js:17438] [06b53e9c681d493492e39677454ac24d] → GET /mavis/health
[16:07:11.283] INFO: [daemon.js:17438] [06b53e9c681d493492e39677454ac24d] ← GET /mavis/health status=200 duration=0ms {"locale":"en"}
[16:07:21.291] INFO: [daemon.js:17438] [b5fc092ee29b4d03ac9401f80f9bf77b] → GET /mavis/health
[16:07:21.291] INFO: [daemon.js:17438] [b5fc092ee29b4d03ac9401f80f9bf77b] ← GET /mavis/health status=200 duration=0ms {"locale":"en"}
[16:07:31.293] INFO: [daemon.js:17438] [7af326d73d414c4589d28293597eba07] → GET /mavis/health
[16:07:31.293] INFO: [daemon.js:17438] [7af326d73d414c4589d28293597eba07] ← GET /mavis/health status=200 duration=0ms {"locale":"en"}
[16:07:41.290] INFO: [daemon.js:17438] [1eeabe2003454742b45ec7c46e08e448] → GET /mavis/health
[16:07:41.290] INFO: [daemon.js:17438] [1eeabe2003454742b45ec7c46e08e448] ← GET /mavis/health status=200 duration=0ms {"locale":"en"}
[16:07:51.313] INFO: [daemon.js:17438] [80b2bed286d742b39cf43e8715b29c9b] → GET /mavis/health
[16:07:51.314] INFO: [daemon.js:17438] [80b2bed286d742b39cf43e8715b29c9b] ← GET /mavis/health status=200 duration=1ms {"locale":"en"}
[16:08:01.312] INFO: [daemon.js:17438] [04e1deece24947d59bf049b1c8c6469e] → GET /mavis/health
[16:08:01.313] INFO: [daemon.js:17438] [04e1deece24947d59bf049b1c8c6469e] ← GET /mavis/health status=200 duration=1ms {"locale":"en"}
[16:08:11.328] INFO: [daemon.js:17438] [4e82c3c52e284a679087cb287ce553a5] → GET /mavis/health
[16:08:11.329] INFO: [daemon.js:17438] [4e82c3c52e284a679087cb287ce553a5] ← GET /mavis/health status=200 duration=1ms {"locale":"en"}
[16:08:21.333] INFO: [daemon.js:17438] [3c369e3667734d3da0edc933aafb1531] → GET /mavis/health
[16:08:21.333] INFO: [daemon.js:17438] [3c369e3667734d3da0edc933aafb1531] ← GET /mavis/health status=200 duration=0ms {"locale":"en"}
[16:08:31.348] INFO: [daemon.js:17438] [249c098b9fe54fe284b91e4f5e4a37d8] → GET /mavis/health
[16:08:31.349] INFO: [daemon.js:17438] [249c098b9fe54fe284b91e4f5e4a37d8] ← GET /mavis/health status=200 duration=1ms {"locale":"en"}
[16:08:41.343] INFO: [daemon.js:17438] [afde251ad7934ef38d6b479352141f5b] → GET /mavis/health
[16:08:41.344] INFO: [daemon.js:17438] [afde251ad7934ef38d6b479352141f5b] ← GET /mavis/health status=200 duration=1ms {"locale":"en"}
[16:08:51.348] INFO: [daemon.js:17438] [543bc94af743415191c60a2428236ca5] → GET /mavis/health
[16:08:51.348] INFO: [daemon.js:17438] [543bc94af743415191c60a2428236ca5] ← GET /mavis/health status=200 duration=0ms {"locale":"en"}
[16:09:01.353] INFO: [daemon.js:17438] [047d377172a3483e8e8ebbec221a39c2] → GET /mavis/health
[16:09:01.353] INFO: [daemon.js:17438] [047d377172a3483e8e8ebbec221a39c2] ← GET /mavis/health status=200 duration=0ms {"locale":"en"}
[16:09:11.352] INFO: [daemon.js:17438] [6ad19328405a4ade84be64558a918a24] → GET /mavis/health
[16:09:11.352] INFO: [daemon.js:17438] [6ad19328405a4ade84be64558a918a24] ← GET /mavis/health status=200 duration=0ms {"locale":"en"}
[16:09:21.368] INFO: [daemon.js:17438] [6eed1c1b105e48ca8de0a6852a1e1f95] → GET /mavis/health
[16:09:21.369] INFO: [daemon.js:17438] [6eed1c1b105e48ca8de0a6852a1e1f95] ← GET /mavis/health status=200 duration=1ms {"locale":"en"}
[16:09:31.371] INFO: [daemon.js:17438] [1e0382f582d441a5bbde5f4447ba62cb] → GET /mavis/health
[16:09:31.372] INFO: [daemon.js:17438] [1e0382f582d441a5bbde5f4447ba62cb] ← GET /mavis/health status=200 duration=1ms {"locale":"en"}
[16:09:41.385] INFO: [daemon.js:17438] [24a209a769544b489dfee95131952d1b] → GET /mavis/health
[16:09:41.385] INFO: [daemon.js:17438] [24a209a769544b489dfee95131952d1b] ← GET /mavis/health status=200 duration=0ms {"locale":"en"}
[16:09:51.400] INFO: [daemon.js:17438] [cea18530f32942caa455f6b445546089] → GET /mavis/health
[16:09:51.401] INFO: [daemon.js:17438] [cea18530f32942caa455f6b445546089] ← GET /mavis/health status=200 duration=1ms {"locale":"en"}
[16:10:01.413] INFO: [daemon.js:17438] [222016b1e8014ce8be70f56656b80255] → GET /mavis/health
[16:10:01.414] INFO: [daemon.js:17438] [222016b1e8014ce8be70f56656b80255] ← GET /mavis/health status=200 duration=1ms {"locale":"en"}
[16:10:11.429] INFO: [daemon.js:17438] [fde173159c9a480092bd97420280e284] → GET /mavis/health
[16:10:11.429] INFO: [daemon.js:17438] [fde173159c9a480092bd97420280e284] ← GET /mavis/health status=200 duration=0ms {"locale":"en"}
[16:10:21.438] INFO: [daemon.js:17438] [54ba88337dea4c55a9baed79b39fe979] → GET /mavis/health
[16:10:21.438] INFO: [daemon.js:17438] [54ba88337dea4c55a9baed79b39fe979] ← GET /mavis/health status=200 duration=0ms {"locale":"en"}
[16:10:31.443] INFO: [daemon.js:17438] [4d7b37d8552f41f1b56924ecb05bca0a] → GET /mavis/health
[16:10:31.443] INFO: [daemon.js:17438] [4d7b37d8552f41f1b56924ecb05bca0a] ← GET /mavis/health status=200 duration=0ms {"locale":"en"}
[16:10:41.448] INFO: [daemon.js:17438] [3b70735c7ef947999ec1b6a0523cf3ad] → GET /mavis/health
[16:10:41.449] INFO: [daemon.js:17438] [3b70735c7ef947999ec1b6a0523cf3ad] ← GET /mavis/health status=200 duration=1ms {"locale":"en"}
[16:10:51.441] INFO: [daemon.js:17438] [70e653cb12be4c5f982e3ec21e719663] → GET /mavis/health
[16:10:51.441] INFO: [daemon.js:17438] [70e653cb12be4c5f982e3ec21e719663] ← GET /mavis/health status=200 duration=0ms {"locale":"en"}
[16:11:01.448] INFO: [daemon.js:17438] [bd30dccdf0ee429080f86e145cd087ba] → GET /mavis/health
[16:11:01.448] INFO: [daemon.js:17438] [bd30dccdf0ee429080f86e145cd087ba] ← GET /mavis/health status=200 duration=0ms {"locale":"en"}
[16:11:09.417] INFO: [daemon.js:17438] [e99dfb532bb841919f508f998795cbc4] [mcp:matrix:stderr] [matrix-mcp-cli] tools/list dropped 2 unknown tool(s) not in this cli's KNOWN_TOOLS: matrix_extract_content_from_websites, matrix_get_upload_url
[16:11:09.418] INFO: [daemon.js:17438] [bc3111c84286457497662c924bfdaefc] → POST /mavis/mcp/cu
[16:11:09.423] INFO: [daemon.js:17438] [bc3111c84286457497662c924bfdaefc] ← POST /mavis/mcp/cu status=200 duration=5ms {"locale":"en"}
[16:11:09.424] INFO: [daemon.js:17438] [41d8ea59e3a94134b901dc984ea95118] → POST /mavis/mcp/trash
[16:11:09.425] INFO: [daemon.js:17438] [41d8ea59e3a94134b901dc984ea95118] ← POST /mavis/mcp/trash status=200 duration=1ms {"locale":"en"}
[16:11:11.463] INFO: [daemon.js:17438] [ed075fdf734f4d569e84450f24b7ad7b] → GET /mavis/health
[16:11:11.464] INFO: [daemon.js:17438] [ed075fdf734f4d569e84450f24b7ad7b] ← GET /mavis/health status=200 duration=1ms {"locale":"en"}
[16:11:21.483] INFO: [daemon.js:17438] [e8e832c971454bca8687f228c6a45bda] → GET /mavis/health
[16:11:21.483] INFO: [daemon.js:17438] [e8e832c971454bca8687f228c6a45bda] ← GET /mavis/health status=200 duration=0ms {"locale":"en"}
[16:11:23.645] INFO: [daemon.js:17438] [9f6a4d3edcb741239ce72d4cc602c6ed] → GET /mavis/mcp/cu
[16:11:23.646] INFO: [daemon.js:17438] [9f6a4d3edcb741239ce72d4cc602c6ed] ← GET /mavis/mcp/cu status=200 duration=1ms {"locale":"en"}
[16:11:23.646] INFO: [daemon.js:17438] [8d4fb0a3667d43ab8feab2778e2aaace] → GET /mavis/mcp/trash
[16:11:23.647] INFO: [daemon.js:17438] [8d4fb0a3667d43ab8feab2778e2aaace] ← GET /mavis/mcp/trash status=200 duration=1ms {"locale":"en"}
[16:11:31.477] INFO: [daemon.js:17438] [6e0de3abedac4070a96fbba2c1f25d0d] → GET /mavis/health
[16:11:31.478] INFO: [daemon.js:17438] [6e0de3abedac4070a96fbba2c1f25d0d] ← GET /mavis/health status=200 duration=1ms {"locale":"en"}
[16:11:41.480] INFO: [daemon.js:17438] [288d37320f1f40ec800ba53b3c69e0d2] → GET /mavis/health
[16:11:41.481] INFO: [daemon.js:17438] [288d37320f1f40ec800ba53b3c69e0d2] ← GET /mavis/health status=200 duration=1ms {"locale":"en"}
[16:11:51.498] INFO: [daemon.js:17438] [289ddd073a044f3bb362fd5c095ce004] → GET /mavis/health
[16:11:51.499] INFO: [daemon.js:17438] [289ddd073a044f3bb362fd5c095ce004] ← GET /mavis/health status=200 duration=1ms {"locale":"en"}
[16:12:01.503] INFO: [daemon.js:17438] [9b6d32d22f6e4649ab5fcd59f365a99b] → GET /mavis/health
[16:12:01.504] INFO: [daemon.js:17438] [9b6d32d22f6e4649ab5fcd59f365a99b] ← GET /mavis/health status=200 duration=1ms {"locale":"en"}
[16:12:11.512] INFO: [daemon.js:17438] [9e9e5f2cc9f746dca146325c21c98a6d] → GET /mavis/health
[16:12:11.512] INFO: [daemon.js:17438] [9e9e5f2cc9f746dca146325c21c98a6d] ← GET /mavis/health status=200 duration=0ms {"locale":"en"}
[16:12:21.562] INFO: [daemon.js:17438] [99ba809931484ee18e9eda5fd1427fc6] → GET /mavis/health
[16:12:21.563] INFO: [daemon.js:17438] [99ba809931484ee18e9eda5fd1427fc6] ← GET /mavis/health status=200 duration=1ms {"locale":"en"}
[16:12:31.514] INFO: [daemon.js:17438] [876bf7d8dc7741cf8242ab37d74c36a0] → GET /mavis/health
[16:12:31.514] INFO: [daemon.js:17438] [876bf7d8dc7741cf8242ab37d74c36a0] ← GET /mavis/health status=200 duration=0ms {"locale":"en"}
[16:12:41.521] INFO: [daemon.js:17438] [f4277bfb8dd54bd8be9eaf1a52df69c2] → GET /mavis/health
[16:12:41.522] INFO: [daemon.js:17438] [f4277bfb8dd54bd8be9eaf1a52df69c2] ← GET /mavis/health status=200 duration=1ms {"locale":"en"}
[16:12:51.543] INFO: [daemon.js:17438] [cd9fb7d2c7f44c8c91d2aa11b6a2c160] → GET /mavis/health
[16:12:51.543] INFO: [daemon.js:17438] [cd9fb7d2c7f44c8c91d2aa11b6a2c160] ← GET /mavis/health status=200 duration=0ms {"locale":"en"}
[16:13:01.543] INFO: [daemon.js:17438] [77a3866b53704ef3825068ebe36bd138] → GET /mavis/health
[16:13:01.544] INFO: [daemon.js:17438] [77a3866b53704ef3825068ebe36bd138] ← GET /mavis/health status=200 duration=1ms {"locale":"en"}
[16:13:11.555] INFO: [daemon.js:17438] [f516676dead547928cc352d694add77d] → GET /mavis/health
[16:13:11.556] INFO: [daemon.js:17438] [f516676dead547928cc352d694add77d] ← GET /mavis/health status=200 duration=1ms {"locale":"en"}
[16:13:21.573] INFO: [daemon.js:17438] [88cd69d806264cdf8eca6a3414144984] → GET /mavis/health
[16:13:21.573] INFO: [daemon.js:17438] [88cd69d806264cdf8eca6a3414144984] ← GET /mavis/health status=200 duration=0ms {"locale":"en"}
[16:13:31.569] INFO: [daemon.js:17438] [ba774e625a714383badc81d83cd2bf81] → GET /mavis/health
[16:13:31.570] INFO: [daemon.js:17438] [ba774e625a714383badc81d83cd2bf81] ← GET /mavis/health status=200 duration=1ms {"locale":"en"}
[16:13:41.584] INFO: [daemon.js:17438] [5d9374b719af40e1b55ddb86c9eee6d3] → GET /mavis/health
[16:13:41.585] INFO: [daemon.js:17438] [5d9374b719af40e1b55ddb86c9eee6d3] ← GET /mavis/health status=200 duration=1ms {"locale":"en"}
[16:13:51.589] INFO: [daemon.js:17438] [aa5ddf50def749de99bb95f56d946c46] → GET /mavis/health
[16:13:51.589] INFO: [daemon.js:17438] [aa5ddf50def749de99bb95f56d946c46] ← GET /mavis/health status=200 duration=0ms {"locale":"en"}
[16:14:01.594] INFO: [daemon.js:17438] [ca39d6c272054947bb6731be4481fd1d] → GET /mavis/health
[16:14:01.594] INFO: [daemon.js:17438] [ca39d6c272054947bb6731be4481fd1d] ← GET /mavis/health status=200 duration=0ms {"locale":"en"}
[16:14:11.592] INFO: [daemon.js:17438] [eb55b9cfc9094e98814c617ec37e7c3c] → GET /mavis/health
[16:14:11.592] INFO: [daemon.js:17438] [eb55b9cfc9094e98814c617ec37e7c3c] ← GET /mavis/health status=200 duration=0ms {"locale":"en"}
[16:14:21.618] INFO: [daemon.js:17438] [a5bc8302e38944dd8dde78564a17b2bf] → GET /mavis/health
[16:14:21.618] INFO: [daemon.js:17438] [a5bc8302e38944dd8dde78564a17b2bf] ← GET /mavis/health status=200 duration=0ms {"locale":"en"}
[16:14:31.623] INFO: [daemon.js:17438] [6aac4b9ac52c4703a4d338ce126e019e] → GET /mavis/health
[16:14:31.623] INFO: [daemon.js:17438] [6aac4b9ac52c4703a4d338ce126e019e] ← GET /mavis/health status=200 duration=0ms {"locale":"en"}
[16:14:41.621] INFO: [daemon.js:17438] [0af3a7df1a6a4e268dcc4b29b993456a] → GET /mavis/health
[16:14:41.621] INFO: [daemon.js:17438] [0af3a7df1a6a4e268dcc4b29b993456a] ← GET /mavis/health status=200 duration=0ms {"locale":"en"}
[16:14:51.648] INFO: [daemon.js:17438] [6c2902805d21412ba4dcf257fa3ca535] → GET /mavis/health
[16:14:51.648] INFO: [daemon.js:17438] [6c2902805d21412ba4dcf257fa3ca535] ← GET /mavis/health status=200 duration=0ms {"locale":"en"}
[16:15:01.653] INFO: [daemon.js:17438] [398db27d8bf1486cb0a669d709320ff7] → GET /mavis/health
[16:15:01.653] INFO: [daemon.js:17438] [398db27d8bf1486cb0a669d709320ff7] ← GET /mavis/health status=200 duration=0ms {"locale":"en"}
[16:15:11.646] INFO: [daemon.js:17438] [29a80fd2de934a57853c18b7d7e6ffa9] → GET /mavis/health
[16:15:11.646] INFO: [daemon.js:17438] [29a80fd2de934a57853c18b7d7e6ffa9] ← GET /mavis/health status=200 duration=0ms {"locale":"en"}
[16:15:21.663] INFO: [daemon.js:17438] [0a342fd9c7794672977fbc3f8ecf9187] → GET /mavis/health
[16:15:21.664] INFO: [daemon.js:17438] [0a342fd9c7794672977fbc3f8ecf9187] ← GET /mavis/health status=200 duration=1ms {"locale":"en"}
[16:15:31.684] INFO: [daemon.js:17438] [ca12f1cc4abe4aafb2a63cf58717cbab] → GET /mavis/health
[16:15:31.684] INFO: [daemon.js:17438] [ca12f1cc4abe4aafb2a63cf58717cbab] ← GET /mavis/health status=200 duration=0ms {"locale":"en"}
[16:15:41.678] INFO: [daemon.js:17438] [839e2d1b8c284123aeb6b2232a454d2b] → GET /mavis/health
[16:15:41.678] INFO: [daemon.js:17438] [839e2d1b8c284123aeb6b2232a454d2b] ← GET /mavis/health status=200 duration=0ms {"locale":"en"}
[16:15:51.709] INFO: [daemon.js:17438] [ea85cb0409ed4b0cab883b88ed9aaa19] → GET /mavis/health
[16:15:51.709] INFO: [daemon.js:17438] [ea85cb0409ed4b0cab883b88ed9aaa19] ← GET /mavis/health status=200 duration=0ms {"locale":"en"}
[16:16:01.699] INFO: [daemon.js:17438] [51b215e963e04dc5a11b79d47d6ecc9d] → GET /mavis/health
[16:16:01.699] INFO: [daemon.js:17438] [51b215e963e04dc5a11b79d47d6ecc9d] ← GET /mavis/health status=200 duration=0ms {"locale":"en"}
[16:16:09.435] INFO: [daemon.js:17438] [768f949a042e4562a37b6e2070325e80] → POST /mavis/mcp/cu
[16:16:09.439] INFO: [daemon.js:17438] [768f949a042e4562a37b6e2070325e80] ← POST /mavis/mcp/cu status=200 duration=4ms {"locale":"en"}
[16:16:09.439] INFO: [daemon.js:17438] [9ca4b77ea8c747d585b6ab55971a3393] → POST /mavis/mcp/trash
[16:16:09.440] INFO: [daemon.js:17438] [9ca4b77ea8c747d585b6ab55971a3393] ← POST /mavis/mcp/trash status=200 duration=1ms {"locale":"en"}
[16:16:09.848] INFO: [daemon.js:17438] [0264ef3c5ae4452eaa097dd49939a79e] [mcp:matrix:stderr] [matrix-mcp-cli] tools/list dropped 2 unknown tool(s) not in this cli's KNOWN_TOOLS: matrix_extract_content_from_websites, matrix_get_upload_url
[16:16:11.718] INFO: [daemon.js:17438] [52089764d71d45b8aba938c099dccaef] → GET /mavis/health
[16:16:11.719] INFO: [daemon.js:17438] [52089764d71d45b8aba938c099dccaef] ← GET /mavis/health status=200 duration=1ms {"locale":"en"}
[16:16:21.724] INFO: [daemon.js:17438] [e418c49c7328462284c6e99d86e2f1a4] → GET /mavis/health
[16:16:21.724] INFO: [daemon.js:17438] [e418c49c7328462284c6e99d86e2f1a4] ← GET /mavis/health status=200 duration=0ms {"locale":"en"}
[16:16:30.828] INFO: [daemon.js:17438] [73e6d3d9fdb74704bad6853c8a60703f] → GET /mavis/mcp/trash
[16:16:30.830] INFO: [daemon.js:17438] [73e6d3d9fdb74704bad6853c8a60703f] ← GET /mavis/mcp/trash status=200 duration=2ms {"locale":"en"}
[16:16:30.830] INFO: [daemon.js:17438] [3d777a0ed2a8401ebb811be36b7bd24f] → GET /mavis/mcp/cu
[16:16:30.831] INFO: [daemon.js:17438] [3d777a0ed2a8401ebb811be36b7bd24f] ← GET /mavis/mcp/cu status=200 duration=1ms {"locale":"en"}
[16:16:31.743] INFO: [daemon.js:17438] [db1dfe1d0bb24010b6f336c80c43190f] → GET /mavis/health
[16:16:31.743] INFO: [daemon.js:17438] [db1dfe1d0bb24010b6f336c80c43190f] ← GET /mavis/health status=200 duration=0ms {"locale":"en"}
[16:16:41.749] INFO: [daemon.js:17438] [4eae0e7dc010458ab0efcead7a448be5] → GET /mavis/health
[16:16:41.749] INFO: [daemon.js:17438] [4eae0e7dc010458ab0efcead7a448be5] ← GET /mavis/health status=200 duration=0ms {"locale":"en"}
[16:16:51.737] INFO: [daemon.js:17438] [4e025feedbbd46ff8732fb24b6fa69f1] → GET /mavis/health
[16:16:51.738] INFO: [daemon.js:17438] [4e025feedbbd46ff8732fb24b6fa69f1] ← GET /mavis/health status=200 duration=1ms {"locale":"en"}
[16:17:01.770] INFO: [daemon.js:17438] [338e84abd4ed45baa7ba82cfffb9205e] → GET /mavis/health
[16:17:01.771] INFO: [daemon.js:17438] [338e84abd4ed45baa7ba82cfffb9205e] ← GET /mavis/health status=200 duration=1ms {"locale":"en"}
[16:17:11.776] INFO: [daemon.js:17438] [159094ba7ef34bda8ae3478f87adcae1] → GET /mavis/health
[16:17:11.776] INFO: [daemon.js:17438] [159094ba7ef34bda8ae3478f87adcae1] ← GET /mavis/health status=200 duration=0ms {"locale":"en"}
[16:17:21.783] INFO: [daemon.js:17438] [f5f957d8d3fa4d36abe7f12bc483b1cf] → GET /mavis/health
[16:17:21.783] INFO: [daemon.js:17438] [f5f957d8d3fa4d36abe7f12bc483b1cf] ← GET /mavis/health status=200 duration=0ms {"locale":"en"}
[16:17:31.788] INFO: [daemon.js:17438] [03443108029243c4bf4dd75b03bf9e30] → GET /mavis/health
[16:17:31.788] INFO: [daemon.js:17438] [03443108029243c4bf4dd75b03bf9e30] ← GET /mavis/health status=200 duration=0ms {"locale":"en"}
[16:17:41.808] INFO: [daemon.js:17438] [780193deb3964fabae5ba1b8c642395a] → GET /mavis/health
[16:17:41.808] INFO: [daemon.js:17438] [780193deb3964fabae5ba1b8c642395a] ← GET /mavis/health status=200 duration=0ms {"locale":"en"}
[16:17:51.813] INFO: [daemon.js:17438] [2e5b3ceb737b49c9ae87663b046eca2f] → GET /mavis/health
[16:17:51.813] INFO: [daemon.js:17438] [2e5b3ceb737b49c9ae87663b046eca2f] ← GET /mavis/health status=200 duration=0ms {"locale":"en"}
[16:18:01.833] INFO: [daemon.js:17438] [e557b1b785ed40f7881b6d6312c8666d] → GET /mavis/health
[16:18:01.833] INFO: [daemon.js:17438] [e557b1b785ed40f7881b6d6312c8666d] ← GET /mavis/health status=200 duration=0ms {"locale":"en"}
[16:18:11.838] INFO: [daemon.js:17438] [8aef924e2be94a528bc22f0604c2c1fd] → GET /mavis/health
[16:18:11.838] INFO: [daemon.js:17438] [8aef924e2be94a528bc22f0604c2c1fd] ← GET /mavis/health status=200 duration=0ms {"locale":"en"}
[16:18:21.858] INFO: [daemon.js:17438] [9e76eaa7bb144956b310bfb17f320b37] → GET /mavis/health
[16:18:21.858] INFO: [daemon.js:17438] [9e76eaa7bb144956b310bfb17f320b37] ← GET /mavis/health status=200 duration=1ms {"locale":"en"}
[16:18:31.848] INFO: [daemon.js:17438] [47e8213087b248578680af7da24fcc4a] → GET /mavis/health
[16:18:31.848] INFO: [daemon.js:17438] [47e8213087b248578680af7da24fcc4a] ← GET /mavis/health status=200 duration=0ms {"locale":"en"}
[16:18:41.853] INFO: [daemon.js:17438] [0ac4908b108a45449e31f87d046efd80] → GET /mavis/health
[16:18:41.854] INFO: [daemon.js:17438] [0ac4908b108a45449e31f87d046efd80] ← GET /mavis/health status=200 duration=1ms {"locale":"en"}
[16:18:51.873] INFO: [daemon.js:17438] [1b81eb272fd847daabe2e6c66de62eed] → GET /mavis/health
[16:18:51.873] INFO: [daemon.js:17438] [1b81eb272fd847daabe2e6c66de62eed] ← GET /mavis/health status=200 duration=0ms {"locale":"en"}
[16:19:01.878] INFO: [daemon.js:17438] [82449946df334cf09a0a04142c02ec38] → GET /mavis/health
[16:19:01.878] INFO: [daemon.js:17438] [82449946df334cf09a0a04142c02ec38] ← GET /mavis/health status=200 duration=0ms {"locale":"en"}
[16:19:11.895] INFO: [daemon.js:17438] [27087c18c1694bc59153011d27d23269] → GET /mavis/health
[16:19:11.895] INFO: [daemon.js:17438] [27087c18c1694bc59153011d27d23269] ← GET /mavis/health status=200 duration=0ms {"locale":"en"}
[16:19:21.903] INFO: [daemon.js:17438] [9a14d971054e4e598457dda593e862f0] → GET /mavis/health
[16:19:21.903] INFO: [daemon.js:17438] [9a14d971054e4e598457dda593e862f0] ← GET /mavis/health status=200 duration=1ms {"locale":"en"}
[16:19:31.908] INFO: [daemon.js:17438] [b2dc6dfc04774ccaabf00ee4fccc040c] → GET /mavis/health
[16:19:31.908] INFO: [daemon.js:17438] [b2dc6dfc04774ccaabf00ee4fccc040c] ← GET /mavis/health status=200 duration=0ms {"locale":"en"}
[16:19:41.913] INFO: [daemon.js:17438] [41dadfff8b034d89bfd2319af9705083] → GET /mavis/health
[16:19:41.914] INFO: [daemon.js:17438] [41dadfff8b034d89bfd2319af9705083] ← GET /mavis/health status=200 duration=1ms {"locale":"en"}
[16:19:51.919] INFO: [daemon.js:17438] [dd356e3077cd4e42b3e122d85bc5a2aa] → GET /mavis/health
[16:19:51.919] INFO: [daemon.js:17438] [dd356e3077cd4e42b3e122d85bc5a2aa] ← GET /mavis/health status=200 duration=1ms {"locale":"en"}
[16:20:01.938] INFO: [daemon.js:17438] [722a06447db94dce98122ac3896fb856] → GET /mavis/health
[16:20:01.938] INFO: [daemon.js:17438] [722a06447db94dce98122ac3896fb856] ← GET /mavis/health status=200 duration=0ms {"locale":"en"}
[16:20:11.943] INFO: [daemon.js:17438] [e2e2021763be447481f5f436e9fada52] → GET /mavis/health
[16:20:11.943] INFO: [daemon.js:17438] [e2e2021763be447481f5f436e9fada52] ← GET /mavis/health status=200 duration=0ms {"locale":"en"}
[16:20:21.948] INFO: [daemon.js:17438] [479649b37669483b8f052cb2d63bb42e] → GET /mavis/health
[16:20:21.948] INFO: [daemon.js:17438] [479649b37669483b8f052cb2d63bb42e] ← GET /mavis/health status=200 duration=0ms {"locale":"en"}
[16:20:31.953] INFO: [daemon.js:17438] [9f97e4f9c6da44838f332e98d2886813] → GET /mavis/health
[16:20:31.953] INFO: [daemon.js:17438] [9f97e4f9c6da44838f332e98d2886813] ← GET /mavis/health status=200 duration=0ms {"locale":"en"}
[16:20:42.042] INFO: [daemon.js:17438] [1e57b811ec4f4b1eaf2b75eef1954150] → GET /mavis/health
[16:20:42.043] INFO: [daemon.js:17438] [1e57b811ec4f4b1eaf2b75eef1954150] ← GET /mavis/health status=200 duration=1ms {"locale":"en"}
[16:20:51.963] INFO: [daemon.js:17438] [2f86320ae65e46ea9eedb656b04693c8] → GET /mavis/health
[16:20:51.963] INFO: [daemon.js:17438] [2f86320ae65e46ea9eedb656b04693c8] ← GET /mavis/health status=200 duration=0ms {"locale":"en"}
[16:21:01.960] INFO: [daemon.js:17438] [5647cc70e4a24e15b86a505c96948f4e] → GET /mavis/health
[16:21:01.961] INFO: [daemon.js:17438] [5647cc70e4a24e15b86a505c96948f4e] ← GET /mavis/health status=200 duration=1ms {"locale":"en"}
[16:21:09.440] INFO: [daemon.js:17438] [890184beaa2b48688358be32bc3bd074] [mcp:matrix:stderr] [matrix-mcp-cli] tools/list dropped 2 unknown tool(s) not in this cli's KNOWN_TOOLS: matrix_extract_content_from_websites, matrix_get_upload_url
[16:21:09.442] INFO: [daemon.js:17438] [f1be4df5f24c423c9e9c6d6954cc34b0] → POST /mavis/mcp/cu
[16:21:09.444] INFO: [daemon.js:17438] [f1be4df5f24c423c9e9c6d6954cc34b0] ← POST /mavis/mcp/cu status=200 duration=2ms {"locale":"en"}
[16:21:09.444] INFO: [daemon.js:17438] [166fb6cc747c48c39225d3cded1027fc] → POST /mavis/mcp/trash
[16:21:09.445] INFO: [daemon.js:17438] [166fb6cc747c48c39225d3cded1027fc] ← POST /mavis/mcp/trash status=200 duration=1ms {"locale":"en"}
[16:21:11.971] INFO: [daemon.js:17438] [3cca782f1d9f47c68d8dd22866790ede] → GET /mavis/health
[16:21:11.971] INFO: [daemon.js:17438] [3cca782f1d9f47c68d8dd22866790ede] ← GET /mavis/health status=200 duration=0ms {"locale":"en"}
[16:21:21.978] INFO: [daemon.js:17438] [2c334e0245b440cc95ea085b6082f57a] → GET /mavis/health
[16:21:21.978] INFO: [daemon.js:17438] [2c334e0245b440cc95ea085b6082f57a] ← GET /mavis/health status=200 duration=0ms {"locale":"en"}
[16:21:31.992] INFO: [daemon.js:17438] [bc2f16615d2c487cb2987b5adfeefe80] → GET /mavis/health
[16:21:31.992] INFO: [daemon.js:17438] [bc2f16615d2c487cb2987b5adfeefe80] ← GET /mavis/health status=200 duration=0ms {"locale":"en"}
[16:21:37.790] INFO: [daemon.js:17438] [eb3652bb2f134d14aaa2f66676508910] → GET /mavis/mcp/trash
[16:21:37.790] INFO: [daemon.js:17438] [eb3652bb2f134d14aaa2f66676508910] ← GET /mavis/mcp/trash status=200 duration=0ms {"locale":"en"}
[16:21:37.790] INFO: [daemon.js:17438] [63def15d074046029789fa1b7a6e3ec8] → GET /mavis/mcp/cu
[16:21:37.791] INFO: [daemon.js:17438] [63def15d074046029789fa1b7a6e3ec8] ← GET /mavis/mcp/cu status=200 duration=1ms {"locale":"en"}
[16:21:42.003] INFO: [daemon.js:17438] [14f0ba769f144133a0a1f44343b2fc1b] → GET /mavis/health
[16:21:42.004] INFO: [daemon.js:17438] [14f0ba769f144133a0a1f44343b2fc1b] ← GET /mavis/health status=200 duration=1ms {"locale":"en"}
[16:21:52.008] INFO: [daemon.js:17438] [5d72a50439f54ca58330d688fefdff7e] → GET /mavis/health
[16:21:52.008] INFO: [daemon.js:17438] [5d72a50439f54ca58330d688fefdff7e] ← GET /mavis/health status=200 duration=0ms {"locale":"en"}
[16:22:02.013] INFO: [daemon.js:17438] [3e76e397f1354bf9909dd324850a21f4] → GET /mavis/health
[16:22:02.013] INFO: [daemon.js:17438] [3e76e397f1354bf9909dd324850a21f4] ← GET /mavis/health status=200 duration=0ms {"locale":"en"}
[16:22:12.020] INFO: [daemon.js:17438] [1bddab2caa074d44911690d88c1db9ab] → GET /mavis/health
[16:22:12.020] INFO: [daemon.js:17438] [1bddab2caa074d44911690d88c1db9ab] ← GET /mavis/health status=200 duration=0ms {"locale":"en"}
[16:22:22.038] INFO: [daemon.js:17438] [2ba2074a41224705aa415ae87582a31e] → GET /mavis/health
[16:22:22.038] INFO: [daemon.js:17438] [2ba2074a41224705aa415ae87582a31e] ← GET /mavis/health status=200 duration=0ms {"locale":"en"}
[16:22:32.043] INFO: [daemon.js:17438] [d6731a3e97384e889c332e56d44e5070] → GET /mavis/health
[16:22:32.043] INFO: [daemon.js:17438] [d6731a3e97384e889c332e56d44e5070] ← GET /mavis/health status=200 duration=0ms {"locale":"en"}
[16:22:42.048] INFO: [daemon.js:17438] [d3ef621668b84975ae7ef2403d611cb2] → GET /mavis/health
[16:22:42.048] INFO: [daemon.js:17438] [d3ef621668b84975ae7ef2403d611cb2] ← GET /mavis/health status=200 duration=0ms {"locale":"en"}
[16:22:52.053] INFO: [daemon.js:17438] [15ad3b6c848b43d3863941c7e0ed01e4] → GET /mavis/health
[16:22:52.053] INFO: [daemon.js:17438] [15ad3b6c848b43d3863941c7e0ed01e4] ← GET /mavis/health status=200 duration=0ms {"locale":"en"}
[16:23:02.058] INFO: [daemon.js:17438] [4b3b629710754782b7a98fa55053a807] → GET /mavis/health
[16:23:02.058] INFO: [daemon.js:17438] [4b3b629710754782b7a98fa55053a807] ← GET /mavis/health status=200 duration=0ms {"locale":"en"}
[16:23:12.063] INFO: [daemon.js:17438] [217451821bdd4d76aa8eb4a8b5fdc94e] → GET /mavis/health
[16:23:12.064] INFO: [daemon.js:17438] [217451821bdd4d76aa8eb4a8b5fdc94e] ← GET /mavis/health status=200 duration=1ms {"locale":"en"}
[16:23:22.068] INFO: [daemon.js:17438] [c3742477554a4eab9c4dfc6665001ca6] → GET /mavis/health
[16:23:22.068] INFO: [daemon.js:17438] [c3742477554a4eab9c4dfc6665001ca6] ← GET /mavis/health status=200 duration=0ms {"locale":"en"}
[16:23:32.073] INFO: [daemon.js:17438] [f515672e6ad049cc99b10ff296e766e6] → GET /mavis/health
[16:23:32.073] INFO: [daemon.js:17438] [f515672e6ad049cc99b10ff296e766e6] ← GET /mavis/health status=200 duration=0ms {"locale":"en"}
[16:23:42.078] INFO: [daemon.js:17438] [6c4faf78f7574a37b01146064aaaacfe] → GET /mavis/health
[16:23:42.079] INFO: [daemon.js:17438] [6c4faf78f7574a37b01146064aaaacfe] ← GET /mavis/health status=200 duration=1ms {"locale":"en"}
[16:23:52.083] INFO: [daemon.js:17438] [1b94402e3640495f97c654107b21d491] → GET /mavis/health
[16:23:52.083] INFO: [daemon.js:17438] [1b94402e3640495f97c654107b21d491] ← GET /mavis/health status=200 duration=0ms {"locale":"en"}
[16:24:02.077] INFO: [daemon.js:17438] [92ddf8f0c864417b9088e44e6f92a412] → GET /mavis/health
[16:24:02.078] INFO: [daemon.js:17438] [92ddf8f0c864417b9088e44e6f92a412] ← GET /mavis/health status=200 duration=1ms {"locale":"en"}
[16:24:12.088] INFO: [daemon.js:17438] [8b3a361cfdd743868380c1aebffc709f] → GET /mavis/health
[16:24:12.089] INFO: [daemon.js:17438] [8b3a361cfdd743868380c1aebffc709f] ← GET /mavis/health status=200 duration=1ms {"locale":"en"}
[16:24:22.114] INFO: [daemon.js:17438] [6ed6bd0533844e7bbd92cd492b33a1e6] → GET /mavis/health
[16:24:22.114] INFO: [daemon.js:17438] [6ed6bd0533844e7bbd92cd492b33a1e6] ← GET /mavis/health status=200 duration=0ms {"locale":"en"}
[16:24:32.119] INFO: [daemon.js:17438] [7904629b5039493ba91c38f4e63856ad] → GET /mavis/health
[16:24:32.119] INFO: [daemon.js:17438] [7904629b5039493ba91c38f4e63856ad] ← GET /mavis/health status=200 duration=0ms {"locale":"en"}
[16:24:42.123] INFO: [daemon.js:17438] [56bd3258d73b4db38792fc36ed53ef21] → GET /mavis/health
[16:24:42.123] INFO: [daemon.js:17438] [56bd3258d73b4db38792fc36ed53ef21] ← GET /mavis/health status=200 duration=0ms {"locale":"en"}
[16:24:52.118] INFO: [daemon.js:17438] [16a13092b2de4d3ca94fe68912008cd5] → GET /mavis/health
[16:24:52.118] INFO: [daemon.js:17438] [16a13092b2de4d3ca94fe68912008cd5] ← GET /mavis/health status=200 duration=0ms {"locale":"en"}
[16:25:02.131] INFO: [daemon.js:17438] [00669db8b67542958d912302fff72e24] → GET /mavis/health
[16:25:02.131] INFO: [daemon.js:17438] [00669db8b67542958d912302fff72e24] ← GET /mavis/health status=200 duration=0ms {"locale":"en"}
[16:25:12.141] INFO: [daemon.js:17438] [0922fa2584ed47f8ab1dd5230c4ed3b2] → GET /mavis/health
[16:25:12.142] INFO: [daemon.js:17438] [0922fa2584ed47f8ab1dd5230c4ed3b2] ← GET /mavis/health status=200 duration=1ms {"locale":"en"}
[16:25:22.173] INFO: [daemon.js:17438] [76b097ec0ea04a1ab085b4d1550f7abc] → GET /mavis/health
[16:25:22.173] INFO: [daemon.js:17438] [76b097ec0ea04a1ab085b4d1550f7abc] ← GET /mavis/health status=200 duration=0ms {"locale":"en"}
[16:25:32.164] INFO: [daemon.js:17438] [a6e97bfb29684c798cda38839723feae] → GET /mavis/health
[16:25:32.164] INFO: [daemon.js:17438] [a6e97bfb29684c798cda38839723feae] ← GET /mavis/health status=200 duration=0ms {"locale":"en"}
[16:25:42.156] INFO: [daemon.js:17438] [4019df584ba6494db1beaace5023e0ba] → GET /mavis/health
[16:25:42.157] INFO: [daemon.js:17438] [4019df584ba6494db1beaace5023e0ba] ← GET /mavis/health status=200 duration=1ms {"locale":"en"}
[16:25:46.643] INFO: [daemon.js:17438] [a32c02d4431a4f5785d7af78d648ebeb] → GET /mavis/api/cron
[16:25:46.643] INFO: [daemon.js:17438] [a32c02d4431a4f5785d7af78d648ebeb] ← GET /mavis/api/cron status=200 duration=0ms {"locale":"en"}
[16:25:46.644] INFO: [daemon.js:17438] [e6e8b52b459145fc995565d576e8806a] → GET /mavis/api/agent
[16:25:46.647] INFO: [daemon.js:17438] [e6e8b52b459145fc995565d576e8806a] ← GET /mavis/api/agent status=200 duration=3ms {"locale":"en"}
[16:25:47.172] INFO: [daemon.js:17438] [a48d64ba6da5446eaffe3032aba8a337] → GET /mavis/api/skill-hub
[16:25:47.509] INFO: [daemon.js:17438] [a48d64ba6da5446eaffe3032aba8a337] ← GET /mavis/api/skill-hub status=200 duration=337ms {"locale":"en"}
[16:25:50.381] INFO: [daemon.js:17438] [772e793c02494e23b2c01637c4fb6ac0] → GET /mavis/api/skill
[16:25:50.382] INFO: [daemon.js:17438] [772e793c02494e23b2c01637c4fb6ac0] ← GET /mavis/api/skill status=200 duration=1ms {"locale":"en"}
[16:25:50.382] INFO: [daemon.js:17438] [8c2e34fa18424fec81dbe76ef19c5e9e] → GET /mavis/api/skill-evolve/usage
[16:25:50.382] INFO: [daemon.js:17438] [8c2e34fa18424fec81dbe76ef19c5e9e] ← GET /mavis/api/skill-evolve/usage status=403 duration=0ms {"locale":"en"}
[16:25:51.793] INFO: [daemon.js:17438] [4fbfea650eed461b845227228b43e7d9] → GET /mavis/api/skill
[16:25:51.794] INFO: [daemon.js:17438] [4fbfea650eed461b845227228b43e7d9] ← GET /mavis/api/skill status=200 duration=1ms {"locale":"en"}
[16:25:51.794] INFO: [daemon.js:17438] [939451afb38246f2ba3ff77b1c2131c6] → GET /mavis/api/skill-evolve/usage
[16:25:51.794] INFO: [daemon.js:17438] [939451afb38246f2ba3ff77b1c2131c6] ← GET /mavis/api/skill-evolve/usage status=403 duration=0ms {"locale":"en"}
[16:25:52.175] INFO: [daemon.js:17438] [c43ec2ad7c594a4fa2cb6db6e33ebac6] → GET /mavis/health
[16:25:52.175] INFO: [daemon.js:17438] [c43ec2ad7c594a4fa2cb6db6e33ebac6] ← GET /mavis/health status=200 duration=0ms {"locale":"en"}
[16:25:53.251] INFO: [daemon.js:17438] [7b70f345c88d42dca87cef2f7ef55002] → GET /mavis/api/skill
[16:25:53.252] INFO: [daemon.js:17438] [7b70f345c88d42dca87cef2f7ef55002] ← GET /mavis/api/skill status=200 duration=1ms {"locale":"en"}
[16:25:53.252] INFO: [daemon.js:17438] [5f9368e23f1c40eb9d80eb6329e22838] → GET /mavis/api/skill-evolve/usage
[16:25:53.252] INFO: [daemon.js:17438] [5f9368e23f1c40eb9d80eb6329e22838] ← GET /mavis/api/skill-evolve/usage status=403 duration=0ms {"locale":"en"}
[16:25:53.813] INFO: [daemon.js:17438] [010831d93799460dad1e4c2dde59093a] → GET /mavis/api/skill
[16:25:53.814] INFO: [daemon.js:17438] [010831d93799460dad1e4c2dde59093a] ← GET /mavis/api/skill status=200 duration=1ms {"locale":"en"}
[16:25:53.814] INFO: [daemon.js:17438] [7c6b618cc308469b8b2982c1691d3c96] → GET /mavis/api/skill-evolve/usage
[16:25:53.814] INFO: [daemon.js:17438] [7c6b618cc308469b8b2982c1691d3c96] ← GET /mavis/api/skill-evolve/usage status=403 duration=0ms {"locale":"en"}
[16:25:54.917] INFO: [daemon.js:17438] [4ee8ec83d36b434d93822077bdb79f49] → GET /mavis/api/skill
[16:25:54.918] INFO: [daemon.js:17438] [4ee8ec83d36b434d93822077bdb79f49] ← GET /mavis/api/skill status=200 duration=1ms {"locale":"en"}
[16:25:54.918] INFO: [daemon.js:17438] [0215a5303dd64b36b72793ea69b81d2e] → GET /mavis/api/skill-evolve/usage
[16:25:54.918] INFO: [daemon.js:17438] [0215a5303dd64b36b72793ea69b81d2e] ← GET /mavis/api/skill-evolve/usage status=403 duration=0ms {"locale":"en"}
[16:25:55.509] INFO: [daemon.js:17438] [27bac239ef4e4087a6a0cdafed06fea3] → GET /mavis/api/skill
[16:25:55.510] INFO: [daemon.js:17438] [27bac239ef4e4087a6a0cdafed06fea3] ← GET /mavis/api/skill status=200 duration=1ms {"locale":"en"}
[16:25:55.510] INFO: [daemon.js:17438] [6cf87f5d32d3495b9d5d172df6b257cc] → GET /mavis/api/skill-evolve/usage
[16:25:55.510] INFO: [daemon.js:17438] [6cf87f5d32d3495b9d5d172df6b257cc] ← GET /mavis/api/skill-evolve/usage status=403 duration=0ms {"locale":"en"}
[16:26:02.187] INFO: [daemon.js:17438] [7ca33d6d51d74deaba45c599d057a15f] → GET /mavis/health
[16:26:02.187] INFO: [daemon.js:17438] [7ca33d6d51d74deaba45c599d057a15f] ← GET /mavis/health status=200 duration=0ms {"locale":"en"}
[16:26:09.457] INFO: [daemon.js:17438] [93af8af138ed47d6b7ecb059f7fda573] → POST /mavis/mcp/cu
[16:26:09.459] INFO: [daemon.js:17438] [93af8af138ed47d6b7ecb059f7fda573] ← POST /mavis/mcp/cu status=200 duration=2ms {"locale":"en"}
[16:26:09.459] INFO: [daemon.js:17438] [2f5142bb7ed1491085c87e0a2e246329] → POST /mavis/mcp/trash
[16:26:09.460] INFO: [daemon.js:17438] [2f5142bb7ed1491085c87e0a2e246329] ← POST /mavis/mcp/trash status=200 duration=1ms {"locale":"en"}
[16:26:09.708] INFO: [daemon.js:17438] [926960756d3d41ca8b44c10e382b02fa] [mcp:matrix:stderr] [matrix-mcp-cli] tools/list dropped 2 unknown tool(s) not in this cli's KNOWN_TOOLS: matrix_extract_content_from_websites, matrix_get_upload_url
[16:26:12.177] INFO: [daemon.js:17438] [dfa8d7a0393e4773afac28d58aee3a0b] → GET /mavis/health
[16:26:12.178] INFO: [daemon.js:17438] [dfa8d7a0393e4773afac28d58aee3a0b] ← GET /mavis/health status=200 duration=1ms {"locale":"en"}
[16:26:13.315] INFO: [daemon.js:17438] [94e77689c2444cc0ab49380a362499f8] → POST /mavis/api/skill/preview
[16:26:14.350] INFO: [daemon.js:17438] [53c5f5e103024dd08bb13233770a8aa6] Skill preview created, previewId=583d71c2-659b-484c-bc84-bac75bae8213, repoUrl=https://github.com/drguptavivek/zotero-use.git, branch=<default>, sha=0cb6fd4, candidates=1, expiresAt=1780302974350
[16:26:14.350] INFO: [daemon.js:17438] [94e77689c2444cc0ab49380a362499f8] ← POST /mavis/api/skill/preview status=200 duration=1035ms {"locale":"en"}
[16:26:22.201] INFO: [daemon.js:17438] [6f5523828ac54c8da73a148c261633ef] → GET /mavis/health
[16:26:22.201] INFO: [daemon.js:17438] [6f5523828ac54c8da73a148c261633ef] ← GET /mavis/health status=200 duration=0ms {"locale":"en"}
[16:26:26.738] INFO: [daemon.js:17438] [e788eca19aa94262a3357c30bd22a9c2] → POST /mavis/api/skill/install
[16:26:26.743] INFO: [daemon.js:17438] [aa68abac60b448099974819c4c1520d6] Skill installed via preview, skillName=zotero-use, sub_path=<root>, sourceUrl=https://github.com/drguptavivek/zotero-use, scope=2, agentName=global, destDir=C:\Users\jethr\.mavis\skills\zotero-use
[16:26:26.750] INFO: [daemon.js:17438] [e788eca19aa94262a3357c30bd22a9c2] ← POST /mavis/api/skill/install status=201 duration=12ms {"locale":"en"}
[16:26:26.754] INFO: [daemon.js:17438] [b6f8e38578614df881b5959fe5c82465] SkillFsSyncer: index synced, skillName=zotero-use, scope=2, event=skill.created
[16:26:26.754] INFO: [daemon.js:17438] [2ce2a59d2774405d980c30a4985e515e] → GET /mavis/api/skill
[16:26:26.755] INFO: [daemon.js:17438] [2ce2a59d2774405d980c30a4985e515e] ← GET /mavis/api/skill status=200 duration=1ms {"locale":"en"}
[16:26:26.755] INFO: [daemon.js:17438] [c3dbfb18ca414e0799bd063c9d32bb25] → GET /mavis/api/skill-evolve/usage
[16:26:26.756] INFO: [daemon.js:17438] [c3dbfb18ca414e0799bd063c9d32bb25] ← GET /mavis/api/skill-evolve/usage status=403 duration=1ms {"locale":"en"}
[16:26:26.756] INFO: [daemon.js:17438] [16c0674e86cf44458a83227e4e892d47] → GET /mavis/api/skill-hub
[16:26:27.034] INFO: [daemon.js:17438] [16c0674e86cf44458a83227e4e892d47] ← GET /mavis/api/skill-hub status=200 duration=278ms {"locale":"en"}
[16:26:28.025] INFO: [daemon.js:17438] [e0bc8a8123464b5c9027daebf62016cf] → GET /mavis/api/skill/zotero-use/files
[16:26:28.026] INFO: [daemon.js:17438] [e0bc8a8123464b5c9027daebf62016cf] ← GET /mavis/api/skill/zotero-use/files status=200 duration=1ms {"locale":"en"}
[16:26:28.029] INFO: [daemon.js:17438] [6e815d56c60f493facf685b23bbd04cf] → GET /mavis/api/skill/zotero-use/file
[16:26:28.030] INFO: [daemon.js:17438] [6e815d56c60f493facf685b23bbd04cf] ← GET /mavis/api/skill/zotero-use/file status=200 duration=1ms {"locale":"en"}
[16:26:32.207] INFO: [daemon.js:17438] [4eebfe613ae545d2b2ca0b9dbd05e4c1] → GET /mavis/health
[16:26:32.207] INFO: [daemon.js:17438] [4eebfe613ae545d2b2ca0b9dbd05e4c1] ← GET /mavis/health status=200 duration=0ms {"locale":"en"}
[16:26:33.153] INFO: [daemon.js:17438] [666324644f454dd9a5b4bb71e0734e1a] → POST /mavis/api/agent/mavis/session
[16:26:33.154] INFO: [daemon.js:17438] [666324644f454dd9a5b4bb71e0734e1a] Creating new session, name=mavis, workspaceDir=undefined, title=undefined, model=undefined {"locale":"en"}
[16:26:33.154] INFO: [daemon.js:17438] [666324644f454dd9a5b4bb71e0734e1a] newSession started, agentName=mavis, workspaceDir=undefined, parentSessionId=undefined {"locale":"en"}
[16:26:33.155] INFO: [daemon.js:17438] [666324644f454dd9a5b4bb71e0734e1a] newSession started, agentName=mavis, workspaceDir=undefined {"locale":"en"}
[16:26:33.469] INFO: [daemon.js:17438] [1e6144425428430fa4e88c6718b2e82f] → GET /mavis/api/config
[16:26:33.469] INFO: [daemon.js:17438] [29fe29ff2fa24e779ace1e0d806aa73d] → GET /mavis/api/mcp/native-tools
[16:26:33.471] INFO: [daemon.js:17438] [29fe29ff2fa24e779ace1e0d806aa73d] ← GET /mavis/api/mcp/native-tools status=200 duration=2ms {"locale":"en"}
[16:26:33.472] INFO: [daemon.js:17438] [1e6144425428430fa4e88c6718b2e82f] ← GET /mavis/api/config status=200 duration=3ms {"locale":"en"}
[16:26:33.533] INFO: [daemon.js:17438] [322a648a9e224a13bfec1a7edc16e5b4] postSession first-call completed, agentName=mavis, durationMs=370, attempt=1
[16:26:33.533] INFO: [daemon.js:17438] [666324644f454dd9a5b4bb71e0734e1a] created session, daemonId=mvs_b1ba344e2ecf499aaa2b45c66c0b1d2b, frameworkId=ses_17db54f76ffeUYv5VqzyeXz9rQ, agent=mavis {"locale":"en"}
[16:26:33.536] WARN: [daemon.js:17438] [59b8ed247f6a472080716c8e6595b642] [harness-manager] Failed to auto-mount workspace harness, harnessDir=C:\Users\jethr\.mavis\sessions\mvs_b1ba344e2ecf499aaa2b45c66c0b1d2b\workspace, err=No harness found (no agent.md) under C:\Users\jethr\.mavis\sessions\mvs_b1ba344e2ecf499aaa2b45c66c0b1d2b\workspace
[16:26:33.536] INFO: [daemon.js:17438] Branch session created {"ctx":{"traceId":"666324644f454dd9a5b4bb71e0734e1a","locale":"en"},"agentName":"mavis","sessionId":"mvs_b1ba344e2ecf499aaa2b45c66c0b1d2b","workspaceDir":"C:\\Users\\jethr\\.mavis\\sessions\\mvs_b1ba344e2ecf499aaa2b45c66c0b1d2b\\workspace"}
[16:26:33.536] INFO: [daemon.js:17438] [666324644f454dd9a5b4bb71e0734e1a] ← POST /mavis/api/agent/mavis/session status=201 duration=383ms {"locale":"en"}
[16:26:33.538] INFO: [daemon.js:17438] [2dd2dec395c343689fcbcb07252b3a08] → GET /mavis/api/session/mvs_b1ba344e2ecf499aaa2b45c66c0b1d2b
[16:26:33.543] INFO: [daemon.js:17438] [2dd2dec395c343689fcbcb07252b3a08] ← GET /mavis/api/session/mvs_b1ba344e2ecf499aaa2b45c66c0b1d2b status=200 duration=5ms {"locale":"en"}
[16:26:33.564] INFO: [daemon.js:17438] [92ad2280e3f04183997e19a0d426ba99] → GET /mavis/api/config
[16:26:33.565] INFO: [daemon.js:17438] [92ad2280e3f04183997e19a0d426ba99] ← GET /mavis/api/config status=200 duration=1ms {"locale":"en"}
[16:26:33.565] INFO: [daemon.js:17438] [4a1dcd26abdf40058cd329d34ea12833] → GET /mavis/api/models
[16:26:33.568] INFO: [daemon.js:17438] [602f1232f8814a7bbcad2c96b4026b0b] → GET /mavis/api/agent/mavis/skill
[16:26:33.569] INFO: [daemon.js:17438] [0e1cd9738e2148d897456efc5006b078] → GET /mavis/api/session/mvs_b1ba344e2ecf499aaa2b45c66c0b1d2b/queue
[16:26:33.569] INFO: [daemon.js:17438] [0e1cd9738e2148d897456efc5006b078] ← GET /mavis/api/session/mvs_b1ba344e2ecf499aaa2b45c66c0b1d2b/queue status=200 duration=0ms {"locale":"en"}
[16:26:33.569] INFO: [daemon.js:17438] [76115adcfb674532a2568ad8582d130b] → GET /mavis/api/session/mvs_b1ba344e2ecf499aaa2b45c66c0b1d2b
[16:26:33.570] INFO: [daemon.js:17438] [e05f684d1e0044928d9b55c2477dbddb] → GET /mavis/api/permission/requests
[16:26:33.571] INFO: [daemon.js:17438] [e05f684d1e0044928d9b55c2477dbddb] ← GET /mavis/api/permission/requests status=200 duration=1ms {"locale":"en"}
[16:26:33.571] INFO: [daemon.js:17438] [4f81414b0b954fca857aea523fd45d9a] → GET /mavis/api/agent/mavis/questionnaire/pending
[16:26:33.571] INFO: [daemon.js:17438] [4f81414b0b954fca857aea523fd45d9a] ← GET /mavis/api/agent/mavis/questionnaire/pending status=200 duration=0ms {"locale":"en"}
[16:26:33.572] INFO: [daemon.js:17438] skill block emitted {"ctx":{"traceId":"580fca904eaa4190991adadbf5e29c03"},"event":"skill_block_emitted","agent":"mavis","total_count":23,"total_chars":10527,"skills":[{"name":"create-agent","char_count":676,"source_kind":"builtin-global"},{"name":"init-harness","char_count":521,"source_kind":"builtin-global"},{"name":"lark-tools","char_count":899,"source_kind":"builtin-global"},{"name":"literature-note","char_count":281,"source_kind":"user-mavis"},{"name":"llm-call","char_count":337,"source_kind":"builtin-global"},{"name":"mavis","char_count":950,"source_kind":"builtin-global"},{"name":"mavis-browser","char_count":355,"source_kind":"builtin-global"},{"name":"mavis-doctor","char_count":300,"source_kind":"builtin-agent"},{"name":"mavis-team","char_count":952,"source_kind":"builtin-agent"},{"name":"mcp-cli","char_count":121,"source_kind":"builtin-global"},{"name":"mcp-onboarding","char_count":169,"source_kind":"builtin-global"},{"name":"minimax-docx","char_count":235,"source_kind":"builtin-global"},{"name":"minimax-pdf","char_count":322,"source_kind":"builtin-global"},{"name":"minimax-pptx","char_count":261,"source_kind":"builtin-global"},{"name":"minimax-xlsx","char_count":350,"source_kind":"builtin-global"},{"name":"plan-mode","char_count":308,"source_kind":"builtin-global"},{"name":"skill-creator","char_count":363,"source_kind":"builtin-global"},{"name":"skill-evolution","char_count":614,"source_kind":"builtin-global"},{"name":"skill-refiner","char_count":326,"source_kind":"builtin-global"},{"name":"visual-summary","char_count":614,"source_kind":"builtin-global"},{"name":"worktree-management","char_count":480,"source_kind":"builtin-global"},{"name":"x-link-reader","char_count":315,"source_kind":"builtin-global"},{"name":"zotero-use","char_count":778,"source_kind":null}]}
[16:26:33.572] INFO: [daemon.js:17438] [602f1232f8814a7bbcad2c96b4026b0b] ← GET /mavis/api/agent/mavis/skill status=200 duration=4ms {"locale":"en"}
[16:26:33.586] INFO: [daemon.js:17438] [4fedf4a63d3044328e420e44b6bc0445] → GET /mavis/api/config/api-key-status
[16:26:33.587] INFO: [daemon.js:17438] [4fedf4a63d3044328e420e44b6bc0445] ← GET /mavis/api/config/api-key-status status=200 duration=1ms {"locale":"en"}
[16:26:33.587] INFO: [daemon.js:17438] [f1a2dd2fbc3d4b299bd5e4c84dc7277a] → GET /mavis/api/config
[16:26:33.587] INFO: [daemon.js:17438] [f1a2dd2fbc3d4b299bd5e4c84dc7277a] ← GET /mavis/api/config status=200 duration=0ms {"locale":"en"}
[16:26:33.855] INFO: [daemon.js:17438] [76115adcfb674532a2568ad8582d130b] ← GET /mavis/api/session/mvs_b1ba344e2ecf499aaa2b45c66c0b1d2b status=200 duration=286ms {"locale":"en"}
[16:26:33.857] INFO: [daemon.js:17438] [3a82e488ea7f45b1b6aa885f542862c0] → GET /mavis/api/session/mvs_b1ba344e2ecf499aaa2b45c66c0b1d2b/message
[16:26:33.859] INFO: [daemon.js:17438] MessageStore list completed {"ctx":{"traceId":"3a82e488ea7f45b1b6aa885f542862c0","locale":"en"},"sessionId":"mvs_b1ba344e2ecf499aaa2b45c66c0b1d2b","durationMs":0,"messageCount":0,"hasNextCursor":false}
[16:26:33.859] INFO: [daemon.js:17438] [3a82e488ea7f45b1b6aa885f542862c0] ← GET /mavis/api/session/mvs_b1ba344e2ecf499aaa2b45c66c0b1d2b/message status=200 duration=2ms {"locale":"en"}
[16:26:33.861] INFO: [daemon.js:17438] [65649b02b1a5468da2db966829659bf2] → GET /mavis/api/session/mvs_b1ba344e2ecf499aaa2b45c66c0b1d2b/queue
[16:26:33.861] INFO: [daemon.js:17438] [65649b02b1a5468da2db966829659bf2] ← GET /mavis/api/session/mvs_b1ba344e2ecf499aaa2b45c66c0b1d2b/queue status=200 duration=0ms {"locale":"en"}
[16:26:33.866] INFO: [daemon.js:17438] [edb679a29cc546caaca3469948013a57] → POST /mavis/api/content
[16:26:33.913] INFO: [daemon.js:17438] [4a1dcd26abdf40058cd329d34ea12833] ← GET /mavis/api/models status=200 duration=348ms {"locale":"en"}
[16:26:34.164] INFO: [daemon.js:17438] [edb679a29cc546caaca3469948013a57] ← POST /mavis/api/content status=200 duration=298ms {"locale":"en"}
[16:26:34.168] INFO: [daemon.js:17438] [60f74460d6e448de9a60e56c24bb5b97] → POST /mavis/api/session/mvs_b1ba344e2ecf499aaa2b45c66c0b1d2b/message
[16:26:34.169] INFO: [daemon.js:17438] [60f74460d6e448de9a60e56c24bb5b97] SendMessage received for mavis/mvs_b1ba344e2ecf499aaa2b45c66c0b1d2b {"locale":"en"}
[16:26:34.169] INFO: [daemon.js:17438] [message] Forwarding user message {"ctx":{"traceId":"60f74460d6e448de9a60e56c24bb5b97","locale":"en"},"agentName":"mavis","sessionId":"mvs_b1ba344e2ecf499aaa2b45c66c0b1d2b","queuedMessageCount":0,"turnId":"48d4d037-d1f4-4159-8703-7d1c22c1216e"}
[16:26:34.170] INFO: [daemon.js:17438] [60f74460d6e448de9a60e56c24bb5b97] ← POST /mavis/api/session/mvs_b1ba344e2ecf499aaa2b45c66c0b1d2b/message status=200 duration=2ms {"locale":"en"}
[16:26:34.170] INFO: [daemon.js:17438] [e3c06d42e8164b498df3ee4472667737] Session turnId updated sessionId=mvs_b1ba344e2ecf499aaa2b45c66c0b1d2b turnId=48d4d037-d1f4-4159-8703-7d1c22c1216e
[16:26:34.171] INFO: [daemon.js:17438] [8beef03948624a198b795d3c33e67121] Resolved model from request override agentName=mavis providerID=minimax modelID=MiniMax-M2.7
[16:26:34.180] INFO: [daemon.js:17438] [9f377b7e10bc4052b22764b41105f56a] Resolved model from request override agentName=mavis providerID=minimax modelID=MiniMax-M2.7
[16:26:34.181] INFO: [daemon.js:17438] [60f74460d6e448de9a60e56c24bb5b97] sendMessage started, agentName=mavis, sessionId=mvs_b1ba344e2ecf499aaa2b45c66c0b1d2b {"locale":"en"}
[16:26:34.200] INFO: [daemon.js:17438] [232419cf08f04ae9b9db3d4a400eef19] → GET /mavis/api/mcp/native-tools
[16:26:34.201] INFO: [daemon.js:17438] [232419cf08f04ae9b9db3d4a400eef19] ← GET /mavis/api/mcp/native-tools status=200 duration=1ms {"locale":"en"}
[16:26:34.620] INFO: [daemon.js:17438] [2885d35223a449049ed6339c9de9d045] → GET /mavis/api/session/ses_17db54f76ffeUYv5VqzyeXz9rQ
[16:26:34.623] INFO: [daemon.js:17438] [2885d35223a449049ed6339c9de9d045] ← GET /mavis/api/session/ses_17db54f76ffeUYv5VqzyeXz9rQ status=200 duration=3ms {"locale":"en"}
[16:26:34.624] INFO: [daemon.js:17438] [bef8a4c6f269485ea69a23c2a56f1055] → GET /mavis/api/agent/mavis
[16:26:34.653] INFO: [daemon.js:17438] [bef8a4c6f269485ea69a23c2a56f1055] ← GET /mavis/api/agent/mavis status=200 duration=29ms {"locale":"en"}
[16:26:34.655] INFO: [daemon.js:17438] [9e2b78e537314ef0bb62c01be3a4308d] → GET /mavis/api/agent/mavis/skill
[16:26:34.655] INFO: [daemon.js:17438] [645b4268dcb74a94bd60bce697de2e6d] → GET /mavis/api/mcp/servers
[16:26:34.658] INFO: [daemon.js:17438] [645b4268dcb74a94bd60bce697de2e6d] ← GET /mavis/api/mcp/servers status=200 duration=3ms {"locale":"en"}
[16:26:34.658] INFO: [daemon.js:17438] [a2b73d2247d84096b3c4e210d50d70ac] → GET /mavis/api/mcp/native-tools
[16:26:34.659] INFO: [daemon.js:17438] [a2b73d2247d84096b3c4e210d50d70ac] ← GET /mavis/api/mcp/native-tools status=200 duration=1ms {"locale":"en"}
[16:26:34.660] INFO: [daemon.js:17438] skill block emitted {"ctx":{"traceId":"4045bfc0a7af40b68c4e8645fd5f57c8"},"event":"skill_block_emitted","agent":"mavis","total_count":23,"total_chars":10527,"skills":[{"name":"create-agent","char_count":676,"source_kind":"builtin-global"},{"name":"init-harness","char_count":521,"source_kind":"builtin-global"},{"name":"lark-tools","char_count":899,"source_kind":"builtin-global"},{"name":"literature-note","char_count":281,"source_kind":"user-mavis"},{"name":"llm-call","char_count":337,"source_kind":"builtin-global"},{"name":"mavis","char_count":950,"source_kind":"builtin-global"},{"name":"mavis-browser","char_count":355,"source_kind":"builtin-global"},{"name":"mavis-doctor","char_count":300,"source_kind":"builtin-agent"},{"name":"mavis-team","char_count":952,"source_kind":"builtin-agent"},{"name":"mcp-cli","char_count":121,"source_kind":"builtin-global"},{"name":"mcp-onboarding","char_count":169,"source_kind":"builtin-global"},{"name":"minimax-docx","char_count":235,"source_kind":"builtin-global"},{"name":"minimax-pdf","char_count":322,"source_kind":"builtin-global"},{"name":"minimax-pptx","char_count":261,"source_kind":"builtin-global"},{"name":"minimax-xlsx","char_count":350,"source_kind":"builtin-global"},{"name":"plan-mode","char_count":308,"source_kind":"builtin-global"},{"name":"skill-creator","char_count":363,"source_kind":"builtin-global"},{"name":"skill-evolution","char_count":614,"source_kind":"builtin-global"},{"name":"skill-refiner","char_count":326,"source_kind":"builtin-global"},{"name":"visual-summary","char_count":614,"source_kind":"builtin-global"},{"name":"worktree-management","char_count":480,"source_kind":"builtin-global"},{"name":"x-link-reader","char_count":315,"source_kind":"builtin-global"},{"name":"zotero-use","char_count":778,"source_kind":null}]}
[16:26:34.660] INFO: [daemon.js:17438] [9e2b78e537314ef0bb62c01be3a4308d] ← GET /mavis/api/agent/mavis/skill status=200 duration=5ms {"locale":"en"}
[16:26:34.663] INFO: [daemon.js:17438] [dcb5e6223069494e9e458ff6aa774904] → POST /mavis/api/metrics/runtime-event
[16:26:34.664] INFO: [daemon.js:17438] [dcb5e6223069494e9e458ff6aa774904] ← POST /mavis/api/metrics/runtime-event status=204 duration=1ms {"locale":"en"}
[16:26:37.971] INFO: [daemon.js:17438] [ee5bd6178e9845c39862cd18579fee53] Session updated, sessionId=mvs_b1ba344e2ecf499aaa2b45c66c0b1d2b, updates={"title":"Edit zotero-use skill"}
[16:26:37.971] INFO: [daemon.js:17438] Session title auto-generated {"sessionId":"mvs_b1ba344e2ecf499aaa2b45c66c0b1d2b","agentName":"mavis","title":"Edit zotero-use skill"}
[16:26:37.975] INFO: [daemon.js:17438] [7c6ba4faabea42e792b298482605d3de] → GET /mavis/api/session/mvs_b1ba344e2ecf499aaa2b45c66c0b1d2b
[16:26:37.976] INFO: [daemon.js:17438] [7c6ba4faabea42e792b298482605d3de] ← GET /mavis/api/session/mvs_b1ba344e2ecf499aaa2b45c66c0b1d2b status=200 duration=1ms {"locale":"en"}
[16:26:38.282] INFO: [daemon.js:17438] [7a1b8d0b2ee542fcbdf5ef23371a6c06] [monitor] thinking TTFT measured sessionId=mvs_b1ba344e2ecf499aaa2b45c66c0b1d2b agentName=mavis ttftMs=4112
[16:26:39.910] INFO: [daemon.js:17438] [9f087660986f48ab82a7144e35624921] [monitor] response TTFT measured sessionId=mvs_b1ba344e2ecf499aaa2b45c66c0b1d2b agentName=mavis ttftMs=5740 breakdown={"resolveSession":0,"reconcileConfig":1,"hooks":9,"modelResolve":1,"adapterSend":5729}
[16:26:40.132] INFO: [daemon.js:17438] [be92d273b3cf45619ccafd5e96e1f398] → POST /mavis/api/metrics/runtime-event
[16:26:40.133] INFO: [daemon.js:17438] [be92d273b3cf45619ccafd5e96e1f398] ← POST /mavis/api/metrics/runtime-event status=204 duration=1ms {"locale":"en"}
[16:26:40.133] INFO: [daemon.js:17438] [2fddb3cefe0d4d43babd65476f5007d0] → POST /mavis/api/permission/check
[16:26:40.133] INFO: [daemon.js:17438] [2fddb3cefe0d4d43babd65476f5007d0] Permission check requested: skill for mavis {"locale":"en"}
[16:26:40.134] INFO: [daemon.js:17438] Created ToolPermissionContext {"mode":"auto","ruleCount":0,"sandboxEnabled":false,"workingDirectory":"C:\\Users\\jethr\\.mavis\\agents\\mavis\\workspace"}
[16:26:40.135] INFO: [daemon.js:17438] [4d21c72faf6b42f4be0ce234844c3531] [permission-service] Check result: toolName=skill behavior=allow reasonType=safetyCheck locale=en
[16:26:40.135] INFO: [daemon.js:17438] [2fddb3cefe0d4d43babd65476f5007d0] Permission check result: skill → allow {"locale":"en"}
[16:26:40.135] INFO: [daemon.js:17438] [2fddb3cefe0d4d43babd65476f5007d0] ← POST /mavis/api/permission/check status=200 duration=2ms {"locale":"en"}
[16:26:40.136] INFO: [daemon.js:17438] [7d5af660a28e4375b9d33da45ace4b68] → POST /mavis/api/hooks/execute
[16:26:40.137] INFO: [daemon.js:17438] [hook-registry] matcher did not match, hook filtered out {"module":"hook-registry","hookId":"builtin:binary-read-guard","matcher":"^[Rr]ead$","matchValue":"skill"}
[16:26:40.137] INFO: [daemon.js:17438] [hook-registry] hooks filtered by matcher {"module":"hook-registry","hookEvent":"PreToolUse","matchValue":"skill","beforeCount":2,"afterCount":1}
[16:26:40.137] INFO: [daemon.js:17438] [7d5af660a28e4375b9d33da45ace4b68] ← POST /mavis/api/hooks/execute status=200 duration=1ms {"locale":"en"}
[16:26:40.138] INFO: [daemon.js:17438] [0519a80055344432866abf4aef7b823c] → GET /mavis/api/session/ses_17db54f76ffeUYv5VqzyeXz9rQ
[16:26:40.141] INFO: [daemon.js:17438] [0519a80055344432866abf4aef7b823c] ← GET /mavis/api/session/ses_17db54f76ffeUYv5VqzyeXz9rQ status=200 duration=3ms {"locale":"en"}
[16:26:40.142] INFO: [daemon.js:17438] [a07cdbb15ce340b8a882f9b612d24331] → GET /mavis/api/skill/skill-refiner
[16:26:40.146] INFO: [daemon.js:17438] [a07cdbb15ce340b8a882f9b612d24331] ← GET /mavis/api/skill/skill-refiner status=200 duration=4ms {"locale":"en"}
[16:26:40.146] INFO: [daemon.js:17438] [c30044d7d136428fa55845e9d7b7dc24] → GET /mavis/api/skill/skill-refiner/files
[16:26:40.147] INFO: [daemon.js:17438] [c30044d7d136428fa55845e9d7b7dc24] ← GET /mavis/api/skill/skill-refiner/files status=200 duration=1ms {"locale":"en"}
[16:26:40.149] INFO: [daemon.js:17438] [9cde810aec054d2097b25a29e902824c] → POST /mavis/api/metrics/runtime-event
[16:26:40.149] INFO: [daemon.js:17438] [9cde810aec054d2097b25a29e902824c] ← POST /mavis/api/metrics/runtime-event status=204 duration=0ms {"locale":"en"}
[16:26:40.150] INFO: [daemon.js:17438] [e0e84646ba0a4c488c39744a709c35a8] → POST /mavis/api/hooks/execute
[16:26:40.150] INFO: [daemon.js:17438] [hook-registry] matcher did not match, hook filtered out {"module":"hook-registry","hookId":"builtin:read-image-compressor","matcher":"^[Rr]ead$","matchValue":"skill"}
[16:26:40.150] INFO: [daemon.js:17438] [hook-registry] matcher did not match, hook filtered out {"module":"hook-registry","hookId":"builtin:cu-image-injector","matcher":"^[Bb]ash$","matchValue":"skill"}
[16:26:40.150] INFO: [daemon.js:17438] [hook-registry] hooks filtered by matcher {"module":"hook-registry","hookEvent":"PostToolUse","matchValue":"skill","beforeCount":7,"afterCount":5}
[16:26:40.151] INFO: [daemon.js:17438] [e0e84646ba0a4c488c39744a709c35a8] ← POST /mavis/api/hooks/execute status=200 duration=1ms {"locale":"en"}
[16:26:40.156] INFO: [daemon.js:17438] [5fab2fff68b043c6a14cedab4ef43760] → POST /mavis/api/metrics/runtime-event
[16:26:40.157] INFO: [daemon.js:17438] [5fab2fff68b043c6a14cedab4ef43760] ← POST /mavis/api/metrics/runtime-event status=204 duration=1ms {"locale":"en"}
[16:26:40.174] INFO: [daemon.js:17438] [9383d60fb0c9404f8dbede9b91efc067] → POST /mavis/api/metrics/runtime-event
[16:26:40.174] INFO: [daemon.js:17438] [9383d60fb0c9404f8dbede9b91efc067] ← POST /mavis/api/metrics/runtime-event status=204 duration=0ms {"locale":"en"}
[16:26:42.205] INFO: [daemon.js:17438] [7a3df1547ba344cb8aeafed72d2fc3f8] → GET /mavis/health
[16:26:42.205] INFO: [daemon.js:17438] [7a3df1547ba344cb8aeafed72d2fc3f8] ← GET /mavis/health status=200 duration=0ms {"locale":"en"}
[16:26:44.251] INFO: [daemon.js:17438] [72cf59a2e5e64fecae8eab3084f7d1a2] → GET /mavis/mcp/trash
[16:26:44.251] INFO: [daemon.js:17438] [72cf59a2e5e64fecae8eab3084f7d1a2] ← GET /mavis/mcp/trash status=200 duration=0ms {"locale":"en"}
[16:26:44.251] INFO: [daemon.js:17438] [0975f8e23b064805b27869a4646d9bf6] → GET /mavis/mcp/cu
[16:26:44.252] INFO: [daemon.js:17438] [0975f8e23b064805b27869a4646d9bf6] ← GET /mavis/mcp/cu status=200 duration=1ms {"locale":"en"}
[16:26:46.191] INFO: [daemon.js:17438] [c612df7b99ff4636aa0bb451ff8aea79] → POST /mavis/api/metrics/runtime-event
[16:26:46.192] INFO: [daemon.js:17438] [c612df7b99ff4636aa0bb451ff8aea79] ← POST /mavis/api/metrics/runtime-event status=204 duration=1ms {"locale":"en"}
[16:26:46.192] INFO: [daemon.js:17438] [82ac641043394dee9d55e5c122cf5248] → POST /mavis/api/permission/check
[16:26:46.192] INFO: [daemon.js:17438] [82ac641043394dee9d55e5c122cf5248] Permission check requested: bash for mavis {"locale":"en"}
[16:26:46.193] INFO: [daemon.js:17438] Created ToolPermissionContext {"mode":"auto","ruleCount":0,"sandboxEnabled":false,"workingDirectory":"C:\\Users\\jethr\\.mavis\\agents\\mavis\\workspace"}
[16:26:46.193] INFO: [daemon.js:17438] [7ec2203ac65f45bdacb63fb704c0d2b8] BashToolPermissionChecker checkPermissions called, _toolName=bash, input={"command":"mavis skill show zotero-use","description":"Show current zotero-use skill"}, context={"mode":"auto","rules":[],"sandboxEnabled":false,"autoAllowBashIfSandboxed":false,"workingDirectory":"C:\\Users\\jethr\\.mavis\\agents\\mavis\\workspace","allowedWorkingPaths":[],"sandboxAllowPaths":[],"dataDir":"C:\\Users\\jethr\\.mavis","homeDir":"C:\\Users\\jethr","agentName":"mavis","sessionId":"mvs_b1ba344e2ecf499aaa2b45c66c0b1d2b","allowManagedPermissionRulesOnly":false,"interactiveTools":{}}
[16:26:46.200] INFO: [daemon.js:17438] [permission] subcommand layer=fast-allow-first-word mode=default verdict=allow {"permLayer":"fast-allow-first-word","permMode":"default","permVerdict":"allow","permCategory":"pureReadFastAllow","permReasonType":"safetyCheck","cmdPreview":"mavis skill show zotero-use","firstWord":"mavis"}
[16:26:46.200] INFO: [daemon.js:17438] [permission] whole-command layer=aggregated mode=default verdict=allow {"permLayer":"aggregated","permMode":"default","permVerdict":"allow","permScope":"whole-command","cmdPreview":"mavis skill show zotero-use","sessionId":"mvs_b1ba344e2ecf499aaa2b45c66c0b1d2b","subcommandCount":1}
[16:26:46.200] INFO: [daemon.js:17438] [13c9f77980684d2c881990092088767d] [permission-service] Check result: toolName=bash behavior=allow reasonType=subcommandResults locale=en
[16:26:46.200] INFO: [daemon.js:17438] [82ac641043394dee9d55e5c122cf5248] Permission check result: bash → allow {"locale":"en"}
[16:26:46.200] INFO: [daemon.js:17438] [82ac641043394dee9d55e5c122cf5248] ← POST /mavis/api/permission/check status=200 duration=8ms {"locale":"en"}
[16:26:46.201] INFO: [daemon.js:17438] [c4c8e797a9254106b5264a15489d9542] → POST /mavis/api/metrics/runtime-event
[16:26:46.201] INFO: [daemon.js:17438] [c4c8e797a9254106b5264a15489d9542] ← POST /mavis/api/metrics/runtime-event status=204 duration=0ms {"locale":"en"}
[16:26:46.204] INFO: [daemon.js:17438] [bae643c9642247d2b4ed8d3930717f8b] → POST /mavis/api/permission/check
[16:26:46.204] INFO: [daemon.js:17438] [bae643c9642247d2b4ed8d3930717f8b] Permission check requested: bash for mavis {"locale":"en"}
[16:26:46.205] INFO: [daemon.js:17438] Created ToolPermissionContext {"mode":"auto","ruleCount":0,"sandboxEnabled":false,"workingDirectory":"C:\\Users\\jethr\\.mavis\\agents\\mavis\\workspace"}
[16:26:46.205] INFO: [daemon.js:17438] [a429401c784341319649cd0b6df7210d] BashToolPermissionChecker checkPermissions called, _toolName=bash, input={"command":"mavis skill signal list 2>&1","description":"Check existing signals for zotero-use"}, context={"mode":"auto","rules":[],"sandboxEnabled":false,"autoAllowBashIfSandboxed":false,"workingDirectory":"C:\\Users\\jethr\\.mavis\\agents\\mavis\\workspace","allowedWorkingPaths":[],"sandboxAllowPaths":[],"dataDir":"C:\\Users\\jethr\\.mavis","homeDir":"C:\\Users\\jethr","agentName":"mavis","sessionId":"mvs_b1ba344e2ecf499aaa2b45c66c0b1d2b","allowManagedPermissionRulesOnly":false,"interactiveTools":{}}
[16:26:46.206] INFO: [daemon.js:17438] [permission] subcommand layer=fast-allow-first-word mode=default verdict=allow {"permLayer":"fast-allow-first-word","permMode":"default","permVerdict":"allow","permCategory":"pureReadFastAllow","permReasonType":"safetyCheck","cmdPreview":"mavis skill signal list 2>&1","firstWord":"mavis"}
[16:26:46.206] INFO: [daemon.js:17438] [permission] whole-command layer=aggregated mode=default verdict=allow {"permLayer":"aggregated","permMode":"default","permVerdict":"allow","permScope":"whole-command","cmdPreview":"mavis skill signal list 2>&1","sessionId":"mvs_b1ba344e2ecf499aaa2b45c66c0b1d2b","subcommandCount":1}
[16:26:46.206] INFO: [daemon.js:17438] [f25cd4ed3a1d4348af71ddfeaa9eb9d3] [permission-service] Check result: toolName=bash behavior=allow reasonType=subcommandResults locale=en
[16:26:46.206] INFO: [daemon.js:17438] [bae643c9642247d2b4ed8d3930717f8b] Permission check result: bash → allow {"locale":"en"}
[16:26:46.206] INFO: [daemon.js:17438] [bae643c9642247d2b4ed8d3930717f8b] ← POST /mavis/api/permission/check status=200 duration=2ms {"locale":"en"}
[16:26:46.207] INFO: [daemon.js:17438] [cf2f483727f943429fae7f586a39eed2] → POST /mavis/api/hooks/execute
[16:26:46.207] INFO: [daemon.js:17438] [hook-registry] matcher did not match, hook filtered out {"module":"hook-registry","hookId":"builtin:binary-read-guard","matcher":"^[Rr]ead$","matchValue":"bash"}
[16:26:46.207] INFO: [daemon.js:17438] [hook-registry] matcher did not match, hook filtered out {"module":"hook-registry","hookId":"builtin:docx-skill-env-gate","matcher":"^[Ss][Kk][Ii][Ll][Ll]$","matchValue":"bash"}
[16:26:46.207] INFO: [daemon.js:17438] [hook-registry] hooks filtered by matcher {"module":"hook-registry","hookEvent":"PreToolUse","matchValue":"bash","beforeCount":2,"afterCount":0}
[16:26:46.208] INFO: [daemon.js:17438] [cf2f483727f943429fae7f586a39eed2] ← POST /mavis/api/hooks/execute status=200 duration=1ms {"locale":"en"}
[16:26:46.208] INFO: [daemon.js:17438] [f3c753b16512436d8990e6b08e025f81] → POST /mavis/api/hooks/execute
[16:26:46.208] INFO: [daemon.js:17438] [hook-registry] matcher did not match, hook filtered out {"module":"hook-registry","hookId":"builtin:binary-read-guard","matcher":"^[Rr]ead$","matchValue":"bash"}
[16:26:46.208] INFO: [daemon.js:17438] [hook-registry] matcher did not match, hook filtered out {"module":"hook-registry","hookId":"builtin:docx-skill-env-gate","matcher":"^[Ss][Kk][Ii][Ll][Ll]$","matchValue":"bash"}
[16:26:46.208] INFO: [daemon.js:17438] [hook-registry] hooks filtered by matcher {"module":"hook-registry","hookEvent":"PreToolUse","matchValue":"bash","beforeCount":2,"afterCount":0}
[16:26:46.208] INFO: [daemon.js:17438] [f3c753b16512436d8990e6b08e025f81] ← POST /mavis/api/hooks/execute status=200 duration=0ms {"locale":"en"}
[16:26:47.014] INFO: [daemon.js:17438] [93b1c1848092449194452d6f04d3b5da] → GET /mavis/health
[16:26:47.015] INFO: [daemon.js:17438] [93b1c1848092449194452d6f04d3b5da] ← GET /mavis/health status=200 duration=1ms {"locale":"en"}
[16:26:47.015] INFO: [daemon.js:17438] [54add49dc1824565806bd9c4eccc9b9b] → GET /mavis/health
[16:26:47.015] INFO: [daemon.js:17438] [54add49dc1824565806bd9c4eccc9b9b] ← GET /mavis/health status=200 duration=0ms {"locale":"en"}
[16:26:47.018] INFO: [daemon.js:17438] [b73e6d41d7bb4d77a10288abff08337e] → GET /mavis/api/skill-evolve/signals {"callerAgent":"mavis","callerSession":"mvs_b1ba344e2ecf499aaa2b45c66c0b1d2b"}
[16:26:47.018] INFO: [daemon.js:17438] [b73e6d41d7bb4d77a10288abff08337e] ← GET /mavis/api/skill-evolve/signals status=403 duration=0ms {"callerAgent":"mavis","callerSession":"mvs_b1ba344e2ecf499aaa2b45c66c0b1d2b","locale":"en"}
[16:26:47.019] INFO: [daemon.js:17438] [56255599a9f1402687fa4dfbbdb34a7c] → GET /mavis/api/skill/zotero-use {"callerAgent":"mavis","callerSession":"mvs_b1ba344e2ecf499aaa2b45c66c0b1d2b"}
[16:26:47.019] INFO: [daemon.js:17438] [56255599a9f1402687fa4dfbbdb34a7c] ← GET /mavis/api/skill/zotero-use status=200 duration=0ms {"callerAgent":"mavis","callerSession":"mvs_b1ba344e2ecf499aaa2b45c66c0b1d2b","locale":"en"}
[16:26:47.054] INFO: [daemon.js:17438] [9ac51d4fbbe346fea59afe7d3e0b5d5a] → POST /mavis/api/metrics/runtime-event
[16:26:47.055] INFO: [daemon.js:17438] [9ac51d4fbbe346fea59afe7d3e0b5d5a] ← POST /mavis/api/metrics/runtime-event status=204 duration=1ms {"locale":"en"}
[16:26:47.055] INFO: [daemon.js:17438] [61edbb1617bd4a029447d3a4c993a97c] → POST /mavis/api/hooks/execute
[16:26:47.055] INFO: [daemon.js:17438] [hook-registry] matcher did not match, hook filtered out {"module":"hook-registry","hookId":"builtin:read-image-compressor","matcher":"^[Rr]ead$","matchValue":"bash"}
[16:26:47.055] INFO: [daemon.js:17438] [hook-registry] hooks filtered by matcher {"module":"hook-registry","hookEvent":"PostToolUse","matchValue":"bash","beforeCount":7,"afterCount":6}
[16:26:47.056] INFO: [daemon.js:17438] [61edbb1617bd4a029447d3a4c993a97c] ← POST /mavis/api/hooks/execute status=200 duration=1ms {"locale":"en"}
[16:26:47.150] INFO: [daemon.js:17438] [d272438622d140928dcebdfc660c7324] → POST /mavis/api/metrics/runtime-event
[16:26:47.150] INFO: [daemon.js:17438] [d272438622d140928dcebdfc660c7324] ← POST /mavis/api/metrics/runtime-event status=204 duration=0ms {"locale":"en"}
[16:26:47.151] INFO: [daemon.js:17438] [8d06ce19e0194b8dafa2fd82199e21cd] → POST /mavis/api/hooks/execute
[16:26:47.151] INFO: [daemon.js:17438] [hook-registry] matcher did not match, hook filtered out {"module":"hook-registry","hookId":"builtin:read-image-compressor","matcher":"^[Rr]ead$","matchValue":"bash"}
[16:26:47.151] INFO: [daemon.js:17438] [hook-registry] hooks filtered by matcher {"module":"hook-registry","hookEvent":"PostToolUse","matchValue":"bash","beforeCount":7,"afterCount":6}
[16:26:47.152] INFO: [daemon.js:17438] [8d06ce19e0194b8dafa2fd82199e21cd] ← POST /mavis/api/hooks/execute status=200 duration=1ms {"locale":"en"}
[16:26:47.155] INFO: [daemon.js:17438] [d7ed45f0de254d4199d9d490f4c0c2c5] → POST /mavis/api/metrics/runtime-event
[16:26:47.155] INFO: [daemon.js:17438] [d7ed45f0de254d4199d9d490f4c0c2c5] ← POST /mavis/api/metrics/runtime-event status=204 duration=0ms {"locale":"en"}
[16:26:47.174] INFO: [daemon.js:17438] [457af1ec60fb41ad89f38f304feb1462] → POST /mavis/api/metrics/runtime-event
[16:26:47.174] INFO: [daemon.js:17438] [457af1ec60fb41ad89f38f304feb1462] ← POST /mavis/api/metrics/runtime-event status=204 duration=0ms {"locale":"en"}
[16:26:52.216] INFO: [daemon.js:17438] [cf87afc3ee6d4afc87b5c3a76f85d0ac] → GET /mavis/health
[16:26:52.216] INFO: [daemon.js:17438] [cf87afc3ee6d4afc87b5c3a76f85d0ac] ← GET /mavis/health status=200 duration=0ms {"locale":"en"}
[16:26:52.867] INFO: [daemon.js:17438] [cb3d2ca034b34dd3b9e9b889f733362a] → POST /mavis/api/metrics/runtime-event
[16:26:52.868] INFO: [daemon.js:17438] [cb3d2ca034b34dd3b9e9b889f733362a] ← POST /mavis/api/metrics/runtime-event status=204 duration=1ms {"locale":"en"}
[16:26:52.868] INFO: [daemon.js:17438] [7bb3d7a3688e433b9a4a3b9ae44a2797] → POST /mavis/api/permission/check
[16:26:52.869] INFO: [daemon.js:17438] [7bb3d7a3688e433b9a4a3b9ae44a2797] Permission check requested: glob for mavis {"locale":"en"}
[16:26:52.869] INFO: [daemon.js:17438] Created ToolPermissionContext {"mode":"auto","ruleCount":0,"sandboxEnabled":false,"workingDirectory":"C:\\Users\\jethr\\.mavis\\agents\\mavis\\workspace"}
[16:26:52.869] INFO: [daemon.js:17438] [d41d2c5ecbe94dd39d811b6d8f146210] FsToolPermissionChecker checkPermissions called, toolName=glob, input={"pattern":"C:/Users/jethr/.mavis/skills/zotero-use/references/*"}, context={"mode":"auto","rules":[],"sandboxEnabled":false,"autoAllowBashIfSandboxed":false,"workingDirectory":"C:\\Users\\jethr\\.mavis\\agents\\mavis\\workspace","allowedWorkingPaths":[],"sandboxAllowPaths":[],"dataDir":"C:\\Users\\jethr\\.mavis","homeDir":"C:\\Users\\jethr","agentName":"mavis","sessionId":"mvs_b1ba344e2ecf499aaa2b45c66c0b1d2b","allowManagedPermissionRulesOnly":false,"interactiveTools":{}}
[16:26:52.869] INFO: [daemon.js:17438] [b39c0446aabd4b3d8f7b67dd5a5a4ca2] [permission-service] Check result: toolName=glob behavior=deny reasonType=pathValidation locale=en
[16:26:52.870] INFO: [daemon.js:17438] [7bb3d7a3688e433b9a4a3b9ae44a2797] Permission check result: glob → deny {"locale":"en"}
[16:26:52.870] INFO: [daemon.js:17438] [7bb3d7a3688e433b9a4a3b9ae44a2797] ← POST /mavis/api/permission/check status=200 duration=2ms {"locale":"en"}
[16:26:52.873] INFO: [daemon.js:17438] [f2685a8859304679a1e63888e5370f5f] → POST /mavis/api/metrics/runtime-event
[16:26:52.874] INFO: [daemon.js:17438] [f2685a8859304679a1e63888e5370f5f] ← POST /mavis/api/metrics/runtime-event status=204 duration=1ms {"locale":"en"}
[16:26:52.889] INFO: [daemon.js:17438] [77f980b08b964d6fb3281527111ab35c] → POST /mavis/api/metrics/runtime-event
[16:26:52.889] INFO: [daemon.js:17438] [77f980b08b964d6fb3281527111ab35c] ← POST /mavis/api/metrics/runtime-event status=204 duration=0ms {"locale":"en"}
[16:26:55.492] INFO: [daemon.js:17438] [f4923f94f09e4c629b181e10dd1aba94] → POST /mavis/api/metrics/runtime-event
[16:26:55.492] INFO: [daemon.js:17438] [f4923f94f09e4c629b181e10dd1aba94] ← POST /mavis/api/metrics/runtime-event status=204 duration=0ms {"locale":"en"}
[16:26:55.493] INFO: [daemon.js:17438] [933a646b79fd451a8ac8bcf446c8e8bb] → POST /mavis/api/permission/check
[16:26:55.493] INFO: [daemon.js:17438] [933a646b79fd451a8ac8bcf446c8e8bb] Permission check requested: read for mavis {"locale":"en"}
[16:26:55.494] INFO: [daemon.js:17438] Created ToolPermissionContext {"mode":"auto","ruleCount":0,"sandboxEnabled":false,"workingDirectory":"C:\\Users\\jethr\\.mavis\\agents\\mavis\\workspace"}
[16:26:55.494] INFO: [daemon.js:17438] [e49e04227eae45a3990cb21cc05dcb7d] FsToolPermissionChecker checkPermissions called, toolName=read, input={"filePath":"C:/Users/jethr/.mavis/skills/zotero-use/references"}, context={"mode":"auto","rules":[],"sandboxEnabled":false,"autoAllowBashIfSandboxed":false,"workingDirectory":"C:\\Users\\jethr\\.mavis\\agents\\mavis\\workspace","allowedWorkingPaths":[],"sandboxAllowPaths":[],"dataDir":"C:\\Users\\jethr\\.mavis","homeDir":"C:\\Users\\jethr","agentName":"mavis","sessionId":"mvs_b1ba344e2ecf499aaa2b45c66c0b1d2b","allowManagedPermissionRulesOnly":false,"interactiveTools":{}}
[16:26:55.495] INFO: [daemon.js:17438] [567f3680c107468e9f281ff5139c7eac] [permission-service] Check result: toolName=read behavior=allow reasonType=workingDirectory locale=en
[16:26:55.495] INFO: [daemon.js:17438] [933a646b79fd451a8ac8bcf446c8e8bb] Permission check result: read → allow {"locale":"en"}
[16:26:55.495] INFO: [daemon.js:17438] [933a646b79fd451a8ac8bcf446c8e8bb] ← POST /mavis/api/permission/check status=200 duration=2ms {"locale":"en"}
[16:26:55.496] INFO: [daemon.js:17438] [f5238a7c60b64047b131281da65480ad] → POST /mavis/api/hooks/execute
[16:26:55.497] INFO: [daemon.js:17438] [hook-registry] matcher did not match, hook filtered out {"module":"hook-registry","hookId":"builtin:docx-skill-env-gate","matcher":"^[Ss][Kk][Ii][Ll][Ll]$","matchValue":"read"}
[16:26:55.497] INFO: [daemon.js:17438] [hook-registry] hooks filtered by matcher {"module":"hook-registry","hookEvent":"PreToolUse","matchValue":"read","beforeCount":2,"afterCount":1}
[16:26:55.497] INFO: [daemon.js:17438] [1035c2c6d98d4b999ee64c029756b914] [binary-read-guard] handler invoked toolName=read model=minimax/MiniMax-M2.7 argsKeys=["filePath"]
[16:26:55.497] INFO: [daemon.js:17438] [edd11b33465e4d61a3e6ca547f08706c] [binary-read-guard] extension not blocked, ext=
[16:26:55.497] INFO: [daemon.js:17438] [f5238a7c60b64047b131281da65480ad] ← POST /mavis/api/hooks/execute status=200 duration=1ms {"locale":"en"}
[16:26:55.501] INFO: [daemon.js:17438] [dbd4d11828e9442bb40407ceb1b97869] → POST /mavis/api/metrics/runtime-event
[16:26:55.501] INFO: [daemon.js:17438] [dbd4d11828e9442bb40407ceb1b97869] ← POST /mavis/api/metrics/runtime-event status=204 duration=0ms {"locale":"en"}
[16:26:55.501] INFO: [daemon.js:17438] [51367b733a494d57a5d92a087303fec7] → POST /mavis/api/hooks/execute
[16:26:55.502] INFO: [daemon.js:17438] [hook-registry] matcher did not match, hook filtered out {"module":"hook-registry","hookId":"builtin:cu-image-injector","matcher":"^[Bb]ash$","matchValue":"read"}
[16:26:55.502] INFO: [daemon.js:17438] [hook-registry] hooks filtered by matcher {"module":"hook-registry","hookEvent":"PostToolUse","matchValue":"read","beforeCount":7,"afterCount":6}
[16:26:55.502] INFO: [daemon.js:17438] [51367b733a494d57a5d92a087303fec7] ← POST /mavis/api/hooks/execute status=200 duration=1ms {"locale":"en"}
[16:26:55.504] INFO: [daemon.js:17438] [381a61a555584d46a5105404b9eb4ab4] → POST /mavis/api/metrics/runtime-event
[16:26:55.505] INFO: [daemon.js:17438] [381a61a555584d46a5105404b9eb4ab4] ← POST /mavis/api/metrics/runtime-event status=204 duration=1ms {"locale":"en"}
[16:26:55.520] INFO: [daemon.js:17438] [848d4ebce81c4413b51db61003df3bf6] → POST /mavis/api/metrics/runtime-event
[16:26:55.520] INFO: [daemon.js:17438] [848d4ebce81c4413b51db61003df3bf6] ← POST /mavis/api/metrics/runtime-event status=204 duration=0ms {"locale":"en"}
[16:27:00.569] INFO: [daemon.js:17438] [6fadf0683f634e97acc617e0425a84a6] → POST /mavis/api/metrics/runtime-event
[16:27:00.569] INFO: [daemon.js:17438] [6fadf0683f634e97acc617e0425a84a6] ← POST /mavis/api/metrics/runtime-event status=204 duration=0ms {"locale":"en"}
[16:27:00.848] INFO: [daemon.js:17438] [5da1c0ed105d4ecba24c97dd004556dc] [bridge] Emitting session.finish event sessionId=mvs_b1ba344e2ecf499aaa2b45c66c0b1d2b agentName=mavis isError=false
[16:27:00.855] INFO: [daemon.js:17438] [00ee7b2b7f514b059ec9d103a4261b18] [cron-store] Loaded cron configs, count=0
[16:27:00.863] INFO: [daemon.js:17438] [2f5ea00f423e4fa0b12ed7c37dce54ef] → GET /mavis/api/session/mvs_b1ba344e2ecf499aaa2b45c66c0b1d2b/diff
[16:27:00.864] INFO: [daemon.js:17438] [28eaffb08e3f4a738f3a67c4f769511d] → GET /mavis/api/session/mvs_b1ba344e2ecf499aaa2b45c66c0b1d2b
[16:27:00.867] INFO: [daemon.js:17438] [2f5ea00f423e4fa0b12ed7c37dce54ef] ← GET /mavis/api/session/mvs_b1ba344e2ecf499aaa2b45c66c0b1d2b/diff status=200 duration=4ms {"locale":"en"}
[16:27:00.868] INFO: [daemon.js:17438] [28eaffb08e3f4a738f3a67c4f769511d] ← GET /mavis/api/session/mvs_b1ba344e2ecf499aaa2b45c66c0b1d2b status=200 duration=4ms {"locale":"en"}
[16:27:02.223] INFO: [daemon.js:17438] [c6865db0f81445eb91cec656b5b5da20] → GET /mavis/health
[16:27:02.223] INFO: [daemon.js:17438] [c6865db0f81445eb91cec656b5b5da20] ← GET /mavis/health status=200 duration=0ms {"locale":"en"}
[16:27:12.241] INFO: [daemon.js:17438] [9e8ddf6626114e36a78c5abbb7bbabfb] → GET /mavis/health
[16:27:12.242] INFO: [daemon.js:17438] [9e8ddf6626114e36a78c5abbb7bbabfb] ← GET /mavis/health status=200 duration=1ms {"locale":"en"}
[16:27:22.235] INFO: [daemon.js:17438] [118ae7ed087b48fc84c1b84e838f7a5b] → GET /mavis/health
[16:27:22.235] INFO: [daemon.js:17438] [118ae7ed087b48fc84c1b84e838f7a5b] ← GET /mavis/health status=200 duration=0ms {"locale":"en"}
[16:27:32.247] INFO: [daemon.js:17438] [eab8ba16c94b4720b895a98866d532a0] → GET /mavis/health
[16:27:32.247] INFO: [daemon.js:17438] [eab8ba16c94b4720b895a98866d532a0] ← GET /mavis/health status=200 duration=0ms {"locale":"en"}
[16:27:42.256] INFO: [daemon.js:17438] [07acd86bb6384f86890ee0d69ca20702] → GET /mavis/health
[16:27:42.257] INFO: [daemon.js:17438] [07acd86bb6384f86890ee0d69ca20702] ← GET /mavis/health status=200 duration=1ms {"locale":"en"}
[16:27:47.718] INFO: [daemon.js:17438] [f5824104420c432a88a59e6c5f08be31] → POST /mavis/api/content
[16:27:47.968] INFO: [daemon.js:17438] [f5824104420c432a88a59e6c5f08be31] ← POST /mavis/api/content status=200 duration=250ms {"locale":"en"}
[16:27:47.973] INFO: [daemon.js:17438] [35cd8d30fb524b9aa0fae7f56bdf350e] → POST /mavis/api/session/mvs_b1ba344e2ecf499aaa2b45c66c0b1d2b/message
[16:27:47.974] INFO: [daemon.js:17438] [35cd8d30fb524b9aa0fae7f56bdf350e] SendMessage received for mavis/mvs_b1ba344e2ecf499aaa2b45c66c0b1d2b {"locale":"en"}
[16:27:47.974] INFO: [daemon.js:17438] [message] Forwarding user message {"ctx":{"traceId":"35cd8d30fb524b9aa0fae7f56bdf350e","locale":"en"},"agentName":"mavis","sessionId":"mvs_b1ba344e2ecf499aaa2b45c66c0b1d2b","queuedMessageCount":0,"turnId":"5d837c62-aeb5-4cca-9813-b198dad97a8f"}
[16:27:47.975] INFO: [daemon.js:17438] [35cd8d30fb524b9aa0fae7f56bdf350e] ← POST /mavis/api/session/mvs_b1ba344e2ecf499aaa2b45c66c0b1d2b/message status=200 duration=2ms {"locale":"en"}
[16:27:47.975] INFO: [daemon.js:17438] [c786fc450ae244e68ba591dc7f0f5cec] Session turnId updated sessionId=mvs_b1ba344e2ecf499aaa2b45c66c0b1d2b turnId=5d837c62-aeb5-4cca-9813-b198dad97a8f
[16:27:47.975] INFO: [daemon.js:17438] [ffb64fd83a8241c2b2eee03c1b73f545] Resolved model from request override agentName=mavis providerID=minimax modelID=MiniMax-M2.7
[16:27:47.983] INFO: [daemon.js:17438] [d501e920b6cf41de9e4a03a6f6345962] Resolved model from request override agentName=mavis providerID=minimax modelID=MiniMax-M2.7
[16:27:47.984] INFO: [daemon.js:17438] [35cd8d30fb524b9aa0fae7f56bdf350e] sendMessage started, agentName=mavis, sessionId=mvs_b1ba344e2ecf499aaa2b45c66c0b1d2b {"locale":"en"}
[16:27:48.011] INFO: [daemon.js:17438] [efb39cfe8c0e4ed3ac462910f16454f4] → POST /mavis/api/metrics/runtime-event
[16:27:48.011] INFO: [daemon.js:17438] [efb39cfe8c0e4ed3ac462910f16454f4] ← POST /mavis/api/metrics/runtime-event status=204 duration=0ms {"locale":"en"}
[16:27:51.013] INFO: [daemon.js:17438] [cfda2d2616aa4973b6bae1c070300723] [monitor] thinking TTFT measured sessionId=mvs_b1ba344e2ecf499aaa2b45c66c0b1d2b agentName=mavis ttftMs=3038
[16:27:52.259] INFO: [daemon.js:17438] [84f4ea515d0b4befadb69473d73483ea] → GET /mavis/health
[16:27:52.259] INFO: [daemon.js:17438] [84f4ea515d0b4befadb69473d73483ea] ← GET /mavis/health status=200 duration=0ms {"locale":"en"}
[16:27:54.695] INFO: [daemon.js:17438] [1df30c9ccaf34b189f7ac298f501f602] [monitor] response TTFT measured sessionId=mvs_b1ba344e2ecf499aaa2b45c66c0b1d2b agentName=mavis ttftMs=6720 breakdown={"resolveSession":0,"reconcileConfig":0,"hooks":8,"modelResolve":1,"adapterSend":6711}
[16:27:55.648] INFO: [daemon.js:17438] [5dcb145ca96e47d6a28bc3fcb46627ad] → POST /mavis/api/metrics/runtime-event
[16:27:55.648] INFO: [daemon.js:17438] [5dcb145ca96e47d6a28bc3fcb46627ad] ← POST /mavis/api/metrics/runtime-event status=204 duration=0ms {"locale":"en"}
[16:27:55.648] INFO: [daemon.js:17438] [b1913af2b8974535a1c9783467ba5585] → POST /mavis/api/permission/check
[16:27:55.649] INFO: [daemon.js:17438] [b1913af2b8974535a1c9783467ba5585] Permission check requested: read for mavis {"locale":"en"}
[16:27:55.649] INFO: [daemon.js:17438] Created ToolPermissionContext {"mode":"auto","ruleCount":0,"sandboxEnabled":false,"workingDirectory":"C:\\Users\\jethr\\.mavis\\agents\\mavis\\workspace"}
[16:27:55.649] INFO: [daemon.js:17438] [7ed1a2417093442597d934a848271f65] FsToolPermissionChecker checkPermissions called, toolName=read, input={"filePath":"C:\\Users\\jethr\\.mavis\\skills\\zotero-use\\SKILL.md"}, context={"mode":"auto","rules":[],"sandboxEnabled":false,"autoAllowBashIfSandboxed":false,"workingDirectory":"C:\\Users\\jethr\\.mavis\\agents\\mavis\\workspace","allowedWorkingPaths":[],"sandboxAllowPaths":[],"dataDir":"C:\\Users\\jethr\\.mavis","homeDir":"C:\\Users\\jethr","agentName":"mavis","sessionId":"mvs_b1ba344e2ecf499aaa2b45c66c0b1d2b","allowManagedPermissionRulesOnly":false,"interactiveTools":{}}
[16:27:55.649] INFO: [daemon.js:17438] [3291672a367148ab9a6e246f960103ab] [permission-service] Check result: toolName=read behavior=allow reasonType=workingDirectory locale=en
[16:27:55.649] INFO: [daemon.js:17438] [b1913af2b8974535a1c9783467ba5585] Permission check result: read → allow {"locale":"en"}
[16:27:55.650] INFO: [daemon.js:17438] [b1913af2b8974535a1c9783467ba5585] ← POST /mavis/api/permission/check status=200 duration=2ms {"locale":"en"}
[16:27:55.651] INFO: [daemon.js:17438] [b802059064fc413db539da24a390ad54] → POST /mavis/api/hooks/execute
[16:27:55.652] INFO: [daemon.js:17438] [hook-registry] matcher did not match, hook filtered out {"module":"hook-registry","hookId":"builtin:docx-skill-env-gate","matcher":"^[Ss][Kk][Ii][Ll][Ll]$","matchValue":"read"}
[16:27:55.652] INFO: [daemon.js:17438] [hook-registry] hooks filtered by matcher {"module":"hook-registry","hookEvent":"PreToolUse","matchValue":"read","beforeCount":2,"afterCount":1}
[16:27:55.652] INFO: [daemon.js:17438] [a3f7584737e9481c8739b6f7d2f78a61] [binary-read-guard] handler invoked toolName=read model=minimax/MiniMax-M2.7 argsKeys=["filePath"]
[16:27:55.652] INFO: [daemon.js:17438] [b7a3fd482cb84eeaa86bcae416476ad3] [binary-read-guard] extension not blocked, ext=.md
[16:27:55.652] INFO: [daemon.js:17438] [b802059064fc413db539da24a390ad54] ← POST /mavis/api/hooks/execute status=200 duration=1ms {"locale":"en"}
[16:27:55.659] INFO: [daemon.js:17438] [28d63f7541234be092b47ada6cc2a16d] → POST /mavis/api/metrics/runtime-event
[16:27:55.659] INFO: [daemon.js:17438] [28d63f7541234be092b47ada6cc2a16d] ← POST /mavis/api/metrics/runtime-event status=204 duration=0ms {"locale":"en"}
[16:27:55.660] INFO: [daemon.js:17438] [6b855028f599447da5fcb7ac4c067eca] → POST /mavis/api/hooks/execute
[16:27:55.660] INFO: [daemon.js:17438] [hook-registry] matcher did not match, hook filtered out {"module":"hook-registry","hookId":"builtin:cu-image-injector","matcher":"^[Bb]ash$","matchValue":"read"}
[16:27:55.660] INFO: [daemon.js:17438] [hook-registry] hooks filtered by matcher {"module":"hook-registry","hookEvent":"PostToolUse","matchValue":"read","beforeCount":7,"afterCount":6}
[16:27:55.660] INFO: [daemon.js:17438] [6b855028f599447da5fcb7ac4c067eca] ← POST /mavis/api/hooks/execute status=200 duration=0ms {"locale":"en"}
[16:27:55.663] INFO: [daemon.js:17438] [d831695a0d694d8782340db0e714b62b] → POST /mavis/api/metrics/runtime-event
[16:27:55.664] INFO: [daemon.js:17438] [d831695a0d694d8782340db0e714b62b] ← POST /mavis/api/metrics/runtime-event status=204 duration=1ms {"locale":"en"}
[16:27:55.682] INFO: [daemon.js:17438] [2a3c6dfef8074725b1a4448cd3c6dbc0] → POST /mavis/api/metrics/runtime-event
[16:27:55.682] INFO: [daemon.js:17438] [2a3c6dfef8074725b1a4448cd3c6dbc0] ← POST /mavis/api/metrics/runtime-event status=204 duration=0ms {"locale":"en"}
[16:28:02.281] INFO: [daemon.js:17438] [3ac85922033c45d88dd7d6d77360391a] → GET /mavis/health
[16:28:02.282] INFO: [daemon.js:17438] [3ac85922033c45d88dd7d6d77360391a] ← GET /mavis/health status=200 duration=1ms {"locale":"en"}
[16:28:09.239] INFO: [daemon.js:17438] [ad616cce59e74061ad22d997ad462dc2] → POST /mavis/api/metrics/runtime-event
[16:28:09.240] INFO: [daemon.js:17438] [ad616cce59e74061ad22d997ad462dc2] ← POST /mavis/api/metrics/runtime-event status=204 duration=1ms {"locale":"en"}
[16:28:09.240] INFO: [daemon.js:17438] [ca7b0df4d37442ce9f547a1c6c969c5a] → POST /mavis/api/permission/check
[16:28:09.240] INFO: [daemon.js:17438] [ca7b0df4d37442ce9f547a1c6c969c5a] Permission check requested: edit for mavis {"locale":"en"}
[16:28:09.241] INFO: [daemon.js:17438] Created ToolPermissionContext {"mode":"auto","ruleCount":0,"sandboxEnabled":false,"workingDirectory":"C:\\Users\\jethr\\.mavis\\agents\\mavis\\workspace"}
[16:28:09.241] INFO: [daemon.js:17438] [26402a7f9f614e9397aab6fb645cedab] FsToolPermissionChecker checkPermissions called, toolName=edit, input={"filePath":"C:\\Users\\jethr\\.mavis\\skills\\zotero-use\\SKILL.md","oldString":"description: \"Use when Codex needs either of the two primary Zotero workflows: (1) search/query/retrieve references from the user's Zotero library and brainstorm from Zotero evidence, or (2) edit Word DOCX text and add selected Zotero items as live citation fields. Prefer structured Pyzotero CLI (`zot`) for low-context terminal workflows; use Zotero MCP tools only when already available or explicitly requested. Zotero library create/update/delete actions are secondary and should only be done when explicitly requested. Trigger on Zotero, Pyzotero, zot, Zotero MCP, Word/DOCX Zotero citations, literature searches, reference review, paper brainstorming, metadata, collections, tags, recent items, attachments/notes, full-text retrieval, or Zotero setup.\"","newString":"description: \"Use when an agent needs either of the two primary Zotero workflows: (1) search/query/retrieve references from the user's Zotero library and brainstorm from Zotero evidence, or (2) edit Word DOCX text and add selected Zotero items as live citation fields. Prefer structured Pyzotero CLI (`zot`) for low-context terminal workflows; use Zotero MCP tools only when they are already available or the user explicitly prefers them. Zotero library create/update/delete actions are secondary and should only be done when explicitly requested. Trigger on Zotero, Pyzotero, zot, Zotero MCP, Word/DOCX Zotero citations, literature searches, reference review, paper brainstorming, metadata, collections, tags, recent items, attachments/notes, full-text retrieval, or Zotero setup.\""}, context={"mode":"auto","rules":[],"sandboxEnabled":false,"autoAllowBashIfSandboxed":false,"workingDirectory":"C:\\Users\\jethr\\.mavis\\agents\\mavis\\workspace","allowedWorkingPaths":[],"sandboxAllowPaths":[],"dataDir":"C:\\Users\\jethr\\.mavis","homeDir":"C:\\Users\\jethr","agentName":"mavis","sessionId":"mvs_b1ba344e2ecf499aaa2b45c66c0b1d2b","allowManagedPermissionRulesOnly":false,"interactiveTools":{}}
[16:28:09.241] INFO: [daemon.js:17438] [f6ea08f3fcd247ac8fe77e2152d0c6b8] [permission-service] Check result: toolName=edit behavior=ask reasonType=safetyCheck locale=en
[16:28:09.242] INFO: [daemon.js:17438] Running YOLO classifier {"toolName":"edit","inputLength":48,"sessionId":"mvs_b1ba344e2ecf499aaa2b45c66c0b1d2b","agentId":"mavis"}
[16:28:12.301] INFO: [daemon.js:17438] [74ea79a5ce3b47f9951b69dab612ea9b] → GET /mavis/health
[16:28:12.301] INFO: [daemon.js:17438] [74ea79a5ce3b47f9951b69dab612ea9b] ← GET /mavis/health status=200 duration=0ms {"locale":"en"}
[16:28:15.525] INFO: [daemon.js:17438] Stage 2 LLM classification result {"toolName":"edit","verdict":"allow","reason":"User explicitly requested this edit to make the skill more general for agents. The file is within the user's own workspace directory, the operation is a simple text edit, and no sensitive data is involved.","model":"minimax/MiniMax-M2.7","isIrreversibleDelete":false,"confidence":0.95}
[16:28:15.525] INFO: [daemon.js:17438] [67955a251cf6423891c36bd8aca4c4c6] [permission-service] Auto mode classifier result: toolName=edit verdict=allow reason=User explicitly requested this edit to make the skill more general for agents. The file is within the user's own workspace directory, the operation is a simple text edit, and no sensitive data is involved. model=minimax/MiniMax-M2.7 stage=thinking durationMs=6283 locale=en
[16:28:15.525] INFO: [daemon.js:17438] [ca7b0df4d37442ce9f547a1c6c969c5a] Permission check result: edit → allow {"locale":"en"}
[16:28:15.525] INFO: [daemon.js:17438] [ca7b0df4d37442ce9f547a1c6c969c5a] ← POST /mavis/api/permission/check status=200 duration=6285ms {"locale":"en"}
[16:28:15.530] INFO: [daemon.js:17438] [c2d9970ffd7a4cc896e0505705b6e785] → POST /mavis/api/hooks/execute
[16:28:15.530] INFO: [daemon.js:17438] [hook-registry] matcher did not match, hook filtered out {"module":"hook-registry","hookId":"builtin:binary-read-guard","matcher":"^[Rr]ead$","matchValue":"edit"}
[16:28:15.531] INFO: [daemon.js:17438] [hook-registry] matcher did not match, hook filtered out {"module":"hook-registry","hookId":"builtin:docx-skill-env-gate","matcher":"^[Ss][Kk][Ii][Ll][Ll]$","matchValue":"edit"}
[16:28:15.531] INFO: [daemon.js:17438] [hook-registry] hooks filtered by matcher {"module":"hook-registry","hookEvent":"PreToolUse","matchValue":"edit","beforeCount":2,"afterCount":0}
[16:28:15.531] INFO: [daemon.js:17438] [c2d9970ffd7a4cc896e0505705b6e785] ← POST /mavis/api/hooks/execute status=200 duration=1ms {"locale":"en"}
[16:28:15.538] INFO: [daemon.js:17438] [9548c4cde6b54784ac04c6a17b58b47f] → POST /mavis/api/metrics/runtime-event
[16:28:15.539] INFO: [daemon.js:17438] [9548c4cde6b54784ac04c6a17b58b47f] ← POST /mavis/api/metrics/runtime-event status=204 duration=1ms {"locale":"en"}
[16:28:15.540] INFO: [daemon.js:17438] [8abfecb8a6f3459490fc1b8b25378aba] → POST /mavis/api/hooks/execute
[16:28:15.541] INFO: [daemon.js:17438] [hook-registry] matcher did not match, hook filtered out {"module":"hook-registry","hookId":"builtin:read-image-compressor","matcher":"^[Rr]ead$","matchValue":"edit"}
[16:28:15.541] INFO: [daemon.js:17438] [hook-registry] matcher did not match, hook filtered out {"module":"hook-registry","hookId":"builtin:cu-image-injector","matcher":"^[Bb]ash$","matchValue":"edit"}
[16:28:15.541] INFO: [daemon.js:17438] [hook-registry] hooks filtered by matcher {"module":"hook-registry","hookEvent":"PostToolUse","matchValue":"edit","beforeCount":7,"afterCount":5}
[16:28:15.541] INFO: [daemon.js:17438] [8abfecb8a6f3459490fc1b8b25378aba] ← POST /mavis/api/hooks/execute status=200 duration=1ms {"locale":"en"}
[16:28:15.545] INFO: [daemon.js:17438] [c54760d57da64cccad398a3ff609898a] → POST /mavis/api/metrics/runtime-event
[16:28:15.546] INFO: [daemon.js:17438] [c54760d57da64cccad398a3ff609898a] ← POST /mavis/api/metrics/runtime-event status=204 duration=1ms {"locale":"en"}
[16:28:15.562] INFO: [daemon.js:17438] [14e1d31645f64690a3474a29e01be896] → POST /mavis/api/metrics/runtime-event
[16:28:15.563] INFO: [daemon.js:17438] [14e1d31645f64690a3474a29e01be896] ← POST /mavis/api/metrics/runtime-event status=204 duration=1ms {"locale":"en"}
[16:28:15.801] INFO: [daemon.js:17438] [e9b67243c65944d29d38e40605f04a0c] SkillFsSyncer: index synced, skillName=zotero-use, scope=2, event=skill.updated
[16:28:19.662] INFO: [daemon.js:17438] [abae668800e04b35a2353dadd36c4a81] → POST /mavis/api/metrics/runtime-event
[16:28:19.663] INFO: [daemon.js:17438] [abae668800e04b35a2353dadd36c4a81] ← POST /mavis/api/metrics/runtime-event status=204 duration=1ms {"locale":"en"}
[16:28:19.663] INFO: [daemon.js:17438] [5d28931c93b748f5a60f127aed059b07] → POST /mavis/api/permission/check
[16:28:19.664] INFO: [daemon.js:17438] [5d28931c93b748f5a60f127aed059b07] Permission check requested: edit for mavis {"locale":"en"}
[16:28:19.664] INFO: [daemon.js:17438] Created ToolPermissionContext {"mode":"auto","ruleCount":0,"sandboxEnabled":false,"workingDirectory":"C:\\Users\\jethr\\.mavis\\agents\\mavis\\workspace"}
[16:28:19.664] INFO: [daemon.js:17438] [dbed739fd1534ff4a906a720f50d7219] FsToolPermissionChecker checkPermissions called, toolName=edit, input={"filePath":"C:\\Users\\jethr\\.mavis\\skills\\zotero-use\\SKILL.md","newString":"5. Do not add MCP config to `.agents`, skill metadata, or agent config by default.","oldString":"5. Do not add MCP config to `.agents`, Codex skill metadata, or agent config by default."}, context={"mode":"auto","rules":[],"sandboxEnabled":false,"autoAllowBashIfSandboxed":false,"workingDirectory":"C:\\Users\\jethr\\.mavis\\agents\\mavis\\workspace","allowedWorkingPaths":[],"sandboxAllowPaths":[],"dataDir":"C:\\Users\\jethr\\.mavis","homeDir":"C:\\Users\\jethr","agentName":"mavis","sessionId":"mvs_b1ba344e2ecf499aaa2b45c66c0b1d2b","allowManagedPermissionRulesOnly":false,"interactiveTools":{}}
[16:28:19.664] INFO: [daemon.js:17438] [e6a73b747c6a4983936961bdf146fd04] [permission-service] Check result: toolName=edit behavior=ask reasonType=safetyCheck locale=en
[16:28:19.664] INFO: [daemon.js:17438] Running YOLO classifier {"toolName":"edit","inputLength":48,"sessionId":"mvs_b1ba344e2ecf499aaa2b45c66c0b1d2b","agentId":"mavis"}
[16:28:22.285] INFO: [daemon.js:17438] [8023832a37834be3af3de9e0e56e2ec7] → GET /mavis/health
[16:28:22.285] INFO: [daemon.js:17438] [8023832a37834be3af3de9e0e56e2ec7] ← GET /mavis/health status=200 duration=0ms {"locale":"en"}
[16:28:28.151] INFO: [daemon.js:17438] Stage 2 LLM classification result {"toolName":"edit","verdict":"allow","reason":"User-authorized edit to a skill file within their own mavis directory; removing Codex-specific branding is safe and expected.","model":"minimax/MiniMax-M2.7","isIrreversibleDelete":false,"confidence":0.95}
[16:28:28.151] INFO: [daemon.js:17438] [ca76581c691b4e1089ee98ba7b05612b] [permission-service] Auto mode classifier result: toolName=edit verdict=allow reason=User-authorized edit to a skill file within their own mavis directory; removing Codex-specific branding is safe and expected. model=minimax/MiniMax-M2.7 stage=thinking durationMs=8487 locale=en
[16:28:28.151] INFO: [daemon.js:17438] [5d28931c93b748f5a60f127aed059b07] Permission check result: edit → allow {"locale":"en"}
[16:28:28.151] INFO: [daemon.js:17438] [5d28931c93b748f5a60f127aed059b07] ← POST /mavis/api/permission/check status=200 duration=8488ms {"locale":"en"}
[16:28:28.154] INFO: [daemon.js:17438] [7e65e50256384824964aa8f22c9c5d8a] → POST /mavis/api/hooks/execute
[16:28:28.155] INFO: [daemon.js:17438] [hook-registry] matcher did not match, hook filtered out {"module":"hook-registry","hookId":"builtin:binary-read-guard","matcher":"^[Rr]ead$","matchValue":"edit"}
[16:28:28.155] INFO: [daemon.js:17438] [hook-registry] matcher did not match, hook filtered out {"module":"hook-registry","hookId":"builtin:docx-skill-env-gate","matcher":"^[Ss][Kk][Ii][Ll][Ll]$","matchValue":"edit"}
[16:28:28.155] INFO: [daemon.js:17438] [hook-registry] hooks filtered by matcher {"module":"hook-registry","hookEvent":"PreToolUse","matchValue":"edit","beforeCount":2,"afterCount":0}
[16:28:28.155] INFO: [daemon.js:17438] [7e65e50256384824964aa8f22c9c5d8a] ← POST /mavis/api/hooks/execute status=200 duration=1ms {"locale":"en"}
[16:28:28.161] INFO: [daemon.js:17438] [4fe919de7dac4b39846b455672bc3ec5] → POST /mavis/api/metrics/runtime-event
[16:28:28.162] INFO: [daemon.js:17438] [4fe919de7dac4b39846b455672bc3ec5] ← POST /mavis/api/metrics/runtime-event status=204 duration=1ms {"locale":"en"}
[16:28:28.164] INFO: [daemon.js:17438] [c5151124d37a456c86e86f131cd99f11] → POST /mavis/api/hooks/execute
[16:28:28.164] INFO: [daemon.js:17438] [hook-registry] matcher did not match, hook filtered out {"module":"hook-registry","hookId":"builtin:read-image-compressor","matcher":"^[Rr]ead$","matchValue":"edit"}
[16:28:28.164] INFO: [daemon.js:17438] [hook-registry] matcher did not match, hook filtered out {"module":"hook-registry","hookId":"builtin:cu-image-injector","matcher":"^[Bb]ash$","matchValue":"edit"}
[16:28:28.165] INFO: [daemon.js:17438] [hook-registry] hooks filtered by matcher {"module":"hook-registry","hookEvent":"PostToolUse","matchValue":"edit","beforeCount":7,"afterCount":5}
[16:28:28.165] INFO: [daemon.js:17438] [c5151124d37a456c86e86f131cd99f11] ← POST /mavis/api/hooks/execute status=200 duration=1ms {"locale":"en"}
[16:28:28.167] INFO: [daemon.js:17438] [3fefd35eb96e415bbd14538071af774e] → POST /mavis/api/metrics/runtime-event
[16:28:28.168] INFO: [daemon.js:17438] [3fefd35eb96e415bbd14538071af774e] ← POST /mavis/api/metrics/runtime-event status=204 duration=1ms {"locale":"en"}
[16:28:28.183] INFO: [daemon.js:17438] [9fd871771d694f4c95cb3a5cff9c55ac] → POST /mavis/api/metrics/runtime-event
[16:28:28.183] INFO: [daemon.js:17438] [9fd871771d694f4c95cb3a5cff9c55ac] ← POST /mavis/api/metrics/runtime-event status=204 duration=0ms {"locale":"en"}
[16:28:28.422] INFO: [daemon.js:17438] [d5df193cea4a4604b7d956a893f64149] SkillFsSyncer: index synced, skillName=zotero-use, scope=2, event=skill.updated
[16:28:32.121] INFO: [daemon.js:17438] [fc4bd1fd7a65414b92725c8584c4ea5b] → POST /mavis/api/metrics/runtime-event
[16:28:32.122] INFO: [daemon.js:17438] [fc4bd1fd7a65414b92725c8584c4ea5b] ← POST /mavis/api/metrics/runtime-event status=204 duration=1ms {"locale":"en"}
[16:28:32.122] INFO: [daemon.js:17438] [755eba6aee8f4c8a925e854a5a0bd9ce] → POST /mavis/api/permission/check
[16:28:32.122] INFO: [daemon.js:17438] [755eba6aee8f4c8a925e854a5a0bd9ce] Permission check requested: read for mavis {"locale":"en"}
[16:28:32.122] INFO: [daemon.js:17438] Created ToolPermissionContext {"mode":"auto","ruleCount":0,"sandboxEnabled":false,"workingDirectory":"C:\\Users\\jethr\\.mavis\\agents\\mavis\\workspace"}
[16:28:32.122] INFO: [daemon.js:17438] [600f244750b747d19096f2d6141b1585] FsToolPermissionChecker checkPermissions called, toolName=read, input={"filePath":"C:\\Users\\jethr\\.mavis\\skills\\zotero-use\\SKILL.md","limit":20}, context={"mode":"auto","rules":[],"sandboxEnabled":false,"autoAllowBashIfSandboxed":false,"workingDirectory":"C:\\Users\\jethr\\.mavis\\agents\\mavis\\workspace","allowedWorkingPaths":[],"sandboxAllowPaths":[],"dataDir":"C:\\Users\\jethr\\.mavis","homeDir":"C:\\Users\\jethr","agentName":"mavis","sessionId":"mvs_b1ba344e2ecf499aaa2b45c66c0b1d2b","allowManagedPermissionRulesOnly":false,"interactiveTools":{}}
[16:28:32.123] INFO: [daemon.js:17438] [b024159ed67849c18e12adf2e24e3990] [permission-service] Check result: toolName=read behavior=allow reasonType=workingDirectory locale=en
[16:28:32.123] INFO: [daemon.js:17438] [755eba6aee8f4c8a925e854a5a0bd9ce] Permission check result: read → allow {"locale":"en"}
[16:28:32.123] INFO: [daemon.js:17438] [755eba6aee8f4c8a925e854a5a0bd9ce] ← POST /mavis/api/permission/check status=200 duration=1ms {"locale":"en"}
[16:28:32.124] INFO: [daemon.js:17438] [9244e5f9fb3a4a0b9b9ff0a920aab8d3] → POST /mavis/api/hooks/execute
[16:28:32.124] INFO: [daemon.js:17438] [hook-registry] matcher did not match, hook filtered out {"module":"hook-registry","hookId":"builtin:docx-skill-env-gate","matcher":"^[Ss][Kk][Ii][Ll][Ll]$","matchValue":"read"}
[16:28:32.125] INFO: [daemon.js:17438] [hook-registry] hooks filtered by matcher {"module":"hook-registry","hookEvent":"PreToolUse","matchValue":"read","beforeCount":2,"afterCount":1}
[16:28:32.125] INFO: [daemon.js:17438] [b56d55b7e90f48a4a7c866d3ce8f8083] [binary-read-guard] handler invoked toolName=read model=minimax/MiniMax-M2.7 argsKeys=["filePath","limit"]
[16:28:32.125] INFO: [daemon.js:17438] [5238e306aa554a8090f2c69ef12ddc70] [binary-read-guard] extension not blocked, ext=.md
[16:28:32.125] INFO: [daemon.js:17438] [9244e5f9fb3a4a0b9b9ff0a920aab8d3] ← POST /mavis/api/hooks/execute status=200 duration=1ms {"locale":"en"}
[16:28:32.130] INFO: [daemon.js:17438] [43085885a26249b5a6b063543c2a4514] → POST /mavis/api/metrics/runtime-event
[16:28:32.131] INFO: [daemon.js:17438] [43085885a26249b5a6b063543c2a4514] ← POST /mavis/api/metrics/runtime-event status=204 duration=1ms {"locale":"en"}
[16:28:32.131] INFO: [daemon.js:17438] [83ae99c996294af7a42a71664aeb1166] → POST /mavis/api/hooks/execute
[16:28:32.132] INFO: [daemon.js:17438] [hook-registry] matcher did not match, hook filtered out {"module":"hook-registry","hookId":"builtin:cu-image-injector","matcher":"^[Bb]ash$","matchValue":"read"}
[16:28:32.132] INFO: [daemon.js:17438] [hook-registry] hooks filtered by matcher {"module":"hook-registry","hookEvent":"PostToolUse","matchValue":"read","beforeCount":7,"afterCount":6}
[16:28:32.132] INFO: [daemon.js:17438] [83ae99c996294af7a42a71664aeb1166] ← POST /mavis/api/hooks/execute status=200 duration=1ms {"locale":"en"}
[16:28:32.135] INFO: [daemon.js:17438] [29331970960947c1b093cbaeb0003ecf] → POST /mavis/api/metrics/runtime-event
[16:28:32.135] INFO: [daemon.js:17438] [29331970960947c1b093cbaeb0003ecf] ← POST /mavis/api/metrics/runtime-event status=204 duration=0ms {"locale":"en"}
[16:28:32.149] INFO: [daemon.js:17438] [ab23068a5bdf4af888772c670393c6cd] → POST /mavis/api/metrics/runtime-event
[16:28:32.149] INFO: [daemon.js:17438] [ab23068a5bdf4af888772c670393c6cd] ← POST /mavis/api/metrics/runtime-event status=204 duration=0ms {"locale":"en"}
[16:28:32.286] INFO: [daemon.js:17438] [3a68996ed78c43a0a7a58ca74208a4f4] → GET /mavis/health
[16:28:32.286] INFO: [daemon.js:17438] [3a68996ed78c43a0a7a58ca74208a4f4] ← GET /mavis/health status=200 duration=0ms {"locale":"en"}
[16:28:36.374] INFO: [daemon.js:17438] [31da33c85d0e4c648f7e98152ed42aa9] → POST /mavis/api/metrics/runtime-event
[16:28:36.374] INFO: [daemon.js:17438] [31da33c85d0e4c648f7e98152ed42aa9] ← POST /mavis/api/metrics/runtime-event status=204 duration=0ms {"locale":"en"}
[16:28:36.647] INFO: [daemon.js:17438] [81d9d26c02a7454cb756133b307aa3f0] [bridge] Emitting session.finish event sessionId=mvs_b1ba344e2ecf499aaa2b45c66c0b1d2b agentName=mavis isError=false
[16:28:36.650] INFO: [daemon.js:17438] [dc475d4562b74f808b7e89a7235c8dd7] [cron-store] Loaded cron configs, count=0
[16:28:36.655] INFO: [daemon.js:17438] [c0c8a1e9a5064063a27f895a301adbbe] → GET /mavis/api/session/mvs_b1ba344e2ecf499aaa2b45c66c0b1d2b/diff
[16:28:36.656] INFO: [daemon.js:17438] [fd308a237f3149d7b3f8da4be4e0d249] → GET /mavis/api/session/mvs_b1ba344e2ecf499aaa2b45c66c0b1d2b
[16:28:36.659] INFO: [daemon.js:17438] [c0c8a1e9a5064063a27f895a301adbbe] ← GET /mavis/api/session/mvs_b1ba344e2ecf499aaa2b45c66c0b1d2b/diff status=200 duration=4ms {"locale":"en"}
[16:28:36.660] INFO: [daemon.js:17438] [fd308a237f3149d7b3f8da4be4e0d249] ← GET /mavis/api/session/mvs_b1ba344e2ecf499aaa2b45c66c0b1d2b status=200 duration=4ms {"locale":"en"}
[16:28:42.288] INFO: [daemon.js:17438] [b86cd82d1e024c29b425d24366a01cae] → GET /mavis/health
[16:28:42.288] INFO: [daemon.js:17438] [b86cd82d1e024c29b425d24366a01cae] ← GET /mavis/health status=200 duration=0ms {"locale":"en"}
[16:28:52.301] INFO: [daemon.js:17438] [7b786a8cbd0f49ad8ec755f0bb18dd2f] → GET /mavis/health
[16:28:52.301] INFO: [daemon.js:17438] [7b786a8cbd0f49ad8ec755f0bb18dd2f] ← GET /mavis/health status=200 duration=0ms {"locale":"en"}
[16:29:02.327] INFO: [daemon.js:17438] [259858f620ca49d383d84d3d2ae3f310] → GET /mavis/health
[16:29:02.327] INFO: [daemon.js:17438] [259858f620ca49d383d84d3d2ae3f310] ← GET /mavis/health status=200 duration=0ms {"locale":"en"}
[16:29:12.332] INFO: [daemon.js:17438] [d99809e0cbda4792a0a4108bc7341c57] → GET /mavis/health
[16:29:12.332] INFO: [daemon.js:17438] [d99809e0cbda4792a0a4108bc7341c57] ← GET /mavis/health status=200 duration=0ms {"locale":"en"}
[16:29:22.336] INFO: [daemon.js:17438] [e29ba7d8ca1f4836a75f92bd31c90b95] → GET /mavis/health
[16:29:22.337] INFO: [daemon.js:17438] [e29ba7d8ca1f4836a75f92bd31c90b95] ← GET /mavis/health status=200 duration=1ms {"locale":"en"}
[16:29:27.146] INFO: [daemon.js:17438] [26847b45ad2c44659692f8374ec49407] → POST /mavis/api/session/mvs_b1ba344e2ecf499aaa2b45c66c0b1d2b/archive
[16:29:27.147] INFO: [daemon.js:17438] [bbe39ec4e31b48c4ac4e8af5cb68821e] Session archived, sessionId=mvs_b1ba344e2ecf499aaa2b45c66c0b1d2b, agentName=mavis
[16:29:27.147] INFO: [daemon.js:17438] [26847b45ad2c44659692f8374ec49407] ← POST /mavis/api/session/mvs_b1ba344e2ecf499aaa2b45c66c0b1d2b/archive status=200 duration=1ms {"locale":"en"}
[16:29:31.106] INFO: [daemon.js:17438] [884eae76e382426b8f33e59d09846385] → GET /mavis/api/skill-hub
[16:29:31.529] INFO: [daemon.js:17438] [884eae76e382426b8f33e59d09846385] ← GET /mavis/api/skill-hub status=200 duration=423ms {"locale":"en"}
[16:29:32.357] INFO: [daemon.js:17438] [8fbd556d0ae4418084e612c3c29e8477] → GET /mavis/health
[16:29:32.357] INFO: [daemon.js:17438] [8fbd556d0ae4418084e612c3c29e8477] ← GET /mavis/health status=200 duration=0ms {"locale":"en"}
[16:29:32.528] INFO: [daemon.js:17438] [8140125f81454f48a74224c4e84e4135] → GET /mavis/api/skill-hub
[16:29:32.774] INFO: [daemon.js:17438] [8140125f81454f48a74224c4e84e4135] ← GET /mavis/api/skill-hub status=200 duration=246ms {"locale":"en"}
[16:29:35.362] INFO: [daemon.js:17438] [0d24a8c28c674ebab6026f493feed99e] → GET /mavis/api/skill
[16:29:35.363] INFO: [daemon.js:17438] [0d24a8c28c674ebab6026f493feed99e] ← GET /mavis/api/skill status=200 duration=1ms {"locale":"en"}
[16:29:35.363] INFO: [daemon.js:17438] [7f4a80e4eff24e2fbda21a27ef0e100f] → GET /mavis/api/skill-evolve/usage
[16:29:35.363] INFO: [daemon.js:17438] [7f4a80e4eff24e2fbda21a27ef0e100f] ← GET /mavis/api/skill-evolve/usage status=403 duration=0ms {"locale":"en"}
[16:29:36.478] INFO: [daemon.js:17438] [8a0ae94e7d3c4bf8b8eb9382299a50eb] → GET /mavis/api/skill
[16:29:36.478] INFO: [daemon.js:17438] [8a0ae94e7d3c4bf8b8eb9382299a50eb] ← GET /mavis/api/skill status=200 duration=0ms {"locale":"en"}
[16:29:36.479] INFO: [daemon.js:17438] [10605cf30db94210beed812a36527fe9] → GET /mavis/api/skill-evolve/usage
[16:29:36.479] INFO: [daemon.js:17438] [10605cf30db94210beed812a36527fe9] ← GET /mavis/api/skill-evolve/usage status=403 duration=0ms {"locale":"en"}
[16:29:38.148] INFO: [daemon.js:17438] [31d626f75bb44eeebcb0d18af2132ef4] → GET /mavis/api/skill/literature-note/files
[16:29:38.148] INFO: [daemon.js:17438] [31d626f75bb44eeebcb0d18af2132ef4] ← GET /mavis/api/skill/literature-note/files status=200 duration=0ms {"locale":"en"}
[16:29:38.150] INFO: [daemon.js:17438] [07c1f341c78942c6ab10be50f11da3d3] → GET /mavis/api/skill/literature-note/file
[16:29:38.151] INFO: [daemon.js:17438] [07c1f341c78942c6ab10be50f11da3d3] ← GET /mavis/api/skill/literature-note/file status=200 duration=1ms {"locale":"en"}
[16:29:42.361] INFO: [daemon.js:17438] [4d5a19f73c264d88bf53d55609adcc54] → GET /mavis/health
[16:29:42.362] INFO: [daemon.js:17438] [4d5a19f73c264d88bf53d55609adcc54] ← GET /mavis/health status=200 duration=1ms {"locale":"en"}
[16:29:52.364] INFO: [daemon.js:17438] [4e26c352de6c459fb7d7c1108a319864] → GET /mavis/health
[16:29:52.364] INFO: [daemon.js:17438] [4e26c352de6c459fb7d7c1108a319864] ← GET /mavis/health status=200 duration=0ms {"locale":"en"}
[16:30:02.372] INFO: [daemon.js:17438] [3cee3ef915a246f79a53bd1b37b749a8] → GET /mavis/health
[16:30:02.372] INFO: [daemon.js:17438] [3cee3ef915a246f79a53bd1b37b749a8] ← GET /mavis/health status=200 duration=0ms {"locale":"en"}
[16:30:12.372] INFO: [daemon.js:17438] [eda69af12d854fc5a67e046d5b143bde] → GET /mavis/health
[16:30:12.372] INFO: [daemon.js:17438] [eda69af12d854fc5a67e046d5b143bde] ← GET /mavis/health status=200 duration=0ms {"locale":"en"}
[16:30:22.382] INFO: [daemon.js:17438] [a2f7e44fba1646ac83a8cc785e71a1eb] → GET /mavis/health
[16:30:22.382] INFO: [daemon.js:17438] [a2f7e44fba1646ac83a8cc785e71a1eb] ← GET /mavis/health status=200 duration=0ms {"locale":"en"}
[16:30:32.376] INFO: [daemon.js:17438] [51dd568da6d64e04963eadc2d103ad60] → GET /mavis/health
[16:30:32.378] INFO: [daemon.js:17438] [51dd568da6d64e04963eadc2d103ad60] ← GET /mavis/health status=200 duration=2ms {"locale":"en"}
[16:30:42.385] INFO: [daemon.js:17438] [236ad91091674b7b9d3855fded47375a] → GET /mavis/health
[16:30:42.385] INFO: [daemon.js:17438] [236ad91091674b7b9d3855fded47375a] ← GET /mavis/health status=200 duration=0ms {"locale":"en"}
[16:30:52.388] INFO: [daemon.js:17438] [cecd5d039f0540d79a34fca7c9aa6e0b] → GET /mavis/health
[16:30:52.388] INFO: [daemon.js:17438] [cecd5d039f0540d79a34fca7c9aa6e0b] ← GET /mavis/health status=200 duration=0ms {"locale":"en"}
[16:31:02.402] INFO: [daemon.js:17438] [db82088052de42c58d6b7a0689a2fc9d] → GET /mavis/health
[16:31:02.403] INFO: [daemon.js:17438] [db82088052de42c58d6b7a0689a2fc9d] ← GET /mavis/health status=200 duration=1ms {"locale":"en"}
[16:31:09.466] INFO: [daemon.js:17438] [0cb3df6facf148ef988ce496248c1f27] [mcp:matrix:stderr] [matrix-mcp-cli] tools/list dropped 2 unknown tool(s) not in this cli's KNOWN_TOOLS: matrix_extract_content_from_websites, matrix_get_upload_url
[16:31:09.467] INFO: [daemon.js:17438] [274a62363753429e9e7bd701be1625c9] → POST /mavis/mcp/cu
[16:31:09.469] INFO: [daemon.js:17438] [274a62363753429e9e7bd701be1625c9] ← POST /mavis/mcp/cu status=200 duration=2ms {"locale":"en"}
[16:31:09.469] INFO: [daemon.js:17438] [aee805226cee4829b5ddf9c324838fe8] → POST /mavis/mcp/trash
[16:31:09.469] INFO: [daemon.js:17438] [aee805226cee4829b5ddf9c324838fe8] ← POST /mavis/mcp/trash status=200 duration=0ms {"locale":"en"}
[16:31:12.422] INFO: [daemon.js:17438] [d7ce6e03d1614b2aa134040028cbb508] → GET /mavis/health
[16:31:12.422] INFO: [daemon.js:17438] [d7ce6e03d1614b2aa134040028cbb508] ← GET /mavis/health status=200 duration=0ms {"locale":"en"}
[16:31:22.421] INFO: [daemon.js:17438] [7dfe5d0b0b1a413a89765eb654a30da2] → GET /mavis/health
[16:31:22.422] INFO: [daemon.js:17438] [7dfe5d0b0b1a413a89765eb654a30da2] ← GET /mavis/health status=200 duration=1ms {"locale":"en"}
[16:31:32.432] INFO: [daemon.js:17438] [502daea5ebda4424bd3c42256b299bc2] → GET /mavis/health
[16:31:32.432] INFO: [daemon.js:17438] [502daea5ebda4424bd3c42256b299bc2] ← GET /mavis/health status=200 duration=0ms {"locale":"en"}
[16:31:42.452] INFO: [daemon.js:17438] [0748bccb96114bdd83239173ed483439] → GET /mavis/health
[16:31:42.452] INFO: [daemon.js:17438] [0748bccb96114bdd83239173ed483439] ← GET /mavis/health status=200 duration=0ms {"locale":"en"}
[16:31:50.777] INFO: [daemon.js:17438] [6d70da00720a43d1b0e9cba80884f824] → GET /mavis/mcp/trash
[16:31:50.777] INFO: [daemon.js:17438] [6d70da00720a43d1b0e9cba80884f824] ← GET /mavis/mcp/trash status=200 duration=0ms {"locale":"en"}
[16:31:50.778] INFO: [daemon.js:17438] [5353ba1e47254fc8814718969f58c51d] → GET /mavis/mcp/cu
[16:31:50.778] INFO: [daemon.js:17438] [5353ba1e47254fc8814718969f58c51d] ← GET /mavis/mcp/cu status=200 duration=0ms {"locale":"en"}
[16:31:52.456] INFO: [daemon.js:17438] [7b4f18cb52114a6ebe7c4515714e2ec6] → GET /mavis/health
[16:31:52.457] INFO: [daemon.js:17438] [7b4f18cb52114a6ebe7c4515714e2ec6] ← GET /mavis/health status=200 duration=1ms {"locale":"en"}
[16:32:02.462] INFO: [daemon.js:17438] [1e720b277fdb46d9be33764af5b1f830] → GET /mavis/health
[16:32:02.462] INFO: [daemon.js:17438] [1e720b277fdb46d9be33764af5b1f830] ← GET /mavis/health status=200 duration=0ms {"locale":"en"}
[16:32:12.467] INFO: [daemon.js:17438] [ac72e2a287d54b4c9f2891417e5bc243] → GET /mavis/health
[16:32:12.467] INFO: [daemon.js:17438] [ac72e2a287d54b4c9f2891417e5bc243] ← GET /mavis/health status=200 duration=0ms {"locale":"en"}
[16:32:22.479] INFO: [daemon.js:17438] [afe46831000640b89ff1aea1231e4a62] → GET /mavis/health
[16:32:22.479] INFO: [daemon.js:17438] [afe46831000640b89ff1aea1231e4a62] ← GET /mavis/health status=200 duration=0ms {"locale":"en"}
[16:32:32.492] INFO: [daemon.js:17438] [8b58a469f6a34572b5c469d134f2082b] → GET /mavis/health
[16:32:32.492] INFO: [daemon.js:17438] [8b58a469f6a34572b5c469d134f2082b] ← GET /mavis/health status=200 duration=0ms {"locale":"en"}
[16:32:42.497] INFO: [daemon.js:17438] [f71636a8a24e4384b7fb896969a711fd] → GET /mavis/health
[16:32:42.498] INFO: [daemon.js:17438] [f71636a8a24e4384b7fb896969a711fd] ← GET /mavis/health status=200 duration=1ms {"locale":"en"}
[16:32:52.517] INFO: [daemon.js:17438] [6789fb5cd4a348fc9367902b83ee5b5d] → GET /mavis/health
[16:32:52.517] INFO: [daemon.js:17438] [6789fb5cd4a348fc9367902b83ee5b5d] ← GET /mavis/health status=200 duration=0ms {"locale":"en"}
[16:33:02.523] INFO: [daemon.js:17438] [2745c1ef130b47c6a1482622dc7845b4] → GET /mavis/health
[16:33:02.523] INFO: [daemon.js:17438] [2745c1ef130b47c6a1482622dc7845b4] ← GET /mavis/health status=200 duration=0ms {"locale":"en"}
[16:33:12.542] INFO: [daemon.js:17438] [cddccf586ee1449f865245db35b0e975] → GET /mavis/health
[16:33:12.542] INFO: [daemon.js:17438] [cddccf586ee1449f865245db35b0e975] ← GET /mavis/health status=200 duration=0ms {"locale":"en"}
[16:33:22.530] INFO: [daemon.js:17438] [0350ea9fdce74eebbbdbd3557015f6f2] → GET /mavis/health
[16:33:22.530] INFO: [daemon.js:17438] [0350ea9fdce74eebbbdbd3557015f6f2] ← GET /mavis/health status=200 duration=0ms {"locale":"en"}
[16:33:32.529] INFO: [daemon.js:17438] [80486bce26114efba66b27a990a016e0] → GET /mavis/health
[16:33:32.529] INFO: [daemon.js:17438] [80486bce26114efba66b27a990a016e0] ← GET /mavis/health status=200 duration=0ms {"locale":"en"}
[16:33:38.512] INFO: [daemon.js:17438] [ec57492cd2394104b05237f9b161c542] → GET /mavis/api/config
[16:33:38.513] INFO: [daemon.js:17438] [ec57492cd2394104b05237f9b161c542] ← GET /mavis/api/config status=200 duration=1ms {"locale":"en"}
[16:33:38.513] INFO: [daemon.js:17438] [2804a8665eff4cee86dfe591909183cc] → GET /mavis/api/models
[16:33:38.514] INFO: [daemon.js:17438] [0529bc475b524d9c8be0ec84e265330d] → GET /mavis/api/agent/mavis/skill
[16:33:38.515] INFO: [daemon.js:17438] [af65ffa85cf24e54b48c48984ba7f7cd] → GET /mavis/api/session/mvs_b1ba344e2ecf499aaa2b45c66c0b1d2b/queue
[16:33:38.515] INFO: [daemon.js:17438] [af65ffa85cf24e54b48c48984ba7f7cd] ← GET /mavis/api/session/mvs_b1ba344e2ecf499aaa2b45c66c0b1d2b/queue status=200 duration=0ms {"locale":"en"}
[16:33:38.516] INFO: [daemon.js:17438] [4a7bac3afcbd45de8b7a98b532d2d103] → GET /mavis/api/session/mvs_b1ba344e2ecf499aaa2b45c66c0b1d2b
[16:33:38.517] INFO: [daemon.js:17438] [9926fb5ba2cd4b41be2aa683ae864f6c] → GET /mavis/api/permission/requests
[16:33:38.517] INFO: [daemon.js:17438] [9926fb5ba2cd4b41be2aa683ae864f6c] ← GET /mavis/api/permission/requests status=200 duration=1ms {"locale":"en"}
[16:33:38.517] INFO: [daemon.js:17438] [1c09ec29d94c4f7b8acfae5d4e37c97b] → GET /mavis/api/agent/mavis/questionnaire/pending
[16:33:38.517] INFO: [daemon.js:17438] [1c09ec29d94c4f7b8acfae5d4e37c97b] ← GET /mavis/api/agent/mavis/questionnaire/pending status=200 duration=0ms {"locale":"en"}
[16:33:38.518] INFO: [daemon.js:17438] skill block emitted {"ctx":{"traceId":"5eb08aba0add455ab33a81b55296962c"},"event":"skill_block_emitted","agent":"mavis","total_count":23,"total_chars":10551,"skills":[{"name":"create-agent","char_count":676,"source_kind":"builtin-global"},{"name":"init-harness","char_count":521,"source_kind":"builtin-global"},{"name":"lark-tools","char_count":899,"source_kind":"builtin-global"},{"name":"literature-note","char_count":281,"source_kind":"user-mavis"},{"name":"llm-call","char_count":337,"source_kind":"builtin-global"},{"name":"mavis","char_count":950,"source_kind":"builtin-global"},{"name":"mavis-browser","char_count":355,"source_kind":"builtin-global"},{"name":"mavis-doctor","char_count":300,"source_kind":"builtin-agent"},{"name":"mavis-team","char_count":952,"source_kind":"builtin-agent"},{"name":"mcp-cli","char_count":121,"source_kind":"builtin-global"},{"name":"mcp-onboarding","char_count":169,"source_kind":"builtin-global"},{"name":"minimax-docx","char_count":235,"source_kind":"builtin-global"},{"name":"minimax-pdf","char_count":322,"source_kind":"builtin-global"},{"name":"minimax-pptx","char_count":261,"source_kind":"builtin-global"},{"name":"minimax-xlsx","char_count":350,"source_kind":"builtin-global"},{"name":"plan-mode","char_count":308,"source_kind":"builtin-global"},{"name":"skill-creator","char_count":363,"source_kind":"builtin-global"},{"name":"skill-evolution","char_count":614,"source_kind":"builtin-global"},{"name":"skill-refiner","char_count":326,"source_kind":"builtin-global"},{"name":"visual-summary","char_count":614,"source_kind":"builtin-global"},{"name":"worktree-management","char_count":480,"source_kind":"builtin-global"},{"name":"x-link-reader","char_count":315,"source_kind":"builtin-global"},{"name":"zotero-use","char_count":802,"source_kind":null}]}
[16:33:38.518] INFO: [daemon.js:17438] [0529bc475b524d9c8be0ec84e265330d] ← GET /mavis/api/agent/mavis/skill status=200 duration=4ms {"locale":"en"}
[16:33:38.523] INFO: [daemon.js:17438] [4a7bac3afcbd45de8b7a98b532d2d103] ← GET /mavis/api/session/mvs_b1ba344e2ecf499aaa2b45c66c0b1d2b status=200 duration=7ms {"locale":"en"}
[16:33:38.553] INFO: [daemon.js:17438] [328eb58963b1433eb7efe5f25afeed2b] → GET /mavis/api/session/mvs_b1ba344e2ecf499aaa2b45c66c0b1d2b/message
[16:33:38.555] INFO: [daemon.js:17438] MessageStore list completed {"ctx":{"traceId":"328eb58963b1433eb7efe5f25afeed2b","locale":"en"},"sessionId":"mvs_b1ba344e2ecf499aaa2b45c66c0b1d2b","durationMs":1,"messageCount":12,"hasNextCursor":false}
[16:33:38.555] INFO: [daemon.js:17438] [328eb58963b1433eb7efe5f25afeed2b] ← GET /mavis/api/session/mvs_b1ba344e2ecf499aaa2b45c66c0b1d2b/message status=200 duration=2ms {"locale":"en"}
[16:33:38.558] INFO: [daemon.js:17438] [c0ecbb6cb49b42c68cb3398fe14e20c5] → GET /mavis/api/session/mvs_b1ba344e2ecf499aaa2b45c66c0b1d2b/queue
[16:33:38.559] INFO: [daemon.js:17438] [c0ecbb6cb49b42c68cb3398fe14e20c5] ← GET /mavis/api/session/mvs_b1ba344e2ecf499aaa2b45c66c0b1d2b/queue status=200 duration=1ms {"locale":"en"}
[16:33:38.886] INFO: [daemon.js:17438] [2804a8665eff4cee86dfe591909183cc] ← GET /mavis/api/models status=200 duration=373ms {"locale":"en"}
[16:33:42.534] INFO: [daemon.js:17438] [4f5686787db543ed9d9baa685c3a9093] → GET /mavis/health
[16:33:42.534] INFO: [daemon.js:17438] [4f5686787db543ed9d9baa685c3a9093] ← GET /mavis/health status=200 duration=0ms {"locale":"en"}
[16:33:48.103] INFO: [daemon.js:17438] [ec1817c6adc444df9ad4f2223ce6a9e3] → GET /mavis/api/skill-hub
[16:33:48.425] INFO: [daemon.js:17438] [ec1817c6adc444df9ad4f2223ce6a9e3] ← GET /mavis/api/skill-hub status=200 duration=322ms {"locale":"en"}
[16:33:48.634] INFO: [daemon.js:17438] [81349283f1d5471ca67496c528984589] → GET /mavis/api/config
[16:33:48.635] INFO: [daemon.js:17438] [81349283f1d5471ca67496c528984589] ← GET /mavis/api/config status=200 duration=1ms {"locale":"en"}
[16:33:48.635] INFO: [daemon.js:17438] [f0b0b64fbe71488c9e9d700c0025217e] → GET /mavis/api/models
[16:33:48.636] INFO: [daemon.js:17438] [f0b0b64fbe71488c9e9d700c0025217e] ← GET /mavis/api/models status=200 duration=1ms {"locale":"en"}
[16:33:48.636] INFO: [daemon.js:17438] [838be1f71c7c48698ba114145432dff4] → GET /mavis/api/agent/mavis/skill
[16:33:48.637] INFO: [daemon.js:17438] skill block emitted {"ctx":{"traceId":"7bacbabce64b4c99896355ff25212d7b"},"event":"skill_block_emitted","agent":"mavis","total_count":23,"total_chars":10551,"skills":[{"name":"create-agent","char_count":676,"source_kind":"builtin-global"},{"name":"init-harness","char_count":521,"source_kind":"builtin-global"},{"name":"lark-tools","char_count":899,"source_kind":"builtin-global"},{"name":"literature-note","char_count":281,"source_kind":"user-mavis"},{"name":"llm-call","char_count":337,"source_kind":"builtin-global"},{"name":"mavis","char_count":950,"source_kind":"builtin-global"},{"name":"mavis-browser","char_count":355,"source_kind":"builtin-global"},{"name":"mavis-doctor","char_count":300,"source_kind":"builtin-agent"},{"name":"mavis-team","char_count":952,"source_kind":"builtin-agent"},{"name":"mcp-cli","char_count":121,"source_kind":"builtin-global"},{"name":"mcp-onboarding","char_count":169,"source_kind":"builtin-global"},{"name":"minimax-docx","char_count":235,"source_kind":"builtin-global"},{"name":"minimax-pdf","char_count":322,"source_kind":"builtin-global"},{"name":"minimax-pptx","char_count":261,"source_kind":"builtin-global"},{"name":"minimax-xlsx","char_count":350,"source_kind":"builtin-global"},{"name":"plan-mode","char_count":308,"source_kind":"builtin-global"},{"name":"skill-creator","char_count":363,"source_kind":"builtin-global"},{"name":"skill-evolution","char_count":614,"source_kind":"builtin-global"},{"name":"skill-refiner","char_count":326,"source_kind":"builtin-global"},{"name":"visual-summary","char_count":614,"source_kind":"builtin-global"},{"name":"worktree-management","char_count":480,"source_kind":"builtin-global"},{"name":"x-link-reader","char_count":315,"source_kind":"builtin-global"},{"name":"zotero-use","char_count":802,"source_kind":null}]}
[16:33:48.637] INFO: [daemon.js:17438] [838be1f71c7c48698ba114145432dff4] ← GET /mavis/api/agent/mavis/skill status=200 duration=1ms {"locale":"en"}
[16:33:48.645] INFO: [daemon.js:17438] [00833d7003fe4b5b97fe95bdf8a1dae1] → GET /mavis/api/config/api-key-status
[16:33:48.645] INFO: [daemon.js:17438] [18d219ad201c47d689a18a4ae84aec64] → GET /mavis/api/config
[16:33:48.646] INFO: [daemon.js:17438] [00833d7003fe4b5b97fe95bdf8a1dae1] ← GET /mavis/api/config/api-key-status status=200 duration=1ms {"locale":"en"}
[16:33:48.646] INFO: [daemon.js:17438] [18d219ad201c47d689a18a4ae84aec64] ← GET /mavis/api/config status=200 duration=1ms {"locale":"en"}
[16:33:52.562] INFO: [daemon.js:17438] [c9389e713c7444aa9a330d9dce7a9e53] → GET /mavis/health
[16:33:52.563] INFO: [daemon.js:17438] [c9389e713c7444aa9a330d9dce7a9e53] ← GET /mavis/health status=200 duration=1ms {"locale":"en"}
[16:34:02.559] INFO: [daemon.js:17438] [4e74b36d4ac54d3286f40e95bd6b2c3e] → GET /mavis/health
[16:34:02.559] INFO: [daemon.js:17438] [4e74b36d4ac54d3286f40e95bd6b2c3e] ← GET /mavis/health status=200 duration=0ms {"locale":"en"}
[16:34:12.587] INFO: [daemon.js:17438] [0eb631a7d74f4b408a90823471fc2526] → GET /mavis/health
[16:34:12.587] INFO: [daemon.js:17438] [0eb631a7d74f4b408a90823471fc2526] ← GET /mavis/health status=200 duration=0ms {"locale":"en"}
[16:34:20.061] INFO: [daemon.js:17438] [1ccb75441445442493ee889ebc3e91aa] → POST /mavis/api/agent/mavis/session
[16:34:20.062] INFO: [daemon.js:17438] [1ccb75441445442493ee889ebc3e91aa] Creating new session, name=mavis, workspaceDir=C:\Users\jethr\.minimax-agent\projects, title=undefined, model=undefined {"locale":"en"}
[16:34:20.062] INFO: [daemon.js:17438] [1ccb75441445442493ee889ebc3e91aa] newSession started, agentName=mavis, workspaceDir=C:\Users\jethr\.minimax-agent\projects, parentSessionId=undefined {"locale":"en"}
[16:34:20.062] INFO: [daemon.js:17438] [1ccb75441445442493ee889ebc3e91aa] newSession started, agentName=mavis, workspaceDir=C:\Users\jethr\.minimax-agent\projects {"locale":"en"}
[16:34:20.073] INFO: [daemon.js:17438] [1ccb75441445442493ee889ebc3e91aa] created session, daemonId=mvs_121083dc1ae64fa1b109bd3bedf7436b, frameworkId=ses_17dae30d9ffeab6PvptsVip68z, agent=mavis {"locale":"en"}
[16:34:20.075] WARN: [daemon.js:17438] [7d45127b1d53448b9eaad83d9c8dff31] [harness-manager] Failed to auto-mount workspace harness, harnessDir=C:\Users\jethr\.minimax-agent\projects, err=No harness found (no agent.md) under C:\Users\jethr\.minimax-agent\projects
[16:34:20.075] INFO: [daemon.js:17438] Branch session created {"ctx":{"traceId":"1ccb75441445442493ee889ebc3e91aa","locale":"en"},"agentName":"mavis","sessionId":"mvs_121083dc1ae64fa1b109bd3bedf7436b","workspaceDir":"C:\\Users\\jethr\\.minimax-agent\\projects"}
[16:34:20.075] INFO: [daemon.js:17438] [1ccb75441445442493ee889ebc3e91aa] ← POST /mavis/api/agent/mavis/session status=201 duration=14ms {"locale":"en"}
[16:34:20.077] INFO: [daemon.js:17438] [3a3226b9a70145b2bf92fa8ed8e86c19] → GET /mavis/api/session/mvs_121083dc1ae64fa1b109bd3bedf7436b
[16:34:20.079] INFO: [daemon.js:17438] [9d0d307e8d314c9fa7ade4dadb02d407] → PUT /mavis/api/models/select
[16:34:20.079] INFO: [daemon.js:17438] [9d0d307e8d314c9fa7ade4dadb02d407] ← PUT /mavis/api/models/select status=200 duration=0ms {"locale":"en"}
[16:34:20.080] INFO: [daemon.js:17438] [3a3226b9a70145b2bf92fa8ed8e86c19] ← GET /mavis/api/session/mvs_121083dc1ae64fa1b109bd3bedf7436b status=200 duration=3ms {"locale":"en"}
[16:34:20.095] INFO: [daemon.js:17438] [55ee3e804a2e4a8ea3e624c6f3b9e347] → GET /mavis/api/config
[16:34:20.095] INFO: [daemon.js:17438] [3905cfa795d3477899a9d5a10e6a196f] → GET /mavis/api/models
[16:34:20.096] INFO: [daemon.js:17438] [55ee3e804a2e4a8ea3e624c6f3b9e347] ← GET /mavis/api/config status=200 duration=1ms {"locale":"en"}
[16:34:20.096] INFO: [daemon.js:17438] [3905cfa795d3477899a9d5a10e6a196f] ← GET /mavis/api/models status=200 duration=1ms {"locale":"en"}
[16:34:20.097] INFO: [daemon.js:17438] [ad9cac864c8c4dd9b5dcc6aaa148d7fe] → GET /mavis/api/agent/mavis/skill
[16:34:20.097] INFO: [daemon.js:17438] skill block emitted {"ctx":{"traceId":"a22712ae270b47c79c8cfa7c9990f9d5"},"event":"skill_block_emitted","agent":"mavis","total_count":23,"total_chars":10551,"skills":[{"name":"create-agent","char_count":676,"source_kind":"builtin-global"},{"name":"init-harness","char_count":521,"source_kind":"builtin-global"},{"name":"lark-tools","char_count":899,"source_kind":"builtin-global"},{"name":"literature-note","char_count":281,"source_kind":"user-mavis"},{"name":"llm-call","char_count":337,"source_kind":"builtin-global"},{"name":"mavis","char_count":950,"source_kind":"builtin-global"},{"name":"mavis-browser","char_count":355,"source_kind":"builtin-global"},{"name":"mavis-doctor","char_count":300,"source_kind":"builtin-agent"},{"name":"mavis-team","char_count":952,"source_kind":"builtin-agent"},{"name":"mcp-cli","char_count":121,"source_kind":"builtin-global"},{"name":"mcp-onboarding","char_count":169,"source_kind":"builtin-global"},{"name":"minimax-docx","char_count":235,"source_kind":"builtin-global"},{"name":"minimax-pdf","char_count":322,"source_kind":"builtin-global"},{"name":"minimax-pptx","char_count":261,"source_kind":"builtin-global"},{"name":"minimax-xlsx","char_count":350,"source_kind":"builtin-global"},{"name":"plan-mode","char_count":308,"source_kind":"builtin-global"},{"name":"skill-creator","char_count":363,"source_kind":"builtin-global"},{"name":"skill-evolution","char_count":614,"source_kind":"builtin-global"},{"name":"skill-refiner","char_count":326,"source_kind":"builtin-global"},{"name":"visual-summary","char_count":614,"source_kind":"builtin-global"},{"name":"worktree-management","char_count":480,"source_kind":"builtin-global"},{"name":"x-link-reader","char_count":315,"source_kind":"builtin-global"},{"name":"zotero-use","char_count":802,"source_kind":null}]}
[16:34:20.098] INFO: [daemon.js:17438] [ad9cac864c8c4dd9b5dcc6aaa148d7fe] ← GET /mavis/api/agent/mavis/skill status=200 duration=1ms {"locale":"en"}
[16:34:20.098] INFO: [daemon.js:17438] [896d835ed2734dcc8171f34a077cfdb5] → GET /mavis/api/session/mvs_121083dc1ae64fa1b109bd3bedf7436b/queue
[16:34:20.098] INFO: [daemon.js:17438] [896d835ed2734dcc8171f34a077cfdb5] ← GET /mavis/api/session/mvs_121083dc1ae64fa1b109bd3bedf7436b/queue status=200 duration=0ms {"locale":"en"}
[16:34:20.098] INFO: [daemon.js:17438] [27e797a14eca43798a0d55f543856ade] → GET /mavis/api/session/mvs_121083dc1ae64fa1b109bd3bedf7436b
[16:34:20.099] INFO: [daemon.js:17438] [8f246d70e0934f61b0db152b222ce608] → GET /mavis/api/permission/requests
[16:34:20.099] INFO: [daemon.js:17438] [8f246d70e0934f61b0db152b222ce608] ← GET /mavis/api/permission/requests status=200 duration=0ms {"locale":"en"}
[16:34:20.100] INFO: [daemon.js:17438] [b29cec7a7b7f4f32ba57f5043f1ddcc8] → GET /mavis/api/agent/mavis/questionnaire/pending
[16:34:20.100] INFO: [daemon.js:17438] [b29cec7a7b7f4f32ba57f5043f1ddcc8] ← GET /mavis/api/agent/mavis/questionnaire/pending status=200 duration=0ms {"locale":"en"}
[16:34:20.101] INFO: [daemon.js:17438] [27e797a14eca43798a0d55f543856ade] ← GET /mavis/api/session/mvs_121083dc1ae64fa1b109bd3bedf7436b status=200 duration=3ms {"locale":"en"}
[16:34:20.108] INFO: [daemon.js:17438] [75c50a943206455094a3f8cd7d4ddfa7] → GET /mavis/api/config/api-key-status
[16:34:20.108] INFO: [daemon.js:17438] [6e4620c12b2a49f7af374358726a61d1] → GET /mavis/api/config
[16:34:20.108] INFO: [daemon.js:17438] [75c50a943206455094a3f8cd7d4ddfa7] ← GET /mavis/api/config/api-key-status status=200 duration=0ms {"locale":"en"}
[16:34:20.109] INFO: [daemon.js:17438] [6e4620c12b2a49f7af374358726a61d1] ← GET /mavis/api/config status=200 duration=1ms {"locale":"en"}
[16:34:20.119] INFO: [daemon.js:17438] [f0f4ff862eac4b92afc84e6a95c94c1e] → GET /mavis/api/session/mvs_121083dc1ae64fa1b109bd3bedf7436b/message
[16:34:20.119] INFO: [daemon.js:17438] MessageStore list completed {"ctx":{"traceId":"f0f4ff862eac4b92afc84e6a95c94c1e","locale":"en"},"sessionId":"mvs_121083dc1ae64fa1b109bd3bedf7436b","durationMs":0,"messageCount":0,"hasNextCursor":false}
[16:34:20.120] INFO: [daemon.js:17438] [f0f4ff862eac4b92afc84e6a95c94c1e] ← GET /mavis/api/session/mvs_121083dc1ae64fa1b109bd3bedf7436b/message status=200 duration=1ms {"locale":"en"}
[16:34:20.122] INFO: [daemon.js:17438] [b7aa76e2391b4883bd7dd3daa6062c38] → GET /mavis/api/session/mvs_121083dc1ae64fa1b109bd3bedf7436b/queue
[16:34:20.123] INFO: [daemon.js:17438] [b7aa76e2391b4883bd7dd3daa6062c38] ← GET /mavis/api/session/mvs_121083dc1ae64fa1b109bd3bedf7436b/queue status=200 duration=1ms {"locale":"en"}
[16:34:20.127] INFO: [daemon.js:17438] [2383048178aa429d9561272318b0bb93] → POST /mavis/api/content
[16:34:20.356] INFO: [daemon.js:17438] [2383048178aa429d9561272318b0bb93] ← POST /mavis/api/content status=200 duration=229ms {"locale":"en"}
[16:34:20.361] INFO: [daemon.js:17438] [5029fcdc0cf64d14910c1a706f28bc25] → POST /mavis/api/session/mvs_121083dc1ae64fa1b109bd3bedf7436b/message
[16:34:20.362] INFO: [daemon.js:17438] [5029fcdc0cf64d14910c1a706f28bc25] SendMessage received for mavis/mvs_121083dc1ae64fa1b109bd3bedf7436b {"locale":"en"}
[16:34:20.362] INFO: [daemon.js:17438] [message] Forwarding user message {"ctx":{"traceId":"5029fcdc0cf64d14910c1a706f28bc25","locale":"en"},"agentName":"mavis","sessionId":"mvs_121083dc1ae64fa1b109bd3bedf7436b","queuedMessageCount":0,"turnId":"379551b6-25ba-4b9a-a0d5-e6aa7526eefc"}
[16:34:20.363] INFO: [daemon.js:17438] [5029fcdc0cf64d14910c1a706f28bc25] ← POST /mavis/api/session/mvs_121083dc1ae64fa1b109bd3bedf7436b/message status=200 duration=2ms {"locale":"en"}
[16:34:20.363] INFO: [daemon.js:17438] [c77cc9881b48425db8220285414eb5ae] Session turnId updated sessionId=mvs_121083dc1ae64fa1b109bd3bedf7436b turnId=379551b6-25ba-4b9a-a0d5-e6aa7526eefc
[16:34:20.363] INFO: [daemon.js:17438] [d08133eda6a54d35b880f840257e59e7] Resolved model from request override agentName=mavis providerID=minimax modelID=MiniMax-M2.7
[16:34:20.370] INFO: [daemon.js:17438] [f837ec5f4c70423d9a110e2ac68ae046] Resolved model from request override agentName=mavis providerID=minimax modelID=MiniMax-M2.7
[16:34:20.371] INFO: [daemon.js:17438] [5029fcdc0cf64d14910c1a706f28bc25] sendMessage started, agentName=mavis, sessionId=mvs_121083dc1ae64fa1b109bd3bedf7436b {"locale":"en"}
[16:34:20.385] INFO: [daemon.js:17438] [490fe1a728824ced87e3b6fe912c85be] → GET /mavis/api/mcp/native-tools
[16:34:20.386] INFO: [daemon.js:17438] [490fe1a728824ced87e3b6fe912c85be] ← GET /mavis/api/mcp/native-tools status=200 duration=1ms {"locale":"en"}
[16:34:20.435] INFO: [daemon.js:17438] [96fa98e40d04444ea93bfdf3a513acbc] → GET /mavis/api/session/ses_17dae30d9ffeab6PvptsVip68z
[16:34:20.437] INFO: [daemon.js:17438] [96fa98e40d04444ea93bfdf3a513acbc] ← GET /mavis/api/session/ses_17dae30d9ffeab6PvptsVip68z status=200 duration=2ms {"locale":"en"}
[16:34:20.438] INFO: [daemon.js:17438] [2f285cae9aee4463844b0b50de059c37] → GET /mavis/api/agent/mavis
[16:34:20.440] INFO: [daemon.js:17438] [2f285cae9aee4463844b0b50de059c37] ← GET /mavis/api/agent/mavis status=200 duration=2ms {"locale":"en"}
[16:34:20.441] INFO: [daemon.js:17438] [d3c9b3f3674549f2aac80f1344ff5134] → GET /mavis/api/agent/mavis/skill
[16:34:20.441] INFO: [daemon.js:17438] [01ec184220cc435d995f8cf5f33aa1a4] → GET /mavis/api/mcp/servers
[16:34:20.443] INFO: [daemon.js:17438] [01ec184220cc435d995f8cf5f33aa1a4] ← GET /mavis/api/mcp/servers status=200 duration=2ms {"locale":"en"}
[16:34:20.443] INFO: [daemon.js:17438] [660c99ab3fc3438a961e7bc76f8ffc47] → GET /mavis/api/mcp/native-tools
[16:34:20.444] INFO: [daemon.js:17438] [660c99ab3fc3438a961e7bc76f8ffc47] ← GET /mavis/api/mcp/native-tools status=200 duration=1ms {"locale":"en"}
[16:34:20.445] INFO: [daemon.js:17438] skill block emitted {"ctx":{"traceId":"37d7591123d74220bc941bdf7166b7f1"},"event":"skill_block_emitted","agent":"mavis","total_count":23,"total_chars":10551,"skills":[{"name":"create-agent","char_count":676,"source_kind":"builtin-global"},{"name":"init-harness","char_count":521,"source_kind":"builtin-global"},{"name":"lark-tools","char_count":899,"source_kind":"builtin-global"},{"name":"literature-note","char_count":281,"source_kind":"user-mavis"},{"name":"llm-call","char_count":337,"source_kind":"builtin-global"},{"name":"mavis","char_count":950,"source_kind":"builtin-global"},{"name":"mavis-browser","char_count":355,"source_kind":"builtin-global"},{"name":"mavis-doctor","char_count":300,"source_kind":"builtin-agent"},{"name":"mavis-team","char_count":952,"source_kind":"builtin-agent"},{"name":"mcp-cli","char_count":121,"source_kind":"builtin-global"},{"name":"mcp-onboarding","char_count":169,"source_kind":"builtin-global"},{"name":"minimax-docx","char_count":235,"source_kind":"builtin-global"},{"name":"minimax-pdf","char_count":322,"source_kind":"builtin-global"},{"name":"minimax-pptx","char_count":261,"source_kind":"builtin-global"},{"name":"minimax-xlsx","char_count":350,"source_kind":"builtin-global"},{"name":"plan-mode","char_count":308,"source_kind":"builtin-global"},{"name":"skill-creator","char_count":363,"source_kind":"builtin-global"},{"name":"skill-evolution","char_count":614,"source_kind":"builtin-global"},{"name":"skill-refiner","char_count":326,"source_kind":"builtin-global"},{"name":"visual-summary","char_count":614,"source_kind":"builtin-global"},{"name":"worktree-management","char_count":480,"source_kind":"builtin-global"},{"name":"x-link-reader","char_count":315,"source_kind":"builtin-global"},{"name":"zotero-use","char_count":802,"source_kind":null}]}
[16:34:20.445] INFO: [daemon.js:17438] [d3c9b3f3674549f2aac80f1344ff5134] ← GET /mavis/api/agent/mavis/skill status=200 duration=5ms {"locale":"en"}
[16:34:20.446] INFO: [daemon.js:17438] [2cfc9efea0c5438a859a09baf58d4324] → POST /mavis/api/metrics/runtime-event
[16:34:20.447] INFO: [daemon.js:17438] [2cfc9efea0c5438a859a09baf58d4324] ← POST /mavis/api/metrics/runtime-event status=204 duration=1ms {"locale":"en"}
[16:34:22.592] INFO: [daemon.js:17438] [7a99ce91153945b984eef444af7c4943] → GET /mavis/health
[16:34:22.593] INFO: [daemon.js:17438] [7a99ce91153945b984eef444af7c4943] ← GET /mavis/health status=200 duration=1ms {"locale":"en"}
[16:34:23.140] INFO: [daemon.js:17438] [86e5d8a887a7469f8eb7e39d723221fa] → POST /mavis/api/metrics/runtime-event
[16:34:23.140] INFO: [daemon.js:17438] [86e5d8a887a7469f8eb7e39d723221fa] ← POST /mavis/api/metrics/runtime-event status=204 duration=0ms {"locale":"en"}
[16:34:23.141] INFO: [daemon.js:17438] [f264ea84d6014a309035839303bd15bb] → POST /mavis/api/permission/check
[16:34:23.141] INFO: [daemon.js:17438] [f264ea84d6014a309035839303bd15bb] Permission check requested: skill for mavis {"locale":"en"}
[16:34:23.141] INFO: [daemon.js:17438] Created ToolPermissionContext {"mode":"auto","ruleCount":0,"sandboxEnabled":false,"workingDirectory":"C:\\Users\\jethr\\.minimax-agent\\projects"}
[16:34:23.141] INFO: [daemon.js:17438] [24d5962c76f842eb9316865fffaf97f0] [permission-service] Check result: toolName=skill behavior=allow reasonType=safetyCheck locale=en
[16:34:23.141] INFO: [daemon.js:17438] [f264ea84d6014a309035839303bd15bb] Permission check result: skill → allow {"locale":"en"}
[16:34:23.142] INFO: [daemon.js:17438] [f264ea84d6014a309035839303bd15bb] ← POST /mavis/api/permission/check status=200 duration=2ms {"locale":"en"}
[16:34:23.142] INFO: [daemon.js:17438] [c44b86617685456fa61793b13cfb8d4f] [monitor] thinking TTFT measured sessionId=mvs_121083dc1ae64fa1b109bd3bedf7436b agentName=mavis ttftMs=2779
[16:34:23.144] INFO: [daemon.js:17438] [d346ad64e6dd4e79b34334a56e560165] → POST /mavis/api/hooks/execute
[16:34:23.144] INFO: [daemon.js:17438] [hook-registry] matcher did not match, hook filtered out {"module":"hook-registry","hookId":"builtin:binary-read-guard","matcher":"^[Rr]ead$","matchValue":"skill"}
[16:34:23.144] INFO: [daemon.js:17438] [hook-registry] hooks filtered by matcher {"module":"hook-registry","hookEvent":"PreToolUse","matchValue":"skill","beforeCount":2,"afterCount":1}
[16:34:23.144] INFO: [daemon.js:17438] [d346ad64e6dd4e79b34334a56e560165] ← POST /mavis/api/hooks/execute status=200 duration=0ms {"locale":"en"}
[16:34:23.146] INFO: [daemon.js:17438] [b65f1958257546b2a16eadb2c116cf4f] → GET /mavis/api/session/ses_17dae30d9ffeab6PvptsVip68z
[16:34:23.148] INFO: [daemon.js:17438] [b65f1958257546b2a16eadb2c116cf4f] ← GET /mavis/api/session/ses_17dae30d9ffeab6PvptsVip68z status=200 duration=2ms {"locale":"en"}
[16:34:23.148] INFO: [daemon.js:17438] [f43c8b2751f6477ea8e1246b1ea5c13a] → GET /mavis/api/skill/zotero-use
[16:34:23.150] INFO: [daemon.js:17438] [f43c8b2751f6477ea8e1246b1ea5c13a] ← GET /mavis/api/skill/zotero-use status=200 duration=2ms {"locale":"en"}
[16:34:23.150] INFO: [daemon.js:17438] [5eaa018b127744b6ae4126187e224323] → GET /mavis/api/skill/zotero-use/files
[16:34:23.151] INFO: [daemon.js:17438] [5eaa018b127744b6ae4126187e224323] ← GET /mavis/api/skill/zotero-use/files status=200 duration=1ms {"locale":"en"}
[16:34:23.152] INFO: [daemon.js:17438] [ca082814136a4398898ee90ff007dfb8] → POST /mavis/api/metrics/runtime-event
[16:34:23.152] INFO: [daemon.js:17438] [ca082814136a4398898ee90ff007dfb8] ← POST /mavis/api/metrics/runtime-event status=204 duration=0ms {"locale":"en"}
[16:34:23.153] INFO: [daemon.js:17438] [93bca452554e43caa3095eb57ec8890d] → POST /mavis/api/hooks/execute
[16:34:23.153] INFO: [daemon.js:17438] [hook-registry] matcher did not match, hook filtered out {"module":"hook-registry","hookId":"builtin:read-image-compressor","matcher":"^[Rr]ead$","matchValue":"skill"}
[16:34:23.153] INFO: [daemon.js:17438] [hook-registry] matcher did not match, hook filtered out {"module":"hook-registry","hookId":"builtin:cu-image-injector","matcher":"^[Bb]ash$","matchValue":"skill"}
[16:34:23.153] INFO: [daemon.js:17438] [hook-registry] hooks filtered by matcher {"module":"hook-registry","hookEvent":"PostToolUse","matchValue":"skill","beforeCount":7,"afterCount":5}
[16:34:23.153] INFO: [daemon.js:17438] [93bca452554e43caa3095eb57ec8890d] ← POST /mavis/api/hooks/execute status=200 duration=0ms {"locale":"en"}
[16:34:23.156] INFO: [daemon.js:17438] [3c84421c93a24152bacb0db83551db44] → POST /mavis/api/metrics/runtime-event
[16:34:23.156] INFO: [daemon.js:17438] [3c84421c93a24152bacb0db83551db44] ← POST /mavis/api/metrics/runtime-event status=204 duration=0ms {"locale":"en"}
[16:34:23.168] INFO: [daemon.js:17438] [826cd77a5195411dbb9e441937cdb3d3] → POST /mavis/api/metrics/runtime-event
[16:34:23.168] INFO: [daemon.js:17438] [826cd77a5195411dbb9e441937cdb3d3] ← POST /mavis/api/metrics/runtime-event status=204 duration=0ms {"locale":"en"}
[16:34:23.817] INFO: [daemon.js:17438] [8a8be98a698e4d4f924d76858a885b67] Session updated, sessionId=mvs_121083dc1ae64fa1b109bd3bedf7436b, updates={"title":"Zotero find cytokine storm"}
[16:34:23.817] INFO: [daemon.js:17438] Session title auto-generated {"sessionId":"mvs_121083dc1ae64fa1b109bd3bedf7436b","agentName":"mavis","title":"Zotero find cytokine storm"}
[16:34:23.827] INFO: [daemon.js:17438] [39909076ffe54b9ea318e6dfc879fe2d] → GET /mavis/api/session/mvs_121083dc1ae64fa1b109bd3bedf7436b
[16:34:23.828] INFO: [daemon.js:17438] [39909076ffe54b9ea318e6dfc879fe2d] ← GET /mavis/api/session/mvs_121083dc1ae64fa1b109bd3bedf7436b status=200 duration=1ms {"locale":"en"}
[16:34:25.901] INFO: [daemon.js:17438] [ef89996e336f48ffb0d9f56f64b7f7ba] → POST /mavis/api/metrics/runtime-event
[16:34:25.901] INFO: [daemon.js:17438] [ef89996e336f48ffb0d9f56f64b7f7ba] ← POST /mavis/api/metrics/runtime-event status=204 duration=0ms {"locale":"en"}
[16:34:25.902] INFO: [daemon.js:17438] [dc0b11e41318401fbaa02e39670a6eda] → POST /mavis/api/permission/check
[16:34:25.902] INFO: [daemon.js:17438] [dc0b11e41318401fbaa02e39670a6eda] Permission check requested: read for mavis {"locale":"en"}
[16:34:25.902] INFO: [daemon.js:17438] Created ToolPermissionContext {"mode":"auto","ruleCount":0,"sandboxEnabled":false,"workingDirectory":"C:\\Users\\jethr\\.minimax-agent\\projects"}
[16:34:25.902] INFO: [daemon.js:17438] [7b93baa58df34ee9bcd3bb9b207ea4b4] FsToolPermissionChecker checkPermissions called, toolName=read, input={"filePath":"C:\\Users\\jethr\\.mavis\\skills\\zotero-use\\references\\search-retrieve-brainstorm.md"}, context={"mode":"auto","rules":[],"sandboxEnabled":false,"autoAllowBashIfSandboxed":false,"workingDirectory":"C:\\Users\\jethr\\.minimax-agent\\projects","allowedWorkingPaths":[],"sandboxAllowPaths":[],"dataDir":"C:\\Users\\jethr\\.mavis","homeDir":"C:\\Users\\jethr","agentName":"mavis","sessionId":"mvs_121083dc1ae64fa1b109bd3bedf7436b","allowManagedPermissionRulesOnly":false,"interactiveTools":{}}
[16:34:25.902] INFO: [daemon.js:17438] [0b83df210b58413e91631505504a0f40] [permission-service] Check result: toolName=read behavior=allow reasonType=workingDirectory locale=en
[16:34:25.902] INFO: [daemon.js:17438] [dc0b11e41318401fbaa02e39670a6eda] Permission check result: read → allow {"locale":"en"}
[16:34:25.903] INFO: [daemon.js:17438] [dc0b11e41318401fbaa02e39670a6eda] ← POST /mavis/api/permission/check status=200 duration=1ms {"locale":"en"}
[16:34:25.904] INFO: [daemon.js:17438] [47ef0971236746e38f78f43ad41a3f5b] → POST /mavis/api/hooks/execute
[16:34:25.904] INFO: [daemon.js:17438] [hook-registry] matcher did not match, hook filtered out {"module":"hook-registry","hookId":"builtin:docx-skill-env-gate","matcher":"^[Ss][Kk][Ii][Ll][Ll]$","matchValue":"read"}
[16:34:25.904] INFO: [daemon.js:17438] [hook-registry] hooks filtered by matcher {"module":"hook-registry","hookEvent":"PreToolUse","matchValue":"read","beforeCount":2,"afterCount":1}
[16:34:25.904] INFO: [daemon.js:17438] [f05a69d3145f463faaaff9f873296bbf] [binary-read-guard] handler invoked toolName=read model=minimax/MiniMax-M2.7 argsKeys=["filePath"]
[16:34:25.905] INFO: [daemon.js:17438] [6c9b65cd18dc4d3fbd2e8f7c962d6549] [binary-read-guard] extension not blocked, ext=.md
[16:34:25.905] INFO: [daemon.js:17438] [47ef0971236746e38f78f43ad41a3f5b] ← POST /mavis/api/hooks/execute status=200 duration=1ms {"locale":"en"}
[16:34:25.918] INFO: [daemon.js:17438] [bcca7cecc03546d392dc22648f1726fd] → POST /mavis/api/metrics/runtime-event
[16:34:25.919] INFO: [daemon.js:17438] [bcca7cecc03546d392dc22648f1726fd] ← POST /mavis/api/metrics/runtime-event status=204 duration=1ms {"locale":"en"}
[16:34:25.919] INFO: [daemon.js:17438] [b85a0bc5549445c8bd7a40d5d8020373] → POST /mavis/api/hooks/execute
[16:34:25.920] INFO: [daemon.js:17438] [hook-registry] matcher did not match, hook filtered out {"module":"hook-registry","hookId":"builtin:cu-image-injector","matcher":"^[Bb]ash$","matchValue":"read"}
[16:34:25.920] INFO: [daemon.js:17438] [hook-registry] hooks filtered by matcher {"module":"hook-registry","hookEvent":"PostToolUse","matchValue":"read","beforeCount":7,"afterCount":6}
[16:34:25.920] INFO: [daemon.js:17438] [b85a0bc5549445c8bd7a40d5d8020373] ← POST /mavis/api/hooks/execute status=200 duration=1ms {"locale":"en"}
[16:34:25.922] INFO: [daemon.js:17438] [a0ea2124b6b74287bfba8bbf6f4b44e9] → POST /mavis/api/metrics/runtime-event
[16:34:25.922] INFO: [daemon.js:17438] [a0ea2124b6b74287bfba8bbf6f4b44e9] ← POST /mavis/api/metrics/runtime-event status=204 duration=0ms {"locale":"en"}
[16:34:25.935] INFO: [daemon.js:17438] [87aa39ab7f1b40caa0c439cff9ed117b] → POST /mavis/api/metrics/runtime-event
[16:34:25.935] INFO: [daemon.js:17438] [87aa39ab7f1b40caa0c439cff9ed117b] ← POST /mavis/api/metrics/runtime-event status=204 duration=0ms {"locale":"en"}
[16:34:28.070] INFO: [daemon.js:17438] [ab6fd4c253e6453399cf1dff9ee16baf] → POST /mavis/api/metrics/runtime-event
[16:34:28.070] INFO: [daemon.js:17438] [ab6fd4c253e6453399cf1dff9ee16baf] ← POST /mavis/api/metrics/runtime-event status=204 duration=0ms {"locale":"en"}
[16:34:28.070] INFO: [daemon.js:17438] [967fc7dfe08b4be1bdecdafd57f02435] → POST /mavis/api/permission/check
[16:34:28.071] INFO: [daemon.js:17438] [967fc7dfe08b4be1bdecdafd57f02435] Permission check requested: bash for mavis {"locale":"en"}
[16:34:28.071] INFO: [daemon.js:17438] Created ToolPermissionContext {"mode":"auto","ruleCount":0,"sandboxEnabled":false,"workingDirectory":"C:\\Users\\jethr\\.minimax-agent\\projects"}
[16:34:28.071] INFO: [daemon.js:17438] [a87f89ea4d124ed3880b8eae415e1fba] BashToolPermissionChecker checkPermissions called, _toolName=bash, input={"command":"zot --local --library-id 0 --library-type user items list --query \"cytokine storm\" --qmode everything --limit 15 --output table","description":"Search Zotero for cytokine storm items"}, context={"mode":"auto","rules":[],"sandboxEnabled":false,"autoAllowBashIfSandboxed":false,"workingDirectory":"C:\\Users\\jethr\\.minimax-agent\\projects","allowedWorkingPaths":[],"sandboxAllowPaths":[],"dataDir":"C:\\Users\\jethr\\.mavis","homeDir":"C:\\Users\\jethr","agentName":"mavis","sessionId":"mvs_121083dc1ae64fa1b109bd3bedf7436b","allowManagedPermissionRulesOnly":false,"interactiveTools":{}}
[16:34:28.071] INFO: [daemon.js:17438] [permission] subcommand layer=tail mode=default verdict=ask {"permLayer":"tail","permMode":"default","permVerdict":"ask","permReasonType":"safetyCheck","cmdPreview":"zot --local --library-id 0 --library-type user items list --query \"cytokine storm\" --qmode everything --limit 15 --output table"}
[16:34:28.072] INFO: [daemon.js:17438] [permission] whole-command layer=aggregated mode=default verdict=ask {"permLayer":"aggregated","permMode":"default","permVerdict":"ask","permScope":"whole-command","cmdPreview":"zot --local --library-id 0 --library-type user items list --query \"cytokine storm\" --qmode everything --limit 15 --output table","sessionId":"mvs_121083dc1ae64fa1b109bd3bedf7436b","subcommandCount":1}
[16:34:28.072] INFO: [daemon.js:17438] [f9d9adc7bd8943b7b238bf4083784cae] [permission-service] Check result: toolName=bash behavior=ask reasonType=safetyCheck locale=en
[16:34:28.072] INFO: [daemon.js:17438] Running YOLO classifier {"toolName":"bash","inputLength":127,"sessionId":"mvs_121083dc1ae64fa1b109bd3bedf7436b","agentId":"mavis"}
[16:34:28.073] INFO: [daemon.js:17438] [permission] subcommand layer=tail mode=auto verdict=undecided {"permLayer":"tail","permMode":"auto","permVerdict":"undecided","permReasonType":"safetyCheck","cmdPreview":"zot --local --library-id 0 --library-type user items list --query \"cytokine storm\" --qmode everything --limit 15 --output table"}
[16:34:28.073] INFO: [daemon.js:17438] [permission] whole-command layer=aggregated mode=auto verdict=undecided {"permLayer":"aggregated","permMode":"auto","permVerdict":"undecided","permScope":"whole-command","cmdPreview":"zot --local --library-id 0 --library-type user items list --query \"cytokine storm\" --qmode everything --limit 15 --output table","subcommandCount":1}
[16:34:32.588] INFO: [daemon.js:17438] [221546d4b999402180ee4fd81ca2bc08] → GET /mavis/health
[16:34:32.588] INFO: [daemon.js:17438] [221546d4b999402180ee4fd81ca2bc08] ← GET /mavis/health status=200 duration=0ms {"locale":"en"}
[16:34:36.069] INFO: [daemon.js:17438] Stage 2 LLM classification result {"toolName":"bash","verdict":"allow","reason":"This is a read-only search query against the user's local Zotero library, explicitly authorized by the user's `/zotero-use` instruction. No data deletion, secret exfiltration, or system modification involved.","model":"minimax/MiniMax-M2.7","isIrreversibleDelete":false,"confidence":0.95}
[16:34:36.070] INFO: [daemon.js:17438] [206d8ac2fdde4fde92ccf348806cbe32] [permission-service] Auto mode classifier result: toolName=bash verdict=allow reason=This is a read-only search query against the user's local Zotero library, explicitly authorized by the user's `/zotero-use` instruction. No data deletion, secret exfiltration, or system modification involved. model=minimax/MiniMax-M2.7 stage=thinking durationMs=7998 locale=en
[16:34:36.070] INFO: [daemon.js:17438] [967fc7dfe08b4be1bdecdafd57f02435] Permission check result: bash → allow {"locale":"en"}
[16:34:36.070] INFO: [daemon.js:17438] [967fc7dfe08b4be1bdecdafd57f02435] ← POST /mavis/api/permission/check status=200 duration=8000ms {"locale":"en"}
[16:34:36.073] INFO: [daemon.js:17438] [ae8ef8e4e85142b2a5386594ce10f685] → POST /mavis/api/hooks/execute
[16:34:36.074] INFO: [daemon.js:17438] [hook-registry] matcher did not match, hook filtered out {"module":"hook-registry","hookId":"builtin:binary-read-guard","matcher":"^[Rr]ead$","matchValue":"bash"}
[16:34:36.074] INFO: [daemon.js:17438] [hook-registry] matcher did not match, hook filtered out {"module":"hook-registry","hookId":"builtin:docx-skill-env-gate","matcher":"^[Ss][Kk][Ii][Ll][Ll]$","matchValue":"bash"}
[16:34:36.074] INFO: [daemon.js:17438] [hook-registry] hooks filtered by matcher {"module":"hook-registry","hookEvent":"PreToolUse","matchValue":"bash","beforeCount":2,"afterCount":0}
[16:34:36.074] INFO: [daemon.js:17438] [ae8ef8e4e85142b2a5386594ce10f685] ← POST /mavis/api/hooks/execute status=200 duration=1ms {"locale":"en"}
[16:34:38.943] INFO: [daemon.js:17438] [3cea5e28cf994cc8ad355d33c015cb91] → POST /mavis/api/metrics/runtime-event
[16:34:38.943] INFO: [daemon.js:17438] [3cea5e28cf994cc8ad355d33c015cb91] ← POST /mavis/api/metrics/runtime-event status=204 duration=0ms {"locale":"en"}
[16:34:38.944] INFO: [daemon.js:17438] [bf997016d1624a76ac810e98b4f49821] → POST /mavis/api/hooks/execute
[16:34:38.944] INFO: [daemon.js:17438] [hook-registry] matcher did not match, hook filtered out {"module":"hook-registry","hookId":"builtin:read-image-compressor","matcher":"^[Rr]ead$","matchValue":"bash"}
[16:34:38.944] INFO: [daemon.js:17438] [hook-registry] hooks filtered by matcher {"module":"hook-registry","hookEvent":"PostToolUse","matchValue":"bash","beforeCount":7,"afterCount":6}
[16:34:38.944] INFO: [daemon.js:17438] [bf997016d1624a76ac810e98b4f49821] ← POST /mavis/api/hooks/execute status=200 duration=0ms {"locale":"en"}
[16:34:38.947] INFO: [daemon.js:17438] [ea3c0c16dac24c3fa8baf4200591093a] → POST /mavis/api/metrics/runtime-event
[16:34:38.948] INFO: [daemon.js:17438] [ea3c0c16dac24c3fa8baf4200591093a] ← POST /mavis/api/metrics/runtime-event status=204 duration=1ms {"locale":"en"}
[16:34:38.960] INFO: [daemon.js:17438] [8fed090fb14d47e9bcce84e2890ea9b4] → POST /mavis/api/metrics/runtime-event
[16:34:38.960] INFO: [daemon.js:17438] [8fed090fb14d47e9bcce84e2890ea9b4] ← POST /mavis/api/metrics/runtime-event status=204 duration=0ms {"locale":"en"}
[16:34:40.997] INFO: [daemon.js:17438] [edd4630d93c74c678e494a2f01245700] → POST /mavis/api/metrics/runtime-event
[16:34:40.997] INFO: [daemon.js:17438] [edd4630d93c74c678e494a2f01245700] ← POST /mavis/api/metrics/runtime-event status=204 duration=0ms {"locale":"en"}
[16:34:40.998] INFO: [daemon.js:17438] [c8cebcb824fb4e9ba93de5684a7ded9f] → POST /mavis/api/permission/check
[16:34:40.998] INFO: [daemon.js:17438] [c8cebcb824fb4e9ba93de5684a7ded9f] Permission check requested: bash for mavis {"locale":"en"}
[16:34:40.998] INFO: [daemon.js:17438] Created ToolPermissionContext {"mode":"auto","ruleCount":0,"sandboxEnabled":false,"workingDirectory":"C:\\Users\\jethr\\.minimax-agent\\projects"}
[16:34:40.998] INFO: [daemon.js:17438] [eb20026b75f548c9a47e42e60304c271] BashToolPermissionChecker checkPermissions called, _toolName=bash, input={"command":"zot --local --library-id 0 --library-type user items get 5N3ED8ND --output json","description":"Get metadata for cytokine storm article"}, context={"mode":"auto","rules":[],"sandboxEnabled":false,"autoAllowBashIfSandboxed":false,"workingDirectory":"C:\\Users\\jethr\\.minimax-agent\\projects","allowedWorkingPaths":[],"sandboxAllowPaths":[],"dataDir":"C:\\Users\\jethr\\.mavis","homeDir":"C:\\Users\\jethr","agentName":"mavis","sessionId":"mvs_121083dc1ae64fa1b109bd3bedf7436b","allowManagedPermissionRulesOnly":false,"interactiveTools":{}}
[16:34:40.998] INFO: [daemon.js:17438] [permission] subcommand layer=tail mode=default verdict=ask {"permLayer":"tail","permMode":"default","permVerdict":"ask","permReasonType":"safetyCheck","cmdPreview":"zot --local --library-id 0 --library-type user items get 5N3ED8ND --output json"}
[16:34:40.999] INFO: [daemon.js:17438] [permission] whole-command layer=aggregated mode=default verdict=ask {"permLayer":"aggregated","permMode":"default","permVerdict":"ask","permScope":"whole-command","cmdPreview":"zot --local --library-id 0 --library-type user items get 5N3ED8ND --output json","sessionId":"mvs_121083dc1ae64fa1b109bd3bedf7436b","subcommandCount":1}
[16:34:40.999] INFO: [daemon.js:17438] [0f7dbc0fc426441e82dcc980ee55df86] [permission-service] Check result: toolName=bash behavior=ask reasonType=safetyCheck locale=en
[16:34:40.999] INFO: [daemon.js:17438] Running YOLO classifier {"toolName":"bash","inputLength":79,"sessionId":"mvs_121083dc1ae64fa1b109bd3bedf7436b","agentId":"mavis"}
[16:34:40.999] INFO: [daemon.js:17438] [permission] subcommand layer=tail mode=auto verdict=undecided {"permLayer":"tail","permMode":"auto","permVerdict":"undecided","permReasonType":"safetyCheck","cmdPreview":"zot --local --library-id 0 --library-type user items get 5N3ED8ND --output json"}
[16:34:40.999] INFO: [daemon.js:17438] [permission] whole-command layer=aggregated mode=auto verdict=undecided {"permLayer":"aggregated","permMode":"auto","permVerdict":"undecided","permScope":"whole-command","cmdPreview":"zot --local --library-id 0 --library-type user items get 5N3ED8ND --output json","subcommandCount":1}
[16:34:42.599] INFO: [daemon.js:17438] [38d176c850a847f1be6e11a59fa354ec] → GET /mavis/health
[16:34:42.599] INFO: [daemon.js:17438] [38d176c850a847f1be6e11a59fa354ec] ← GET /mavis/health status=200 duration=0ms {"locale":"en"}
[16:34:51.429] INFO: [daemon.js:17438] Stage 2 LLM classification result {"toolName":"bash","verdict":"allow","reason":"This is a read-only operation retrieving a specific Zotero item by its key in JSON format. It targets the user's own local Zotero library with no external network call, no system modification, and no irreversible effects. Consistent with the ongoing research workflow to find cytokine storm-related items.","model":"minimax/MiniMax-M2.7","isIrreversibleDelete":false,"confidence":0.95}
[16:34:51.429] INFO: [daemon.js:17438] [37d83550f0bf4fca9763095151abb440] [permission-service] Auto mode classifier result: toolName=bash verdict=allow reason=This is a read-only operation retrieving a specific Zotero item by its key in JSON format. It targets the user's own local Zotero library with no external network call, no system modification, and no irreversible effects. Consistent with the ongoing research workflow to find cytokine storm-related items. model=minimax/MiniMax-M2.7 stage=thinking durationMs=10430 locale=en
[16:34:51.429] INFO: [daemon.js:17438] [c8cebcb824fb4e9ba93de5684a7ded9f] Permission check result: bash → allow {"locale":"en"}
[16:34:51.429] INFO: [daemon.js:17438] [c8cebcb824fb4e9ba93de5684a7ded9f] ← POST /mavis/api/permission/check status=200 duration=10431ms {"locale":"en"}
[16:34:51.433] INFO: [daemon.js:17438] [b7b20e0d44bc4e77b6004dde6f7c1c4f] → POST /mavis/api/hooks/execute
[16:34:51.433] INFO: [daemon.js:17438] [hook-registry] matcher did not match, hook filtered out {"module":"hook-registry","hookId":"builtin:binary-read-guard","matcher":"^[Rr]ead$","matchValue":"bash"}
[16:34:51.434] INFO: [daemon.js:17438] [hook-registry] matcher did not match, hook filtered out {"module":"hook-registry","hookId":"builtin:docx-skill-env-gate","matcher":"^[Ss][Kk][Ii][Ll][Ll]$","matchValue":"bash"}
[16:34:51.434] INFO: [daemon.js:17438] [hook-registry] hooks filtered by matcher {"module":"hook-registry","hookEvent":"PreToolUse","matchValue":"bash","beforeCount":2,"afterCount":0}
[16:34:51.434] INFO: [daemon.js:17438] [b7b20e0d44bc4e77b6004dde6f7c1c4f] ← POST /mavis/api/hooks/execute status=200 duration=1ms {"locale":"en"}
[16:34:52.613] INFO: [daemon.js:17438] [93888c409e024a019f41df04b093c364] → GET /mavis/health
[16:34:52.613] INFO: [daemon.js:17438] [93888c409e024a019f41df04b093c364] ← GET /mavis/health status=200 duration=0ms {"locale":"en"}
[16:34:53.903] INFO: [daemon.js:17438] [00f94c7f3a884325971ab0ed357c8952] → POST /mavis/api/metrics/runtime-event
[16:34:53.904] INFO: [daemon.js:17438] [00f94c7f3a884325971ab0ed357c8952] ← POST /mavis/api/metrics/runtime-event status=204 duration=1ms {"locale":"en"}
[16:34:53.904] INFO: [daemon.js:17438] [7fedc46fe7d4456fb6046f507a837686] → POST /mavis/api/hooks/execute
[16:34:53.904] INFO: [daemon.js:17438] [hook-registry] matcher did not match, hook filtered out {"module":"hook-registry","hookId":"builtin:read-image-compressor","matcher":"^[Rr]ead$","matchValue":"bash"}
[16:34:53.904] INFO: [daemon.js:17438] [hook-registry] hooks filtered by matcher {"module":"hook-registry","hookEvent":"PostToolUse","matchValue":"bash","beforeCount":7,"afterCount":6}
[16:34:53.905] INFO: [daemon.js:17438] [7fedc46fe7d4456fb6046f507a837686] ← POST /mavis/api/hooks/execute status=200 duration=1ms {"locale":"en"}
[16:34:53.907] INFO: [daemon.js:17438] [ac8035f4916f41fdb60ebeb5eeb9fc6f] → POST /mavis/api/metrics/runtime-event
[16:34:53.908] INFO: [daemon.js:17438] [ac8035f4916f41fdb60ebeb5eeb9fc6f] ← POST /mavis/api/metrics/runtime-event status=204 duration=1ms {"locale":"en"}
[16:34:53.921] INFO: [daemon.js:17438] [66aa697e610e4b089d5500c14a6cd75a] → POST /mavis/api/metrics/runtime-event
[16:34:53.921] INFO: [daemon.js:17438] [66aa697e610e4b089d5500c14a6cd75a] ← POST /mavis/api/metrics/runtime-event status=204 duration=0ms {"locale":"en"}
[16:34:55.341] INFO: [daemon.js:17438] [8e097d6cd9334ccc8cb4bb0a3237fcb5] → POST /mavis/api/metrics/runtime-event
[16:34:55.341] INFO: [daemon.js:17438] [8e097d6cd9334ccc8cb4bb0a3237fcb5] ← POST /mavis/api/metrics/runtime-event status=204 duration=0ms {"locale":"en"}
[16:34:55.342] INFO: [daemon.js:17438] [10b5bbdeb7d54444993a3b1efe62768d] → POST /mavis/api/permission/check
[16:34:55.342] INFO: [daemon.js:17438] [10b5bbdeb7d54444993a3b1efe62768d] Permission check requested: bash for mavis {"locale":"en"}
[16:34:55.342] INFO: [daemon.js:17438] Created ToolPermissionContext {"mode":"auto","ruleCount":0,"sandboxEnabled":false,"workingDirectory":"C:\\Users\\jethr\\.minimax-agent\\projects"}
[16:34:55.342] INFO: [daemon.js:17438] [fa26d51401d44bab8893ec04470f1bc1] BashToolPermissionChecker checkPermissions called, _toolName=bash, input={"command":"zot --local --library-id 0 --library-type user items children 5N3ED8ND --output table","description":"Check children/PDF for cytokine storm item"}, context={"mode":"auto","rules":[],"sandboxEnabled":false,"autoAllowBashIfSandboxed":false,"workingDirectory":"C:\\Users\\jethr\\.minimax-agent\\projects","allowedWorkingPaths":[],"sandboxAllowPaths":[],"dataDir":"C:\\Users\\jethr\\.mavis","homeDir":"C:\\Users\\jethr","agentName":"mavis","sessionId":"mvs_121083dc1ae64fa1b109bd3bedf7436b","allowManagedPermissionRulesOnly":false,"interactiveTools":{}}
[16:34:55.343] INFO: [daemon.js:17438] [permission] subcommand layer=tail mode=default verdict=ask {"permLayer":"tail","permMode":"default","permVerdict":"ask","permReasonType":"safetyCheck","cmdPreview":"zot --local --library-id 0 --library-type user items children 5N3ED8ND --output table"}
[16:34:55.343] INFO: [daemon.js:17438] [permission] whole-command layer=aggregated mode=default verdict=ask {"permLayer":"aggregated","permMode":"default","permVerdict":"ask","permScope":"whole-command","cmdPreview":"zot --local --library-id 0 --library-type user items children 5N3ED8ND --output table","sessionId":"mvs_121083dc1ae64fa1b109bd3bedf7436b","subcommandCount":1}
[16:34:55.343] INFO: [daemon.js:17438] [38046950077c49e5b084dbf3c0baed49] [permission-service] Check result: toolName=bash behavior=ask reasonType=safetyCheck locale=en
[16:34:55.343] INFO: [daemon.js:17438] Running YOLO classifier {"toolName":"bash","inputLength":85,"sessionId":"mvs_121083dc1ae64fa1b109bd3bedf7436b","agentId":"mavis"}
[16:34:55.344] INFO: [daemon.js:17438] [permission] subcommand layer=tail mode=auto verdict=undecided {"permLayer":"tail","permMode":"auto","permVerdict":"undecided","permReasonType":"safetyCheck","cmdPreview":"zot --local --library-id 0 --library-type user items children 5N3ED8ND --output table"}
[16:34:55.344] INFO: [daemon.js:17438] [permission] whole-command layer=aggregated mode=auto verdict=undecided {"permLayer":"aggregated","permMode":"auto","permVerdict":"undecided","permScope":"whole-command","cmdPreview":"zot --local --library-id 0 --library-type user items children 5N3ED8ND --output table","subcommandCount":1}
[16:35:02.625] INFO: [daemon.js:17438] [5f589c49d3554ce1ae462238a676fc08] → GET /mavis/health
[16:35:02.625] INFO: [daemon.js:17438] [5f589c49d3554ce1ae462238a676fc08] ← GET /mavis/health status=200 duration=0ms {"locale":"en"}
[16:35:07.173] INFO: [daemon.js:17438] Stage 2 LLM classification result {"toolName":"bash","verdict":"allow","reason":"Read-only Zotero CLI query retrieving child items from the user's own local library; bounded scope, no system changes, consistent with the user's stated goal of finding cytokine storm related items.","model":"minimax/MiniMax-M2.7","isIrreversibleDelete":false,"confidence":0.95}
[16:35:07.173] INFO: [daemon.js:17438] [1286527763e247088c6fe546cc034db9] [permission-service] Auto mode classifier result: toolName=bash verdict=allow reason=Read-only Zotero CLI query retrieving child items from the user's own local library; bounded scope, no system changes, consistent with the user's stated goal of finding cytokine storm related items. model=minimax/MiniMax-M2.7 stage=thinking durationMs=11830 locale=en
[16:35:07.173] INFO: [daemon.js:17438] [10b5bbdeb7d54444993a3b1efe62768d] Permission check result: bash → allow {"locale":"en"}
[16:35:07.174] INFO: [daemon.js:17438] [10b5bbdeb7d54444993a3b1efe62768d] ← POST /mavis/api/permission/check status=200 duration=11831ms {"locale":"en"}
[16:35:07.177] INFO: [daemon.js:17438] [14410ff604e847a8805b9b429aa98a7b] → POST /mavis/api/hooks/execute
[16:35:07.178] INFO: [daemon.js:17438] [hook-registry] matcher did not match, hook filtered out {"module":"hook-registry","hookId":"builtin:binary-read-guard","matcher":"^[Rr]ead$","matchValue":"bash"}
[16:35:07.178] INFO: [daemon.js:17438] [hook-registry] matcher did not match, hook filtered out {"module":"hook-registry","hookId":"builtin:docx-skill-env-gate","matcher":"^[Ss][Kk][Ii][Ll][Ll]$","matchValue":"bash"}
[16:35:07.178] INFO: [daemon.js:17438] [hook-registry] hooks filtered by matcher {"module":"hook-registry","hookEvent":"PreToolUse","matchValue":"bash","beforeCount":2,"afterCount":0}
[16:35:07.178] INFO: [daemon.js:17438] [14410ff604e847a8805b9b429aa98a7b] ← POST /mavis/api/hooks/execute status=200 duration=1ms {"locale":"en"}
[16:35:09.647] INFO: [daemon.js:17438] [ac9081d6d7034310ba33f523618728b6] → POST /mavis/api/metrics/runtime-event
[16:35:09.647] INFO: [daemon.js:17438] [ac9081d6d7034310ba33f523618728b6] ← POST /mavis/api/metrics/runtime-event status=204 duration=0ms {"locale":"en"}
[16:35:09.648] INFO: [daemon.js:17438] [0a84a5a80534419cb258d395bd3c23c7] → POST /mavis/api/hooks/execute
[16:35:09.648] INFO: [daemon.js:17438] [hook-registry] matcher did not match, hook filtered out {"module":"hook-registry","hookId":"builtin:read-image-compressor","matcher":"^[Rr]ead$","matchValue":"bash"}
[16:35:09.648] INFO: [daemon.js:17438] [hook-registry] hooks filtered by matcher {"module":"hook-registry","hookEvent":"PostToolUse","matchValue":"bash","beforeCount":7,"afterCount":6}
[16:35:09.649] INFO: [daemon.js:17438] [0a84a5a80534419cb258d395bd3c23c7] ← POST /mavis/api/hooks/execute status=200 duration=1ms {"locale":"en"}
[16:35:09.652] INFO: [daemon.js:17438] [151287bd8ac84c8e8758fdf6b6eeecf7] → POST /mavis/api/metrics/runtime-event
[16:35:09.652] INFO: [daemon.js:17438] [151287bd8ac84c8e8758fdf6b6eeecf7] ← POST /mavis/api/metrics/runtime-event status=204 duration=0ms {"locale":"en"}
[16:35:09.664] INFO: [daemon.js:17438] [52182e5dc9574e3e9aa37a81a8358ddf] → POST /mavis/api/metrics/runtime-event
[16:35:09.664] INFO: [daemon.js:17438] [52182e5dc9574e3e9aa37a81a8358ddf] ← POST /mavis/api/metrics/runtime-event status=204 duration=0ms {"locale":"en"}
[16:35:12.644] INFO: [daemon.js:17438] [c6ca306f7f5c4af299ccd991516cfddb] → GET /mavis/health
[16:35:12.645] INFO: [daemon.js:17438] [c6ca306f7f5c4af299ccd991516cfddb] ← GET /mavis/health status=200 duration=1ms {"locale":"en"}
[16:35:13.048] INFO: [daemon.js:17438] [b904e64836074f66969bde236af8b276] → POST /mavis/api/metrics/runtime-event
[16:35:13.049] INFO: [daemon.js:17438] [b904e64836074f66969bde236af8b276] ← POST /mavis/api/metrics/runtime-event status=204 duration=1ms {"locale":"en"}
[16:35:13.049] INFO: [daemon.js:17438] [e07f5e6b315e43958af808be0c2adf01] → POST /mavis/api/permission/check
[16:35:13.049] INFO: [daemon.js:17438] [e07f5e6b315e43958af808be0c2adf01] Permission check requested: bash for mavis {"locale":"en"}
[16:35:13.049] INFO: [daemon.js:17438] Created ToolPermissionContext {"mode":"auto","ruleCount":0,"sandboxEnabled":false,"workingDirectory":"C:\\Users\\jethr\\.minimax-agent\\projects"}
[16:35:13.049] INFO: [daemon.js:17438] [9092225dc2ee492eb4408a8abf53e9c9] BashToolPermissionChecker checkPermissions called, _toolName=bash, input={"command":"zot --local --library-id 0 --library-type user items list --query \"cytokine storm inflammation\" --qmode title --limit 10 --output table","description":"Search broader cytokine storm titles"}, context={"mode":"auto","rules":[],"sandboxEnabled":false,"autoAllowBashIfSandboxed":false,"workingDirectory":"C:\\Users\\jethr\\.minimax-agent\\projects","allowedWorkingPaths":[],"sandboxAllowPaths":[],"dataDir":"C:\\Users\\jethr\\.mavis","homeDir":"C:\\Users\\jethr","agentName":"mavis","sessionId":"mvs_121083dc1ae64fa1b109bd3bedf7436b","allowManagedPermissionRulesOnly":false,"interactiveTools":{}}
[16:35:13.050] INFO: [daemon.js:17438] [permission] subcommand layer=tail mode=default verdict=ask {"permLayer":"tail","permMode":"default","permVerdict":"ask","permReasonType":"safetyCheck","cmdPreview":"zot --local --library-id 0 --library-type user items list --query \"cytokine storm inflammation\" --qmode title --limit 10 --output table"}
[16:35:13.050] INFO: [daemon.js:17438] [permission] whole-command layer=aggregated mode=default verdict=ask {"permLayer":"aggregated","permMode":"default","permVerdict":"ask","permScope":"whole-command","cmdPreview":"zot --local --library-id 0 --library-type user items list --query \"cytokine storm inflammation\" --qmode title --limit 10 --output table","sessionId":"mvs_121083dc1ae64fa1b109bd3bedf7436b","subcommandCount":1}
[16:35:13.050] INFO: [daemon.js:17438] [40b062eeadf545eeb28f00654f62d2da] [permission-service] Check result: toolName=bash behavior=ask reasonType=safetyCheck locale=en
[16:35:13.050] INFO: [daemon.js:17438] Running YOLO classifier {"toolName":"bash","inputLength":135,"sessionId":"mvs_121083dc1ae64fa1b109bd3bedf7436b","agentId":"mavis"}
[16:35:13.051] INFO: [daemon.js:17438] [permission] subcommand layer=tail mode=auto verdict=undecided {"permLayer":"tail","permMode":"auto","permVerdict":"undecided","permReasonType":"safetyCheck","cmdPreview":"zot --local --library-id 0 --library-type user items list --query \"cytokine storm inflammation\" --qmode title --limit 10 --output table"}
[16:35:13.051] INFO: [daemon.js:17438] [permission] whole-command layer=aggregated mode=auto verdict=undecided {"permLayer":"aggregated","permMode":"auto","permVerdict":"undecided","permScope":"whole-command","cmdPreview":"zot --local --library-id 0 --library-type user items list --query \"cytokine storm inflammation\" --qmode title --limit 10 --output table","subcommandCount":1}
[16:35:19.345] INFO: [daemon.js:17438] Stage 2 LLM classification result {"toolName":"bash","verdict":"allow","reason":"Read-only query on the user's personal Zotero library; no system changes, deletion, or external transmission — safe local metadata search within the user's research workflow.","model":"minimax/MiniMax-M2.7","isIrreversibleDelete":false,"confidence":0.95}
[16:35:19.345] INFO: [daemon.js:17438] [28b8402c58924d1380e9f32cc1a72192] [permission-service] Auto mode classifier result: toolName=bash verdict=allow reason=Read-only query on the user's personal Zotero library; no system changes, deletion, or external transmission — safe local metadata search within the user's research workflow. model=minimax/MiniMax-M2.7 stage=thinking durationMs=6295 locale=en
[16:35:19.345] INFO: [daemon.js:17438] [e07f5e6b315e43958af808be0c2adf01] Permission check result: bash → allow {"locale":"en"}
[16:35:19.346] INFO: [daemon.js:17438] [e07f5e6b315e43958af808be0c2adf01] ← POST /mavis/api/permission/check status=200 duration=6297ms {"locale":"en"}
[16:35:19.349] INFO: [daemon.js:17438] [52c0e73b994b4682ac4f86990a84a3d6] → POST /mavis/api/hooks/execute
[16:35:19.349] INFO: [daemon.js:17438] [hook-registry] matcher did not match, hook filtered out {"module":"hook-registry","hookId":"builtin:binary-read-guard","matcher":"^[Rr]ead$","matchValue":"bash"}
[16:35:19.349] INFO: [daemon.js:17438] [hook-registry] matcher did not match, hook filtered out {"module":"hook-registry","hookId":"builtin:docx-skill-env-gate","matcher":"^[Ss][Kk][Ii][Ll][Ll]$","matchValue":"bash"}
[16:35:19.350] INFO: [daemon.js:17438] [hook-registry] hooks filtered by matcher {"module":"hook-registry","hookEvent":"PreToolUse","matchValue":"bash","beforeCount":2,"afterCount":0}
[16:35:19.350] INFO: [daemon.js:17438] [52c0e73b994b4682ac4f86990a84a3d6] ← POST /mavis/api/hooks/execute status=200 duration=1ms {"locale":"en"}
[16:35:19.753] INFO: [daemon.js:17438] [d10dc0d2c6474959a9a1e02d02d3a453] → POST /mavis/api/metrics/runtime-event
[16:35:19.753] INFO: [daemon.js:17438] [d10dc0d2c6474959a9a1e02d02d3a453] ← POST /mavis/api/metrics/runtime-event status=204 duration=0ms {"locale":"en"}
[16:35:19.754] INFO: [daemon.js:17438] [3af7ef8c2652469daf3694d56a4bd273] → POST /mavis/api/hooks/execute
[16:35:19.754] INFO: [daemon.js:17438] [hook-registry] matcher did not match, hook filtered out {"module":"hook-registry","hookId":"builtin:read-image-compressor","matcher":"^[Rr]ead$","matchValue":"bash"}
[16:35:19.754] INFO: [daemon.js:17438] [hook-registry] hooks filtered by matcher {"module":"hook-registry","hookEvent":"PostToolUse","matchValue":"bash","beforeCount":7,"afterCount":6}
[16:35:19.754] INFO: [daemon.js:17438] [3af7ef8c2652469daf3694d56a4bd273] ← POST /mavis/api/hooks/execute status=200 duration=0ms {"locale":"en"}
[16:35:19.757] INFO: [daemon.js:17438] [b78c7eed08d348038c25482b943a7e76] → POST /mavis/api/metrics/runtime-event
[16:35:19.757] INFO: [daemon.js:17438] [b78c7eed08d348038c25482b943a7e76] ← POST /mavis/api/metrics/runtime-event status=204 duration=0ms {"locale":"en"}
[16:35:19.770] INFO: [daemon.js:17438] [10e0cc6e9c2c4be1ba91975e7d3329ef] → POST /mavis/api/metrics/runtime-event
[16:35:19.770] INFO: [daemon.js:17438] [10e0cc6e9c2c4be1ba91975e7d3329ef] ← POST /mavis/api/metrics/runtime-event status=204 duration=0ms {"locale":"en"}
[16:35:21.835] INFO: [daemon.js:17438] [2b82f4f4b8214e6c8f0b9c2986d760cc] → POST /mavis/api/metrics/runtime-event
[16:35:21.835] INFO: [daemon.js:17438] [2b82f4f4b8214e6c8f0b9c2986d760cc] ← POST /mavis/api/metrics/runtime-event status=204 duration=0ms {"locale":"en"}
[16:35:21.835] INFO: [daemon.js:17438] [c9c78862fb984c2daa7e243b5a6c1779] → POST /mavis/api/permission/check
[16:35:21.835] INFO: [daemon.js:17438] [c9c78862fb984c2daa7e243b5a6c1779] Permission check requested: bash for mavis {"locale":"en"}
[16:35:21.836] INFO: [daemon.js:17438] Created ToolPermissionContext {"mode":"auto","ruleCount":0,"sandboxEnabled":false,"workingDirectory":"C:\\Users\\jethr\\.minimax-agent\\projects"}
[16:35:21.836] INFO: [daemon.js:17438] [0f9ff24382fd4bbe89db79ad4013f336] BashToolPermissionChecker checkPermissions called, _toolName=bash, input={"command":"zot --local --library-id 0 --library-type user items list --query \"immune hyperactivation cytokine\" --qmode everything --limit 10 --output table","description":"Search broader immune hyperactivation terms"}, context={"mode":"auto","rules":[],"sandboxEnabled":false,"autoAllowBashIfSandboxed":false,"workingDirectory":"C:\\Users\\jethr\\.minimax-agent\\projects","allowedWorkingPaths":[],"sandboxAllowPaths":[],"dataDir":"C:\\Users\\jethr\\.mavis","homeDir":"C:\\Users\\jethr","agentName":"mavis","sessionId":"mvs_121083dc1ae64fa1b109bd3bedf7436b","allowManagedPermissionRulesOnly":false,"interactiveTools":{}}
[16:35:21.836] INFO: [daemon.js:17438] [permission] subcommand layer=tail mode=default verdict=ask {"permLayer":"tail","permMode":"default","permVerdict":"ask","permReasonType":"safetyCheck","cmdPreview":"zot --local --library-id 0 --library-type user items list --query \"immune hyperactivation cytokine\" --qmode everything --limit 10 --output table"}
[16:35:21.836] INFO: [daemon.js:17438] [permission] whole-command layer=aggregated mode=default verdict=ask {"permLayer":"aggregated","permMode":"default","permVerdict":"ask","permScope":"whole-command","cmdPreview":"zot --local --library-id 0 --library-type user items list --query \"immune hyperactivation cytokine\" --qmode everything --limit 10 --output table","sessionId":"mvs_121083dc1ae64fa1b109bd3bedf7436b","subcommandCount":1}
[16:35:21.836] INFO: [daemon.js:17438] [faba2df4fb214475a8e1f273b613cd0b] [permission-service] Check result: toolName=bash behavior=ask reasonType=safetyCheck locale=en
[16:35:21.837] INFO: [daemon.js:17438] Running YOLO classifier {"toolName":"bash","inputLength":144,"sessionId":"mvs_121083dc1ae64fa1b109bd3bedf7436b","agentId":"mavis"}
[16:35:21.837] INFO: [daemon.js:17438] [permission] subcommand layer=tail mode=auto verdict=undecided {"permLayer":"tail","permMode":"auto","permVerdict":"undecided","permReasonType":"safetyCheck","cmdPreview":"zot --local --library-id 0 --library-type user items list --query \"immune hyperactivation cytokine\" --qmode everything --limit 10 --output table"}
[16:35:21.837] INFO: [daemon.js:17438] [permission] whole-command layer=aggregated mode=auto verdict=undecided {"permLayer":"aggregated","permMode":"auto","permVerdict":"undecided","permScope":"whole-command","cmdPreview":"zot --local --library-id 0 --library-type user items list --query \"immune hyperactivation cytokine\" --qmode everything --limit 10 --output table","subcommandCount":1}
[16:35:22.638] INFO: [daemon.js:17438] [9bbe115c1ff648c083b3701d899748c7] → GET /mavis/health
[16:35:22.639] INFO: [daemon.js:17438] [9bbe115c1ff648c083b3701d899748c7] ← GET /mavis/health status=200 duration=1ms {"locale":"en"}
[16:35:27.048] INFO: [daemon.js:17438] Stage 2 LLM classification result {"toolName":"bash","verdict":"allow","reason":"Read-only search query against user's own local Zotero library, following explicit user instruction for cytokine storm research. No system changes, no secrets, no external communication beyond local DB.","model":"minimax/MiniMax-M2.7","isIrreversibleDelete":false,"confidence":0.95}
[16:35:27.048] INFO: [daemon.js:17438] [f6767b44745848d19a090808e0b01be5] [permission-service] Auto mode classifier result: toolName=bash verdict=allow reason=Read-only search query against user's own local Zotero library, following explicit user instruction for cytokine storm research. No system changes, no secrets, no external communication beyond local DB. model=minimax/MiniMax-M2.7 stage=thinking durationMs=5211 locale=en
[16:35:27.048] INFO: [daemon.js:17438] [c9c78862fb984c2daa7e243b5a6c1779] Permission check result: bash → allow {"locale":"en"}
[16:35:27.048] INFO: [daemon.js:17438] [c9c78862fb984c2daa7e243b5a6c1779] ← POST /mavis/api/permission/check status=200 duration=5213ms {"locale":"en"}
[16:35:27.052] INFO: [daemon.js:17438] [49d112731be84848901f146e04fe618e] → POST /mavis/api/hooks/execute
[16:35:27.052] INFO: [daemon.js:17438] [hook-registry] matcher did not match, hook filtered out {"module":"hook-registry","hookId":"builtin:binary-read-guard","matcher":"^[Rr]ead$","matchValue":"bash"}
[16:35:27.052] INFO: [daemon.js:17438] [hook-registry] matcher did not match, hook filtered out {"module":"hook-registry","hookId":"builtin:docx-skill-env-gate","matcher":"^[Ss][Kk][Ii][Ll][Ll]$","matchValue":"bash"}
[16:35:27.052] INFO: [daemon.js:17438] [hook-registry] hooks filtered by matcher {"module":"hook-registry","hookEvent":"PreToolUse","matchValue":"bash","beforeCount":2,"afterCount":0}
[16:35:27.053] INFO: [daemon.js:17438] [49d112731be84848901f146e04fe618e] ← POST /mavis/api/hooks/execute status=200 duration=1ms {"locale":"en"}
[16:35:30.123] INFO: [daemon.js:17438] [c0f20e4885e34914bc2d81699077b683] → POST /mavis/api/metrics/runtime-event
[16:35:30.124] INFO: [daemon.js:17438] [c0f20e4885e34914bc2d81699077b683] ← POST /mavis/api/metrics/runtime-event status=204 duration=1ms {"locale":"en"}
[16:35:30.124] INFO: [daemon.js:17438] [e7b11982b8044a1aa27fab3077fd7ce1] → POST /mavis/api/hooks/execute
[16:35:30.125] INFO: [daemon.js:17438] [hook-registry] matcher did not match, hook filtered out {"module":"hook-registry","hookId":"builtin:read-image-compressor","matcher":"^[Rr]ead$","matchValue":"bash"}
[16:35:30.125] INFO: [daemon.js:17438] [hook-registry] hooks filtered by matcher {"module":"hook-registry","hookEvent":"PostToolUse","matchValue":"bash","beforeCount":7,"afterCount":6}
[16:35:30.125] INFO: [daemon.js:17438] [e7b11982b8044a1aa27fab3077fd7ce1] ← POST /mavis/api/hooks/execute status=200 duration=1ms {"locale":"en"}
[16:35:30.127] INFO: [daemon.js:17438] [0a29ab8003ff4fe493e4ab7d9f7dc1ce] → POST /mavis/api/metrics/runtime-event
[16:35:30.128] INFO: [daemon.js:17438] [0a29ab8003ff4fe493e4ab7d9f7dc1ce] ← POST /mavis/api/metrics/runtime-event status=204 duration=1ms {"locale":"en"}
[16:35:30.140] INFO: [daemon.js:17438] [122878e0c15e403ebdff0013117448cb] → POST /mavis/api/metrics/runtime-event
[16:35:30.140] INFO: [daemon.js:17438] [122878e0c15e403ebdff0013117448cb] ← POST /mavis/api/metrics/runtime-event status=204 duration=0ms {"locale":"en"}
[16:35:32.232] INFO: [daemon.js:17438] [5c59ffdfb154459b88d1c735794eab95] → POST /mavis/api/metrics/runtime-event
[16:35:32.233] INFO: [daemon.js:17438] [5c59ffdfb154459b88d1c735794eab95] ← POST /mavis/api/metrics/runtime-event status=204 duration=1ms {"locale":"en"}
[16:35:32.233] INFO: [daemon.js:17438] [9d27273022314139b01f935e270588e6] → POST /mavis/api/permission/check
[16:35:32.234] INFO: [daemon.js:17438] [9d27273022314139b01f935e270588e6] Permission check requested: bash for mavis {"locale":"en"}
[16:35:32.234] INFO: [daemon.js:17438] Created ToolPermissionContext {"mode":"auto","ruleCount":0,"sandboxEnabled":false,"workingDirectory":"C:\\Users\\jethr\\.minimax-agent\\projects"}
[16:35:32.234] INFO: [daemon.js:17438] [640836c6e4fb4b8ab0bf1d5aca635d36] BashToolPermissionChecker checkPermissions called, _toolName=bash, input={"command":"zot --local --library-id 0 --library-type user items list --query \"PANoptosis\" --qmode everything --limit 10 --output table","description":"Search for PANoptosis items"}, context={"mode":"auto","rules":[],"sandboxEnabled":false,"autoAllowBashIfSandboxed":false,"workingDirectory":"C:\\Users\\jethr\\.minimax-agent\\projects","allowedWorkingPaths":[],"sandboxAllowPaths":[],"dataDir":"C:\\Users\\jethr\\.mavis","homeDir":"C:\\Users\\jethr","agentName":"mavis","sessionId":"mvs_121083dc1ae64fa1b109bd3bedf7436b","allowManagedPermissionRulesOnly":false,"interactiveTools":{}}
[16:35:32.234] INFO: [daemon.js:17438] [permission] subcommand layer=tail mode=default verdict=ask {"permLayer":"tail","permMode":"default","permVerdict":"ask","permReasonType":"safetyCheck","cmdPreview":"zot --local --library-id 0 --library-type user items list --query \"PANoptosis\" --qmode everything --limit 10 --output table"}
[16:35:32.234] INFO: [daemon.js:17438] [permission] whole-command layer=aggregated mode=default verdict=ask {"permLayer":"aggregated","permMode":"default","permVerdict":"ask","permScope":"whole-command","cmdPreview":"zot --local --library-id 0 --library-type user items list --query \"PANoptosis\" --qmode everything --limit 10 --output table","sessionId":"mvs_121083dc1ae64fa1b109bd3bedf7436b","subcommandCount":1}
[16:35:32.234] INFO: [daemon.js:17438] [ef436162a23a4cc798c2593637d119f1] [permission-service] Check result: toolName=bash behavior=ask reasonType=safetyCheck locale=en
[16:35:32.235] INFO: [daemon.js:17438] Running YOLO classifier {"toolName":"bash","inputLength":123,"sessionId":"mvs_121083dc1ae64fa1b109bd3bedf7436b","agentId":"mavis"}
[16:35:32.235] INFO: [daemon.js:17438] [permission] subcommand layer=tail mode=auto verdict=undecided {"permLayer":"tail","permMode":"auto","permVerdict":"undecided","permReasonType":"safetyCheck","cmdPreview":"zot --local --library-id 0 --library-type user items list --query \"PANoptosis\" --qmode everything --limit 10 --output table"}
[16:35:32.235] INFO: [daemon.js:17438] [permission] whole-command layer=aggregated mode=auto verdict=undecided {"permLayer":"aggregated","permMode":"auto","permVerdict":"undecided","permScope":"whole-command","cmdPreview":"zot --local --library-id 0 --library-type user items list --query \"PANoptosis\" --qmode everything --limit 10 --output table","subcommandCount":1}
[16:35:32.639] INFO: [daemon.js:17438] [4f24ddf3980d45ee8f8fb3186da4786a] → GET /mavis/health
[16:35:32.640] INFO: [daemon.js:17438] [4f24ddf3980d45ee8f8fb3186da4786a] ← GET /mavis/health status=200 duration=1ms {"locale":"en"}
[16:35:42.662] INFO: [daemon.js:17438] [1110886c545f43ffbb1ba3f4d88d90c9] → GET /mavis/health
[16:35:42.662] INFO: [daemon.js:17438] [1110886c545f43ffbb1ba3f4d88d90c9] ← GET /mavis/health status=200 duration=0ms {"locale":"en"}
[16:35:45.428] INFO: [daemon.js:17438] Stage 2 LLM classification result {"toolName":"bash","verdict":"allow","reason":"Read-only local Zotero library search query for PANoptosis content. This is a safe read operation targeting the user's own personal library, following the established workflow of searching Zotero for relevant academic items.","model":"minimax/MiniMax-M2.7","isIrreversibleDelete":false,"confidence":0.95}
[16:35:45.428] INFO: [daemon.js:17438] [ab4e6de205c6416e8e648b9d3a319195] [permission-service] Auto mode classifier result: toolName=bash verdict=allow reason=Read-only local Zotero library search query for PANoptosis content. This is a safe read operation targeting the user's own personal library, following the established workflow of searching Zotero for relevant academic items. model=minimax/MiniMax-M2.7 stage=thinking durationMs=13193 locale=en
[16:35:45.429] INFO: [daemon.js:17438] [9d27273022314139b01f935e270588e6] Permission check result: bash → allow {"locale":"en"}
[16:35:45.429] INFO: [daemon.js:17438] [9d27273022314139b01f935e270588e6] ← POST /mavis/api/permission/check status=200 duration=13196ms {"locale":"en"}
[16:35:45.432] INFO: [daemon.js:17438] [d67209eef9a142a6ba8a4076c1fd9e30] → POST /mavis/api/hooks/execute
[16:35:45.433] INFO: [daemon.js:17438] [hook-registry] matcher did not match, hook filtered out {"module":"hook-registry","hookId":"builtin:binary-read-guard","matcher":"^[Rr]ead$","matchValue":"bash"}
[16:35:45.433] INFO: [daemon.js:17438] [hook-registry] matcher did not match, hook filtered out {"module":"hook-registry","hookId":"builtin:docx-skill-env-gate","matcher":"^[Ss][Kk][Ii][Ll][Ll]$","matchValue":"bash"}
[16:35:45.433] INFO: [daemon.js:17438] [hook-registry] hooks filtered by matcher {"module":"hook-registry","hookEvent":"PreToolUse","matchValue":"bash","beforeCount":2,"afterCount":0}
[16:35:45.433] INFO: [daemon.js:17438] [d67209eef9a142a6ba8a4076c1fd9e30] ← POST /mavis/api/hooks/execute status=200 duration=1ms {"locale":"en"}
[16:35:48.114] INFO: [daemon.js:17438] [202c57514f904272984236be9a7f2e62] → POST /mavis/api/metrics/runtime-event
[16:35:48.114] INFO: [daemon.js:17438] [202c57514f904272984236be9a7f2e62] ← POST /mavis/api/metrics/runtime-event status=204 duration=0ms {"locale":"en"}
[16:35:48.115] INFO: [daemon.js:17438] [715d0228ab104732bfba72e5cd5373ab] → POST /mavis/api/hooks/execute
[16:35:48.115] INFO: [daemon.js:17438] [hook-registry] matcher did not match, hook filtered out {"module":"hook-registry","hookId":"builtin:read-image-compressor","matcher":"^[Rr]ead$","matchValue":"bash"}
[16:35:48.116] INFO: [daemon.js:17438] [hook-registry] hooks filtered by matcher {"module":"hook-registry","hookEvent":"PostToolUse","matchValue":"bash","beforeCount":7,"afterCount":6}
[16:35:48.116] INFO: [daemon.js:17438] [715d0228ab104732bfba72e5cd5373ab] ← POST /mavis/api/hooks/execute status=200 duration=1ms {"locale":"en"}
[16:35:48.118] INFO: [daemon.js:17438] [06ea047e349b407fb019ed5fbaf4f44a] → POST /mavis/api/metrics/runtime-event
[16:35:48.118] INFO: [daemon.js:17438] [06ea047e349b407fb019ed5fbaf4f44a] ← POST /mavis/api/metrics/runtime-event status=204 duration=0ms {"locale":"en"}
[16:35:48.131] INFO: [daemon.js:17438] [3399b92bd06f4a6585892a80a3b726df] → POST /mavis/api/metrics/runtime-event
[16:35:48.132] INFO: [daemon.js:17438] [3399b92bd06f4a6585892a80a3b726df] ← POST /mavis/api/metrics/runtime-event status=204 duration=1ms {"locale":"en"}
[16:35:52.454] INFO: [daemon.js:17438] [6c6e13817689486d8643576e24487692] → POST /mavis/api/metrics/runtime-event
[16:35:52.455] INFO: [daemon.js:17438] [6c6e13817689486d8643576e24487692] ← POST /mavis/api/metrics/runtime-event status=204 duration=1ms {"locale":"en"}
[16:35:52.459] INFO: [daemon.js:17438] [92b78b6d537a41dc8f93126805928a5a] [monitor] response TTFT measured sessionId=mvs_121083dc1ae64fa1b109bd3bedf7436b agentName=mavis ttftMs=92096 breakdown={"resolveSession":0,"reconcileConfig":0,"hooks":7,"modelResolve":1,"adapterSend":92088}
[16:35:52.651] INFO: [daemon.js:17438] [a9249108e4db41b9a807c8878fadb37e] → GET /mavis/health
[16:35:52.652] INFO: [daemon.js:17438] [a9249108e4db41b9a807c8878fadb37e] ← GET /mavis/health status=200 duration=1ms {"locale":"en"}
[16:35:53.116] INFO: [daemon.js:17438] [edb48b8639314030bffe4d260f5b2761] [bridge] Emitting session.finish event sessionId=mvs_121083dc1ae64fa1b109bd3bedf7436b agentName=mavis isError=false
[16:35:53.120] INFO: [daemon.js:17438] [de35c60251a7455f856a455c859297d9] [cron-store] Loaded cron configs, count=0
[16:35:53.124] INFO: [daemon.js:17438] [115e5b21d42b4c559a2c346efa01942a] → GET /mavis/api/session/mvs_121083dc1ae64fa1b109bd3bedf7436b/diff
[16:35:53.125] INFO: [daemon.js:17438] [3264132214d047f98e154ff155c40150] → GET /mavis/api/session/mvs_121083dc1ae64fa1b109bd3bedf7436b
[16:35:53.129] INFO: [daemon.js:17438] [115e5b21d42b4c559a2c346efa01942a] ← GET /mavis/api/session/mvs_121083dc1ae64fa1b109bd3bedf7436b/diff status=200 duration=5ms {"locale":"en"}
[16:35:53.131] INFO: [daemon.js:17438] [3264132214d047f98e154ff155c40150] ← GET /mavis/api/session/mvs_121083dc1ae64fa1b109bd3bedf7436b status=200 duration=6ms {"locale":"en"}
[16:36:02.672] INFO: [daemon.js:17438] [aa6c3c0aae7b400aa3f2c1ab0dcd13aa] → GET /mavis/health
[16:36:02.672] INFO: [daemon.js:17438] [aa6c3c0aae7b400aa3f2c1ab0dcd13aa] ← GET /mavis/health status=200 duration=0ms {"locale":"en"}
[16:36:09.475] INFO: [daemon.js:17438] [72d651bd43734b8481d87c5a2717912d] → POST /mavis/mcp/cu
[16:36:09.476] INFO: [daemon.js:17438] [72d651bd43734b8481d87c5a2717912d] ← POST /mavis/mcp/cu status=200 duration=1ms {"locale":"en"}
[16:36:09.477] INFO: [daemon.js:17438] [76ef48ef914b4fe8a79b24f47a07eed2] → POST /mavis/mcp/trash
[16:36:09.478] INFO: [daemon.js:17438] [76ef48ef914b4fe8a79b24f47a07eed2] ← POST /mavis/mcp/trash status=200 duration=0ms {"locale":"en"}
[16:36:09.708] INFO: [daemon.js:17438] [a23189fe7650405d92b6c02e47d7be09] [mcp:matrix:stderr] [matrix-mcp-cli] tools/list dropped 2 unknown tool(s) not in this cli's KNOWN_TOOLS: matrix_extract_content_from_websites, matrix_get_upload_url
[16:36:12.692] INFO: [daemon.js:17438] [31ca2c7c92ab4524b5a788406d6efb15] → GET /mavis/health
[16:36:12.693] INFO: [daemon.js:17438] [31ca2c7c92ab4524b5a788406d6efb15] ← GET /mavis/health status=200 duration=1ms {"locale":"en"}
[16:36:17.775] INFO: [daemon.js:17438] [9edc80fcd3d542b5b8ab1c2c7a999488] → POST /mavis/api/content
[16:36:18.019] INFO: [daemon.js:17438] [9edc80fcd3d542b5b8ab1c2c7a999488] ← POST /mavis/api/content status=200 duration=244ms {"locale":"en"}
[16:36:18.023] INFO: [daemon.js:17438] [1d3052f7743544f8b31fff1138d35ff0] → POST /mavis/api/session/mvs_121083dc1ae64fa1b109bd3bedf7436b/message
[16:36:18.023] INFO: [daemon.js:17438] [1d3052f7743544f8b31fff1138d35ff0] SendMessage received for mavis/mvs_121083dc1ae64fa1b109bd3bedf7436b {"locale":"en"}
[16:36:18.024] INFO: [daemon.js:17438] [message] Forwarding user message {"ctx":{"traceId":"1d3052f7743544f8b31fff1138d35ff0","locale":"en"},"agentName":"mavis","sessionId":"mvs_121083dc1ae64fa1b109bd3bedf7436b","queuedMessageCount":0,"turnId":"86115fd2-e022-474b-a755-0a5b71ea74d0"}
[16:36:18.024] INFO: [daemon.js:17438] [1d3052f7743544f8b31fff1138d35ff0] ← POST /mavis/api/session/mvs_121083dc1ae64fa1b109bd3bedf7436b/message status=200 duration=1ms {"locale":"en"}
[16:36:18.024] INFO: [daemon.js:17438] [78bb238822a34548b7d12482accb445b] Session turnId updated sessionId=mvs_121083dc1ae64fa1b109bd3bedf7436b turnId=86115fd2-e022-474b-a755-0a5b71ea74d0
[16:36:18.024] INFO: [daemon.js:17438] [64c91d897d7940b9823e531fe0e6d0f5] Resolved model from request override agentName=mavis providerID=minimax modelID=MiniMax-M2.7
[16:36:18.033] INFO: [daemon.js:17438] [4e6f82aecec2490a93a86743951f2a31] Resolved model from request override agentName=mavis providerID=minimax modelID=MiniMax-M2.7
[16:36:18.036] INFO: [daemon.js:17438] [1d3052f7743544f8b31fff1138d35ff0] sendMessage started, agentName=mavis, sessionId=mvs_121083dc1ae64fa1b109bd3bedf7436b {"locale":"en"}
[16:36:18.065] INFO: [daemon.js:17438] [7f13a0187edc4a4997ada07ad91b77f7] → POST /mavis/api/metrics/runtime-event
[16:36:18.065] INFO: [daemon.js:17438] [7f13a0187edc4a4997ada07ad91b77f7] ← POST /mavis/api/metrics/runtime-event status=204 duration=0ms {"locale":"en"}
[16:36:19.720] INFO: [daemon.js:17438] [70c7372846eb4b7db3388b191cbf5d9d] → POST /mavis/api/metrics/runtime-event
[16:36:19.720] INFO: [daemon.js:17438] [70c7372846eb4b7db3388b191cbf5d9d] ← POST /mavis/api/metrics/runtime-event status=204 duration=0ms {"locale":"en"}
[16:36:19.721] INFO: [daemon.js:17438] [c65ff67bfe86437eb7a38fe086c93411] → POST /mavis/api/permission/check
[16:36:19.721] INFO: [daemon.js:17438] [c65ff67bfe86437eb7a38fe086c93411] Permission check requested: bash for mavis {"locale":"en"}
[16:36:19.721] INFO: [daemon.js:17438] Created ToolPermissionContext {"mode":"auto","ruleCount":0,"sandboxEnabled":false,"workingDirectory":"C:\\Users\\jethr\\.minimax-agent\\projects"}
[16:36:19.721] INFO: [daemon.js:17438] [059e48f06c4a4433b524a434ddf49f6c] BashToolPermissionChecker checkPermissions called, _toolName=bash, input={"command":"zot --local --library-id 0 --library-type user items get BAAZVKG4 --output json | jq '.data'","description":"Get attachment metadata for PDF path"}, context={"mode":"auto","rules":[],"sandboxEnabled":false,"autoAllowBashIfSandboxed":false,"workingDirectory":"C:\\Users\\jethr\\.minimax-agent\\projects","allowedWorkingPaths":[],"sandboxAllowPaths":[],"dataDir":"C:\\Users\\jethr\\.mavis","homeDir":"C:\\Users\\jethr","agentName":"mavis","sessionId":"mvs_121083dc1ae64fa1b109bd3bedf7436b","allowManagedPermissionRulesOnly":false,"interactiveTools":{}}
[16:36:19.722] INFO: [daemon.js:17438] [permission] subcommand layer=tail mode=default verdict=ask {"permLayer":"tail","permMode":"default","permVerdict":"ask","permReasonType":"safetyCheck","cmdPreview":"zot --local --library-id 0 --library-type user items get BAAZVKG4 --output json"}
[16:36:19.722] INFO: [daemon.js:17438] [permission] subcommand layer=fast-allow-first-word mode=default verdict=allow {"permLayer":"fast-allow-first-word","permMode":"default","permVerdict":"allow","permCategory":"pureReadFastAllow","permReasonType":"safetyCheck","cmdPreview":"jq '.data'","firstWord":"jq"}
[16:36:19.722] INFO: [daemon.js:17438] [permission] whole-command layer=aggregated mode=default verdict=ask {"permLayer":"aggregated","permMode":"default","permVerdict":"ask","permScope":"whole-command","cmdPreview":"zot --local --library-id 0 --library-type user items get BAAZVKG4 --output json | jq '.data'","sessionId":"mvs_121083dc1ae64fa1b109bd3bedf7436b","subcommandCount":2}
[16:36:19.722] INFO: [daemon.js:17438] [26b97a8ab2e742e9ab4840971f421317] [permission-service] Check result: toolName=bash behavior=ask reasonType=safetyCheck locale=en
[16:36:19.722] INFO: [daemon.js:17438] Running YOLO classifier {"toolName":"bash","inputLength":92,"sessionId":"mvs_121083dc1ae64fa1b109bd3bedf7436b","agentId":"mavis"}
[16:36:19.722] INFO: [daemon.js:17438] [permission] subcommand layer=tail mode=auto verdict=undecided {"permLayer":"tail","permMode":"auto","permVerdict":"undecided","permReasonType":"safetyCheck","cmdPreview":"zot --local --library-id 0 --library-type user items get BAAZVKG4 --output json"}
[16:36:19.722] INFO: [daemon.js:17438] [permission] subcommand layer=fast-allow-first-word mode=auto verdict=allow {"permLayer":"fast-allow-first-word","permMode":"auto","permVerdict":"allow","permCategory":"pureReadFastAllow","permReasonType":"safetyCheck","cmdPreview":"jq '.data'","firstWord":"jq"}
[16:36:19.722] INFO: [daemon.js:17438] [permission] whole-command layer=aggregated mode=auto verdict=undecided {"permLayer":"aggregated","permMode":"auto","permVerdict":"undecided","permScope":"whole-command","cmdPreview":"zot --local --library-id 0 --library-type user items get BAAZVKG4 --output json | jq '.data'","subcommandCount":2}
[16:36:19.724] INFO: [daemon.js:17438] [78984ee9b21247a3b1210efd027404d5] [monitor] thinking TTFT measured sessionId=mvs_121083dc1ae64fa1b109bd3bedf7436b agentName=mavis ttftMs=1700
[16:36:22.686] INFO: [daemon.js:17438] [faae023345a446bc9cf45a4e6ec864e0] → GET /mavis/health
[16:36:22.687] INFO: [daemon.js:17438] [faae023345a446bc9cf45a4e6ec864e0] ← GET /mavis/health status=200 duration=1ms {"locale":"en"}
[16:36:29.405] INFO: [daemon.js:17438] Stage 2 LLM classification result {"toolName":"bash","verdict":"allow","reason":"Read-only query to retrieve metadata about a Zotero library item; scoped to the user's own local library with no system changes or secrets involved.","model":"minimax/MiniMax-M2.7","isIrreversibleDelete":false,"confidence":0.95}
[16:36:29.405] INFO: [daemon.js:17438] [acf427b48684452191a820d2e9a8cb8e] [permission-service] Auto mode classifier result: toolName=bash verdict=allow reason=Read-only query to retrieve metadata about a Zotero library item; scoped to the user's own local library with no system changes or secrets involved. model=minimax/MiniMax-M2.7 stage=thinking durationMs=9683 locale=en
[16:36:29.405] INFO: [daemon.js:17438] [c65ff67bfe86437eb7a38fe086c93411] Permission check result: bash → allow {"locale":"en"}
[16:36:29.405] INFO: [daemon.js:17438] [c65ff67bfe86437eb7a38fe086c93411] ← POST /mavis/api/permission/check status=200 duration=9684ms {"locale":"en"}
[16:36:29.410] INFO: [daemon.js:17438] [0232e5ad43db48429fd0d98d48595166] → POST /mavis/api/hooks/execute
[16:36:29.410] INFO: [daemon.js:17438] [hook-registry] matcher did not match, hook filtered out {"module":"hook-registry","hookId":"builtin:binary-read-guard","matcher":"^[Rr]ead$","matchValue":"bash"}
[16:36:29.411] INFO: [daemon.js:17438] [hook-registry] matcher did not match, hook filtered out {"module":"hook-registry","hookId":"builtin:docx-skill-env-gate","matcher":"^[Ss][Kk][Ii][Ll][Ll]$","matchValue":"bash"}
[16:36:29.411] INFO: [daemon.js:17438] [hook-registry] hooks filtered by matcher {"module":"hook-registry","hookEvent":"PreToolUse","matchValue":"bash","beforeCount":2,"afterCount":0}
[16:36:29.411] INFO: [daemon.js:17438] [0232e5ad43db48429fd0d98d48595166] ← POST /mavis/api/hooks/execute status=200 duration=1ms {"locale":"en"}
[16:36:31.376] INFO: [daemon.js:17438] [7e04d21684f8414a93c3354ccf9ff8d9] → POST /mavis/api/metrics/runtime-event
[16:36:31.376] INFO: [daemon.js:17438] [7e04d21684f8414a93c3354ccf9ff8d9] ← POST /mavis/api/metrics/runtime-event status=204 duration=0ms {"locale":"en"}
[16:36:31.377] INFO: [daemon.js:17438] [3639dede373d42aaa6480e1395fa9ad1] → POST /mavis/api/hooks/execute
[16:36:31.377] INFO: [daemon.js:17438] [hook-registry] matcher did not match, hook filtered out {"module":"hook-registry","hookId":"builtin:read-image-compressor","matcher":"^[Rr]ead$","matchValue":"bash"}
[16:36:31.377] INFO: [daemon.js:17438] [hook-registry] hooks filtered by matcher {"module":"hook-registry","hookEvent":"PostToolUse","matchValue":"bash","beforeCount":7,"afterCount":6}
[16:36:31.378] INFO: [daemon.js:17438] [3639dede373d42aaa6480e1395fa9ad1] ← POST /mavis/api/hooks/execute status=200 duration=1ms {"locale":"en"}
[16:36:31.380] INFO: [daemon.js:17438] [adc3aa7eedb04fec8832092dbd198ecd] → POST /mavis/api/metrics/runtime-event
[16:36:31.381] INFO: [daemon.js:17438] [adc3aa7eedb04fec8832092dbd198ecd] ← POST /mavis/api/metrics/runtime-event status=204 duration=1ms {"locale":"en"}
[16:36:31.393] INFO: [daemon.js:17438] [8055a4b4a8f74374a8b7d112d54bfad4] → POST /mavis/api/metrics/runtime-event
[16:36:31.393] INFO: [daemon.js:17438] [8055a4b4a8f74374a8b7d112d54bfad4] ← POST /mavis/api/metrics/runtime-event status=204 duration=0ms {"locale":"en"}
[16:36:32.692] INFO: [daemon.js:17438] [fda4c90a7d4a4f5faa30c54af4f9cf35] → GET /mavis/health
[16:36:32.692] INFO: [daemon.js:17438] [fda4c90a7d4a4f5faa30c54af4f9cf35] ← GET /mavis/health status=200 duration=0ms {"locale":"en"}
[16:36:36.813] INFO: [daemon.js:17438] [6106dd3675b042b0a8d9d92d7ace7869] → POST /mavis/api/metrics/runtime-event
[16:36:36.813] INFO: [daemon.js:17438] [6106dd3675b042b0a8d9d92d7ace7869] ← POST /mavis/api/metrics/runtime-event status=204 duration=0ms {"locale":"en"}
[16:36:36.813] INFO: [daemon.js:17438] [65e9323b75e747bb8bbd929eaf7ba4bc] → POST /mavis/api/permission/check
[16:36:36.814] INFO: [daemon.js:17438] [65e9323b75e747bb8bbd929eaf7ba4bc] Permission check requested: bash for mavis {"locale":"en"}
[16:36:36.814] INFO: [daemon.js:17438] Created ToolPermissionContext {"mode":"auto","ruleCount":0,"sandboxEnabled":false,"workingDirectory":"C:\\Users\\jethr\\.minimax-agent\\projects"}
[16:36:36.814] INFO: [daemon.js:17438] [8cf503ba7c0d42f097eb58116f3c91e1] BashToolPermissionChecker checkPermissions called, _toolName=bash, input={"command":"zot --local --library-id 0 --library-type user items get BAAZVKG4 --output json","description":"Get attachment metadata"}, context={"mode":"auto","rules":[],"sandboxEnabled":false,"autoAllowBashIfSandboxed":false,"workingDirectory":"C:\\Users\\jethr\\.minimax-agent\\projects","allowedWorkingPaths":[],"sandboxAllowPaths":[],"dataDir":"C:\\Users\\jethr\\.mavis","homeDir":"C:\\Users\\jethr","agentName":"mavis","sessionId":"mvs_121083dc1ae64fa1b109bd3bedf7436b","allowManagedPermissionRulesOnly":false,"interactiveTools":{}}
[16:36:36.814] INFO: [daemon.js:17438] [permission] subcommand layer=tail mode=default verdict=ask {"permLayer":"tail","permMode":"default","permVerdict":"ask","permReasonType":"safetyCheck","cmdPreview":"zot --local --library-id 0 --library-type user items get BAAZVKG4 --output json"}
[16:36:36.814] INFO: [daemon.js:17438] [permission] whole-command layer=aggregated mode=default verdict=ask {"permLayer":"aggregated","permMode":"default","permVerdict":"ask","permScope":"whole-command","cmdPreview":"zot --local --library-id 0 --library-type user items get BAAZVKG4 --output json","sessionId":"mvs_121083dc1ae64fa1b109bd3bedf7436b","subcommandCount":1}
[16:36:36.814] INFO: [daemon.js:17438] [95ad3ef60bcd49b7bf2bdc0e4f8caf91] [permission-service] Check result: toolName=bash behavior=ask reasonType=safetyCheck locale=en
[16:36:36.815] INFO: [daemon.js:17438] Running YOLO classifier {"toolName":"bash","inputLength":79,"sessionId":"mvs_121083dc1ae64fa1b109bd3bedf7436b","agentId":"mavis"}
[16:36:36.815] INFO: [daemon.js:17438] [permission] subcommand layer=tail mode=auto verdict=undecided {"permLayer":"tail","permMode":"auto","permVerdict":"undecided","permReasonType":"safetyCheck","cmdPreview":"zot --local --library-id 0 --library-type user items get BAAZVKG4 --output json"}
[16:36:36.815] INFO: [daemon.js:17438] [permission] whole-command layer=aggregated mode=auto verdict=undecided {"permLayer":"aggregated","permMode":"auto","permVerdict":"undecided","permScope":"whole-command","cmdPreview":"zot --local --library-id 0 --library-type user items get BAAZVKG4 --output json","subcommandCount":1}
[16:36:42.698] INFO: [daemon.js:17438] [9891ed428bdb4204a50ce099f10d8470] → GET /mavis/health
[16:36:42.698] INFO: [daemon.js:17438] [9891ed428bdb4204a50ce099f10d8470] ← GET /mavis/health status=200 duration=0ms {"locale":"en"}
[16:36:45.652] INFO: [daemon.js:17438] Stage 2 LLM classification result {"toolName":"bash","verdict":"allow","reason":"Read-only query of the user's own local Zotero library; no external network calls, no deletion, and no system changes. The user explicitly asked for this item's information in the recent conversation.","model":"minimax/MiniMax-M2.7","isIrreversibleDelete":false,"confidence":0.95}
[16:36:45.652] INFO: [daemon.js:17438] [ab149103c5454565a1cb14b2810f885a] [permission-service] Auto mode classifier result: toolName=bash verdict=allow reason=Read-only query of the user's own local Zotero library; no external network calls, no deletion, and no system changes. The user explicitly asked for this item's information in the recent conversation. model=minimax/MiniMax-M2.7 stage=thinking durationMs=8837 locale=en
[16:36:45.652] INFO: [daemon.js:17438] [65e9323b75e747bb8bbd929eaf7ba4bc] Permission check result: bash → allow {"locale":"en"}
[16:36:45.652] INFO: [daemon.js:17438] [65e9323b75e747bb8bbd929eaf7ba4bc] ← POST /mavis/api/permission/check status=200 duration=8839ms {"locale":"en"}
[16:36:45.656] INFO: [daemon.js:17438] [54a86d06dc414a9b98c851e64b5dd5c7] → POST /mavis/api/hooks/execute
[16:36:45.656] INFO: [daemon.js:17438] [hook-registry] matcher did not match, hook filtered out {"module":"hook-registry","hookId":"builtin:binary-read-guard","matcher":"^[Rr]ead$","matchValue":"bash"}
[16:36:45.656] INFO: [daemon.js:17438] [hook-registry] matcher did not match, hook filtered out {"module":"hook-registry","hookId":"builtin:docx-skill-env-gate","matcher":"^[Ss][Kk][Ii][Ll][Ll]$","matchValue":"bash"}
[16:36:45.656] INFO: [daemon.js:17438] [hook-registry] hooks filtered by matcher {"module":"hook-registry","hookEvent":"PreToolUse","matchValue":"bash","beforeCount":2,"afterCount":0}
[16:36:45.656] INFO: [daemon.js:17438] [54a86d06dc414a9b98c851e64b5dd5c7] ← POST /mavis/api/hooks/execute status=200 duration=0ms {"locale":"en"}
[16:36:48.098] INFO: [daemon.js:17438] [6505b54680a546f082e5160d6cf1d60f] → POST /mavis/api/metrics/runtime-event
[16:36:48.099] INFO: [daemon.js:17438] [6505b54680a546f082e5160d6cf1d60f] ← POST /mavis/api/metrics/runtime-event status=204 duration=1ms {"locale":"en"}
[16:36:48.099] INFO: [daemon.js:17438] [234667078f0c4d07a56139682e885702] → POST /mavis/api/hooks/execute
[16:36:48.100] INFO: [daemon.js:17438] [hook-registry] matcher did not match, hook filtered out {"module":"hook-registry","hookId":"builtin:read-image-compressor","matcher":"^[Rr]ead$","matchValue":"bash"}
[16:36:48.100] INFO: [daemon.js:17438] [hook-registry] hooks filtered by matcher {"module":"hook-registry","hookEvent":"PostToolUse","matchValue":"bash","beforeCount":7,"afterCount":6}
[16:36:48.100] INFO: [daemon.js:17438] [234667078f0c4d07a56139682e885702] ← POST /mavis/api/hooks/execute status=200 duration=1ms {"locale":"en"}
[16:36:48.103] INFO: [daemon.js:17438] [d0441dabef3e4c5382d33d3e7f58b88d] → POST /mavis/api/metrics/runtime-event
[16:36:48.103] INFO: [daemon.js:17438] [d0441dabef3e4c5382d33d3e7f58b88d] ← POST /mavis/api/metrics/runtime-event status=204 duration=0ms {"locale":"en"}
[16:36:48.119] INFO: [daemon.js:17438] [6fe5c2c22d1043aaa8a5aece16054cda] → POST /mavis/api/metrics/runtime-event
[16:36:48.119] INFO: [daemon.js:17438] [6fe5c2c22d1043aaa8a5aece16054cda] ← POST /mavis/api/metrics/runtime-event status=204 duration=0ms {"locale":"en"}
[16:36:49.555] INFO: [daemon.js:17438] [257d1af34a5a4774830e76d94a7575ad] → POST /mavis/api/metrics/runtime-event
[16:36:49.555] INFO: [daemon.js:17438] [257d1af34a5a4774830e76d94a7575ad] ← POST /mavis/api/metrics/runtime-event status=204 duration=0ms {"locale":"en"}
[16:36:49.555] INFO: [daemon.js:17438] [ac686bacce54435d94bc5bbb9ce2a77d] → POST /mavis/api/permission/check
[16:36:49.556] INFO: [daemon.js:17438] [ac686bacce54435d94bc5bbb9ce2a77d] Permission check requested: bash for mavis {"locale":"en"}
[16:36:49.556] INFO: [daemon.js:17438] Created ToolPermissionContext {"mode":"auto","ruleCount":0,"sandboxEnabled":false,"workingDirectory":"C:\\Users\\jethr\\.minimax-agent\\projects"}
[16:36:49.556] INFO: [daemon.js:17438] [7013cc089d7d4ac58e145d60c75eb3c1] BashToolPermissionChecker checkPermissions called, _toolName=bash, input={"command":"zot --local --library-id 0 --library-type user files location BAAZVKG4","description":"Get local file path for PDF attachment"}, context={"mode":"auto","rules":[],"sandboxEnabled":false,"autoAllowBashIfSandboxed":false,"workingDirectory":"C:\\Users\\jethr\\.minimax-agent\\projects","allowedWorkingPaths":[],"sandboxAllowPaths":[],"dataDir":"C:\\Users\\jethr\\.mavis","homeDir":"C:\\Users\\jethr","agentName":"mavis","sessionId":"mvs_121083dc1ae64fa1b109bd3bedf7436b","allowManagedPermissionRulesOnly":false,"interactiveTools":{}}
[16:36:49.556] INFO: [daemon.js:17438] [permission] subcommand layer=tail mode=default verdict=ask {"permLayer":"tail","permMode":"default","permVerdict":"ask","permReasonType":"safetyCheck","cmdPreview":"zot --local --library-id 0 --library-type user files location BAAZVKG4"}
[16:36:49.556] INFO: [daemon.js:17438] [permission] whole-command layer=aggregated mode=default verdict=ask {"permLayer":"aggregated","permMode":"default","permVerdict":"ask","permScope":"whole-command","cmdPreview":"zot --local --library-id 0 --library-type user files location BAAZVKG4","sessionId":"mvs_121083dc1ae64fa1b109bd3bedf7436b","subcommandCount":1}
[16:36:49.556] INFO: [daemon.js:17438] [97fe0d16a48641c79d328c5be0f6b2f6] [permission-service] Check result: toolName=bash behavior=ask reasonType=safetyCheck locale=en
[16:36:49.557] INFO: [daemon.js:17438] Running YOLO classifier {"toolName":"bash","inputLength":70,"sessionId":"mvs_121083dc1ae64fa1b109bd3bedf7436b","agentId":"mavis"}
[16:36:49.557] INFO: [daemon.js:17438] [permission] subcommand layer=tail mode=auto verdict=undecided {"permLayer":"tail","permMode":"auto","permVerdict":"undecided","permReasonType":"safetyCheck","cmdPreview":"zot --local --library-id 0 --library-type user files location BAAZVKG4"}
[16:36:49.557] INFO: [daemon.js:17438] [permission] whole-command layer=aggregated mode=auto verdict=undecided {"permLayer":"aggregated","permMode":"auto","permVerdict":"undecided","permScope":"whole-command","cmdPreview":"zot --local --library-id 0 --library-type user files location BAAZVKG4","subcommandCount":1}
[16:36:52.710] INFO: [daemon.js:17438] [707e3f49bcb440e0b027ef308d91b636] → GET /mavis/health
[16:36:52.711] INFO: [daemon.js:17438] [707e3f49bcb440e0b027ef308d91b636] ← GET /mavis/health status=200 duration=1ms {"locale":"en"}
[16:36:57.636] INFO: [daemon.js:17438] [be6a6ad1481b45c98d33e23bf8ee12cb] → GET /mavis/mcp/trash
[16:36:57.637] INFO: [daemon.js:17438] [be6a6ad1481b45c98d33e23bf8ee12cb] ← GET /mavis/mcp/trash status=200 duration=1ms {"locale":"en"}
[16:36:57.637] INFO: [daemon.js:17438] [90f93e99f89449519b85e65d75a3976c] → GET /mavis/mcp/cu
[16:36:57.638] INFO: [daemon.js:17438] [90f93e99f89449519b85e65d75a3976c] ← GET /mavis/mcp/cu status=200 duration=1ms {"locale":"en"}
[16:37:00.521] INFO: [daemon.js:17438] Stage 2 LLM classification result {"toolName":"bash","verdict":"allow","reason":"This is a read-only query for the file location of a Zotero library item. No data modification, deletion, or external transmission — only retrieving the local file path of a PDF attachment.","model":"minimax/MiniMax-M2.7","isIrreversibleDelete":false,"confidence":0.95}
[16:37:00.521] INFO: [daemon.js:17438] [de26a81ad4ed4ff1b31a31377fb18dd1] [permission-service] Auto mode classifier result: toolName=bash verdict=allow reason=This is a read-only query for the file location of a Zotero library item. No data modification, deletion, or external transmission — only retrieving the local file path of a PDF attachment. model=minimax/MiniMax-M2.7 stage=thinking durationMs=10964 locale=en
[16:37:00.521] INFO: [daemon.js:17438] [ac686bacce54435d94bc5bbb9ce2a77d] Permission check result: bash → allow {"locale":"en"}
[16:37:00.521] INFO: [daemon.js:17438] [ac686bacce54435d94bc5bbb9ce2a77d] ← POST /mavis/api/permission/check status=200 duration=10966ms {"locale":"en"}
[16:37:00.524] INFO: [daemon.js:17438] [afcbd916a13048e5a534e5777426910f] → POST /mavis/api/hooks/execute
[16:37:00.525] INFO: [daemon.js:17438] [hook-registry] matcher did not match, hook filtered out {"module":"hook-registry","hookId":"builtin:binary-read-guard","matcher":"^[Rr]ead$","matchValue":"bash"}
[16:37:00.525] INFO: [daemon.js:17438] [hook-registry] matcher did not match, hook filtered out {"module":"hook-registry","hookId":"builtin:docx-skill-env-gate","matcher":"^[Ss][Kk][Ii][Ll][Ll]$","matchValue":"bash"}
[16:37:00.526] INFO: [daemon.js:17438] [hook-registry] hooks filtered by matcher {"module":"hook-registry","hookEvent":"PreToolUse","matchValue":"bash","beforeCount":2,"afterCount":0}
[16:37:00.526] INFO: [daemon.js:17438] [afcbd916a13048e5a534e5777426910f] ← POST /mavis/api/hooks/execute status=200 duration=2ms {"locale":"en"}
[16:37:00.927] INFO: [daemon.js:17438] [8024af6a739d481bbc7593d61700c04f] → POST /mavis/api/metrics/runtime-event
[16:37:00.927] INFO: [daemon.js:17438] [8024af6a739d481bbc7593d61700c04f] ← POST /mavis/api/metrics/runtime-event status=204 duration=0ms {"locale":"en"}
[16:37:00.928] INFO: [daemon.js:17438] [b52713da42eb4aeb88501da84631c6b8] → POST /mavis/api/hooks/execute
[16:37:00.929] INFO: [daemon.js:17438] [hook-registry] matcher did not match, hook filtered out {"module":"hook-registry","hookId":"builtin:read-image-compressor","matcher":"^[Rr]ead$","matchValue":"bash"}
[16:37:00.929] INFO: [daemon.js:17438] [hook-registry] hooks filtered by matcher {"module":"hook-registry","hookEvent":"PostToolUse","matchValue":"bash","beforeCount":7,"afterCount":6}
[16:37:00.929] INFO: [daemon.js:17438] [b52713da42eb4aeb88501da84631c6b8] ← POST /mavis/api/hooks/execute status=200 duration=1ms {"locale":"en"}
[16:37:00.932] INFO: [daemon.js:17438] [f8b1e2cd7bd34dd0be9286e843a601f7] → POST /mavis/api/metrics/runtime-event
[16:37:00.933] INFO: [daemon.js:17438] [f8b1e2cd7bd34dd0be9286e843a601f7] ← POST /mavis/api/metrics/runtime-event status=204 duration=1ms {"locale":"en"}
[16:37:00.951] INFO: [daemon.js:17438] [bfa15cd854834635b5dd1039bd0a99f5] → POST /mavis/api/metrics/runtime-event
[16:37:00.952] INFO: [daemon.js:17438] [bfa15cd854834635b5dd1039bd0a99f5] ← POST /mavis/api/metrics/runtime-event status=204 duration=1ms {"locale":"en"}
[16:37:02.262] INFO: [daemon.js:17438] [563f95ddd95445878808ae4f81e13eb6] → POST /mavis/api/metrics/runtime-event
[16:37:02.263] INFO: [daemon.js:17438] [563f95ddd95445878808ae4f81e13eb6] ← POST /mavis/api/metrics/runtime-event status=204 duration=1ms {"locale":"en"}
[16:37:02.263] INFO: [daemon.js:17438] [31ce8d76afb14d808f6f25db288298e5] → POST /mavis/api/permission/check
[16:37:02.264] INFO: [daemon.js:17438] [31ce8d76afb14d808f6f25db288298e5] Permission check requested: bash for mavis {"locale":"en"}
[16:37:02.264] INFO: [daemon.js:17438] Created ToolPermissionContext {"mode":"auto","ruleCount":0,"sandboxEnabled":false,"workingDirectory":"C:\\Users\\jethr\\.minimax-agent\\projects"}
[16:37:02.264] INFO: [daemon.js:17438] [1f37268500b84c9daf29bd0626003b07] BashToolPermissionChecker checkPermissions called, _toolName=bash, input={"command":"zot files --help","description":"Check available file commands"}, context={"mode":"auto","rules":[],"sandboxEnabled":false,"autoAllowBashIfSandboxed":false,"workingDirectory":"C:\\Users\\jethr\\.minimax-agent\\projects","allowedWorkingPaths":[],"sandboxAllowPaths":[],"dataDir":"C:\\Users\\jethr\\.mavis","homeDir":"C:\\Users\\jethr","agentName":"mavis","sessionId":"mvs_121083dc1ae64fa1b109bd3bedf7436b","allowManagedPermissionRulesOnly":false,"interactiveTools":{}}
[16:37:02.264] INFO: [daemon.js:17438] [permission] subcommand layer=tail mode=default verdict=ask {"permLayer":"tail","permMode":"default","permVerdict":"ask","permReasonType":"safetyCheck","cmdPreview":"zot files --help"}
[16:37:02.265] INFO: [daemon.js:17438] [permission] whole-command layer=aggregated mode=default verdict=ask {"permLayer":"aggregated","permMode":"default","permVerdict":"ask","permScope":"whole-command","cmdPreview":"zot files --help","sessionId":"mvs_121083dc1ae64fa1b109bd3bedf7436b","subcommandCount":1}
[16:37:02.265] INFO: [daemon.js:17438] [f35288dd7dfe46f0ab55faf5763665cf] [permission-service] Check result: toolName=bash behavior=ask reasonType=safetyCheck locale=en
[16:37:02.265] INFO: [daemon.js:17438] Running YOLO classifier {"toolName":"bash","inputLength":16,"sessionId":"mvs_121083dc1ae64fa1b109bd3bedf7436b","agentId":"mavis"}
[16:37:02.266] INFO: [daemon.js:17438] [permission] subcommand layer=tail mode=auto verdict=undecided {"permLayer":"tail","permMode":"auto","permVerdict":"undecided","permReasonType":"safetyCheck","cmdPreview":"zot files --help"}
[16:37:02.266] INFO: [daemon.js:17438] [permission] whole-command layer=aggregated mode=auto verdict=undecided {"permLayer":"aggregated","permMode":"auto","permVerdict":"undecided","permScope":"whole-command","cmdPreview":"zot files --help","subcommandCount":1}
[16:37:02.721] INFO: [daemon.js:17438] [b926a451b199498aad6bd90cd07591d8] → GET /mavis/health
[16:37:02.722] INFO: [daemon.js:17438] [b926a451b199498aad6bd90cd07591d8] ← GET /mavis/health status=200 duration=1ms {"locale":"en"}
[16:37:06.610] INFO: [daemon.js:17438] Stage 2 LLM classification result {"toolName":"bash","verdict":"allow","reason":"The `zot files --help` command only displays usage information for the Zotero CLI's files subcommand. This is a read-only informational operation with no side effects.","model":"minimax/MiniMax-M2.7","isIrreversibleDelete":false,"confidence":0.95}
[16:37:06.610] INFO: [daemon.js:17438] [fb858fbbce7b472a915c13e9a398451f] [permission-service] Auto mode classifier result: toolName=bash verdict=allow reason=The `zot files --help` command only displays usage information for the Zotero CLI's files subcommand. This is a read-only informational operation with no side effects. model=minimax/MiniMax-M2.7 stage=thinking durationMs=4345 locale=en
[16:37:06.610] INFO: [daemon.js:17438] [31ce8d76afb14d808f6f25db288298e5] Permission check result: bash → allow {"locale":"en"}
[16:37:06.610] INFO: [daemon.js:17438] [31ce8d76afb14d808f6f25db288298e5] ← POST /mavis/api/permission/check status=200 duration=4347ms {"locale":"en"}
[16:37:06.614] INFO: [daemon.js:17438] [71fa837822614b0db3965ba28111a412] → POST /mavis/api/hooks/execute
[16:37:06.615] INFO: [daemon.js:17438] [hook-registry] matcher did not match, hook filtered out {"module":"hook-registry","hookId":"builtin:binary-read-guard","matcher":"^[Rr]ead$","matchValue":"bash"}
[16:37:06.615] INFO: [daemon.js:17438] [hook-registry] matcher did not match, hook filtered out {"module":"hook-registry","hookId":"builtin:docx-skill-env-gate","matcher":"^[Ss][Kk][Ii][Ll][Ll]$","matchValue":"bash"}
[16:37:06.615] INFO: [daemon.js:17438] [hook-registry] hooks filtered by matcher {"module":"hook-registry","hookEvent":"PreToolUse","matchValue":"bash","beforeCount":2,"afterCount":0}
[16:37:06.615] INFO: [daemon.js:17438] [71fa837822614b0db3965ba28111a412] ← POST /mavis/api/hooks/execute status=200 duration=1ms {"locale":"en"}
[16:37:06.997] INFO: [daemon.js:17438] [03aeb3502e7d463db3bbedeaebf9d11d] → POST /mavis/api/metrics/runtime-event
[16:37:06.997] INFO: [daemon.js:17438] [03aeb3502e7d463db3bbedeaebf9d11d] ← POST /mavis/api/metrics/runtime-event status=204 duration=0ms {"locale":"en"}
[16:37:06.998] INFO: [daemon.js:17438] [518c0e47677f4c2aa2f3c9159edb8e6d] → POST /mavis/api/hooks/execute
[16:37:06.998] INFO: [daemon.js:17438] [hook-registry] matcher did not match, hook filtered out {"module":"hook-registry","hookId":"builtin:read-image-compressor","matcher":"^[Rr]ead$","matchValue":"bash"}
[16:37:06.998] INFO: [daemon.js:17438] [hook-registry] hooks filtered by matcher {"module":"hook-registry","hookEvent":"PostToolUse","matchValue":"bash","beforeCount":7,"afterCount":6}
[16:37:06.998] INFO: [daemon.js:17438] [518c0e47677f4c2aa2f3c9159edb8e6d] ← POST /mavis/api/hooks/execute status=200 duration=0ms {"locale":"en"}
[16:37:07.002] INFO: [daemon.js:17438] [ae6974a94c7a444ea4443c6147ebdb3e] → POST /mavis/api/metrics/runtime-event
[16:37:07.003] INFO: [daemon.js:17438] [ae6974a94c7a444ea4443c6147ebdb3e] ← POST /mavis/api/metrics/runtime-event status=204 duration=1ms {"locale":"en"}
[16:37:07.029] INFO: [daemon.js:17438] [17726a7af71944b5bdb55b5387b5950e] → POST /mavis/api/metrics/runtime-event
[16:37:07.030] INFO: [daemon.js:17438] [17726a7af71944b5bdb55b5387b5950e] ← POST /mavis/api/metrics/runtime-event status=204 duration=1ms {"locale":"en"}
[16:37:09.468] INFO: [daemon.js:17438] [7abedb9e8d6a45fc9e715c8d2fa2ed43] → POST /mavis/api/metrics/runtime-event
[16:37:09.469] INFO: [daemon.js:17438] [7abedb9e8d6a45fc9e715c8d2fa2ed43] ← POST /mavis/api/metrics/runtime-event status=204 duration=1ms {"locale":"en"}
[16:37:09.469] INFO: [daemon.js:17438] [01cadbe71c7b4e85809b37669a0b0e1d] → POST /mavis/api/permission/check
[16:37:09.470] INFO: [daemon.js:17438] [01cadbe71c7b4e85809b37669a0b0e1d] Permission check requested: bash for mavis {"locale":"en"}
[16:37:09.470] INFO: [daemon.js:17438] Created ToolPermissionContext {"mode":"auto","ruleCount":0,"sandboxEnabled":false,"workingDirectory":"C:\\Users\\jethr\\.minimax-agent\\projects"}
[16:37:09.470] INFO: [daemon.js:17438] [e686ab547d1f4a28a8aa7d3109c3cbc5] BashToolPermissionChecker checkPermissions called, _toolName=bash, input={"command":"dir \"$env:APPDATA\\Zotero\\Zotero\\Profiles\" | head -5","description":"Find Zotero profile directory"}, context={"mode":"auto","rules":[],"sandboxEnabled":false,"autoAllowBashIfSandboxed":false,"workingDirectory":"C:\\Users\\jethr\\.minimax-agent\\projects","allowedWorkingPaths":[],"sandboxAllowPaths":[],"dataDir":"C:\\Users\\jethr\\.mavis","homeDir":"C:\\Users\\jethr","agentName":"mavis","sessionId":"mvs_121083dc1ae64fa1b109bd3bedf7436b","allowManagedPermissionRulesOnly":false,"interactiveTools":{}}
[16:37:09.472] INFO: [daemon.js:17438] [permission] subcommand layer=tail mode=default verdict=ask {"permLayer":"tail","permMode":"default","permVerdict":"ask","permReasonType":"safetyCheck","cmdPreview":"dir \"$env:APPDATA\\Zotero\\Zotero\\Profiles\""}
[16:37:09.472] INFO: [daemon.js:17438] [permission] subcommand layer=fast-allow-first-word mode=default verdict=allow {"permLayer":"fast-allow-first-word","permMode":"default","permVerdict":"allow","permCategory":"pureReadFastAllow","permReasonType":"safetyCheck","cmdPreview":"head -5","firstWord":"head"}
[16:37:09.472] INFO: [daemon.js:17438] [permission] whole-command layer=aggregated mode=default verdict=ask {"permLayer":"aggregated","permMode":"default","permVerdict":"ask","permScope":"whole-command","cmdPreview":"dir \"$env:APPDATA\\Zotero\\Zotero\\Profiles\" | head -5","sessionId":"mvs_121083dc1ae64fa1b109bd3bedf7436b","subcommandCount":2}
[16:37:09.472] INFO: [daemon.js:17438] [7670c1f9f7af41cb919afb49ca051839] [permission-service] Check result: toolName=bash behavior=ask reasonType=safetyCheck locale=en
[16:37:09.473] INFO: [daemon.js:17438] Running YOLO classifier {"toolName":"bash","inputLength":51,"sessionId":"mvs_121083dc1ae64fa1b109bd3bedf7436b","agentId":"mavis"}
[16:37:09.473] INFO: [daemon.js:17438] [permission] subcommand layer=tail mode=auto verdict=undecided {"permLayer":"tail","permMode":"auto","permVerdict":"undecided","permReasonType":"safetyCheck","cmdPreview":"dir \"$env:APPDATA\\Zotero\\Zotero\\Profiles\""}
[16:37:09.473] INFO: [daemon.js:17438] [permission] subcommand layer=fast-allow-first-word mode=auto verdict=allow {"permLayer":"fast-allow-first-word","permMode":"auto","permVerdict":"allow","permCategory":"pureReadFastAllow","permReasonType":"safetyCheck","cmdPreview":"head -5","firstWord":"head"}
[16:37:09.473] INFO: [daemon.js:17438] [permission] whole-command layer=aggregated mode=auto verdict=undecided {"permLayer":"aggregated","permMode":"auto","permVerdict":"undecided","permScope":"whole-command","cmdPreview":"dir \"$env:APPDATA\\Zotero\\Zotero\\Profiles\" | head -5","subcommandCount":2}
[16:37:12.493] INFO: [daemon.js:17438] [6f5245b09cf845bd9587341e7e8e7ad8] → GET /mavis/api/session/mvs_121083dc1ae64fa1b109bd3bedf7436b/message
[16:37:12.494] INFO: [daemon.js:17438] MessageStore list completed {"ctx":{"traceId":"6f5245b09cf845bd9587341e7e8e7ad8","locale":"en"},"sessionId":"mvs_121083dc1ae64fa1b109bd3bedf7436b","durationMs":0,"messageCount":15,"hasNextCursor":false}
[16:37:12.494] INFO: [daemon.js:17438] [6f5245b09cf845bd9587341e7e8e7ad8] ← GET /mavis/api/session/mvs_121083dc1ae64fa1b109bd3bedf7436b/message status=200 duration=1ms {"locale":"en"}
[16:37:12.495] INFO: [daemon.js:17438] [3ec7dbf7bff54d8d9665e3635c2807e7] → GET /mavis/api/permission/requests
[16:37:12.495] INFO: [daemon.js:17438] [3ec7dbf7bff54d8d9665e3635c2807e7] ← GET /mavis/api/permission/requests status=200 duration=0ms {"locale":"en"}
[16:37:12.498] INFO: [daemon.js:17438] [ca5732c0c6824b82848d2c064d93dc3b] → GET /mavis/api/session/mvs_121083dc1ae64fa1b109bd3bedf7436b
[16:37:12.499] INFO: [daemon.js:17438] [ca5732c0c6824b82848d2c064d93dc3b] ← GET /mavis/api/session/mvs_121083dc1ae64fa1b109bd3bedf7436b status=200 duration=1ms {"locale":"en"}
[16:37:12.506] INFO: [daemon.js:17438] [c8b3bd9739214850857408d64017396d] → GET /mavis/api/session/mvs_121083dc1ae64fa1b109bd3bedf7436b/queue
[16:37:12.506] INFO: [daemon.js:17438] [c8b3bd9739214850857408d64017396d] ← GET /mavis/api/session/mvs_121083dc1ae64fa1b109bd3bedf7436b/queue status=200 duration=0ms {"locale":"en"}
[16:37:12.730] INFO: [daemon.js:17438] [afffbd5f39224a1091d0189a8d0565c7] → GET /mavis/health
[16:37:12.730] INFO: [daemon.js:17438] [afffbd5f39224a1091d0189a8d0565c7] ← GET /mavis/health status=200 duration=0ms {"locale":"en"}
[16:37:12.731] INFO: [daemon.js:17438] [b68859ee5be34b5dba9f2ecda45ba027] → POST /mavis/api/session/mvs_121083dc1ae64fa1b109bd3bedf7436b/resume
[16:37:12.731] INFO: [daemon.js:17438] [b68859ee5be34b5dba9f2ecda45ba027] [resume] SSE stream started, agentName=mavis, sessionId=mvs_121083dc1ae64fa1b109bd3bedf7436b, msgId=msg_e82544388001WnZ4qbTCdRTKbw, turnId=7a124846-fe62-4201-b9af-7a3c86fcafcb, drainQueued=false {"locale":"en"}
[16:37:12.732] INFO: [daemon.js:17438] MessageStore list completed {"ctx":{"traceId":"b68859ee5be34b5dba9f2ecda45ba027","locale":"en"},"sessionId":"mvs_121083dc1ae64fa1b109bd3bedf7436b","durationMs":0,"messageCount":15,"hasNextCursor":false}
[16:37:12.732] INFO: [daemon.js:17438] [b68859ee5be34b5dba9f2ecda45ba027] ← POST /mavis/api/session/mvs_121083dc1ae64fa1b109bd3bedf7436b/resume status=200 duration=1ms {"locale":"en"}
[16:37:12.752] INFO: [daemon.js:17438] [214e1340460a4e0799c9603e243e760b] → GET /mavis/api/session/mvs_121083dc1ae64fa1b109bd3bedf7436b
[16:37:12.752] INFO: [daemon.js:17438] [214e1340460a4e0799c9603e243e760b] ← GET /mavis/api/session/mvs_121083dc1ae64fa1b109bd3bedf7436b status=200 duration=0ms {"locale":"en"}
[16:37:15.473] INFO: [daemon.js:17438] Stage 2 LLM classification result {"toolName":"bash","verdict":"allow","reason":"Read-only directory listing in user's app data folder; non-sensitive, bounded scope, and fits the workflow of locating a Zotero PDF path.","model":"minimax/MiniMax-M2.7","isIrreversibleDelete":false,"confidence":0.92}
[16:37:15.473] INFO: [daemon.js:17438] [4cb61b968ee04fc29a603c04960157f5] [permission-service] Auto mode classifier result: toolName=bash verdict=allow reason=Read-only directory listing in user's app data folder; non-sensitive, bounded scope, and fits the workflow of locating a Zotero PDF path. model=minimax/MiniMax-M2.7 stage=thinking durationMs=6000 locale=en
[16:37:15.473] INFO: [daemon.js:17438] [01cadbe71c7b4e85809b37669a0b0e1d] Permission check result: bash → allow {"locale":"en"}
[16:37:15.473] INFO: [daemon.js:17438] [01cadbe71c7b4e85809b37669a0b0e1d] ← POST /mavis/api/permission/check status=200 duration=6004ms {"locale":"en"}
[16:37:15.477] INFO: [daemon.js:17438] [c3ad2ddfd06a407eb4ddecfcf078d1b1] → POST /mavis/api/hooks/execute
[16:37:15.478] INFO: [daemon.js:17438] [hook-registry] matcher did not match, hook filtered out {"module":"hook-registry","hookId":"builtin:binary-read-guard","matcher":"^[Rr]ead$","matchValue":"bash"}
[16:37:15.478] INFO: [daemon.js:17438] [hook-registry] matcher did not match, hook filtered out {"module":"hook-registry","hookId":"builtin:docx-skill-env-gate","matcher":"^[Ss][Kk][Ii][Ll][Ll]$","matchValue":"bash"}
[16:37:15.478] INFO: [daemon.js:17438] [hook-registry] hooks filtered by matcher {"module":"hook-registry","hookEvent":"PreToolUse","matchValue":"bash","beforeCount":2,"afterCount":0}
[16:37:15.478] INFO: [daemon.js:17438] [c3ad2ddfd06a407eb4ddecfcf078d1b1] ← POST /mavis/api/hooks/execute status=200 duration=1ms {"locale":"en"}
[16:37:15.487] INFO: [daemon.js:17438] [message] SSE terminated: superseded by newer turn {"ctx":{"traceId":"1d3052f7743544f8b31fff1138d35ff0","locale":"en"},"sessionId":"mvs_121083dc1ae64fa1b109bd3bedf7436b","myTurnId":"86115fd2-e022-474b-a755-0a5b71ea74d0","currentTurnId":"7a124846-fe62-4201-b9af-7a3c86fcafcb"}
[16:37:16.165] INFO: [daemon.js:17438] [fa83c85d940b41e8a33caf18ee296623] → POST /mavis/api/metrics/runtime-event
[16:37:16.165] INFO: [daemon.js:17438] [fa83c85d940b41e8a33caf18ee296623] ← POST /mavis/api/metrics/runtime-event status=204 duration=0ms {"locale":"en"}
[16:37:16.166] INFO: [daemon.js:17438] [6172cc1417a84bbfa4de04089b912011] → POST /mavis/api/hooks/execute
[16:37:16.166] INFO: [daemon.js:17438] [hook-registry] matcher did not match, hook filtered out {"module":"hook-registry","hookId":"builtin:read-image-compressor","matcher":"^[Rr]ead$","matchValue":"bash"}
[16:37:16.166] INFO: [daemon.js:17438] [hook-registry] hooks filtered by matcher {"module":"hook-registry","hookEvent":"PostToolUse","matchValue":"bash","beforeCount":7,"afterCount":6}
[16:37:16.166] INFO: [daemon.js:17438] [6172cc1417a84bbfa4de04089b912011] ← POST /mavis/api/hooks/execute status=200 duration=0ms {"locale":"en"}
[16:37:16.168] INFO: [daemon.js:17438] [288c25ad0aa244bea992c16f0fe87745] → POST /mavis/api/metrics/runtime-event
[16:37:16.168] INFO: [daemon.js:17438] [288c25ad0aa244bea992c16f0fe87745] ← POST /mavis/api/metrics/runtime-event status=204 duration=0ms {"locale":"en"}
[16:37:16.181] INFO: [daemon.js:17438] [8d67bd5ed17341f3823177484072920c] → POST /mavis/api/metrics/runtime-event
[16:37:16.182] INFO: [daemon.js:17438] [8d67bd5ed17341f3823177484072920c] ← POST /mavis/api/metrics/runtime-event status=204 duration=1ms {"locale":"en"}
[16:37:16.186] INFO: [daemon.js:17438] [07b2e28c170b4a8eba7726ce76045c48] → GET /mavis/api/session/mvs_121083dc1ae64fa1b109bd3bedf7436b
[16:37:16.187] INFO: [daemon.js:17438] [07b2e28c170b4a8eba7726ce76045c48] ← GET /mavis/api/session/mvs_121083dc1ae64fa1b109bd3bedf7436b status=200 duration=1ms {"locale":"en"}
[16:37:18.934] INFO: [daemon.js:17438] [245652eb0043447d9b106b0aaa4ac885] → POST /mavis/api/metrics/runtime-event
[16:37:18.935] INFO: [daemon.js:17438] [245652eb0043447d9b106b0aaa4ac885] ← POST /mavis/api/metrics/runtime-event status=204 duration=1ms {"locale":"en"}
[16:37:18.935] INFO: [daemon.js:17438] [a0a2e82433824995a6bdcad906204d6e] → POST /mavis/api/permission/check
[16:37:18.935] INFO: [daemon.js:17438] [a0a2e82433824995a6bdcad906204d6e] Permission check requested: bash for mavis {"locale":"en"}
[16:37:18.935] INFO: [daemon.js:17438] Created ToolPermissionContext {"mode":"auto","ruleCount":0,"sandboxEnabled":false,"workingDirectory":"C:\\Users\\jethr\\.minimax-agent\\projects"}
[16:37:18.936] INFO: [daemon.js:17438] [f379d3775d2849a2926b45084ed5e7a5] BashToolPermissionChecker checkPermissions called, _toolName=bash, input={"command":"Get-ChildItem \"$env:APPDATA\\Zotero\\Zotero\\Profiles\"","description":"Find Zotero profile directories"}, context={"mode":"auto","rules":[],"sandboxEnabled":false,"autoAllowBashIfSandboxed":false,"workingDirectory":"C:\\Users\\jethr\\.minimax-agent\\projects","allowedWorkingPaths":[],"sandboxAllowPaths":[],"dataDir":"C:\\Users\\jethr\\.mavis","homeDir":"C:\\Users\\jethr","agentName":"mavis","sessionId":"mvs_121083dc1ae64fa1b109bd3bedf7436b","allowManagedPermissionRulesOnly":false,"interactiveTools":{}}
[16:37:18.936] INFO: [daemon.js:17438] [permission] subcommand layer=tail mode=default verdict=ask {"permLayer":"tail","permMode":"default","permVerdict":"ask","permReasonType":"safetyCheck","cmdPreview":"Get-ChildItem \"$env:APPDATA\\Zotero\\Zotero\\Profiles\""}
[16:37:18.936] INFO: [daemon.js:17438] [permission] whole-command layer=aggregated mode=default verdict=ask {"permLayer":"aggregated","permMode":"default","permVerdict":"ask","permScope":"whole-command","cmdPreview":"Get-ChildItem \"$env:APPDATA\\Zotero\\Zotero\\Profiles\"","sessionId":"mvs_121083dc1ae64fa1b109bd3bedf7436b","subcommandCount":1}
[16:37:18.936] INFO: [daemon.js:17438] [c4bcc4b192f343b6988c486088bdb306] [permission-service] Check result: toolName=bash behavior=ask reasonType=safetyCheck locale=en
[16:37:18.936] INFO: [daemon.js:17438] Running YOLO classifier {"toolName":"bash","inputLength":51,"sessionId":"mvs_121083dc1ae64fa1b109bd3bedf7436b","agentId":"mavis"}
[16:37:18.936] INFO: [daemon.js:17438] [permission] subcommand layer=tail mode=auto verdict=undecided {"permLayer":"tail","permMode":"auto","permVerdict":"undecided","permReasonType":"safetyCheck","cmdPreview":"Get-ChildItem \"$env:APPDATA\\Zotero\\Zotero\\Profiles\""}
[16:37:18.936] INFO: [daemon.js:17438] [permission] whole-command layer=aggregated mode=auto verdict=undecided {"permLayer":"aggregated","permMode":"auto","permVerdict":"undecided","permScope":"whole-command","cmdPreview":"Get-ChildItem \"$env:APPDATA\\Zotero\\Zotero\\Profiles\"","subcommandCount":1}
[16:37:22.745] INFO: [daemon.js:17438] [fe7088a9d4bb490d8fead13c201f9ccb] → GET /mavis/health
[16:37:22.745] INFO: [daemon.js:17438] [fe7088a9d4bb490d8fead13c201f9ccb] ← GET /mavis/health status=200 duration=0ms {"locale":"en"}
[16:37:30.391] INFO: [daemon.js:17438] Stage 2 LLM classification result {"toolName":"bash","verdict":"allow","reason":"Read-only directory listing in user application data ($env:APPDATA) — no system modification, no secrets, no deletion. This helps locate the Zotero profile path for the ongoing research task.","model":"minimax/MiniMax-M2.7","isIrreversibleDelete":false,"confidence":0.95}
[16:37:30.391] INFO: [daemon.js:17438] [4302dcdced90418c8cba590b155b7b3b] [permission-service] Auto mode classifier result: toolName=bash verdict=allow reason=Read-only directory listing in user application data ($env:APPDATA) — no system modification, no secrets, no deletion. This helps locate the Zotero profile path for the ongoing research task. model=minimax/MiniMax-M2.7 stage=thinking durationMs=11455 locale=en
[16:37:30.391] INFO: [daemon.js:17438] [a0a2e82433824995a6bdcad906204d6e] Permission check result: bash → allow {"locale":"en"}
[16:37:30.391] INFO: [daemon.js:17438] [a0a2e82433824995a6bdcad906204d6e] ← POST /mavis/api/permission/check status=200 duration=11456ms {"locale":"en"}
[16:37:30.396] INFO: [daemon.js:17438] [1c74f793e7c64002abc6391b2e0d88bd] → POST /mavis/api/hooks/execute
[16:37:30.396] INFO: [daemon.js:17438] [hook-registry] matcher did not match, hook filtered out {"module":"hook-registry","hookId":"builtin:binary-read-guard","matcher":"^[Rr]ead$","matchValue":"bash"}
[16:37:30.396] INFO: [daemon.js:17438] [hook-registry] matcher did not match, hook filtered out {"module":"hook-registry","hookId":"builtin:docx-skill-env-gate","matcher":"^[Ss][Kk][Ii][Ll][Ll]$","matchValue":"bash"}
[16:37:30.396] INFO: [daemon.js:17438] [hook-registry] hooks filtered by matcher {"module":"hook-registry","hookEvent":"PreToolUse","matchValue":"bash","beforeCount":2,"afterCount":0}
[16:37:30.396] INFO: [daemon.js:17438] [1c74f793e7c64002abc6391b2e0d88bd] ← POST /mavis/api/hooks/execute status=200 duration=0ms {"locale":"en"}
[16:37:30.576] INFO: [daemon.js:17438] [30d4c8973b7845f39fabc2cea21c2a58] → POST /mavis/api/metrics/runtime-event
[16:37:30.576] INFO: [daemon.js:17438] [30d4c8973b7845f39fabc2cea21c2a58] ← POST /mavis/api/metrics/runtime-event status=204 duration=0ms {"locale":"en"}
[16:37:30.577] INFO: [daemon.js:17438] [3b85acb970ec473c9f35ff4d1f53c9f6] → POST /mavis/api/hooks/execute
[16:37:30.577] INFO: [daemon.js:17438] [hook-registry] matcher did not match, hook filtered out {"module":"hook-registry","hookId":"builtin:read-image-compressor","matcher":"^[Rr]ead$","matchValue":"bash"}
[16:37:30.577] INFO: [daemon.js:17438] [hook-registry] hooks filtered by matcher {"module":"hook-registry","hookEvent":"PostToolUse","matchValue":"bash","beforeCount":7,"afterCount":6}
[16:37:30.578] INFO: [daemon.js:17438] [3b85acb970ec473c9f35ff4d1f53c9f6] ← POST /mavis/api/hooks/execute status=200 duration=1ms {"locale":"en"}
[16:37:30.580] INFO: [daemon.js:17438] [6614b4ff460544d281c36c8d0ebb05ad] → POST /mavis/api/metrics/runtime-event
[16:37:30.580] INFO: [daemon.js:17438] [6614b4ff460544d281c36c8d0ebb05ad] ← POST /mavis/api/metrics/runtime-event status=204 duration=0ms {"locale":"en"}
[16:37:30.593] INFO: [daemon.js:17438] [402a566d13994ac8a0cb30ab764337a7] → POST /mavis/api/metrics/runtime-event
[16:37:30.594] INFO: [daemon.js:17438] [402a566d13994ac8a0cb30ab764337a7] ← POST /mavis/api/metrics/runtime-event status=204 duration=1ms {"locale":"en"}
[16:37:30.600] INFO: [daemon.js:17438] [df77aa8d5dc04eb2b47c1dea503be4f7] → GET /mavis/api/session/mvs_121083dc1ae64fa1b109bd3bedf7436b
[16:37:30.600] INFO: [daemon.js:17438] [df77aa8d5dc04eb2b47c1dea503be4f7] ← GET /mavis/api/session/mvs_121083dc1ae64fa1b109bd3bedf7436b status=200 duration=0ms {"locale":"en"}
[16:37:32.768] INFO: [daemon.js:17438] [11f5f589c2da49ed973b78dd5682811d] → GET /mavis/health
[16:37:32.768] INFO: [daemon.js:17438] [11f5f589c2da49ed973b78dd5682811d] ← GET /mavis/health status=200 duration=0ms {"locale":"en"}
[16:37:35.531] INFO: [daemon.js:17438] [22cba9e756074b8a864e79b87151510d] → POST /mavis/api/metrics/runtime-event
[16:37:35.532] INFO: [daemon.js:17438] [22cba9e756074b8a864e79b87151510d] ← POST /mavis/api/metrics/runtime-event status=204 duration=1ms {"locale":"en"}
[16:37:35.532] INFO: [daemon.js:17438] [243b63d2e9964126878123f90aa3502e] → POST /mavis/api/permission/check
[16:37:35.532] INFO: [daemon.js:17438] [243b63d2e9964126878123f90aa3502e] Permission check requested: bash for mavis {"locale":"en"}
[16:37:35.532] INFO: [daemon.js:17438] Created ToolPermissionContext {"mode":"auto","ruleCount":0,"sandboxEnabled":false,"workingDirectory":"C:\\Users\\jethr\\.minimax-agent\\projects"}
[16:37:35.533] INFO: [daemon.js:17438] [a885fc9457fd4a14a0ac7d934b91b7e0] BashToolPermissionChecker checkPermissions called, _toolName=bash, input={"command":"Get-ChildItem \"$env:APPDATA\\Zotero\\Zotero\\Profiles\\t4yjhwyt.default\\storage\" -ErrorAction SilentlyContinue","description":"Check Zotero storage directory"}, context={"mode":"auto","rules":[],"sandboxEnabled":false,"autoAllowBashIfSandboxed":false,"workingDirectory":"C:\\Users\\jethr\\.minimax-agent\\projects","allowedWorkingPaths":[],"sandboxAllowPaths":[],"dataDir":"C:\\Users\\jethr\\.mavis","homeDir":"C:\\Users\\jethr","agentName":"mavis","sessionId":"mvs_121083dc1ae64fa1b109bd3bedf7436b","allowManagedPermissionRulesOnly":false,"interactiveTools":{}}
[16:37:35.533] INFO: [daemon.js:17438] [permission] subcommand layer=tail mode=default verdict=ask {"permLayer":"tail","permMode":"default","permVerdict":"ask","permReasonType":"safetyCheck","cmdPreview":"Get-ChildItem \"$env:APPDATA\\Zotero\\Zotero\\Profiles\\t4yjhwyt.default\\storage\" -ErrorAction SilentlyContinue"}
[16:37:35.533] INFO: [daemon.js:17438] [permission] whole-command layer=aggregated mode=default verdict=ask {"permLayer":"aggregated","permMode":"default","permVerdict":"ask","permScope":"whole-command","cmdPreview":"Get-ChildItem \"$env:APPDATA\\Zotero\\Zotero\\Profiles\\t4yjhwyt.default\\storage\" -ErrorAction SilentlyContinue","sessionId":"mvs_121083dc1ae64fa1b109bd3bedf7436b","subcommandCount":1}
[16:37:35.533] INFO: [daemon.js:17438] [841c2b24f1cc473788180a380270cc4a] [permission-service] Check result: toolName=bash behavior=ask reasonType=safetyCheck locale=en
[16:37:35.533] INFO: [daemon.js:17438] Running YOLO classifier {"toolName":"bash","inputLength":106,"sessionId":"mvs_121083dc1ae64fa1b109bd3bedf7436b","agentId":"mavis"}
[16:37:35.533] INFO: [daemon.js:17438] [permission] subcommand layer=tail mode=auto verdict=undecided {"permLayer":"tail","permMode":"auto","permVerdict":"undecided","permReasonType":"safetyCheck","cmdPreview":"Get-ChildItem \"$env:APPDATA\\Zotero\\Zotero\\Profiles\\t4yjhwyt.default\\storage\" -ErrorAction SilentlyContinue"}
[16:37:35.533] INFO: [daemon.js:17438] [permission] whole-command layer=aggregated mode=auto verdict=undecided {"permLayer":"aggregated","permMode":"auto","permVerdict":"undecided","permScope":"whole-command","cmdPreview":"Get-ChildItem \"$env:APPDATA\\Zotero\\Zotero\\Profiles\\t4yjhwyt.default\\storage\" -ErrorAction SilentlyContinue","subcommandCount":1}
[16:37:42.773] INFO: [daemon.js:17438] [bbcc921e776c4785899b7ebcccd84e3b] → GET /mavis/health
[16:37:42.773] INFO: [daemon.js:17438] [bbcc921e776c4785899b7ebcccd84e3b] ← GET /mavis/health status=200 duration=0ms {"locale":"en"}
[16:37:45.945] INFO: [daemon.js:17438] Stage 2 LLM classification result {"toolName":"bash","verdict":"allow","reason":"Read-only directory listing in the user's own Zotero profile storage folder; no destructive operations, secrets, or system-wide changes. This is a safe informational query to locate a PDF file path.","model":"minimax/MiniMax-M2.7","isIrreversibleDelete":false,"confidence":0.95}
[16:37:45.945] INFO: [daemon.js:17438] [14d5a7d945084a2f92aa83f66d679485] [permission-service] Auto mode classifier result: toolName=bash verdict=allow reason=Read-only directory listing in the user's own Zotero profile storage folder; no destructive operations, secrets, or system-wide changes. This is a safe informational query to locate a PDF file path. model=minimax/MiniMax-M2.7 stage=thinking durationMs=10412 locale=en
[16:37:45.946] INFO: [daemon.js:17438] [243b63d2e9964126878123f90aa3502e] Permission check result: bash → allow {"locale":"en"}
[16:37:45.946] INFO: [daemon.js:17438] [243b63d2e9964126878123f90aa3502e] ← POST /mavis/api/permission/check status=200 duration=10414ms {"locale":"en"}
[16:37:45.949] INFO: [daemon.js:17438] [8f0dbc9a53934ceb96c7eba650505d42] → POST /mavis/api/hooks/execute
[16:37:45.949] INFO: [daemon.js:17438] [hook-registry] matcher did not match, hook filtered out {"module":"hook-registry","hookId":"builtin:binary-read-guard","matcher":"^[Rr]ead$","matchValue":"bash"}
[16:37:45.949] INFO: [daemon.js:17438] [hook-registry] matcher did not match, hook filtered out {"module":"hook-registry","hookId":"builtin:docx-skill-env-gate","matcher":"^[Ss][Kk][Ii][Ll][Ll]$","matchValue":"bash"}
[16:37:45.949] INFO: [daemon.js:17438] [hook-registry] hooks filtered by matcher {"module":"hook-registry","hookEvent":"PreToolUse","matchValue":"bash","beforeCount":2,"afterCount":0}
[16:37:45.949] INFO: [daemon.js:17438] [8f0dbc9a53934ceb96c7eba650505d42] ← POST /mavis/api/hooks/execute status=200 duration=0ms {"locale":"en"}
[16:37:46.094] INFO: [daemon.js:17438] [6b727d2ff445412a8c364b7e414f4b57] → POST /mavis/api/metrics/runtime-event
[16:37:46.095] INFO: [daemon.js:17438] [6b727d2ff445412a8c364b7e414f4b57] ← POST /mavis/api/metrics/runtime-event status=204 duration=1ms {"locale":"en"}
[16:37:46.095] INFO: [daemon.js:17438] [06a132beeed94a938f8d5a42959fdfc5] → POST /mavis/api/hooks/execute
[16:37:46.095] INFO: [daemon.js:17438] [hook-registry] matcher did not match, hook filtered out {"module":"hook-registry","hookId":"builtin:read-image-compressor","matcher":"^[Rr]ead$","matchValue":"bash"}
[16:37:46.095] INFO: [daemon.js:17438] [hook-registry] hooks filtered by matcher {"module":"hook-registry","hookEvent":"PostToolUse","matchValue":"bash","beforeCount":7,"afterCount":6}
[16:37:46.096] INFO: [daemon.js:17438] [06a132beeed94a938f8d5a42959fdfc5] ← POST /mavis/api/hooks/execute status=200 duration=1ms {"locale":"en"}
[16:37:46.098] INFO: [daemon.js:17438] [9ccf557205794f8ba6c7629465cd4d42] → POST /mavis/api/metrics/runtime-event
[16:37:46.098] INFO: [daemon.js:17438] [9ccf557205794f8ba6c7629465cd4d42] ← POST /mavis/api/metrics/runtime-event status=204 duration=0ms {"locale":"en"}
[16:37:46.111] INFO: [daemon.js:17438] [f03e963ba99d4b24961baa728eddf6d0] → POST /mavis/api/metrics/runtime-event
[16:37:46.112] INFO: [daemon.js:17438] [f03e963ba99d4b24961baa728eddf6d0] ← POST /mavis/api/metrics/runtime-event status=204 duration=1ms {"locale":"en"}
[16:37:46.116] INFO: [daemon.js:17438] [485a862f8c774c3e9950720aeff440b1] → GET /mavis/api/session/mvs_121083dc1ae64fa1b109bd3bedf7436b
[16:37:46.116] INFO: [daemon.js:17438] [485a862f8c774c3e9950720aeff440b1] ← GET /mavis/api/session/mvs_121083dc1ae64fa1b109bd3bedf7436b status=200 duration=0ms {"locale":"en"}
[16:37:48.790] INFO: [daemon.js:17438] [03970919d20f4a6ab61847bf64555cee] → POST /mavis/api/metrics/runtime-event
[16:37:48.791] INFO: [daemon.js:17438] [03970919d20f4a6ab61847bf64555cee] ← POST /mavis/api/metrics/runtime-event status=204 duration=1ms {"locale":"en"}
[16:37:48.792] INFO: [daemon.js:17438] [9685fc532d1245328c15d8eaa879f057] → POST /mavis/api/permission/check
[16:37:48.792] INFO: [daemon.js:17438] [9685fc532d1245328c15d8eaa879f057] Permission check requested: bash for mavis {"locale":"en"}
[16:37:48.792] INFO: [daemon.js:17438] Created ToolPermissionContext {"mode":"auto","ruleCount":0,"sandboxEnabled":false,"workingDirectory":"C:\\Users\\jethr\\.minimax-agent\\projects"}
[16:37:48.793] INFO: [daemon.js:17438] [ae12ee26ae1848a09f5a5a60048568e3] BashToolPermissionChecker checkPermissions called, _toolName=bash, input={"command":"Get-ChildItem \"$env:APPDATA\\Zotero\\Zotero\\Profiles\\t4yjhwyt.default\" -Filter \"prefs*\" | Select-Object -First 1","description":"Find Zotero prefs file"}, context={"mode":"auto","rules":[],"sandboxEnabled":false,"autoAllowBashIfSandboxed":false,"workingDirectory":"C:\\Users\\jethr\\.minimax-agent\\projects","allowedWorkingPaths":[],"sandboxAllowPaths":[],"dataDir":"C:\\Users\\jethr\\.mavis","homeDir":"C:\\Users\\jethr","agentName":"mavis","sessionId":"mvs_121083dc1ae64fa1b109bd3bedf7436b","allowManagedPermissionRulesOnly":false,"interactiveTools":{}}
[16:37:48.793] INFO: [daemon.js:17438] [permission] subcommand layer=tail mode=default verdict=ask {"permLayer":"tail","permMode":"default","permVerdict":"ask","permReasonType":"safetyCheck","cmdPreview":"Get-ChildItem \"$env:APPDATA\\Zotero\\Zotero\\Profiles\\t4yjhwyt.default\" -Filter \"prefs*\""}
[16:37:48.793] INFO: [daemon.js:17438] [permission] subcommand layer=tail mode=default verdict=ask {"permLayer":"tail","permMode":"default","permVerdict":"ask","permReasonType":"safetyCheck","cmdPreview":"Select-Object -First 1"}
[16:37:48.793] INFO: [daemon.js:17438] [permission] whole-command layer=aggregated mode=default verdict=ask {"permLayer":"aggregated","permMode":"default","permVerdict":"ask","permScope":"whole-command","cmdPreview":"Get-ChildItem \"$env:APPDATA\\Zotero\\Zotero\\Profiles\\t4yjhwyt.default\" -Filter \"prefs*\" | Select-Object -First 1","sessionId":"mvs_121083dc1ae64fa1b109bd3bedf7436b","subcommandCount":2}
[16:37:48.794] INFO: [daemon.js:17438] [18f0b7a9aac3450c95a52b3371a570fc] [permission-service] Check result: toolName=bash behavior=ask reasonType=safetyCheck locale=en
[16:37:48.794] INFO: [daemon.js:17438] Running YOLO classifier {"toolName":"bash","inputLength":110,"sessionId":"mvs_121083dc1ae64fa1b109bd3bedf7436b","agentId":"mavis"}
[16:37:48.794] INFO: [daemon.js:17438] [permission] subcommand layer=tail mode=auto verdict=undecided {"permLayer":"tail","permMode":"auto","permVerdict":"undecided","permReasonType":"safetyCheck","cmdPreview":"Get-ChildItem \"$env:APPDATA\\Zotero\\Zotero\\Profiles\\t4yjhwyt.default\" -Filter \"prefs*\""}
[16:37:48.794] INFO: [daemon.js:17438] [permission] subcommand layer=tail mode=auto verdict=undecided {"permLayer":"tail","permMode":"auto","permVerdict":"undecided","permReasonType":"safetyCheck","cmdPreview":"Select-Object -First 1"}
[16:37:48.794] INFO: [daemon.js:17438] [permission] whole-command layer=aggregated mode=auto verdict=undecided {"permLayer":"aggregated","permMode":"auto","permVerdict":"undecided","permScope":"whole-command","cmdPreview":"Get-ChildItem \"$env:APPDATA\\Zotero\\Zotero\\Profiles\\t4yjhwyt.default\" -Filter \"prefs*\" | Select-Object -First 1","subcommandCount":2}
[16:37:52.772] INFO: [daemon.js:17438] [a6ed82a392a34d33915497610ec14d3b] → GET /mavis/health
[16:37:52.772] INFO: [daemon.js:17438] [a6ed82a392a34d33915497610ec14d3b] ← GET /mavis/health status=200 duration=0ms {"locale":"en"}
[16:38:01.845] INFO: [daemon.js:17438] Stage 2 LLM classification result {"toolName":"bash","verdict":"allow","reason":"Read-only directory listing of Zotero profile preferences — safe, bounded scope, no system modification. Part of helping the user locate their Zotero PDF attachments.","model":"minimax/MiniMax-M2.7","isIrreversibleDelete":false,"confidence":0.95}
[16:38:01.845] INFO: [daemon.js:17438] [ee99d5ddb87641549ca9cd0f00a1da81] [permission-service] Auto mode classifier result: toolName=bash verdict=allow reason=Read-only directory listing of Zotero profile preferences — safe, bounded scope, no system modification. Part of helping the user locate their Zotero PDF attachments. model=minimax/MiniMax-M2.7 stage=thinking durationMs=13051 locale=en
[16:38:01.845] INFO: [daemon.js:17438] [9685fc532d1245328c15d8eaa879f057] Permission check result: bash → allow {"locale":"en"}
[16:38:01.846] INFO: [daemon.js:17438] [9685fc532d1245328c15d8eaa879f057] ← POST /mavis/api/permission/check status=200 duration=13054ms {"locale":"en"}
[16:38:01.849] INFO: [daemon.js:17438] [a29f970c646a423eb12740ac22504987] → POST /mavis/api/hooks/execute
[16:38:01.850] INFO: [daemon.js:17438] [hook-registry] matcher did not match, hook filtered out {"module":"hook-registry","hookId":"builtin:binary-read-guard","matcher":"^[Rr]ead$","matchValue":"bash"}
[16:38:01.850] INFO: [daemon.js:17438] [hook-registry] matcher did not match, hook filtered out {"module":"hook-registry","hookId":"builtin:docx-skill-env-gate","matcher":"^[Ss][Kk][Ii][Ll][Ll]$","matchValue":"bash"}
[16:38:01.850] INFO: [daemon.js:17438] [hook-registry] hooks filtered by matcher {"module":"hook-registry","hookEvent":"PreToolUse","matchValue":"bash","beforeCount":2,"afterCount":0}
[16:38:01.850] INFO: [daemon.js:17438] [a29f970c646a423eb12740ac22504987] ← POST /mavis/api/hooks/execute status=200 duration=1ms {"locale":"en"}
[16:38:02.076] INFO: [daemon.js:17438] [1a86461d691b4a4c8fb619575c4168c2] → POST /mavis/api/metrics/runtime-event
[16:38:02.076] INFO: [daemon.js:17438] [1a86461d691b4a4c8fb619575c4168c2] ← POST /mavis/api/metrics/runtime-event status=204 duration=0ms {"locale":"en"}
[16:38:02.077] INFO: [daemon.js:17438] [32f0a825cf5743db8509ea92bfef4ace] → POST /mavis/api/hooks/execute
[16:38:02.078] INFO: [daemon.js:17438] [hook-registry] matcher did not match, hook filtered out {"module":"hook-registry","hookId":"builtin:read-image-compressor","matcher":"^[Rr]ead$","matchValue":"bash"}
[16:38:02.078] INFO: [daemon.js:17438] [hook-registry] hooks filtered by matcher {"module":"hook-registry","hookEvent":"PostToolUse","matchValue":"bash","beforeCount":7,"afterCount":6}
[16:38:02.078] INFO: [daemon.js:17438] [32f0a825cf5743db8509ea92bfef4ace] ← POST /mavis/api/hooks/execute status=200 duration=1ms {"locale":"en"}
[16:38:02.080] INFO: [daemon.js:17438] [f8a810ec20cb40299705dcd665bc7ea4] → POST /mavis/api/metrics/runtime-event
[16:38:02.081] INFO: [daemon.js:17438] [f8a810ec20cb40299705dcd665bc7ea4] ← POST /mavis/api/metrics/runtime-event status=204 duration=1ms {"locale":"en"}
[16:38:02.094] INFO: [daemon.js:17438] [6a52d09d8d3744e3ac64c45ac1ad7272] → POST /mavis/api/metrics/runtime-event
[16:38:02.094] INFO: [daemon.js:17438] [6a52d09d8d3744e3ac64c45ac1ad7272] ← POST /mavis/api/metrics/runtime-event status=204 duration=0ms {"locale":"en"}
[16:38:02.099] INFO: [daemon.js:17438] [41803b4c4f01487dbaf7b36b8d28befc] → GET /mavis/api/session/mvs_121083dc1ae64fa1b109bd3bedf7436b
[16:38:02.099] INFO: [daemon.js:17438] [41803b4c4f01487dbaf7b36b8d28befc] ← GET /mavis/api/session/mvs_121083dc1ae64fa1b109bd3bedf7436b status=200 duration=0ms {"locale":"en"}
[16:38:02.780] INFO: [daemon.js:17438] [2bf1802355fb4e81bd55cd1fdcea1455] → GET /mavis/health
[16:38:02.781] INFO: [daemon.js:17438] [2bf1802355fb4e81bd55cd1fdcea1455] ← GET /mavis/health status=200 duration=1ms {"locale":"en"}
[16:38:04.041] INFO: [daemon.js:17438] [2d06f192ccf94507afe30baf5ee18567] → POST /mavis/api/metrics/runtime-event
[16:38:04.042] INFO: [daemon.js:17438] [2d06f192ccf94507afe30baf5ee18567] ← POST /mavis/api/metrics/runtime-event status=204 duration=1ms {"locale":"en"}
[16:38:04.042] INFO: [daemon.js:17438] [8699652a11ad46f789a5ec21df4e68b4] → POST /mavis/api/permission/check
[16:38:04.042] INFO: [daemon.js:17438] [8699652a11ad46f789a5ec21df4e68b4] Permission check requested: bash for mavis {"locale":"en"}
[16:38:04.043] INFO: [daemon.js:17438] Created ToolPermissionContext {"mode":"auto","ruleCount":0,"sandboxEnabled":false,"workingDirectory":"C:\\Users\\jethr\\.minimax-agent\\projects"}
[16:38:04.043] INFO: [daemon.js:17438] [dfda8661937245d8bacaedd3e159412b] BashToolPermissionChecker checkPermissions called, _toolName=bash, input={"command":"Select-String \"dataDir\" \"$env:APPDATA\\Zotero\\Zotero\\Profiles\\t4yjhwyt.default\\prefs.js\"","description":"Find Zotero data directory in prefs"}, context={"mode":"auto","rules":[],"sandboxEnabled":false,"autoAllowBashIfSandboxed":false,"workingDirectory":"C:\\Users\\jethr\\.minimax-agent\\projects","allowedWorkingPaths":[],"sandboxAllowPaths":[],"dataDir":"C:\\Users\\jethr\\.mavis","homeDir":"C:\\Users\\jethr","agentName":"mavis","sessionId":"mvs_121083dc1ae64fa1b109bd3bedf7436b","allowManagedPermissionRulesOnly":false,"interactiveTools":{}}
[16:38:04.043] INFO: [daemon.js:17438] [permission] subcommand layer=tail mode=default verdict=ask {"permLayer":"tail","permMode":"default","permVerdict":"ask","permReasonType":"safetyCheck","cmdPreview":"Select-String \"dataDir\" \"$env:APPDATA\\Zotero\\Zotero\\Profiles\\t4yjhwyt.default\\prefs.js\""}
[16:38:04.043] INFO: [daemon.js:17438] [permission] whole-command layer=aggregated mode=default verdict=ask {"permLayer":"aggregated","permMode":"default","permVerdict":"ask","permScope":"whole-command","cmdPreview":"Select-String \"dataDir\" \"$env:APPDATA\\Zotero\\Zotero\\Profiles\\t4yjhwyt.default\\prefs.js\"","sessionId":"mvs_121083dc1ae64fa1b109bd3bedf7436b","subcommandCount":1}
[16:38:04.043] INFO: [daemon.js:17438] [bac5599ca5834e528a6f3024b9832a17] [permission-service] Check result: toolName=bash behavior=ask reasonType=safetyCheck locale=en
[16:38:04.043] INFO: [daemon.js:17438] Running YOLO classifier {"toolName":"bash","inputLength":87,"sessionId":"mvs_121083dc1ae64fa1b109bd3bedf7436b","agentId":"mavis"}
[16:38:04.044] INFO: [daemon.js:17438] [permission] subcommand layer=tail mode=auto verdict=undecided {"permLayer":"tail","permMode":"auto","permVerdict":"undecided","permReasonType":"safetyCheck","cmdPreview":"Select-String \"dataDir\" \"$env:APPDATA\\Zotero\\Zotero\\Profiles\\t4yjhwyt.default\\prefs.js\""}
[16:38:04.044] INFO: [daemon.js:17438] [permission] whole-command layer=aggregated mode=auto verdict=undecided {"permLayer":"aggregated","permMode":"auto","permVerdict":"undecided","permScope":"whole-command","cmdPreview":"Select-String \"dataDir\" \"$env:APPDATA\\Zotero\\Zotero\\Profiles\\t4yjhwyt.default\\prefs.js\"","subcommandCount":1}
[16:38:06.721] INFO: [daemon.js:17438] Stage 2 LLM classification result {"toolName":"bash","verdict":"allow","reason":"Read-only search in the user's own Zotero preferences file to locate the data directory path; no secrets or destructive operations involved.","model":"minimax/MiniMax-M2.7","isIrreversibleDelete":false,"confidence":0.95}
[16:38:06.721] INFO: [daemon.js:17438] [fe49246e88da4765a5d042105e6df9d7] [permission-service] Auto mode classifier result: toolName=bash verdict=allow reason=Read-only search in the user's own Zotero preferences file to locate the data directory path; no secrets or destructive operations involved. model=minimax/MiniMax-M2.7 stage=thinking durationMs=2678 locale=en
[16:38:06.721] INFO: [daemon.js:17438] [8699652a11ad46f789a5ec21df4e68b4] Permission check result: bash → allow {"locale":"en"}
[16:38:06.721] INFO: [daemon.js:17438] [8699652a11ad46f789a5ec21df4e68b4] ← POST /mavis/api/permission/check status=200 duration=2679ms {"locale":"en"}
[16:38:06.725] INFO: [daemon.js:17438] [c148f14fd34f4dd7a283dac57bff0670] → POST /mavis/api/hooks/execute
[16:38:06.725] INFO: [daemon.js:17438] [hook-registry] matcher did not match, hook filtered out {"module":"hook-registry","hookId":"builtin:binary-read-guard","matcher":"^[Rr]ead$","matchValue":"bash"}
[16:38:06.726] INFO: [daemon.js:17438] [hook-registry] matcher did not match, hook filtered out {"module":"hook-registry","hookId":"builtin:docx-skill-env-gate","matcher":"^[Ss][Kk][Ii][Ll][Ll]$","matchValue":"bash"}
[16:38:06.726] INFO: [daemon.js:17438] [hook-registry] hooks filtered by matcher {"module":"hook-registry","hookEvent":"PreToolUse","matchValue":"bash","beforeCount":2,"afterCount":0}
[16:38:06.726] INFO: [daemon.js:17438] [c148f14fd34f4dd7a283dac57bff0670] ← POST /mavis/api/hooks/execute status=200 duration=1ms {"locale":"en"}
[16:38:06.899] INFO: [daemon.js:17438] [74bbf554027244aabf874475360793f5] → POST /mavis/api/metrics/runtime-event
[16:38:06.899] INFO: [daemon.js:17438] [74bbf554027244aabf874475360793f5] ← POST /mavis/api/metrics/runtime-event status=204 duration=0ms {"locale":"en"}
[16:38:06.899] INFO: [daemon.js:17438] [f49f0ea315b24877b22bd203b610a1de] → POST /mavis/api/hooks/execute
[16:38:06.900] INFO: [daemon.js:17438] [hook-registry] matcher did not match, hook filtered out {"module":"hook-registry","hookId":"builtin:read-image-compressor","matcher":"^[Rr]ead$","matchValue":"bash"}
[16:38:06.900] INFO: [daemon.js:17438] [hook-registry] hooks filtered by matcher {"module":"hook-registry","hookEvent":"PostToolUse","matchValue":"bash","beforeCount":7,"afterCount":6}
[16:38:06.900] INFO: [daemon.js:17438] [f49f0ea315b24877b22bd203b610a1de] ← POST /mavis/api/hooks/execute status=200 duration=1ms {"locale":"en"}
[16:38:06.903] INFO: [daemon.js:17438] [3f39eb03b3884d5e9b130c6160406f13] → POST /mavis/api/metrics/runtime-event
[16:38:06.903] INFO: [daemon.js:17438] [3f39eb03b3884d5e9b130c6160406f13] ← POST /mavis/api/metrics/runtime-event status=204 duration=0ms {"locale":"en"}
[16:38:06.919] INFO: [daemon.js:17438] [e04e0b93567e4d8398c8bad83ee703f7] → POST /mavis/api/metrics/runtime-event
[16:38:06.919] INFO: [daemon.js:17438] [e04e0b93567e4d8398c8bad83ee703f7] ← POST /mavis/api/metrics/runtime-event status=204 duration=0ms {"locale":"en"}
[16:38:06.924] INFO: [daemon.js:17438] [dd205e7f0c614b22a9eb20ef2a96db6e] → GET /mavis/api/session/mvs_121083dc1ae64fa1b109bd3bedf7436b
[16:38:06.924] INFO: [daemon.js:17438] [dd205e7f0c614b22a9eb20ef2a96db6e] ← GET /mavis/api/session/mvs_121083dc1ae64fa1b109bd3bedf7436b status=200 duration=0ms {"locale":"en"}
[16:38:08.865] INFO: [daemon.js:17438] [9bc59a4b576b45bda853ac7905e5666b] → POST /mavis/api/metrics/runtime-event
[16:38:08.865] INFO: [daemon.js:17438] [9bc59a4b576b45bda853ac7905e5666b] ← POST /mavis/api/metrics/runtime-event status=204 duration=0ms {"locale":"en"}
[16:38:08.865] INFO: [daemon.js:17438] [5b06a9a83f2e49e8a0bbd9a859c15142] → POST /mavis/api/permission/check
[16:38:08.866] INFO: [daemon.js:17438] [5b06a9a83f2e49e8a0bbd9a859c15142] Permission check requested: bash for mavis {"locale":"en"}
[16:38:08.866] INFO: [daemon.js:17438] Created ToolPermissionContext {"mode":"auto","ruleCount":0,"sandboxEnabled":false,"workingDirectory":"C:\\Users\\jethr\\.minimax-agent\\projects"}
[16:38:08.866] INFO: [daemon.js:17438] [856b87117143490a8424131c185cdd7a] BashToolPermissionChecker checkPermissions called, _toolName=bash, input={"command":"Get-ChildItem \"C:\\Users\\jethr\\Zotero\\attachments\\Karki\\2026\" | Where-Object { $_.Name -like \"*Cytokine*\" }","description":"Find cytokine storm PDF in Zotero storage"}, context={"mode":"auto","rules":[],"sandboxEnabled":false,"autoAllowBashIfSandboxed":false,"workingDirectory":"C:\\Users\\jethr\\.minimax-agent\\projects","allowedWorkingPaths":[],"sandboxAllowPaths":[],"dataDir":"C:\\Users\\jethr\\.mavis","homeDir":"C:\\Users\\jethr","agentName":"mavis","sessionId":"mvs_121083dc1ae64fa1b109bd3bedf7436b","allowManagedPermissionRulesOnly":false,"interactiveTools":{}}
[16:38:08.866] INFO: [daemon.js:17438] [permission] subcommand layer=tail mode=default verdict=ask {"permLayer":"tail","permMode":"default","permVerdict":"ask","permReasonType":"safetyCheck","cmdPreview":"Get-ChildItem \"C:\\Users\\jethr\\Zotero\\attachments\\Karki\\2026\""}
[16:38:08.866] INFO: [daemon.js:17438] [permission] subcommand layer=tail mode=default verdict=ask {"permLayer":"tail","permMode":"default","permVerdict":"ask","permReasonType":"safetyCheck","cmdPreview":"Where-Object { $_.Name -like \"*Cytokine*\" }"}
[16:38:08.866] INFO: [daemon.js:17438] [permission] whole-command layer=aggregated mode=default verdict=ask {"permLayer":"aggregated","permMode":"default","permVerdict":"ask","permScope":"whole-command","cmdPreview":"Get-ChildItem \"C:\\Users\\jethr\\Zotero\\attachments\\Karki\\2026\" | Where-Object { $_.Name -like \"*Cytokine*\" }","sessionId":"mvs_121083dc1ae64fa1b109bd3bedf7436b","subcommandCount":2}
[16:38:08.866] INFO: [daemon.js:17438] [2e1c7fc156ee4e0f8ed767301d850c2f] [permission-service] Check result: toolName=bash behavior=ask reasonType=safetyCheck locale=en
[16:38:08.867] INFO: [daemon.js:17438] Running YOLO classifier {"toolName":"bash","inputLength":106,"sessionId":"mvs_121083dc1ae64fa1b109bd3bedf7436b","agentId":"mavis"}
[16:38:08.867] INFO: [daemon.js:17438] [permission] subcommand layer=tail mode=auto verdict=undecided {"permLayer":"tail","permMode":"auto","permVerdict":"undecided","permReasonType":"safetyCheck","cmdPreview":"Get-ChildItem \"C:\\Users\\jethr\\Zotero\\attachments\\Karki\\2026\""}
[16:38:08.867] INFO: [daemon.js:17438] [permission] subcommand layer=tail mode=auto verdict=undecided {"permLayer":"tail","permMode":"auto","permVerdict":"undecided","permReasonType":"safetyCheck","cmdPreview":"Where-Object { $_.Name -like \"*Cytokine*\" }"}
[16:38:08.867] INFO: [daemon.js:17438] [permission] whole-command layer=aggregated mode=auto verdict=undecided {"permLayer":"aggregated","permMode":"auto","permVerdict":"undecided","permScope":"whole-command","cmdPreview":"Get-ChildItem \"C:\\Users\\jethr\\Zotero\\attachments\\Karki\\2026\" | Where-Object { $_.Name -like \"*Cytokine*\" }","subcommandCount":2}
[16:38:11.029] INFO: [daemon.js:17438] Stage 2 LLM classification result {"toolName":"bash","verdict":"allow","reason":"Read-only PowerShell directory listing with name filter; targets a specific user附件 folder with no modification, deletion, or system changes. Bounded scope and safe operation.","model":"minimax/MiniMax-M2.7","isIrreversibleDelete":false,"confidence":0.95}
[16:38:11.029] INFO: [daemon.js:17438] [b15850b704484f1186c1cf1e72267c73] [permission-service] Auto mode classifier result: toolName=bash verdict=allow reason=Read-only PowerShell directory listing with name filter; targets a specific user附件 folder with no modification, deletion, or system changes. Bounded scope and safe operation. model=minimax/MiniMax-M2.7 stage=thinking durationMs=2162 locale=en
[16:38:11.029] INFO: [daemon.js:17438] [5b06a9a83f2e49e8a0bbd9a859c15142] Permission check result: bash → allow {"locale":"en"}
[16:38:11.029] INFO: [daemon.js:17438] [5b06a9a83f2e49e8a0bbd9a859c15142] ← POST /mavis/api/permission/check status=200 duration=2164ms {"locale":"en"}
[16:38:11.033] INFO: [daemon.js:17438] [659be8f2cc444ead8659757c74c9fa42] → POST /mavis/api/hooks/execute
[16:38:11.033] INFO: [daemon.js:17438] [hook-registry] matcher did not match, hook filtered out {"module":"hook-registry","hookId":"builtin:binary-read-guard","matcher":"^[Rr]ead$","matchValue":"bash"}
[16:38:11.033] INFO: [daemon.js:17438] [hook-registry] matcher did not match, hook filtered out {"module":"hook-registry","hookId":"builtin:docx-skill-env-gate","matcher":"^[Ss][Kk][Ii][Ll][Ll]$","matchValue":"bash"}
[16:38:11.033] INFO: [daemon.js:17438] [hook-registry] hooks filtered by matcher {"module":"hook-registry","hookEvent":"PreToolUse","matchValue":"bash","beforeCount":2,"afterCount":0}
[16:38:11.033] INFO: [daemon.js:17438] [659be8f2cc444ead8659757c74c9fa42] ← POST /mavis/api/hooks/execute status=200 duration=0ms {"locale":"en"}
[16:38:11.220] INFO: [daemon.js:17438] [737494e6d5034d489bfefa293d4169eb] → POST /mavis/api/metrics/runtime-event
[16:38:11.220] INFO: [daemon.js:17438] [737494e6d5034d489bfefa293d4169eb] ← POST /mavis/api/metrics/runtime-event status=204 duration=0ms {"locale":"en"}
[16:38:11.221] INFO: [daemon.js:17438] [65917f37fedd4a7a99b6e35343cb5d8a] → POST /mavis/api/hooks/execute
[16:38:11.221] INFO: [daemon.js:17438] [hook-registry] matcher did not match, hook filtered out {"module":"hook-registry","hookId":"builtin:read-image-compressor","matcher":"^[Rr]ead$","matchValue":"bash"}
[16:38:11.221] INFO: [daemon.js:17438] [hook-registry] hooks filtered by matcher {"module":"hook-registry","hookEvent":"PostToolUse","matchValue":"bash","beforeCount":7,"afterCount":6}
[16:38:11.221] INFO: [daemon.js:17438] [65917f37fedd4a7a99b6e35343cb5d8a] ← POST /mavis/api/hooks/execute status=200 duration=0ms {"locale":"en"}
[16:38:11.223] INFO: [daemon.js:17438] [3a34eb65498c4c4c96ee5cfad8e3c2d3] → POST /mavis/api/metrics/runtime-event
[16:38:11.224] INFO: [daemon.js:17438] [3a34eb65498c4c4c96ee5cfad8e3c2d3] ← POST /mavis/api/metrics/runtime-event status=204 duration=1ms {"locale":"en"}
[16:38:11.237] INFO: [daemon.js:17438] [7cda6fb6e6604165901eb67bf7ba8b2d] → POST /mavis/api/metrics/runtime-event
[16:38:11.237] INFO: [daemon.js:17438] [7cda6fb6e6604165901eb67bf7ba8b2d] ← POST /mavis/api/metrics/runtime-event status=204 duration=0ms {"locale":"en"}
[16:38:11.241] INFO: [daemon.js:17438] [44ff1f5492964ed4a1835507c76a884c] → GET /mavis/api/session/mvs_121083dc1ae64fa1b109bd3bedf7436b
[16:38:11.242] INFO: [daemon.js:17438] [44ff1f5492964ed4a1835507c76a884c] ← GET /mavis/api/session/mvs_121083dc1ae64fa1b109bd3bedf7436b status=200 duration=1ms {"locale":"en"}
[16:38:12.786] INFO: [daemon.js:17438] [99f3aee0d6fa4ae6ac8971429750d650] → GET /mavis/health
[16:38:12.786] INFO: [daemon.js:17438] [99f3aee0d6fa4ae6ac8971429750d650] ← GET /mavis/health status=200 duration=0ms {"locale":"en"}
[16:38:13.551] INFO: [daemon.js:17438] [f08336a9ca57412785b6522b8f5391a2] → POST /mavis/api/metrics/runtime-event
[16:38:13.552] INFO: [daemon.js:17438] [f08336a9ca57412785b6522b8f5391a2] ← POST /mavis/api/metrics/runtime-event status=204 duration=1ms {"locale":"en"}
[16:38:13.552] INFO: [daemon.js:17438] [8d4c1ed4ab5940c8b09dd7ec1409a5d3] → POST /mavis/api/permission/check
[16:38:13.553] INFO: [daemon.js:17438] [8d4c1ed4ab5940c8b09dd7ec1409a5d3] Permission check requested: bash for mavis {"locale":"en"}
[16:38:13.553] INFO: [daemon.js:17438] Created ToolPermissionContext {"mode":"auto","ruleCount":0,"sandboxEnabled":false,"workingDirectory":"C:\\Users\\jethr\\.minimax-agent\\projects"}
[16:38:13.553] INFO: [daemon.js:17438] [2bc3344dac33404fa8cadc70df5083f1] BashToolPermissionChecker checkPermissions called, _toolName=bash, input={"command":"Get-ChildItem \"C:\\Users\\jethr\\Zotero\"","description":"List Zotero data directory contents"}, context={"mode":"auto","rules":[],"sandboxEnabled":false,"autoAllowBashIfSandboxed":false,"workingDirectory":"C:\\Users\\jethr\\.minimax-agent\\projects","allowedWorkingPaths":[],"sandboxAllowPaths":[],"dataDir":"C:\\Users\\jethr\\.mavis","homeDir":"C:\\Users\\jethr","agentName":"mavis","sessionId":"mvs_121083dc1ae64fa1b109bd3bedf7436b","allowManagedPermissionRulesOnly":false,"interactiveTools":{}}
[16:38:13.553] INFO: [daemon.js:17438] [permission] subcommand layer=tail mode=default verdict=ask {"permLayer":"tail","permMode":"default","permVerdict":"ask","permReasonType":"safetyCheck","cmdPreview":"Get-ChildItem \"C:\\Users\\jethr\\Zotero\""}
[16:38:13.553] INFO: [daemon.js:17438] [permission] whole-command layer=aggregated mode=default verdict=ask {"permLayer":"aggregated","permMode":"default","permVerdict":"ask","permScope":"whole-command","cmdPreview":"Get-ChildItem \"C:\\Users\\jethr\\Zotero\"","sessionId":"mvs_121083dc1ae64fa1b109bd3bedf7436b","subcommandCount":1}
[16:38:13.553] INFO: [daemon.js:17438] [4c83bad1ef6a42af9362b5e2e791fe63] [permission-service] Check result: toolName=bash behavior=ask reasonType=safetyCheck locale=en
[16:38:13.554] INFO: [daemon.js:17438] Running YOLO classifier {"toolName":"bash","inputLength":37,"sessionId":"mvs_121083dc1ae64fa1b109bd3bedf7436b","agentId":"mavis"}
[16:38:13.554] INFO: [daemon.js:17438] [permission] subcommand layer=tail mode=auto verdict=undecided {"permLayer":"tail","permMode":"auto","permVerdict":"undecided","permReasonType":"safetyCheck","cmdPreview":"Get-ChildItem \"C:\\Users\\jethr\\Zotero\""}
[16:38:13.554] INFO: [daemon.js:17438] [permission] whole-command layer=aggregated mode=auto verdict=undecided {"permLayer":"aggregated","permMode":"auto","permVerdict":"undecided","permScope":"whole-command","cmdPreview":"Get-ChildItem \"C:\\Users\\jethr\\Zotero\"","subcommandCount":1}
[16:38:19.959] INFO: [daemon.js:17438] Stage 2 LLM classification result {"toolName":"bash","verdict":"allow","reason":"Read-only directory listing of a user's research library folder. PowerShell syntax is correct for Windows platform. No side effects, bounded scope.","model":"minimax/MiniMax-M2.7","isIrreversibleDelete":false,"confidence":0.95}
[16:38:19.959] INFO: [daemon.js:17438] [c9699cef962146efac84726e809998a1] [permission-service] Auto mode classifier result: toolName=bash verdict=allow reason=Read-only directory listing of a user's research library folder. PowerShell syntax is correct for Windows platform. No side effects, bounded scope. model=minimax/MiniMax-M2.7 stage=thinking durationMs=6405 locale=en
[16:38:19.959] INFO: [daemon.js:17438] [8d4c1ed4ab5940c8b09dd7ec1409a5d3] Permission check result: bash → allow {"locale":"en"}
[16:38:19.959] INFO: [daemon.js:17438] [8d4c1ed4ab5940c8b09dd7ec1409a5d3] ← POST /mavis/api/permission/check status=200 duration=6407ms {"locale":"en"}
[16:38:19.962] INFO: [daemon.js:17438] [7512a1204045437db0d14d379e25495c] → POST /mavis/api/hooks/execute
[16:38:19.963] INFO: [daemon.js:17438] [hook-registry] matcher did not match, hook filtered out {"module":"hook-registry","hookId":"builtin:binary-read-guard","matcher":"^[Rr]ead$","matchValue":"bash"}
[16:38:19.963] INFO: [daemon.js:17438] [hook-registry] matcher did not match, hook filtered out {"module":"hook-registry","hookId":"builtin:docx-skill-env-gate","matcher":"^[Ss][Kk][Ii][Ll][Ll]$","matchValue":"bash"}
[16:38:19.963] INFO: [daemon.js:17438] [hook-registry] hooks filtered by matcher {"module":"hook-registry","hookEvent":"PreToolUse","matchValue":"bash","beforeCount":2,"afterCount":0}
[16:38:19.963] INFO: [daemon.js:17438] [7512a1204045437db0d14d379e25495c] ← POST /mavis/api/hooks/execute status=200 duration=1ms {"locale":"en"}
[16:38:20.111] INFO: [daemon.js:17438] [d6bebd38c9b9472a929eea04f38d0758] → POST /mavis/api/metrics/runtime-event
[16:38:20.111] INFO: [daemon.js:17438] [d6bebd38c9b9472a929eea04f38d0758] ← POST /mavis/api/metrics/runtime-event status=204 duration=0ms {"locale":"en"}
[16:38:20.111] INFO: [daemon.js:17438] [97a2b6d3829742e2a84af0c0a5d11cbb] → POST /mavis/api/hooks/execute
[16:38:20.112] INFO: [daemon.js:17438] [hook-registry] matcher did not match, hook filtered out {"module":"hook-registry","hookId":"builtin:read-image-compressor","matcher":"^[Rr]ead$","matchValue":"bash"}
[16:38:20.112] INFO: [daemon.js:17438] [hook-registry] hooks filtered by matcher {"module":"hook-registry","hookEvent":"PostToolUse","matchValue":"bash","beforeCount":7,"afterCount":6}
[16:38:20.112] INFO: [daemon.js:17438] [97a2b6d3829742e2a84af0c0a5d11cbb] ← POST /mavis/api/hooks/execute status=200 duration=1ms {"locale":"en"}
[16:38:20.114] INFO: [daemon.js:17438] [cf929622069342ad8bda8d72a9ede81a] → POST /mavis/api/metrics/runtime-event
[16:38:20.115] INFO: [daemon.js:17438] [cf929622069342ad8bda8d72a9ede81a] ← POST /mavis/api/metrics/runtime-event status=204 duration=1ms {"locale":"en"}
[16:38:20.127] INFO: [daemon.js:17438] [c3c771b3d4094af28b66ab1b018c0834] → POST /mavis/api/metrics/runtime-event
[16:38:20.128] INFO: [daemon.js:17438] [c3c771b3d4094af28b66ab1b018c0834] ← POST /mavis/api/metrics/runtime-event status=204 duration=1ms {"locale":"en"}
[16:38:20.132] INFO: [daemon.js:17438] [a31db32da32a419aa4c7c16e3140de19] → GET /mavis/api/session/mvs_121083dc1ae64fa1b109bd3bedf7436b
[16:38:20.133] INFO: [daemon.js:17438] [a31db32da32a419aa4c7c16e3140de19] ← GET /mavis/api/session/mvs_121083dc1ae64fa1b109bd3bedf7436b status=200 duration=1ms {"locale":"en"}
[16:38:22.045] INFO: [daemon.js:17438] [d997246f7a554913886bb310d4f541c4] → POST /mavis/api/metrics/runtime-event
[16:38:22.045] INFO: [daemon.js:17438] [d997246f7a554913886bb310d4f541c4] ← POST /mavis/api/metrics/runtime-event status=204 duration=0ms {"locale":"en"}
[16:38:22.046] INFO: [daemon.js:17438] [b733f6631906482ea6fed69a913a7dcb] → POST /mavis/api/permission/check
[16:38:22.046] INFO: [daemon.js:17438] [b733f6631906482ea6fed69a913a7dcb] Permission check requested: bash for mavis {"locale":"en"}
[16:38:22.046] INFO: [daemon.js:17438] Created ToolPermissionContext {"mode":"auto","ruleCount":0,"sandboxEnabled":false,"workingDirectory":"C:\\Users\\jethr\\.minimax-agent\\projects"}
[16:38:22.046] INFO: [daemon.js:17438] [bfb6b6db5dbb4505a22690e95596440b] BashToolPermissionChecker checkPermissions called, _toolName=bash, input={"command":"Get-ChildItem \"C:\\Users\\jethr\\Zotero\\storage\" -Recurse -Filter \"*Cytokine*\"","description":"Search for cytokine PDF in storage"}, context={"mode":"auto","rules":[],"sandboxEnabled":false,"autoAllowBashIfSandboxed":false,"workingDirectory":"C:\\Users\\jethr\\.minimax-agent\\projects","allowedWorkingPaths":[],"sandboxAllowPaths":[],"dataDir":"C:\\Users\\jethr\\.mavis","homeDir":"C:\\Users\\jethr","agentName":"mavis","sessionId":"mvs_121083dc1ae64fa1b109bd3bedf7436b","allowManagedPermissionRulesOnly":false,"interactiveTools":{}}
[16:38:22.046] INFO: [daemon.js:17438] [permission] subcommand layer=tail mode=default verdict=ask {"permLayer":"tail","permMode":"default","permVerdict":"ask","permReasonType":"safetyCheck","cmdPreview":"Get-ChildItem \"C:\\Users\\jethr\\Zotero\\storage\" -Recurse -Filter \"*Cytokine*\""}
[16:38:22.047] INFO: [daemon.js:17438] [permission] whole-command layer=aggregated mode=default verdict=ask {"permLayer":"aggregated","permMode":"default","permVerdict":"ask","permScope":"whole-command","cmdPreview":"Get-ChildItem \"C:\\Users\\jethr\\Zotero\\storage\" -Recurse -Filter \"*Cytokine*\"","sessionId":"mvs_121083dc1ae64fa1b109bd3bedf7436b","subcommandCount":1}
[16:38:22.047] INFO: [daemon.js:17438] [b0c59cf2081f4e8aaecfe567e5ad500d] [permission-service] Check result: toolName=bash behavior=ask reasonType=safetyCheck locale=en
[16:38:22.047] INFO: [daemon.js:17438] Running YOLO classifier {"toolName":"bash","inputLength":75,"sessionId":"mvs_121083dc1ae64fa1b109bd3bedf7436b","agentId":"mavis"}
[16:38:22.047] INFO: [daemon.js:17438] [permission] subcommand layer=tail mode=auto verdict=undecided {"permLayer":"tail","permMode":"auto","permVerdict":"undecided","permReasonType":"safetyCheck","cmdPreview":"Get-ChildItem \"C:\\Users\\jethr\\Zotero\\storage\" -Recurse -Filter \"*Cytokine*\""}
[16:38:22.047] INFO: [daemon.js:17438] [permission] whole-command layer=aggregated mode=auto verdict=undecided {"permLayer":"aggregated","permMode":"auto","permVerdict":"undecided","permScope":"whole-command","cmdPreview":"Get-ChildItem \"C:\\Users\\jethr\\Zotero\\storage\" -Recurse -Filter \"*Cytokine*\"","subcommandCount":1}
[16:38:22.798] INFO: [daemon.js:17438] [6eefb25f6f1348fca93b50bf1cffed48] → GET /mavis/health
[16:38:22.798] INFO: [daemon.js:17438] [6eefb25f6f1348fca93b50bf1cffed48] ← GET /mavis/health status=200 duration=0ms {"locale":"en"}
[16:38:32.271] INFO: [daemon.js:17438] Stage 2 LLM classification result {"toolName":"bash","verdict":"allow","reason":"Read-only recursive search in the user's personal Zotero storage directory. No system changes, deletions, or secret exfiltration — just searching for relevant PDF files as authorized by the /zotero-use instruction.","model":"minimax/MiniMax-M2.7","isIrreversibleDelete":false,"confidence":0.95}
[16:38:32.271] INFO: [daemon.js:17438] [2b646672232f4de99df00eb4eb9d68ff] [permission-service] Auto mode classifier result: toolName=bash verdict=allow reason=Read-only recursive search in the user's personal Zotero storage directory. No system changes, deletions, or secret exfiltration — just searching for relevant PDF files as authorized by the /zotero-use instruction. model=minimax/MiniMax-M2.7 stage=thinking durationMs=10224 locale=en
[16:38:32.271] INFO: [daemon.js:17438] [b733f6631906482ea6fed69a913a7dcb] Permission check result: bash → allow {"locale":"en"}
[16:38:32.271] INFO: [daemon.js:17438] [b733f6631906482ea6fed69a913a7dcb] ← POST /mavis/api/permission/check status=200 duration=10225ms {"locale":"en"}
[16:38:32.276] INFO: [daemon.js:17438] [eb3efacc48694ad7b82bb88ccb8ee604] → POST /mavis/api/hooks/execute
[16:38:32.277] INFO: [daemon.js:17438] [hook-registry] matcher did not match, hook filtered out {"module":"hook-registry","hookId":"builtin:binary-read-guard","matcher":"^[Rr]ead$","matchValue":"bash"}
[16:38:32.277] INFO: [daemon.js:17438] [hook-registry] matcher did not match, hook filtered out {"module":"hook-registry","hookId":"builtin:docx-skill-env-gate","matcher":"^[Ss][Kk][Ii][Ll][Ll]$","matchValue":"bash"}
[16:38:32.277] INFO: [daemon.js:17438] [hook-registry] hooks filtered by matcher {"module":"hook-registry","hookEvent":"PreToolUse","matchValue":"bash","beforeCount":2,"afterCount":0}
[16:38:32.277] INFO: [daemon.js:17438] [eb3efacc48694ad7b82bb88ccb8ee604] ← POST /mavis/api/hooks/execute status=200 duration=1ms {"locale":"en"}
[16:38:32.483] INFO: [daemon.js:17438] [ac1f4cd96bda4bf38e74cd77c4fd07ea] → POST /mavis/api/metrics/runtime-event
[16:38:32.484] INFO: [daemon.js:17438] [ac1f4cd96bda4bf38e74cd77c4fd07ea] ← POST /mavis/api/metrics/runtime-event status=204 duration=1ms {"locale":"en"}
[16:38:32.484] INFO: [daemon.js:17438] [6a0887e7591d4ab1ab692b561ec8e80d] → POST /mavis/api/hooks/execute
[16:38:32.485] INFO: [daemon.js:17438] [hook-registry] matcher did not match, hook filtered out {"module":"hook-registry","hookId":"builtin:read-image-compressor","matcher":"^[Rr]ead$","matchValue":"bash"}
[16:38:32.485] INFO: [daemon.js:17438] [hook-registry] hooks filtered by matcher {"module":"hook-registry","hookEvent":"PostToolUse","matchValue":"bash","beforeCount":7,"afterCount":6}
[16:38:32.485] INFO: [daemon.js:17438] [6a0887e7591d4ab1ab692b561ec8e80d] ← POST /mavis/api/hooks/execute status=200 duration=1ms {"locale":"en"}
[16:38:32.487] INFO: [daemon.js:17438] [8898c424e54940dd9f125965eba72ecd] → POST /mavis/api/metrics/runtime-event
[16:38:32.487] INFO: [daemon.js:17438] [8898c424e54940dd9f125965eba72ecd] ← POST /mavis/api/metrics/runtime-event status=204 duration=0ms {"locale":"en"}
[16:38:32.500] INFO: [daemon.js:17438] [a58b34d3941048ad8e2bb950a44fa40c] → POST /mavis/api/metrics/runtime-event
[16:38:32.501] INFO: [daemon.js:17438] [a58b34d3941048ad8e2bb950a44fa40c] ← POST /mavis/api/metrics/runtime-event status=204 duration=1ms {"locale":"en"}
[16:38:32.505] INFO: [daemon.js:17438] [054f8055f79f4556b28905e2141df2fb] → GET /mavis/api/session/mvs_121083dc1ae64fa1b109bd3bedf7436b
[16:38:32.506] INFO: [daemon.js:17438] [054f8055f79f4556b28905e2141df2fb] ← GET /mavis/api/session/mvs_121083dc1ae64fa1b109bd3bedf7436b status=200 duration=1ms {"locale":"en"}
[16:38:32.810] INFO: [daemon.js:17438] [b8e14e1260ce4a59a9ab1cf7a568ade0] → GET /mavis/health
[16:38:32.810] INFO: [daemon.js:17438] [b8e14e1260ce4a59a9ab1cf7a568ade0] ← GET /mavis/health status=200 duration=0ms {"locale":"en"}
[16:38:34.162] INFO: [daemon.js:17438] [3f4162c5507346ab9a23687c82e02833] → POST /mavis/api/metrics/runtime-event
[16:38:34.162] INFO: [daemon.js:17438] [3f4162c5507346ab9a23687c82e02833] ← POST /mavis/api/metrics/runtime-event status=204 duration=0ms {"locale":"en"}
[16:38:34.163] INFO: [daemon.js:17438] [27b81a640be4420cb8173c7bdda66073] → POST /mavis/api/permission/check
[16:38:34.163] INFO: [daemon.js:17438] [27b81a640be4420cb8173c7bdda66073] Permission check requested: bash for mavis {"locale":"en"}
[16:38:34.163] INFO: [daemon.js:17438] Created ToolPermissionContext {"mode":"auto","ruleCount":0,"sandboxEnabled":false,"workingDirectory":"C:\\Users\\jethr\\.minimax-agent\\projects"}
[16:38:34.163] INFO: [daemon.js:17438] [3701fa78ad2b48b49a76560316177d63] BashToolPermissionChecker checkPermissions called, _toolName=bash, input={"command":"Get-ChildItem \"C:\\Users\\jethr\\Zotero\\storage\" -Directory | Select-Object -First 10 Name","description":"List storage folder names"}, context={"mode":"auto","rules":[],"sandboxEnabled":false,"autoAllowBashIfSandboxed":false,"workingDirectory":"C:\\Users\\jethr\\.minimax-agent\\projects","allowedWorkingPaths":[],"sandboxAllowPaths":[],"dataDir":"C:\\Users\\jethr\\.mavis","homeDir":"C:\\Users\\jethr","agentName":"mavis","sessionId":"mvs_121083dc1ae64fa1b109bd3bedf7436b","allowManagedPermissionRulesOnly":false,"interactiveTools":{}}
[16:38:34.164] INFO: [daemon.js:17438] [permission] subcommand layer=tail mode=default verdict=ask {"permLayer":"tail","permMode":"default","permVerdict":"ask","permReasonType":"safetyCheck","cmdPreview":"Get-ChildItem \"C:\\Users\\jethr\\Zotero\\storage\" -Directory"}
[16:38:34.164] INFO: [daemon.js:17438] [permission] subcommand layer=tail mode=default verdict=ask {"permLayer":"tail","permMode":"default","permVerdict":"ask","permReasonType":"safetyCheck","cmdPreview":"Select-Object -First 10 Name"}
[16:38:34.164] INFO: [daemon.js:17438] [permission] whole-command layer=aggregated mode=default verdict=ask {"permLayer":"aggregated","permMode":"default","permVerdict":"ask","permScope":"whole-command","cmdPreview":"Get-ChildItem \"C:\\Users\\jethr\\Zotero\\storage\" -Directory | Select-Object -First 10 Name","sessionId":"mvs_121083dc1ae64fa1b109bd3bedf7436b","subcommandCount":2}
[16:38:34.164] INFO: [daemon.js:17438] [f94ede33d464486e81ddcd12b4b1da1a] [permission-service] Check result: toolName=bash behavior=ask reasonType=safetyCheck locale=en
[16:38:34.164] INFO: [daemon.js:17438] Running YOLO classifier {"toolName":"bash","inputLength":87,"sessionId":"mvs_121083dc1ae64fa1b109bd3bedf7436b","agentId":"mavis"}
[16:38:34.164] INFO: [daemon.js:17438] [permission] subcommand layer=tail mode=auto verdict=undecided {"permLayer":"tail","permMode":"auto","permVerdict":"undecided","permReasonType":"safetyCheck","cmdPreview":"Get-ChildItem \"C:\\Users\\jethr\\Zotero\\storage\" -Directory"}
[16:38:34.165] INFO: [daemon.js:17438] [permission] subcommand layer=tail mode=auto verdict=undecided {"permLayer":"tail","permMode":"auto","permVerdict":"undecided","permReasonType":"safetyCheck","cmdPreview":"Select-Object -First 10 Name"}
[16:38:34.165] INFO: [daemon.js:17438] [permission] whole-command layer=aggregated mode=auto verdict=undecided {"permLayer":"aggregated","permMode":"auto","permVerdict":"undecided","permScope":"whole-command","cmdPreview":"Get-ChildItem \"C:\\Users\\jethr\\Zotero\\storage\" -Directory | Select-Object -First 10 Name","subcommandCount":2}
[16:38:42.828] INFO: [daemon.js:17438] [123a2d353b494d09b60008ae35ba2228] → GET /mavis/health
[16:38:42.828] INFO: [daemon.js:17438] [123a2d353b494d09b60008ae35ba2228] ← GET /mavis/health status=200 duration=0ms {"locale":"en"}
[16:38:43.093] INFO: [daemon.js:17438] Stage 2 LLM classification result {"toolName":"bash","verdict":"allow","reason":"This is a read-only directory listing within the user's own Zotero data directory, scoped to 10 results. No system changes, no deletions, no secrets involved. Consistent with the user's stated goal of finding a cytokine storm PDF.","model":"minimax/MiniMax-M2.7","isIrreversibleDelete":false,"confidence":0.95}
[16:38:43.093] INFO: [daemon.js:17438] [ef07127bfe8b474ca3f9fe439a866223] [permission-service] Auto mode classifier result: toolName=bash verdict=allow reason=This is a read-only directory listing within the user's own Zotero data directory, scoped to 10 results. No system changes, no deletions, no secrets involved. Consistent with the user's stated goal of finding a cytokine storm PDF. model=minimax/MiniMax-M2.7 stage=thinking durationMs=8929 locale=en
[16:38:43.093] INFO: [daemon.js:17438] [27b81a640be4420cb8173c7bdda66073] Permission check result: bash → allow {"locale":"en"}
[16:38:43.093] INFO: [daemon.js:17438] [27b81a640be4420cb8173c7bdda66073] ← POST /mavis/api/permission/check status=200 duration=8930ms {"locale":"en"}
[16:38:43.100] INFO: [daemon.js:17438] [4df097b252944ca1aaf96db2278a5441] → POST /mavis/api/hooks/execute
[16:38:43.100] INFO: [daemon.js:17438] [hook-registry] matcher did not match, hook filtered out {"module":"hook-registry","hookId":"builtin:binary-read-guard","matcher":"^[Rr]ead$","matchValue":"bash"}
[16:38:43.101] INFO: [daemon.js:17438] [hook-registry] matcher did not match, hook filtered out {"module":"hook-registry","hookId":"builtin:docx-skill-env-gate","matcher":"^[Ss][Kk][Ii][Ll][Ll]$","matchValue":"bash"}
[16:38:43.101] INFO: [daemon.js:17438] [hook-registry] hooks filtered by matcher {"module":"hook-registry","hookEvent":"PreToolUse","matchValue":"bash","beforeCount":2,"afterCount":0}
[16:38:43.101] INFO: [daemon.js:17438] [4df097b252944ca1aaf96db2278a5441] ← POST /mavis/api/hooks/execute status=200 duration=1ms {"locale":"en"}
[16:38:43.261] INFO: [daemon.js:17438] [73d942d2696245a6b2e81e8300018d8d] → POST /mavis/api/metrics/runtime-event
[16:38:43.261] INFO: [daemon.js:17438] [73d942d2696245a6b2e81e8300018d8d] ← POST /mavis/api/metrics/runtime-event status=204 duration=0ms {"locale":"en"}
[16:38:43.262] INFO: [daemon.js:17438] [0c1453c35eba42b2a92d4f0ff80928a9] → POST /mavis/api/hooks/execute
[16:38:43.262] INFO: [daemon.js:17438] [hook-registry] matcher did not match, hook filtered out {"module":"hook-registry","hookId":"builtin:read-image-compressor","matcher":"^[Rr]ead$","matchValue":"bash"}
[16:38:43.263] INFO: [daemon.js:17438] [hook-registry] hooks filtered by matcher {"module":"hook-registry","hookEvent":"PostToolUse","matchValue":"bash","beforeCount":7,"afterCount":6}
[16:38:43.263] INFO: [daemon.js:17438] [0c1453c35eba42b2a92d4f0ff80928a9] ← POST /mavis/api/hooks/execute status=200 duration=1ms {"locale":"en"}
[16:38:43.265] INFO: [daemon.js:17438] [f187f1a7759d453d8d651076e20519c3] → POST /mavis/api/metrics/runtime-event
[16:38:43.265] INFO: [daemon.js:17438] [f187f1a7759d453d8d651076e20519c3] ← POST /mavis/api/metrics/runtime-event status=204 duration=0ms {"locale":"en"}
[16:38:43.277] INFO: [daemon.js:17438] [134264bc82284bcfb36d005b4fdef962] → POST /mavis/api/metrics/runtime-event
[16:38:43.277] INFO: [daemon.js:17438] [134264bc82284bcfb36d005b4fdef962] ← POST /mavis/api/metrics/runtime-event status=204 duration=0ms {"locale":"en"}
[16:38:43.282] INFO: [daemon.js:17438] [5c5135a77b68434d88d0a7df4fda6e02] → GET /mavis/api/session/mvs_121083dc1ae64fa1b109bd3bedf7436b
[16:38:43.282] INFO: [daemon.js:17438] [5c5135a77b68434d88d0a7df4fda6e02] ← GET /mavis/api/session/mvs_121083dc1ae64fa1b109bd3bedf7436b status=200 duration=0ms {"locale":"en"}
[16:38:45.928] INFO: [daemon.js:17438] [e9329a01bc6849cda7cff2a37a654d35] → POST /mavis/api/metrics/runtime-event
[16:38:45.929] INFO: [daemon.js:17438] [e9329a01bc6849cda7cff2a37a654d35] ← POST /mavis/api/metrics/runtime-event status=204 duration=1ms {"locale":"en"}
[16:38:45.929] INFO: [daemon.js:17438] [f380b3675d3b4c1fa27193c24e6d42f6] → POST /mavis/api/permission/check
[16:38:45.930] INFO: [daemon.js:17438] [f380b3675d3b4c1fa27193c24e6d42f6] Permission check requested: bash for mavis {"locale":"en"}
[16:38:45.930] INFO: [daemon.js:17438] Created ToolPermissionContext {"mode":"auto","ruleCount":0,"sandboxEnabled":false,"workingDirectory":"C:\\Users\\jethr\\.minimax-agent\\projects"}
[16:38:45.930] INFO: [daemon.js:17438] [259c5e4493624e5f88a67f51be966dbc] BashToolPermissionChecker checkPermissions called, _toolName=bash, input={"command":"Get-ChildItem \"C:\\Users\\jethr\\Zotero\" -Directory | Select-Object Name","description":"List all Zotero subdirectories"}, context={"mode":"auto","rules":[],"sandboxEnabled":false,"autoAllowBashIfSandboxed":false,"workingDirectory":"C:\\Users\\jethr\\.minimax-agent\\projects","allowedWorkingPaths":[],"sandboxAllowPaths":[],"dataDir":"C:\\Users\\jethr\\.mavis","homeDir":"C:\\Users\\jethr","agentName":"mavis","sessionId":"mvs_121083dc1ae64fa1b109bd3bedf7436b","allowManagedPermissionRulesOnly":false,"interactiveTools":{}}
[16:38:45.930] INFO: [daemon.js:17438] [permission] subcommand layer=tail mode=default verdict=ask {"permLayer":"tail","permMode":"default","permVerdict":"ask","permReasonType":"safetyCheck","cmdPreview":"Get-ChildItem \"C:\\Users\\jethr\\Zotero\" -Directory"}
[16:38:45.931] INFO: [daemon.js:17438] [permission] subcommand layer=tail mode=default verdict=ask {"permLayer":"tail","permMode":"default","permVerdict":"ask","permReasonType":"safetyCheck","cmdPreview":"Select-Object Name"}
[16:38:45.931] INFO: [daemon.js:17438] [permission] whole-command layer=aggregated mode=default verdict=ask {"permLayer":"aggregated","permMode":"default","permVerdict":"ask","permScope":"whole-command","cmdPreview":"Get-ChildItem \"C:\\Users\\jethr\\Zotero\" -Directory | Select-Object Name","sessionId":"mvs_121083dc1ae64fa1b109bd3bedf7436b","subcommandCount":2}
[16:38:45.931] INFO: [daemon.js:17438] [4be6e45c6d3b40e0b93c1a30e3606365] [permission-service] Check result: toolName=bash behavior=ask reasonType=safetyCheck locale=en
[16:38:45.931] INFO: [daemon.js:17438] Running YOLO classifier {"toolName":"bash","inputLength":69,"sessionId":"mvs_121083dc1ae64fa1b109bd3bedf7436b","agentId":"mavis"}
[16:38:45.931] INFO: [daemon.js:17438] [permission] subcommand layer=tail mode=auto verdict=undecided {"permLayer":"tail","permMode":"auto","permVerdict":"undecided","permReasonType":"safetyCheck","cmdPreview":"Get-ChildItem \"C:\\Users\\jethr\\Zotero\" -Directory"}
[16:38:45.932] INFO: [daemon.js:17438] [permission] subcommand layer=tail mode=auto verdict=undecided {"permLayer":"tail","permMode":"auto","permVerdict":"undecided","permReasonType":"safetyCheck","cmdPreview":"Select-Object Name"}
[16:38:45.932] INFO: [daemon.js:17438] [permission] whole-command layer=aggregated mode=auto verdict=undecided {"permLayer":"aggregated","permMode":"auto","permVerdict":"undecided","permScope":"whole-command","cmdPreview":"Get-ChildItem \"C:\\Users\\jethr\\Zotero\" -Directory | Select-Object Name","subcommandCount":2}
[16:38:52.823] INFO: [daemon.js:17438] [b108bcbaf0634ce39094f3e2ac098f64] → GET /mavis/health
[16:38:52.823] INFO: [daemon.js:17438] [b108bcbaf0634ce39094f3e2ac098f64] ← GET /mavis/health status=200 duration=0ms {"locale":"en"}
[16:38:53.083] INFO: [daemon.js:17438] Stage 2 LLM classification result {"toolName":"bash","verdict":"allow","reason":"Read-only directory listing in the user's own Zotero data folder; no destructive operations, secrets, or external network calls.","model":"minimax/MiniMax-M2.7","isIrreversibleDelete":false,"confidence":0.95}
[16:38:53.084] INFO: [daemon.js:17438] [1211d480f88146099ea3b3ef43dd2d66] [permission-service] Auto mode classifier result: toolName=bash verdict=allow reason=Read-only directory listing in the user's own Zotero data folder; no destructive operations, secrets, or external network calls. model=minimax/MiniMax-M2.7 stage=thinking durationMs=7153 locale=en
[16:38:53.084] INFO: [daemon.js:17438] [f380b3675d3b4c1fa27193c24e6d42f6] Permission check result: bash → allow {"locale":"en"}
[16:38:53.084] INFO: [daemon.js:17438] [f380b3675d3b4c1fa27193c24e6d42f6] ← POST /mavis/api/permission/check status=200 duration=7155ms {"locale":"en"}
[16:38:53.089] INFO: [daemon.js:17438] [48849ece578747fb9a9829250f81a546] → POST /mavis/api/hooks/execute
[16:38:53.089] INFO: [daemon.js:17438] [hook-registry] matcher did not match, hook filtered out {"module":"hook-registry","hookId":"builtin:binary-read-guard","matcher":"^[Rr]ead$","matchValue":"bash"}
[16:38:53.090] INFO: [daemon.js:17438] [hook-registry] matcher did not match, hook filtered out {"module":"hook-registry","hookId":"builtin:docx-skill-env-gate","matcher":"^[Ss][Kk][Ii][Ll][Ll]$","matchValue":"bash"}
[16:38:53.090] INFO: [daemon.js:17438] [hook-registry] hooks filtered by matcher {"module":"hook-registry","hookEvent":"PreToolUse","matchValue":"bash","beforeCount":2,"afterCount":0}
[16:38:53.090] INFO: [daemon.js:17438] [48849ece578747fb9a9829250f81a546] ← POST /mavis/api/hooks/execute status=200 duration=1ms {"locale":"en"}
[16:38:53.246] INFO: [daemon.js:17438] [2eaf688b9c7e4ea1b331f22c3da33fe9] → POST /mavis/api/metrics/runtime-event
[16:38:53.246] INFO: [daemon.js:17438] [2eaf688b9c7e4ea1b331f22c3da33fe9] ← POST /mavis/api/metrics/runtime-event status=204 duration=0ms {"locale":"en"}
[16:38:53.247] INFO: [daemon.js:17438] [b14cf3f3e85c4524bfc16bf6aabf3a95] → POST /mavis/api/hooks/execute
[16:38:53.247] INFO: [daemon.js:17438] [hook-registry] matcher did not match, hook filtered out {"module":"hook-registry","hookId":"builtin:read-image-compressor","matcher":"^[Rr]ead$","matchValue":"bash"}
[16:38:53.247] INFO: [daemon.js:17438] [hook-registry] hooks filtered by matcher {"module":"hook-registry","hookEvent":"PostToolUse","matchValue":"bash","beforeCount":7,"afterCount":6}
[16:38:53.247] INFO: [daemon.js:17438] [b14cf3f3e85c4524bfc16bf6aabf3a95] ← POST /mavis/api/hooks/execute status=200 duration=0ms {"locale":"en"}
[16:38:53.249] INFO: [daemon.js:17438] [b1426987e94e4e1e9c1ba44c07e3fb7c] → POST /mavis/api/metrics/runtime-event
[16:38:53.249] INFO: [daemon.js:17438] [b1426987e94e4e1e9c1ba44c07e3fb7c] ← POST /mavis/api/metrics/runtime-event status=204 duration=0ms {"locale":"en"}
[16:38:53.262] INFO: [daemon.js:17438] [436c5d5b53614afa898f6d90ee1ec34f] → POST /mavis/api/metrics/runtime-event
[16:38:53.262] INFO: [daemon.js:17438] [436c5d5b53614afa898f6d90ee1ec34f] ← POST /mavis/api/metrics/runtime-event status=204 duration=0ms {"locale":"en"}
[16:38:53.266] INFO: [daemon.js:17438] [fc71cd8513e24f3b938f27c1cb0a48b0] → GET /mavis/api/session/mvs_121083dc1ae64fa1b109bd3bedf7436b
[16:38:53.267] INFO: [daemon.js:17438] [fc71cd8513e24f3b938f27c1cb0a48b0] ← GET /mavis/api/session/mvs_121083dc1ae64fa1b109bd3bedf7436b status=200 duration=0ms {"locale":"en"}
[16:38:56.065] INFO: [daemon.js:17438] [65606808823e4e9cadfbda6281210196] → POST /mavis/api/metrics/runtime-event
[16:38:56.066] INFO: [daemon.js:17438] [65606808823e4e9cadfbda6281210196] ← POST /mavis/api/metrics/runtime-event status=204 duration=1ms {"locale":"en"}
[16:38:56.066] INFO: [daemon.js:17438] [ad38b414367d44bf8b152358e5292b23] → POST /mavis/api/permission/check
[16:38:56.066] INFO: [daemon.js:17438] [ad38b414367d44bf8b152358e5292b23] Permission check requested: bash for mavis {"locale":"en"}
[16:38:56.066] INFO: [daemon.js:17438] Created ToolPermissionContext {"mode":"auto","ruleCount":0,"sandboxEnabled":false,"workingDirectory":"C:\\Users\\jethr\\.minimax-agent\\projects"}
[16:38:56.066] INFO: [daemon.js:17438] [9581f44999074cadb5019b5f4cef003b] BashToolPermissionChecker checkPermissions called, _toolName=bash, input={"command":"Get-ChildItem \"C:\\Users\\jethr\\Zotero\" -Filter \"*Karki*\" -Recurse","description":"Search entire Zotero folder for Karki"}, context={"mode":"auto","rules":[],"sandboxEnabled":false,"autoAllowBashIfSandboxed":false,"workingDirectory":"C:\\Users\\jethr\\.minimax-agent\\projects","allowedWorkingPaths":[],"sandboxAllowPaths":[],"dataDir":"C:\\Users\\jethr\\.mavis","homeDir":"C:\\Users\\jethr","agentName":"mavis","sessionId":"mvs_121083dc1ae64fa1b109bd3bedf7436b","allowManagedPermissionRulesOnly":false,"interactiveTools":{}}
[16:38:56.067] INFO: [daemon.js:17438] [permission] subcommand layer=tail mode=default verdict=ask {"permLayer":"tail","permMode":"default","permVerdict":"ask","permReasonType":"safetyCheck","cmdPreview":"Get-ChildItem \"C:\\Users\\jethr\\Zotero\" -Filter \"*Karki*\" -Recurse"}
[16:38:56.067] INFO: [daemon.js:17438] [permission] whole-command layer=aggregated mode=default verdict=ask {"permLayer":"aggregated","permMode":"default","permVerdict":"ask","permScope":"whole-command","cmdPreview":"Get-ChildItem \"C:\\Users\\jethr\\Zotero\" -Filter \"*Karki*\" -Recurse","sessionId":"mvs_121083dc1ae64fa1b109bd3bedf7436b","subcommandCount":1}
[16:38:56.067] INFO: [daemon.js:17438] [724581b0acd541b1aae6bed7367fced5] [permission-service] Check result: toolName=bash behavior=ask reasonType=safetyCheck locale=en
[16:38:56.067] INFO: [daemon.js:17438] Running YOLO classifier {"toolName":"bash","inputLength":64,"sessionId":"mvs_121083dc1ae64fa1b109bd3bedf7436b","agentId":"mavis"}
[16:38:56.067] INFO: [daemon.js:17438] [permission] subcommand layer=tail mode=auto verdict=undecided {"permLayer":"tail","permMode":"auto","permVerdict":"undecided","permReasonType":"safetyCheck","cmdPreview":"Get-ChildItem \"C:\\Users\\jethr\\Zotero\" -Filter \"*Karki*\" -Recurse"}
[16:38:56.067] INFO: [daemon.js:17438] [permission] whole-command layer=aggregated mode=auto verdict=undecided {"permLayer":"aggregated","permMode":"auto","permVerdict":"undecided","permScope":"whole-command","cmdPreview":"Get-ChildItem \"C:\\Users\\jethr\\Zotero\" -Filter \"*Karki*\" -Recurse","subcommandCount":1}
[16:39:02.851] INFO: [daemon.js:17438] [f99d45d9e4d7463ab3a6e1fc221fc1b4] → GET /mavis/health
[16:39:02.851] INFO: [daemon.js:17438] [f99d45d9e4d7463ab3a6e1fc221fc1b4] ← GET /mavis/health status=200 duration=0ms {"locale":"en"}
[16:39:03.639] INFO: [daemon.js:17438] Stage 2 LLM classification result {"toolName":"bash","verdict":"allow","reason":"Read-only recursive search for files matching \"*Karki*\" in the user's Zotero directory — a bounded, non-destructive operation within a personal research library folder.","model":"minimax/MiniMax-M2.7","isIrreversibleDelete":false,"confidence":0.95}
[16:39:03.639] INFO: [daemon.js:17438] [1d85e36ffefc4e18b12cc4b067e63dfe] [permission-service] Auto mode classifier result: toolName=bash verdict=allow reason=Read-only recursive search for files matching "*Karki*" in the user's Zotero directory — a bounded, non-destructive operation within a personal research library folder. model=minimax/MiniMax-M2.7 stage=thinking durationMs=7572 locale=en
[16:39:03.639] INFO: [daemon.js:17438] [ad38b414367d44bf8b152358e5292b23] Permission check result: bash → allow {"locale":"en"}
[16:39:03.639] INFO: [daemon.js:17438] [ad38b414367d44bf8b152358e5292b23] ← POST /mavis/api/permission/check status=200 duration=7573ms {"locale":"en"}
[16:39:03.647] INFO: [daemon.js:17438] [aeb631fe2ccc41e0a849ae38482c3165] → POST /mavis/api/hooks/execute
[16:39:03.648] INFO: [daemon.js:17438] [hook-registry] matcher did not match, hook filtered out {"module":"hook-registry","hookId":"builtin:binary-read-guard","matcher":"^[Rr]ead$","matchValue":"bash"}
[16:39:03.648] INFO: [daemon.js:17438] [hook-registry] matcher did not match, hook filtered out {"module":"hook-registry","hookId":"builtin:docx-skill-env-gate","matcher":"^[Ss][Kk][Ii][Ll][Ll]$","matchValue":"bash"}
[16:39:03.648] INFO: [daemon.js:17438] [hook-registry] hooks filtered by matcher {"module":"hook-registry","hookEvent":"PreToolUse","matchValue":"bash","beforeCount":2,"afterCount":0}
[16:39:03.649] INFO: [daemon.js:17438] [aeb631fe2ccc41e0a849ae38482c3165] ← POST /mavis/api/hooks/execute status=200 duration=2ms {"locale":"en"}
[16:39:03.811] INFO: [daemon.js:17438] [f1b0519bcedb43698b1fd7454ea46151] → POST /mavis/api/metrics/runtime-event
[16:39:03.812] INFO: [daemon.js:17438] [f1b0519bcedb43698b1fd7454ea46151] ← POST /mavis/api/metrics/runtime-event status=204 duration=1ms {"locale":"en"}
[16:39:03.812] INFO: [daemon.js:17438] [2f5185efb5984cc995a6958c89fa0fa0] → POST /mavis/api/hooks/execute
[16:39:03.813] INFO: [daemon.js:17438] [hook-registry] matcher did not match, hook filtered out {"module":"hook-registry","hookId":"builtin:read-image-compressor","matcher":"^[Rr]ead$","matchValue":"bash"}
[16:39:03.813] INFO: [daemon.js:17438] [hook-registry] hooks filtered by matcher {"module":"hook-registry","hookEvent":"PostToolUse","matchValue":"bash","beforeCount":7,"afterCount":6}
[16:39:03.814] INFO: [daemon.js:17438] [2f5185efb5984cc995a6958c89fa0fa0] ← POST /mavis/api/hooks/execute status=200 duration=2ms {"locale":"en"}
[16:39:03.817] INFO: [daemon.js:17438] [00b98d3d18eb4410a43c7f4d4b0947e1] → POST /mavis/api/metrics/runtime-event
[16:39:03.818] INFO: [daemon.js:17438] [00b98d3d18eb4410a43c7f4d4b0947e1] ← POST /mavis/api/metrics/runtime-event status=204 duration=1ms {"locale":"en"}
[16:39:03.851] INFO: [daemon.js:17438] [d0e3bf7cba854618a01c4ff5f6cb30de] → POST /mavis/api/metrics/runtime-event
[16:39:03.852] INFO: [daemon.js:17438] [d0e3bf7cba854618a01c4ff5f6cb30de] ← POST /mavis/api/metrics/runtime-event status=204 duration=1ms {"locale":"en"}
[16:39:03.865] INFO: [daemon.js:17438] [1507d6188bd24f80b9559239ec4fb275] → GET /mavis/api/session/mvs_121083dc1ae64fa1b109bd3bedf7436b
[16:39:03.866] INFO: [daemon.js:17438] [1507d6188bd24f80b9559239ec4fb275] ← GET /mavis/api/session/mvs_121083dc1ae64fa1b109bd3bedf7436b status=200 duration=1ms {"locale":"en"}
[16:39:07.005] INFO: [daemon.js:17438] [b0c4993e0f79450aa9c2a6f14f414d7c] → POST /mavis/api/metrics/runtime-event
[16:39:07.006] INFO: [daemon.js:17438] [b0c4993e0f79450aa9c2a6f14f414d7c] ← POST /mavis/api/metrics/runtime-event status=204 duration=1ms {"locale":"en"}
[16:39:07.006] INFO: [daemon.js:17438] [d069334041a64246bfe3a4062b9a4adf] → POST /mavis/api/permission/check
[16:39:07.006] INFO: [daemon.js:17438] [d069334041a64246bfe3a4062b9a4adf] Permission check requested: bash for mavis {"locale":"en"}
[16:39:07.007] INFO: [daemon.js:17438] Created ToolPermissionContext {"mode":"auto","ruleCount":0,"sandboxEnabled":false,"workingDirectory":"C:\\Users\\jethr\\.minimax-agent\\projects"}
[16:39:07.007] INFO: [daemon.js:17438] [8f1b0fed499e48a89fe02c89f6075184] BashToolPermissionChecker checkPermissions called, _toolName=bash, input={"command":"sqlite3 \"C:\\Users\\jethr\\Zotero\\zotero.sqlite\" \"SELECT itemID, key, path FROM itemAttachments WHERE key='BAAZVKG4';\"","description":"Query SQLite for attachment path"}, context={"mode":"auto","rules":[],"sandboxEnabled":false,"autoAllowBashIfSandboxed":false,"workingDirectory":"C:\\Users\\jethr\\.minimax-agent\\projects","allowedWorkingPaths":[],"sandboxAllowPaths":[],"dataDir":"C:\\Users\\jethr\\.mavis","homeDir":"C:\\Users\\jethr","agentName":"mavis","sessionId":"mvs_121083dc1ae64fa1b109bd3bedf7436b","allowManagedPermissionRulesOnly":false,"interactiveTools":{}}
[16:39:07.007] INFO: [daemon.js:17438] [permission] subcommand layer=fast-allow-first-word mode=default verdict=allow {"permLayer":"fast-allow-first-word","permMode":"default","permVerdict":"allow","permCategory":"pureReadFastAllow","permReasonType":"safetyCheck","cmdPreview":"sqlite3 \"C:\\Users\\jethr\\Zotero\\zotero.sqlite\" \"SELECT itemID, key, path FROM itemAttachments WHERE key='BAAZVKG4';\"","firstWord":"sqlite3"}
[16:39:07.007] INFO: [daemon.js:17438] [permission] whole-command layer=aggregated mode=default verdict=allow {"permLayer":"aggregated","permMode":"default","permVerdict":"allow","permScope":"whole-command","cmdPreview":"sqlite3 \"C:\\Users\\jethr\\Zotero\\zotero.sqlite\" \"SELECT itemID, key, path FROM itemAttachments WHERE key='BAAZVKG4';\"","sessionId":"mvs_121083dc1ae64fa1b109bd3bedf7436b","subcommandCount":1}
[16:39:07.007] INFO: [daemon.js:17438] [c9e0ede038e94770a82db6827f0fcfeb] [permission-service] Check result: toolName=bash behavior=allow reasonType=subcommandResults locale=en
[16:39:07.008] INFO: [daemon.js:17438] [d069334041a64246bfe3a4062b9a4adf] Permission check result: bash → allow {"locale":"en"}
[16:39:07.008] INFO: [daemon.js:17438] [d069334041a64246bfe3a4062b9a4adf] ← POST /mavis/api/permission/check status=200 duration=2ms {"locale":"en"}
[16:39:07.011] INFO: [daemon.js:17438] [4ea6e93027094a57bc89a79adf027e9b] → POST /mavis/api/hooks/execute
[16:39:07.011] INFO: [daemon.js:17438] [hook-registry] matcher did not match, hook filtered out {"module":"hook-registry","hookId":"builtin:binary-read-guard","matcher":"^[Rr]ead$","matchValue":"bash"}
[16:39:07.012] INFO: [daemon.js:17438] [hook-registry] matcher did not match, hook filtered out {"module":"hook-registry","hookId":"builtin:docx-skill-env-gate","matcher":"^[Ss][Kk][Ii][Ll][Ll]$","matchValue":"bash"}
[16:39:07.012] INFO: [daemon.js:17438] [hook-registry] hooks filtered by matcher {"module":"hook-registry","hookEvent":"PreToolUse","matchValue":"bash","beforeCount":2,"afterCount":0}
[16:39:07.012] INFO: [daemon.js:17438] [4ea6e93027094a57bc89a79adf027e9b] ← POST /mavis/api/hooks/execute status=200 duration=1ms {"locale":"en"}
[16:39:07.641] INFO: [daemon.js:17438] [46e7080852914bbda647ae3aba4c0fd5] → POST /mavis/api/metrics/runtime-event
[16:39:07.642] INFO: [daemon.js:17438] [46e7080852914bbda647ae3aba4c0fd5] ← POST /mavis/api/metrics/runtime-event status=204 duration=1ms {"locale":"en"}
[16:39:07.642] INFO: [daemon.js:17438] [74ab97a57a0148699ee9041313cbb424] → POST /mavis/api/hooks/execute
[16:39:07.643] INFO: [daemon.js:17438] [hook-registry] matcher did not match, hook filtered out {"module":"hook-registry","hookId":"builtin:read-image-compressor","matcher":"^[Rr]ead$","matchValue":"bash"}
[16:39:07.643] INFO: [daemon.js:17438] [hook-registry] hooks filtered by matcher {"module":"hook-registry","hookEvent":"PostToolUse","matchValue":"bash","beforeCount":7,"afterCount":6}
[16:39:07.643] INFO: [daemon.js:17438] [74ab97a57a0148699ee9041313cbb424] ← POST /mavis/api/hooks/execute status=200 duration=1ms {"locale":"en"}
[16:39:07.646] INFO: [daemon.js:17438] [165cc3b50ac446fba6439c5e81857127] → POST /mavis/api/metrics/runtime-event
[16:39:07.647] INFO: [daemon.js:17438] [165cc3b50ac446fba6439c5e81857127] ← POST /mavis/api/metrics/runtime-event status=204 duration=1ms {"locale":"en"}
[16:39:07.671] INFO: [daemon.js:17438] [4193ec28ea834e56a08bab8301feb828] → POST /mavis/api/metrics/runtime-event
[16:39:07.672] INFO: [daemon.js:17438] [4193ec28ea834e56a08bab8301feb828] ← POST /mavis/api/metrics/runtime-event status=204 duration=1ms {"locale":"en"}
[16:39:07.683] INFO: [daemon.js:17438] [10130435048a4ac39761a7e9b2e3479b] → GET /mavis/api/session/mvs_121083dc1ae64fa1b109bd3bedf7436b
[16:39:07.683] INFO: [daemon.js:17438] [10130435048a4ac39761a7e9b2e3479b] ← GET /mavis/api/session/mvs_121083dc1ae64fa1b109bd3bedf7436b status=200 duration=0ms {"locale":"en"}
[16:39:10.454] INFO: [daemon.js:17438] [57781d9ad1974f20923ff4e8cf04b481] → POST /mavis/api/metrics/runtime-event
[16:39:10.455] INFO: [daemon.js:17438] [57781d9ad1974f20923ff4e8cf04b481] ← POST /mavis/api/metrics/runtime-event status=204 duration=1ms {"locale":"en"}
[16:39:10.455] INFO: [daemon.js:17438] [743a91bfb7ae47d8981456777277561e] → POST /mavis/api/permission/check
[16:39:10.456] INFO: [daemon.js:17438] [743a91bfb7ae47d8981456777277561e] Permission check requested: bash for mavis {"locale":"en"}
[16:39:10.456] INFO: [daemon.js:17438] Created ToolPermissionContext {"mode":"auto","ruleCount":0,"sandboxEnabled":false,"workingDirectory":"C:\\Users\\jethr\\.minimax-agent\\projects"}
[16:39:10.456] INFO: [daemon.js:17438] [9e285350ef7b4351abcff4d0eae8aedd] BashToolPermissionChecker checkPermissions called, _toolName=bash, input={"command":"python -c \"import sqlite3; conn = sqlite3.connect(r'C:\\Users\\jethr\\Zotero\\zotero.sqlite'); cur = conn.cursor(); cur.execute(\\\"SELECT key, path FROM itemAttachments WHERE key='BAAZVKG4'\\\"); print(cur.fetchone())\"","description":"Query SQLite via Python for attachment path"}, context={"mode":"auto","rules":[],"sandboxEnabled":false,"autoAllowBashIfSandboxed":false,"workingDirectory":"C:\\Users\\jethr\\.minimax-agent\\projects","allowedWorkingPaths":[],"sandboxAllowPaths":[],"dataDir":"C:\\Users\\jethr\\.mavis","homeDir":"C:\\Users\\jethr","agentName":"mavis","sessionId":"mvs_121083dc1ae64fa1b109bd3bedf7436b","allowManagedPermissionRulesOnly":false,"interactiveTools":{}}
[16:39:10.457] INFO: [daemon.js:17438] [permission] subcommand layer=soft-prescan mode=default verdict=ask {"permLayer":"soft-prescan","permMode":"default","permVerdict":"ask","permReasonType":"safetyCheck","cmdPreview":"python -c \"import sqlite3; conn = sqlite3.connect(r'C:\\Users\\jethr\\Zotero\\zotero.sqlite'); cur = conn.cursor(); cur.execute(\\\"SELECT key, path FROM itemAttachments WHERE key='BAAZVKG4'\\\"); print(cur.f…(+11)"}
[16:39:10.457] INFO: [daemon.js:17438] [permission] whole-command layer=aggregated mode=default verdict=ask {"permLayer":"aggregated","permMode":"default","permVerdict":"ask","permScope":"whole-command","cmdPreview":"python -c \"import sqlite3; conn = sqlite3.connect(r'C:\\Users\\jethr\\Zotero\\zotero.sqlite'); cur = conn.cursor(); cur.execute(\\\"SELECT key, path FROM itemAttachments WHERE key='BAAZVKG4'\\\"); print(cur.f…(+11)","sessionId":"mvs_121083dc1ae64fa1b109bd3bedf7436b","subcommandCount":1}
[16:39:10.457] INFO: [daemon.js:17438] [a65641a05f5441aa901ad937ed6b9473] [permission-service] Check result: toolName=bash behavior=ask reasonType=safetyCheck locale=en
[16:39:10.458] INFO: [daemon.js:17438] Running YOLO classifier {"toolName":"bash","inputLength":211,"sessionId":"mvs_121083dc1ae64fa1b109bd3bedf7436b","agentId":"mavis"}
[16:39:10.458] INFO: [daemon.js:17438] [permission] subcommand layer=soft-prescan mode=auto verdict=undecided {"permLayer":"soft-prescan","permMode":"auto","permVerdict":"undecided","permReasonType":"safetyCheck","cmdPreview":"python -c \"import sqlite3; conn = sqlite3.connect(r'C:\\Users\\jethr\\Zotero\\zotero.sqlite'); cur = conn.cursor(); cur.execute(\\\"SELECT key, path FROM itemAttachments WHERE key='BAAZVKG4'\\\"); print(cur.f…(+11)"}
[16:39:10.458] INFO: [daemon.js:17438] [permission] whole-command layer=aggregated mode=auto verdict=undecided {"permLayer":"aggregated","permMode":"auto","permVerdict":"undecided","permScope":"whole-command","cmdPreview":"python -c \"import sqlite3; conn = sqlite3.connect(r'C:\\Users\\jethr\\Zotero\\zotero.sqlite'); cur = conn.cursor(); cur.execute(\\\"SELECT key, path FROM itemAttachments WHERE key='BAAZVKG4'\\\"); print(cur.f…(+11)","subcommandCount":1}
[16:39:12.855] INFO: [daemon.js:17438] [a6cbd780a0aa4c4cbf967d26711ce194] → GET /mavis/health
[16:39:12.855] INFO: [daemon.js:17438] [a6cbd780a0aa4c4cbf967d26711ce194] ← GET /mavis/health status=200 duration=0ms {"locale":"en"}
[16:39:19.384] INFO: [daemon.js:17438] Stage 2 LLM classification result {"toolName":"bash","verdict":"allow","reason":"Read-only SQLite query on the user's personal Zotero library database to locate a PDF path; no system or secret files involved, no modification, and part of a legitimate research workflow.","model":"minimax/MiniMax-M2.7","isIrreversibleDelete":false,"confidence":0.95}
[16:39:19.384] INFO: [daemon.js:17438] [b3bdb9bbf1874f7f91cd8d2c3b717e2b] [permission-service] Auto mode classifier result: toolName=bash verdict=allow reason=Read-only SQLite query on the user's personal Zotero library database to locate a PDF path; no system or secret files involved, no modification, and part of a legitimate research workflow. model=minimax/MiniMax-M2.7 stage=thinking durationMs=8926 locale=en
[16:39:19.384] INFO: [daemon.js:17438] [743a91bfb7ae47d8981456777277561e] Permission check result: bash → allow {"locale":"en"}
[16:39:19.384] INFO: [daemon.js:17438] [743a91bfb7ae47d8981456777277561e] ← POST /mavis/api/permission/check status=200 duration=8929ms {"locale":"en"}
[16:39:19.386] INFO: [daemon.js:17438] [ab31d95db29240f4b5dd1f7bdf1f1fb0] → POST /mavis/api/hooks/execute
[16:39:19.387] INFO: [daemon.js:17438] [hook-registry] matcher did not match, hook filtered out {"module":"hook-registry","hookId":"builtin:binary-read-guard","matcher":"^[Rr]ead$","matchValue":"bash"}
[16:39:19.387] INFO: [daemon.js:17438] [hook-registry] matcher did not match, hook filtered out {"module":"hook-registry","hookId":"builtin:docx-skill-env-gate","matcher":"^[Ss][Kk][Ii][Ll][Ll]$","matchValue":"bash"}
[16:39:19.387] INFO: [daemon.js:17438] [hook-registry] hooks filtered by matcher {"module":"hook-registry","hookEvent":"PreToolUse","matchValue":"bash","beforeCount":2,"afterCount":0}
[16:39:19.388] INFO: [daemon.js:17438] [ab31d95db29240f4b5dd1f7bdf1f1fb0] ← POST /mavis/api/hooks/execute status=200 duration=2ms {"locale":"en"}
[16:39:19.634] INFO: [daemon.js:17438] [2c66cf3b04a4479b920f21ed498f2b5f] → POST /mavis/api/metrics/runtime-event
[16:39:19.635] INFO: [daemon.js:17438] [2c66cf3b04a4479b920f21ed498f2b5f] ← POST /mavis/api/metrics/runtime-event status=204 duration=1ms {"locale":"en"}
[16:39:19.635] INFO: [daemon.js:17438] [84b7b80054084d7b80f7276a805d8fdb] → POST /mavis/api/hooks/execute
[16:39:19.636] INFO: [daemon.js:17438] [hook-registry] matcher did not match, hook filtered out {"module":"hook-registry","hookId":"builtin:read-image-compressor","matcher":"^[Rr]ead$","matchValue":"bash"}
[16:39:19.636] INFO: [daemon.js:17438] [hook-registry] hooks filtered by matcher {"module":"hook-registry","hookEvent":"PostToolUse","matchValue":"bash","beforeCount":7,"afterCount":6}
[16:39:19.636] INFO: [daemon.js:17438] [84b7b80054084d7b80f7276a805d8fdb] ← POST /mavis/api/hooks/execute status=200 duration=1ms {"locale":"en"}
[16:39:19.639] INFO: [daemon.js:17438] [fabece356762438f8c0fadf46f282bcf] → POST /mavis/api/metrics/runtime-event
[16:39:19.640] INFO: [daemon.js:17438] [fabece356762438f8c0fadf46f282bcf] ← POST /mavis/api/metrics/runtime-event status=204 duration=1ms {"locale":"en"}
[16:39:19.663] INFO: [daemon.js:17438] [0c5ae09477d44d5581fab804fd408320] → POST /mavis/api/metrics/runtime-event
[16:39:19.664] INFO: [daemon.js:17438] [0c5ae09477d44d5581fab804fd408320] ← POST /mavis/api/metrics/runtime-event status=204 duration=1ms {"locale":"en"}
[16:39:19.679] INFO: [daemon.js:17438] [9457a09f9df84890bb74d74251cabf14] → GET /mavis/api/session/mvs_121083dc1ae64fa1b109bd3bedf7436b
[16:39:19.679] INFO: [daemon.js:17438] [9457a09f9df84890bb74d74251cabf14] ← GET /mavis/api/session/mvs_121083dc1ae64fa1b109bd3bedf7436b status=200 duration=0ms {"locale":"en"}
[16:39:21.420] INFO: [daemon.js:17438] [747b0fda806e4e9d82f4cad6e4253fda] → POST /mavis/api/metrics/runtime-event
[16:39:21.420] INFO: [daemon.js:17438] [747b0fda806e4e9d82f4cad6e4253fda] ← POST /mavis/api/metrics/runtime-event status=204 duration=0ms {"locale":"en"}
[16:39:21.421] INFO: [daemon.js:17438] [b1c5893154e140e58d71f20824e798ff] → GET /mavis/api/session/ses_17dae30d9ffeab6PvptsVip68z
[16:39:21.429] INFO: [daemon.js:17438] [b1c5893154e140e58d71f20824e798ff] ← GET /mavis/api/session/ses_17dae30d9ffeab6PvptsVip68z status=200 duration=8ms {"locale":"en"}
[16:39:21.430] INFO: [daemon.js:17438] [10453714ce1b4354bce174bfb8e787cf] → POST /mavis/api/permission/check
[16:39:21.431] INFO: [daemon.js:17438] [10453714ce1b4354bce174bfb8e787cf] Permission check requested: bash for mavis {"locale":"en"}
[16:39:21.431] INFO: [daemon.js:17438] Created ToolPermissionContext {"mode":"auto","ruleCount":0,"sandboxEnabled":false,"workingDirectory":"C:\\Users\\jethr\\.minimax-agent\\projects"}
[16:39:21.431] INFO: [daemon.js:17438] [75d4bfe976e347b48f3284d53b201cc5] BashToolPermissionChecker checkPermissions called, _toolName=bash, input={"command":"python -c \"import sqlite3; conn = sqlite3.connect(r'C:\\Users\\jethr\\Zotero\\zotero.sqlite'); cur = conn.cursor(); cur.execute('SELECT key, path FROM itemAttachments WHERE key=?', ('BAAZVKG4',)); print(cur.fetchone())\"","description":"Query SQLite via Python for attachment path"}, context={"mode":"auto","rules":[],"sandboxEnabled":false,"autoAllowBashIfSandboxed":false,"workingDirectory":"C:\\Users\\jethr\\.minimax-agent\\projects","allowedWorkingPaths":[],"sandboxAllowPaths":[],"dataDir":"C:\\Users\\jethr\\.mavis","homeDir":"C:\\Users\\jethr","agentName":"mavis","sessionId":"mvs_121083dc1ae64fa1b109bd3bedf7436b","allowManagedPermissionRulesOnly":false,"interactiveTools":{}}
[16:39:21.432] INFO: [daemon.js:17438] [permission] subcommand layer=soft-prescan mode=default verdict=ask {"permLayer":"soft-prescan","permMode":"default","permVerdict":"ask","permReasonType":"safetyCheck","cmdPreview":"python -c \"import sqlite3; conn = sqlite3.connect(r'C:\\Users\\jethr\\Zotero\\zotero.sqlite'); cur = conn.cursor(); cur.execute('SELECT key, path FROM itemAttachments WHERE key=?', ('BAAZVKG4',)); print(c…(+15)"}
[16:39:21.432] INFO: [daemon.js:17438] [permission] whole-command layer=aggregated mode=default verdict=ask {"permLayer":"aggregated","permMode":"default","permVerdict":"ask","permScope":"whole-command","cmdPreview":"python -c \"import sqlite3; conn = sqlite3.connect(r'C:\\Users\\jethr\\Zotero\\zotero.sqlite'); cur = conn.cursor(); cur.execute('SELECT key, path FROM itemAttachments WHERE key=?', ('BAAZVKG4',)); print(c…(+15)","sessionId":"mvs_121083dc1ae64fa1b109bd3bedf7436b","subcommandCount":1}
[16:39:21.432] INFO: [daemon.js:17438] [43d2fed96e36434688ecf3a0a8a46ff0] [permission-service] Check result: toolName=bash behavior=ask reasonType=safetyCheck locale=en
[16:39:21.432] INFO: [daemon.js:17438] Running YOLO classifier {"toolName":"bash","inputLength":215,"sessionId":"mvs_121083dc1ae64fa1b109bd3bedf7436b","agentId":"mavis"}
[16:39:21.432] INFO: [daemon.js:17438] [permission] subcommand layer=soft-prescan mode=auto verdict=undecided {"permLayer":"soft-prescan","permMode":"auto","permVerdict":"undecided","permReasonType":"safetyCheck","cmdPreview":"python -c \"import sqlite3; conn = sqlite3.connect(r'C:\\Users\\jethr\\Zotero\\zotero.sqlite'); cur = conn.cursor(); cur.execute('SELECT key, path FROM itemAttachments WHERE key=?', ('BAAZVKG4',)); print(c…(+15)"}
[16:39:21.433] INFO: [daemon.js:17438] [permission] whole-command layer=aggregated mode=auto verdict=undecided {"permLayer":"aggregated","permMode":"auto","permVerdict":"undecided","permScope":"whole-command","cmdPreview":"python -c \"import sqlite3; conn = sqlite3.connect(r'C:\\Users\\jethr\\Zotero\\zotero.sqlite'); cur = conn.cursor(); cur.execute('SELECT key, path FROM itemAttachments WHERE key=?', ('BAAZVKG4',)); print(c…(+15)","subcommandCount":1}
[16:39:22.871] INFO: [daemon.js:17438] [a55427f5f98f4044b64d1ee229d26988] → GET /mavis/health
[16:39:22.871] INFO: [daemon.js:17438] [a55427f5f98f4044b64d1ee229d26988] ← GET /mavis/health status=200 duration=0ms {"locale":"en"}
[16:39:28.363] INFO: [daemon.js:17438] Stage 2 LLM classification result {"toolName":"bash","verdict":"allow","reason":"Read-only SQLite query on a local database to retrieve file paths; no modification, deletion, or external transmission. Targeting a specific key in a personal Zotero library.","model":"minimax/MiniMax-M2.7","isIrreversibleDelete":false,"confidence":0.95}
[16:39:28.363] INFO: [daemon.js:17438] [fa16ad63051d47a7beb818c3a995ae17] [permission-service] Auto mode classifier result: toolName=bash verdict=allow reason=Read-only SQLite query on a local database to retrieve file paths; no modification, deletion, or external transmission. Targeting a specific key in a personal Zotero library. model=minimax/MiniMax-M2.7 stage=thinking durationMs=6931 locale=en
[16:39:28.363] INFO: [daemon.js:17438] [10453714ce1b4354bce174bfb8e787cf] Permission check result: bash → allow {"locale":"en"}
[16:39:28.363] INFO: [daemon.js:17438] [10453714ce1b4354bce174bfb8e787cf] ← POST /mavis/api/permission/check status=200 duration=6933ms {"locale":"en"}
[16:39:28.367] INFO: [daemon.js:17438] [9f5254c1045e48548d331e53ca277998] → POST /mavis/api/hooks/execute
[16:39:28.367] INFO: [daemon.js:17438] [hook-registry] matcher did not match, hook filtered out {"module":"hook-registry","hookId":"builtin:binary-read-guard","matcher":"^[Rr]ead$","matchValue":"bash"}
[16:39:28.367] INFO: [daemon.js:17438] [hook-registry] matcher did not match, hook filtered out {"module":"hook-registry","hookId":"builtin:docx-skill-env-gate","matcher":"^[Ss][Kk][Ii][Ll][Ll]$","matchValue":"bash"}
[16:39:28.368] INFO: [daemon.js:17438] [hook-registry] hooks filtered by matcher {"module":"hook-registry","hookEvent":"PreToolUse","matchValue":"bash","beforeCount":2,"afterCount":0}
[16:39:28.368] INFO: [daemon.js:17438] [9f5254c1045e48548d331e53ca277998] ← POST /mavis/api/hooks/execute status=200 duration=1ms {"locale":"en"}
[16:39:32.881] INFO: [daemon.js:17438] [36112e7ffcbb4fbdaacf21c0929514d0] → GET /mavis/health
[16:39:32.882] INFO: [daemon.js:17438] [36112e7ffcbb4fbdaacf21c0929514d0] ← GET /mavis/health status=200 duration=1ms {"locale":"en"}
[16:39:36.033] INFO: [daemon.js:17438] [5dfd3da4e71d400693224e70a1cfeb3b] → POST /mavis/api/metrics/runtime-event
[16:39:36.034] INFO: [daemon.js:17438] [5dfd3da4e71d400693224e70a1cfeb3b] ← POST /mavis/api/metrics/runtime-event status=204 duration=1ms {"locale":"en"}
[16:39:36.034] INFO: [daemon.js:17438] [7e0ac143d13d4e6d82ea826fb10ab593] → POST /mavis/api/hooks/execute
[16:39:36.035] INFO: [daemon.js:17438] [hook-registry] matcher did not match, hook filtered out {"module":"hook-registry","hookId":"builtin:read-image-compressor","matcher":"^[Rr]ead$","matchValue":"bash"}
[16:39:36.035] INFO: [daemon.js:17438] [hook-registry] hooks filtered by matcher {"module":"hook-registry","hookEvent":"PostToolUse","matchValue":"bash","beforeCount":7,"afterCount":6}
[16:39:36.035] INFO: [daemon.js:17438] [7e0ac143d13d4e6d82ea826fb10ab593] ← POST /mavis/api/hooks/execute status=200 duration=1ms {"locale":"en"}
[16:39:36.038] INFO: [daemon.js:17438] [146f358428794e44af05429b43a8db4b] → POST /mavis/api/metrics/runtime-event
[16:39:36.038] INFO: [daemon.js:17438] [146f358428794e44af05429b43a8db4b] ← POST /mavis/api/metrics/runtime-event status=204 duration=0ms {"locale":"en"}
[16:39:36.064] INFO: [daemon.js:17438] [60e0c5787f964a8a9e6d918974746e52] → POST /mavis/api/metrics/runtime-event
[16:39:36.065] INFO: [daemon.js:17438] [60e0c5787f964a8a9e6d918974746e52] ← POST /mavis/api/metrics/runtime-event status=204 duration=1ms {"locale":"en"}
[16:39:36.083] INFO: [daemon.js:17438] [1bc2f6f148e14e598de2af9e2f2433ce] → GET /mavis/api/session/mvs_121083dc1ae64fa1b109bd3bedf7436b
[16:39:36.084] INFO: [daemon.js:17438] [1bc2f6f148e14e598de2af9e2f2433ce] ← GET /mavis/api/session/mvs_121083dc1ae64fa1b109bd3bedf7436b status=200 duration=1ms {"locale":"en"}
[16:39:41.563] INFO: [daemon.js:17438] [720854eecf6d45e9a71fe5712c033309] → POST /mavis/api/metrics/runtime-event
[16:39:41.563] INFO: [daemon.js:17438] [720854eecf6d45e9a71fe5712c033309] ← POST /mavis/api/metrics/runtime-event status=204 duration=0ms {"locale":"en"}
[16:39:41.564] INFO: [daemon.js:17438] [e97a7343e4e04ba286b0ec4154260edf] → POST /mavis/api/permission/check
[16:39:41.564] INFO: [daemon.js:17438] [e97a7343e4e04ba286b0ec4154260edf] Permission check requested: bash for mavis {"locale":"en"}
[16:39:41.565] INFO: [daemon.js:17438] Created ToolPermissionContext {"mode":"auto","ruleCount":0,"sandboxEnabled":false,"workingDirectory":"C:\\Users\\jethr\\.minimax-agent\\projects"}
[16:39:41.565] INFO: [daemon.js:17438] [335a551e6a87483bba15e24f62bc04c5] BashToolPermissionChecker checkPermissions called, _toolName=bash, input={"command":"Test-Path \"C:\\Users\\jethr\\Zotero\\attachments\\Karki\\2026\\Karki et al. - 2026 - Cytokine storm.pdf\"","description":"Check if PDF exists at expected path"}, context={"mode":"auto","rules":[],"sandboxEnabled":false,"autoAllowBashIfSandboxed":false,"workingDirectory":"C:\\Users\\jethr\\.minimax-agent\\projects","allowedWorkingPaths":[],"sandboxAllowPaths":[],"dataDir":"C:\\Users\\jethr\\.mavis","homeDir":"C:\\Users\\jethr","agentName":"mavis","sessionId":"mvs_121083dc1ae64fa1b109bd3bedf7436b","allowManagedPermissionRulesOnly":false,"interactiveTools":{}}
[16:39:41.565] INFO: [daemon.js:17438] [permission] subcommand layer=tail mode=default verdict=ask {"permLayer":"tail","permMode":"default","permVerdict":"ask","permReasonType":"safetyCheck","cmdPreview":"Test-Path \"C:\\Users\\jethr\\Zotero\\attachments\\Karki\\2026\\Karki et al. - 2026 - Cytokine storm.pdf\""}
[16:39:41.565] INFO: [daemon.js:17438] [permission] whole-command layer=aggregated mode=default verdict=ask {"permLayer":"aggregated","permMode":"default","permVerdict":"ask","permScope":"whole-command","cmdPreview":"Test-Path \"C:\\Users\\jethr\\Zotero\\attachments\\Karki\\2026\\Karki et al. - 2026 - Cytokine storm.pdf\"","sessionId":"mvs_121083dc1ae64fa1b109bd3bedf7436b","subcommandCount":1}
[16:39:41.565] INFO: [daemon.js:17438] [9601d70d83a3478085168086fa55ec11] [permission-service] Check result: toolName=bash behavior=ask reasonType=safetyCheck locale=en
[16:39:41.566] INFO: [daemon.js:17438] Running YOLO classifier {"toolName":"bash","inputLength":97,"sessionId":"mvs_121083dc1ae64fa1b109bd3bedf7436b","agentId":"mavis"}
[16:39:41.566] INFO: [daemon.js:17438] [permission] subcommand layer=tail mode=auto verdict=undecided {"permLayer":"tail","permMode":"auto","permVerdict":"undecided","permReasonType":"safetyCheck","cmdPreview":"Test-Path \"C:\\Users\\jethr\\Zotero\\attachments\\Karki\\2026\\Karki et al. - 2026 - Cytokine storm.pdf\""}
[16:39:41.567] INFO: [daemon.js:17438] [permission] whole-command layer=aggregated mode=auto verdict=undecided {"permLayer":"aggregated","permMode":"auto","permVerdict":"undecided","permScope":"whole-command","cmdPreview":"Test-Path \"C:\\Users\\jethr\\Zotero\\attachments\\Karki\\2026\\Karki et al. - 2026 - Cytokine storm.pdf\"","subcommandCount":1}
[16:39:42.872] INFO: [daemon.js:17438] [01c8577ea8a44835a25fb469b5f1c458] → GET /mavis/health
[16:39:42.873] INFO: [daemon.js:17438] [01c8577ea8a44835a25fb469b5f1c458] ← GET /mavis/health status=200 duration=1ms {"locale":"en"}
[16:39:49.837] INFO: [daemon.js:17438] Stage 2 LLM classification result {"toolName":"bash","verdict":"allow","reason":"This is a read-only file existence check using Test-Path; it only queries whether the specified PDF file exists and does not modify or delete any data.","model":"minimax/MiniMax-M2.7","isIrreversibleDelete":false,"confidence":0.95}
[16:39:49.837] INFO: [daemon.js:17438] [d171870abf424eb7aae6fd2bf1bfaee7] [permission-service] Auto mode classifier result: toolName=bash verdict=allow reason=This is a read-only file existence check using Test-Path; it only queries whether the specified PDF file exists and does not modify or delete any data. model=minimax/MiniMax-M2.7 stage=thinking durationMs=8271 locale=en
[16:39:49.837] INFO: [daemon.js:17438] [e97a7343e4e04ba286b0ec4154260edf] Permission check result: bash → allow {"locale":"en"}
[16:39:49.837] INFO: [daemon.js:17438] [e97a7343e4e04ba286b0ec4154260edf] ← POST /mavis/api/permission/check status=200 duration=8273ms {"locale":"en"}
[16:39:49.842] INFO: [daemon.js:17438] [be4bf923abc845b9b68bb36d9f2f3374] → POST /mavis/api/hooks/execute
[16:39:49.843] INFO: [daemon.js:17438] [hook-registry] matcher did not match, hook filtered out {"module":"hook-registry","hookId":"builtin:binary-read-guard","matcher":"^[Rr]ead$","matchValue":"bash"}
[16:39:49.843] INFO: [daemon.js:17438] [hook-registry] matcher did not match, hook filtered out {"module":"hook-registry","hookId":"builtin:docx-skill-env-gate","matcher":"^[Ss][Kk][Ii][Ll][Ll]$","matchValue":"bash"}
[16:39:49.843] INFO: [daemon.js:17438] [hook-registry] hooks filtered by matcher {"module":"hook-registry","hookEvent":"PreToolUse","matchValue":"bash","beforeCount":2,"afterCount":0}
[16:39:49.843] INFO: [daemon.js:17438] [be4bf923abc845b9b68bb36d9f2f3374] ← POST /mavis/api/hooks/execute status=200 duration=1ms {"locale":"en"}
[16:39:49.975] INFO: [daemon.js:17438] [646976c409e04c91bb4211c038012b23] → POST /mavis/api/metrics/runtime-event
[16:39:49.976] INFO: [daemon.js:17438] [646976c409e04c91bb4211c038012b23] ← POST /mavis/api/metrics/runtime-event status=204 duration=1ms {"locale":"en"}
[16:39:49.976] INFO: [daemon.js:17438] [131b781879c34a0aab4ca27b4b6d7dc5] → POST /mavis/api/hooks/execute
[16:39:49.977] INFO: [daemon.js:17438] [hook-registry] matcher did not match, hook filtered out {"module":"hook-registry","hookId":"builtin:read-image-compressor","matcher":"^[Rr]ead$","matchValue":"bash"}
[16:39:49.977] INFO: [daemon.js:17438] [hook-registry] hooks filtered by matcher {"module":"hook-registry","hookEvent":"PostToolUse","matchValue":"bash","beforeCount":7,"afterCount":6}
[16:39:49.977] INFO: [daemon.js:17438] [131b781879c34a0aab4ca27b4b6d7dc5] ← POST /mavis/api/hooks/execute status=200 duration=1ms {"locale":"en"}
[16:39:49.980] INFO: [daemon.js:17438] [fbd28839f93f4457a85dd8cb1ca34d3d] → POST /mavis/api/metrics/runtime-event
[16:39:49.980] INFO: [daemon.js:17438] [fbd28839f93f4457a85dd8cb1ca34d3d] ← POST /mavis/api/metrics/runtime-event status=204 duration=0ms {"locale":"en"}
[16:39:50.002] INFO: [daemon.js:17438] [e702f52ce8304d7a91f49f5cd3f0c6e5] → POST /mavis/api/metrics/runtime-event
[16:39:50.002] INFO: [daemon.js:17438] [e702f52ce8304d7a91f49f5cd3f0c6e5] ← POST /mavis/api/metrics/runtime-event status=204 duration=0ms {"locale":"en"}
[16:39:50.018] INFO: [daemon.js:17438] [a7efb488612043bd8a4d831d7f368403] → GET /mavis/api/session/mvs_121083dc1ae64fa1b109bd3bedf7436b
[16:39:50.018] INFO: [daemon.js:17438] [a7efb488612043bd8a4d831d7f368403] ← GET /mavis/api/session/mvs_121083dc1ae64fa1b109bd3bedf7436b status=200 duration=0ms {"locale":"en"}
[16:39:52.883] INFO: [daemon.js:17438] [536711e9e78f49b29120a8e962688138] → GET /mavis/health
[16:39:52.884] INFO: [daemon.js:17438] [536711e9e78f49b29120a8e962688138] ← GET /mavis/health status=200 duration=1ms {"locale":"en"}
[16:39:58.043] INFO: [daemon.js:17438] [1e6c284325124775aa0ddd20ca33e711] → POST /mavis/api/metrics/runtime-event
[16:39:58.044] INFO: [daemon.js:17438] [1e6c284325124775aa0ddd20ca33e711] ← POST /mavis/api/metrics/runtime-event status=204 duration=1ms {"locale":"en"}
[16:39:58.054] INFO: [daemon.js:17438] [3fa4d2e94e934742ae31474234b22ecb] [monitor] response TTFT measured sessionId=mvs_121083dc1ae64fa1b109bd3bedf7436b agentName=mavis ttftMs=220029 breakdown={"resolveSession":0,"reconcileConfig":0,"hooks":9,"modelResolve":3,"adapterSend":220017}
[16:39:58.073] INFO: [daemon.js:17438] [c34604d29cf749fe8e9c35c455496d5c] → GET /mavis/api/session/mvs_121083dc1ae64fa1b109bd3bedf7436b
[16:39:58.074] INFO: [daemon.js:17438] [c34604d29cf749fe8e9c35c455496d5c] ← GET /mavis/api/session/mvs_121083dc1ae64fa1b109bd3bedf7436b status=200 duration=1ms {"locale":"en"}
[16:39:58.469] INFO: [daemon.js:17438] [29a9206c783d4911b4ead2a317a6a7ec] [bridge] Emitting session.finish event sessionId=mvs_121083dc1ae64fa1b109bd3bedf7436b agentName=mavis isError=false
[16:39:58.474] INFO: [daemon.js:17438] [a145d55e51c24ddc991304d9eeeddaf0] [cron-store] Loaded cron configs, count=0
[16:40:02.897] INFO: [daemon.js:17438] [a238cff033c0492c8b31962a893a505a] → GET /mavis/health
[16:40:02.897] INFO: [daemon.js:17438] [a238cff033c0492c8b31962a893a505a] ← GET /mavis/health status=200 duration=0ms {"locale":"en"}
[16:40:12.899] INFO: [daemon.js:17438] [998146ab0a74439797b1fd4b8830e82d] → GET /mavis/health
[16:40:12.899] INFO: [daemon.js:17438] [998146ab0a74439797b1fd4b8830e82d] ← GET /mavis/health status=200 duration=0ms {"locale":"en"}
[16:40:22.920] INFO: [daemon.js:17438] [2376d33d3ae84a788299e4e0ae1d6325] → GET /mavis/health
[16:40:22.920] INFO: [daemon.js:17438] [2376d33d3ae84a788299e4e0ae1d6325] ← GET /mavis/health status=200 duration=0ms {"locale":"en"}
[16:40:32.909] INFO: [daemon.js:17438] [77b7846af1f24a059ebb921d52987743] → GET /mavis/health
[16:40:32.910] INFO: [daemon.js:17438] [77b7846af1f24a059ebb921d52987743] ← GET /mavis/health status=200 duration=1ms {"locale":"en"}
[16:40:42.929] INFO: [daemon.js:17438] [5e0ee2de07dc4d37a132ef902d4f24a0] → GET /mavis/health
[16:40:42.930] INFO: [daemon.js:17438] [5e0ee2de07dc4d37a132ef902d4f24a0] ← GET /mavis/health status=200 duration=1ms {"locale":"en"}
[16:40:52.935] INFO: [daemon.js:17438] [3aa220271c864a2287297e96d5c42eb5] → GET /mavis/health
[16:40:52.935] INFO: [daemon.js:17438] [3aa220271c864a2287297e96d5c42eb5] ← GET /mavis/health status=200 duration=0ms {"locale":"en"}
[16:41:02.925] INFO: [daemon.js:17438] [4ff311860da241caa6e9a3cfea68515e] → GET /mavis/health
[16:41:02.926] INFO: [daemon.js:17438] [4ff311860da241caa6e9a3cfea68515e] ← GET /mavis/health status=200 duration=1ms {"locale":"en"}
[16:41:09.477] INFO: [daemon.js:17438] [91499072dd104d049c5e4dfa4034a21a] [mcp:matrix:stderr] [matrix-mcp-cli] tools/list dropped 2 unknown tool(s) not in this cli's KNOWN_TOOLS: matrix_extract_content_from_websites, matrix_get_upload_url
[16:41:09.478] INFO: [daemon.js:17438] [37e07ec5991d49cf879cb5f33b551281] → POST /mavis/mcp/cu
[16:41:09.481] INFO: [daemon.js:17438] [37e07ec5991d49cf879cb5f33b551281] ← POST /mavis/mcp/cu status=200 duration=3ms {"locale":"en"}
[16:41:09.481] INFO: [daemon.js:17438] [c29f5807e73b461aa4114152c951f599] → POST /mavis/mcp/trash
[16:41:09.483] INFO: [daemon.js:17438] [c29f5807e73b461aa4114152c951f599] ← POST /mavis/mcp/trash status=200 duration=2ms {"locale":"en"}
[16:41:12.931] INFO: [daemon.js:17438] [0dd2f013624a481ba3f7b87d10f54244] → GET /mavis/health
[16:41:12.931] INFO: [daemon.js:17438] [0dd2f013624a481ba3f7b87d10f54244] ← GET /mavis/health status=200 duration=0ms {"locale":"en"}
[16:41:22.940] INFO: [daemon.js:17438] [c83c06e04b68450da9e206bafb4778d5] → GET /mavis/health
[16:41:22.941] INFO: [daemon.js:17438] [c83c06e04b68450da9e206bafb4778d5] ← GET /mavis/health status=200 duration=1ms {"locale":"en"}
[16:41:32.764] INFO: [daemon.js:17438] [ce67d81f409f4b7e9dd7538c88fadbe7] → GET /mavis/api/session/mvs_121083dc1ae64fa1b109bd3bedf7436b/message
[16:41:32.765] INFO: [daemon.js:17438] MessageStore list completed {"ctx":{"traceId":"ce67d81f409f4b7e9dd7538c88fadbe7","locale":"en"},"sessionId":"mvs_121083dc1ae64fa1b109bd3bedf7436b","durationMs":0,"messageCount":31,"hasNextCursor":false}
[16:41:32.766] INFO: [daemon.js:17438] [ce67d81f409f4b7e9dd7538c88fadbe7] ← GET /mavis/api/session/mvs_121083dc1ae64fa1b109bd3bedf7436b/message status=200 duration=2ms {"locale":"en"}
[16:41:32.766] INFO: [daemon.js:17438] [5b81ac142c474783bb632879a88e972e] → GET /mavis/api/permission/requests
[16:41:32.766] INFO: [daemon.js:17438] [5b81ac142c474783bb632879a88e972e] ← GET /mavis/api/permission/requests status=200 duration=0ms {"locale":"en"}
[16:41:32.769] INFO: [daemon.js:17438] [b05820122ff749e2ad39b8b0e4afa7b9] → GET /mavis/api/session/mvs_121083dc1ae64fa1b109bd3bedf7436b
[16:41:32.777] INFO: [daemon.js:17438] [b05820122ff749e2ad39b8b0e4afa7b9] ← GET /mavis/api/session/mvs_121083dc1ae64fa1b109bd3bedf7436b status=200 duration=8ms {"locale":"en"}
[16:41:32.779] INFO: [daemon.js:17438] [e2d19710a32445e1a66488d0d3bcac49] → GET /mavis/api/session/mvs_121083dc1ae64fa1b109bd3bedf7436b/queue
[16:41:32.779] INFO: [daemon.js:17438] [e2d19710a32445e1a66488d0d3bcac49] ← GET /mavis/api/session/mvs_121083dc1ae64fa1b109bd3bedf7436b/queue status=200 duration=0ms {"locale":"en"}
[16:41:32.960] INFO: [daemon.js:17438] [00842577ebe2413fb7aa06e969ccfb0c] → GET /mavis/health
[16:41:32.960] INFO: [daemon.js:17438] [00842577ebe2413fb7aa06e969ccfb0c] ← GET /mavis/health status=200 duration=0ms {"locale":"en"}
[16:41:42.977] INFO: [daemon.js:17438] [94adf1fe280e4ed8a09cf8b972295697] → GET /mavis/health
[16:41:42.977] INFO: [daemon.js:17438] [94adf1fe280e4ed8a09cf8b972295697] ← GET /mavis/health status=200 duration=0ms {"locale":"en"}
[16:41:52.973] INFO: [daemon.js:17438] [8c3c258b04924351984a05768848d4a0] → GET /mavis/health
[16:41:52.974] INFO: [daemon.js:17438] [8c3c258b04924351984a05768848d4a0] ← GET /mavis/health status=200 duration=1ms {"locale":"en"}
[16:42:02.979] INFO: [daemon.js:17438] [b829205e13354050a754fd4fad4b7be8] → GET /mavis/health
[16:42:02.979] INFO: [daemon.js:17438] [b829205e13354050a754fd4fad4b7be8] ← GET /mavis/health status=200 duration=0ms {"locale":"en"}
[16:42:05.344] INFO: [daemon.js:17438] [806531b5414c4c67a74824da061ba4a8] → GET /mavis/mcp/cu
[16:42:05.344] INFO: [daemon.js:17438] [806531b5414c4c67a74824da061ba4a8] ← GET /mavis/mcp/cu status=200 duration=0ms {"locale":"en"}
[16:42:05.345] INFO: [daemon.js:17438] [a355e00691a84ebcb116a5c3d8c1f088] → GET /mavis/mcp/trash
[16:42:05.346] INFO: [daemon.js:17438] [a355e00691a84ebcb116a5c3d8c1f088] ← GET /mavis/mcp/trash status=200 duration=1ms {"locale":"en"}
[16:42:12.990] INFO: [daemon.js:17438] [37bc1a3ed5e743e6b877fc79433ae6e7] → GET /mavis/health
[16:42:12.990] INFO: [daemon.js:17438] [37bc1a3ed5e743e6b877fc79433ae6e7] ← GET /mavis/health status=200 duration=0ms {"locale":"en"}
[16:42:15.887] INFO: [daemon.js:17438] [9e55de8875b74eedb0dcabc3963888ce] → POST /mavis/api/content
[16:42:16.146] INFO: [daemon.js:17438] [9e55de8875b74eedb0dcabc3963888ce] ← POST /mavis/api/content status=200 duration=259ms {"locale":"en"}
[16:42:16.149] INFO: [daemon.js:17438] [b9e090a4999340b09822cbd9c07a66b2] → POST /mavis/api/session/mvs_121083dc1ae64fa1b109bd3bedf7436b/message
[16:42:16.150] INFO: [daemon.js:17438] [b9e090a4999340b09822cbd9c07a66b2] SendMessage received for mavis/mvs_121083dc1ae64fa1b109bd3bedf7436b {"locale":"en"}
[16:42:16.150] INFO: [daemon.js:17438] [message] Forwarding user message {"ctx":{"traceId":"b9e090a4999340b09822cbd9c07a66b2","locale":"en"},"agentName":"mavis","sessionId":"mvs_121083dc1ae64fa1b109bd3bedf7436b","queuedMessageCount":0,"turnId":"11c4ce2f-d19c-4765-8f59-4d17fcf5721f"}
[16:42:16.150] INFO: [daemon.js:17438] [b9e090a4999340b09822cbd9c07a66b2] ← POST /mavis/api/session/mvs_121083dc1ae64fa1b109bd3bedf7436b/message status=200 duration=1ms {"locale":"en"}
[16:42:16.151] INFO: [daemon.js:17438] [5a005181a0b24cd5b141cede678569bb] Session turnId updated sessionId=mvs_121083dc1ae64fa1b109bd3bedf7436b turnId=11c4ce2f-d19c-4765-8f59-4d17fcf5721f
[16:42:16.511] INFO: [daemon.js:17438] [efa1b3ad70e04e8bb4d23aa4235555f5] Resolved model from request override agentName=mavis providerID=minimax modelID=MiniMax-M2.7
[16:42:16.517] INFO: [daemon.js:17438] [c6e06427277c4641bcb6fb88e2900a8b] Resolved model from request override agentName=mavis providerID=minimax modelID=MiniMax-M2.7
[16:42:16.518] INFO: [daemon.js:17438] [b9e090a4999340b09822cbd9c07a66b2] sendMessage started, agentName=mavis, sessionId=mvs_121083dc1ae64fa1b109bd3bedf7436b {"locale":"en"}
[16:42:16.542] INFO: [daemon.js:17438] [45b2dc7b0fde4d30a40bcee5aa718561] → POST /mavis/api/metrics/runtime-event
[16:42:16.542] INFO: [daemon.js:17438] [45b2dc7b0fde4d30a40bcee5aa718561] ← POST /mavis/api/metrics/runtime-event status=204 duration=0ms {"locale":"en"}
[16:42:20.197] INFO: [daemon.js:17438] [100b337b6c7b41cf8d4ac16382d3494a] → POST /mavis/api/metrics/runtime-event
[16:42:20.198] INFO: [daemon.js:17438] [100b337b6c7b41cf8d4ac16382d3494a] ← POST /mavis/api/metrics/runtime-event status=204 duration=1ms {"locale":"en"}
[16:42:20.205] INFO: [daemon.js:17438] [fe9e3e2ce31746659578f415495bde57] [monitor] thinking TTFT measured sessionId=mvs_121083dc1ae64fa1b109bd3bedf7436b agentName=mavis ttftMs=4055
[16:42:20.207] INFO: [daemon.js:17438] [8e3a54f310924af39d71fd03889f12e5] [monitor] response TTFT measured sessionId=mvs_121083dc1ae64fa1b109bd3bedf7436b agentName=mavis ttftMs=4057 breakdown={"resolveSession":1,"reconcileConfig":0,"hooks":366,"modelResolve":1,"adapterSend":3689}
[16:42:20.510] INFO: [daemon.js:17438] [40fecab401c943dca51439e9dca2f274] [bridge] Emitting session.finish event sessionId=mvs_121083dc1ae64fa1b109bd3bedf7436b agentName=mavis isError=false
[16:42:20.514] INFO: [daemon.js:17438] [ea4ba959b4ed4b1ab6b6acd5496559ad] [cron-store] Loaded cron configs, count=0
[16:42:20.531] INFO: [daemon.js:17438] [4ae37f44e29645548e0aac4ff06d1709] → GET /mavis/api/session/mvs_121083dc1ae64fa1b109bd3bedf7436b/diff
[16:42:20.535] INFO: [daemon.js:17438] [4ae37f44e29645548e0aac4ff06d1709] ← GET /mavis/api/session/mvs_121083dc1ae64fa1b109bd3bedf7436b/diff status=200 duration=4ms {"locale":"en"}
[16:42:20.537] INFO: [daemon.js:17438] [6536d06effe54b72995014ca2b4035dc] → GET /mavis/api/session/mvs_121083dc1ae64fa1b109bd3bedf7436b
[16:42:20.540] INFO: [daemon.js:17438] [6536d06effe54b72995014ca2b4035dc] ← GET /mavis/api/session/mvs_121083dc1ae64fa1b109bd3bedf7436b status=200 duration=3ms {"locale":"en"}
[16:42:23.004] INFO: [daemon.js:17438] [2a3bac1554e5473d96c5dd3585ca4f5d] → GET /mavis/health
[16:42:23.004] INFO: [daemon.js:17438] [2a3bac1554e5473d96c5dd3585ca4f5d] ← GET /mavis/health status=200 duration=0ms {"locale":"en"}
[16:42:33.014] INFO: [daemon.js:17438] [3747d562e2694c6da2bb924d8a284706] → GET /mavis/health
[16:42:33.014] INFO: [daemon.js:17438] [3747d562e2694c6da2bb924d8a284706] ← GET /mavis/health status=200 duration=0ms {"locale":"en"}
[16:42:43.046] INFO: [daemon.js:17438] [5a381829ad5a43c6bb0f8d70ad5fb4d4] → GET /mavis/health
[16:42:43.047] INFO: [daemon.js:17438] [5a381829ad5a43c6bb0f8d70ad5fb4d4] ← GET /mavis/health status=200 duration=1ms {"locale":"en"}
[16:42:53.034] INFO: [daemon.js:17438] [ef355a9ae4574a319f9aeb3d767a91ad] → GET /mavis/health
[16:42:53.034] INFO: [daemon.js:17438] [ef355a9ae4574a319f9aeb3d767a91ad] ← GET /mavis/health status=200 duration=0ms {"locale":"en"}
[16:43:03.035] INFO: [daemon.js:17438] [61947160c3664611aa30357787f32a2a] → GET /mavis/health
[16:43:03.035] INFO: [daemon.js:17438] [61947160c3664611aa30357787f32a2a] ← GET /mavis/health status=200 duration=0ms {"locale":"en"}
[16:43:13.053] INFO: [daemon.js:17438] [6fc51c3fe4b5440fab8f939b4bebb465] → GET /mavis/health
[16:43:13.053] INFO: [daemon.js:17438] [6fc51c3fe4b5440fab8f939b4bebb465] ← GET /mavis/health status=200 duration=0ms {"locale":"en"}
[16:43:23.048] INFO: [daemon.js:17438] [ddcdd79050514dab9bb54e0cc298df96] → GET /mavis/health
[16:43:23.049] INFO: [daemon.js:17438] [ddcdd79050514dab9bb54e0cc298df96] ← GET /mavis/health status=200 duration=1ms {"locale":"en"}
[16:43:33.049] INFO: [daemon.js:17438] [0b3bf93ea6374183904320cddbc02972] → GET /mavis/health
[16:43:33.049] INFO: [daemon.js:17438] [0b3bf93ea6374183904320cddbc02972] ← GET /mavis/health status=200 duration=0ms {"locale":"en"}
[16:43:43.070] INFO: [daemon.js:17438] [6efde55f4b2248dda8b2b0a455ca1ff0] → GET /mavis/health
[16:43:43.071] INFO: [daemon.js:17438] [6efde55f4b2248dda8b2b0a455ca1ff0] ← GET /mavis/health status=200 duration=1ms {"locale":"en"}
[16:43:53.061] INFO: [daemon.js:17438] [0eab7c8f61af4df9abde449873fd9c7e] → GET /mavis/health
[16:43:53.061] INFO: [daemon.js:17438] [0eab7c8f61af4df9abde449873fd9c7e] ← GET /mavis/health status=200 duration=0ms {"locale":"en"}
[16:43:54.312] INFO: [daemon.js:17438] [e2d739b8dbac416f854e1dc0f572af28] → GET /mavis/api/session/mvs_121083dc1ae64fa1b109bd3bedf7436b/message
[16:43:54.313] INFO: [daemon.js:17438] MessageStore list completed {"ctx":{"traceId":"e2d739b8dbac416f854e1dc0f572af28","locale":"en"},"sessionId":"mvs_121083dc1ae64fa1b109bd3bedf7436b","durationMs":0,"messageCount":33,"hasNextCursor":false}
[16:43:54.313] INFO: [daemon.js:17438] [e2d739b8dbac416f854e1dc0f572af28] ← GET /mavis/api/session/mvs_121083dc1ae64fa1b109bd3bedf7436b/message status=200 duration=1ms {"locale":"en"}
[16:43:54.314] INFO: [daemon.js:17438] [1d38eb4601b74dc8ad7360562fe4c12b] → GET /mavis/api/permission/requests
[16:43:54.314] INFO: [daemon.js:17438] [1d38eb4601b74dc8ad7360562fe4c12b] ← GET /mavis/api/permission/requests status=200 duration=0ms {"locale":"en"}
[16:43:54.317] INFO: [daemon.js:17438] [9b7acdd699c5407c8b68459bbddf71f1] → GET /mavis/api/session/mvs_121083dc1ae64fa1b109bd3bedf7436b
[16:43:54.322] INFO: [daemon.js:17438] [9b7acdd699c5407c8b68459bbddf71f1] ← GET /mavis/api/session/mvs_121083dc1ae64fa1b109bd3bedf7436b status=200 duration=5ms {"locale":"en"}
[16:43:54.324] INFO: [daemon.js:17438] [237c189e95d242599947de9170645343] → GET /mavis/api/session/mvs_121083dc1ae64fa1b109bd3bedf7436b/queue
[16:43:54.325] INFO: [daemon.js:17438] [237c189e95d242599947de9170645343] ← GET /mavis/api/session/mvs_121083dc1ae64fa1b109bd3bedf7436b/queue status=200 duration=1ms {"locale":"en"}
[16:44:03.070] INFO: [daemon.js:17438] [3b6092efa7b74bc7863b845e41f5ab54] → GET /mavis/health
[16:44:03.070] INFO: [daemon.js:17438] [3b6092efa7b74bc7863b845e41f5ab54] ← GET /mavis/health status=200 duration=0ms {"locale":"en"}
[16:44:13.083] INFO: [daemon.js:17438] [e9510f7e89894c40aa0c705a0091c09a] → GET /mavis/health
[16:44:13.083] INFO: [daemon.js:17438] [e9510f7e89894c40aa0c705a0091c09a] ← GET /mavis/health status=200 duration=0ms {"locale":"en"}
[16:44:23.090] INFO: [daemon.js:17438] [9bc545180466471c8235e168af7a0eff] → GET /mavis/health
[16:44:23.090] INFO: [daemon.js:17438] [9bc545180466471c8235e168af7a0eff] ← GET /mavis/health status=200 duration=0ms {"locale":"en"}
[16:44:33.110] INFO: [daemon.js:17438] [9b64ca7358c84579ae7063e4a8cd4248] → GET /mavis/health
[16:44:33.110] INFO: [daemon.js:17438] [9b64ca7358c84579ae7063e4a8cd4248] ← GET /mavis/health status=200 duration=0ms {"locale":"en"}
[16:44:43.130] INFO: [daemon.js:17438] [fd4cd232211f4648ae854df6ec37ba5a] → GET /mavis/health
[16:44:43.130] INFO: [daemon.js:17438] [fd4cd232211f4648ae854df6ec37ba5a] ← GET /mavis/health status=200 duration=0ms {"locale":"en"}
[16:44:48.836] INFO: [daemon.js:17438] [649ae3e083f84b019a0f52569dd7f7e4] → GET /mavis/api/session/mvs_121083dc1ae64fa1b109bd3bedf7436b/message
[16:44:48.837] INFO: [daemon.js:17438] MessageStore list completed {"ctx":{"traceId":"649ae3e083f84b019a0f52569dd7f7e4","locale":"en"},"sessionId":"mvs_121083dc1ae64fa1b109bd3bedf7436b","durationMs":0,"messageCount":33,"hasNextCursor":false}
[16:44:48.837] INFO: [daemon.js:17438] [649ae3e083f84b019a0f52569dd7f7e4] ← GET /mavis/api/session/mvs_121083dc1ae64fa1b109bd3bedf7436b/message status=200 duration=1ms {"locale":"en"}
[16:44:48.838] INFO: [daemon.js:17438] [bbf86bc639b849fabff238e7be2e8c9c] → GET /mavis/api/permission/requests
[16:44:48.838] INFO: [daemon.js:17438] [bbf86bc639b849fabff238e7be2e8c9c] ← GET /mavis/api/permission/requests status=200 duration=0ms {"locale":"en"}
[16:44:48.840] INFO: [daemon.js:17438] [c67117e34e014d35a0dea9bd06e4da8b] → GET /mavis/api/session/mvs_121083dc1ae64fa1b109bd3bedf7436b
[16:44:48.846] INFO: [daemon.js:17438] [c67117e34e014d35a0dea9bd06e4da8b] ← GET /mavis/api/session/mvs_121083dc1ae64fa1b109bd3bedf7436b status=200 duration=6ms {"locale":"en"}
[16:44:48.848] INFO: [daemon.js:17438] [0da9bbac183a4bb9a7efa5262a5e2796] → GET /mavis/api/session/mvs_121083dc1ae64fa1b109bd3bedf7436b/queue
[16:44:48.849] INFO: [daemon.js:17438] [0da9bbac183a4bb9a7efa5262a5e2796] ← GET /mavis/api/session/mvs_121083dc1ae64fa1b109bd3bedf7436b/queue status=200 duration=1ms {"locale":"en"}
[16:44:53.114] INFO: [daemon.js:17438] [afb7c13042354bf7a3db07ebedaf78e0] → GET /mavis/health
[16:44:53.115] INFO: [daemon.js:17438] [afb7c13042354bf7a3db07ebedaf78e0] ← GET /mavis/health status=200 duration=1ms {"locale":"en"}
[16:44:55.847] INFO: [daemon.js:17438] [8b9046a546e34aa18506d32b692958a4] → GET /mavis/api/session/mvs_121083dc1ae64fa1b109bd3bedf7436b/message
[16:44:55.848] INFO: [daemon.js:17438] MessageStore list completed {"ctx":{"traceId":"8b9046a546e34aa18506d32b692958a4","locale":"en"},"sessionId":"mvs_121083dc1ae64fa1b109bd3bedf7436b","durationMs":0,"messageCount":33,"hasNextCursor":false}
[16:44:55.848] INFO: [daemon.js:17438] [8b9046a546e34aa18506d32b692958a4] ← GET /mavis/api/session/mvs_121083dc1ae64fa1b109bd3bedf7436b/message status=200 duration=1ms {"locale":"en"}
[16:44:55.849] INFO: [daemon.js:17438] [809150777cbc4427a0a53e8ecd60c50d] → GET /mavis/api/permission/requests
[16:44:55.849] INFO: [daemon.js:17438] [809150777cbc4427a0a53e8ecd60c50d] ← GET /mavis/api/permission/requests status=200 duration=0ms {"locale":"en"}
[16:44:55.852] INFO: [daemon.js:17438] [20fcfdd6ecc541d1b5365bc134535390] → GET /mavis/api/session/mvs_121083dc1ae64fa1b109bd3bedf7436b
[16:44:55.859] INFO: [daemon.js:17438] [20fcfdd6ecc541d1b5365bc134535390] ← GET /mavis/api/session/mvs_121083dc1ae64fa1b109bd3bedf7436b status=200 duration=7ms {"locale":"en"}
[16:44:55.861] INFO: [daemon.js:17438] [cc39e0d1183047e8b11403f47038e909] → GET /mavis/api/session/mvs_121083dc1ae64fa1b109bd3bedf7436b/queue
[16:44:55.861] INFO: [daemon.js:17438] [cc39e0d1183047e8b11403f47038e909] ← GET /mavis/api/session/mvs_121083dc1ae64fa1b109bd3bedf7436b/queue status=200 duration=0ms {"locale":"en"}
[16:45:03.129] INFO: [daemon.js:17438] [12e8d9da0d17477ea75fc4c27f7dd8ec] → GET /mavis/health
[16:45:03.129] INFO: [daemon.js:17438] [12e8d9da0d17477ea75fc4c27f7dd8ec] ← GET /mavis/health status=200 duration=0ms {"locale":"en"}
[16:45:08.351] INFO: [daemon.js:17438] [d5c77065fa3d45d5b9f4b15b694571eb] → POST /mavis/api/content
[16:45:08.655] INFO: [daemon.js:17438] [d5c77065fa3d45d5b9f4b15b694571eb] ← POST /mavis/api/content status=200 duration=304ms {"locale":"en"}
[16:45:08.663] INFO: [daemon.js:17438] [d3a76e2db5424054873f27dc027f4230] → POST /mavis/api/session/mvs_121083dc1ae64fa1b109bd3bedf7436b/message
[16:45:08.664] INFO: [daemon.js:17438] [d3a76e2db5424054873f27dc027f4230] SendMessage received for mavis/mvs_121083dc1ae64fa1b109bd3bedf7436b {"locale":"en"}
[16:45:08.664] INFO: [daemon.js:17438] [message] Forwarding user message {"ctx":{"traceId":"d3a76e2db5424054873f27dc027f4230","locale":"en"},"agentName":"mavis","sessionId":"mvs_121083dc1ae64fa1b109bd3bedf7436b","queuedMessageCount":0,"turnId":"c4fda734-5a2d-4255-8c4f-1cd93df917d0"}
[16:45:08.664] INFO: [daemon.js:17438] [d3a76e2db5424054873f27dc027f4230] ← POST /mavis/api/session/mvs_121083dc1ae64fa1b109bd3bedf7436b/message status=200 duration=1ms {"locale":"en"}
[16:45:08.665] INFO: [daemon.js:17438] [ceef97fc7e7743b0be2efa74d9f78c0a] Session turnId updated sessionId=mvs_121083dc1ae64fa1b109bd3bedf7436b turnId=c4fda734-5a2d-4255-8c4f-1cd93df917d0
[16:45:08.665] INFO: [daemon.js:17438] [cbccc74a9e74425ea7f7d88b8e55966d] Resolved model from request override agentName=mavis providerID=minimax modelID=MiniMax-M2.7
[16:45:08.671] INFO: [daemon.js:17438] [5ce1510a62e14182a24dd1b51cf1a29e] Resolved model from request override agentName=mavis providerID=minimax modelID=MiniMax-M2.7
[16:45:08.671] INFO: [daemon.js:17438] [d3a76e2db5424054873f27dc027f4230] sendMessage started, agentName=mavis, sessionId=mvs_121083dc1ae64fa1b109bd3bedf7436b {"locale":"en"}
[16:45:08.695] INFO: [daemon.js:17438] [4bb7fa5fbd93451e975e5ebce9c14f59] → POST /mavis/api/metrics/runtime-event
[16:45:08.695] INFO: [daemon.js:17438] [4bb7fa5fbd93451e975e5ebce9c14f59] ← POST /mavis/api/metrics/runtime-event status=204 duration=0ms {"locale":"en"}
[16:45:11.112] INFO: [daemon.js:17438] [f45745887b0140faba39a3e3d628e587] → POST /mavis/api/metrics/runtime-event
[16:45:11.113] INFO: [daemon.js:17438] [f45745887b0140faba39a3e3d628e587] ← POST /mavis/api/metrics/runtime-event status=204 duration=1ms {"locale":"en"}
[16:45:11.113] INFO: [daemon.js:17438] [b5f9f037048b4b28a6c1a88e05d7aad2] → GET /mavis/api/session/ses_17dae30d9ffeab6PvptsVip68z
[16:45:11.114] INFO: [daemon.js:17438] [70256fad35bb4bc4a4865615e122a3ed] [monitor] thinking TTFT measured sessionId=mvs_121083dc1ae64fa1b109bd3bedf7436b agentName=mavis ttftMs=2450
[16:45:11.116] INFO: [daemon.js:17438] [b5f9f037048b4b28a6c1a88e05d7aad2] ← GET /mavis/api/session/ses_17dae30d9ffeab6PvptsVip68z status=200 duration=3ms {"locale":"en"}
[16:45:11.117] INFO: [daemon.js:17438] [a9de50227e744ec7b5be057fbabd696c] → POST /mavis/api/permission/check
[16:45:11.117] INFO: [daemon.js:17438] [a9de50227e744ec7b5be057fbabd696c] Permission check requested: bash for mavis {"locale":"en"}
[16:45:11.117] INFO: [daemon.js:17438] Created ToolPermissionContext {"mode":"auto","ruleCount":0,"sandboxEnabled":false,"workingDirectory":"C:\\Users\\jethr\\.minimax-agent\\projects"}
[16:45:11.117] INFO: [daemon.js:17438] [4f4e0fdeb1204f17b4ead6dd6466ec54] BashToolPermissionChecker checkPermissions called, _toolName=bash, input={"command":"Test-Path \"G:\\我的雲端硬碟\\ZoteroLibrary\\Karki\\2026\\Karki et al. - 2026 - Cytokine storm.pdf\"","description":"Check PDF at linked attachment base directory"}, context={"mode":"auto","rules":[],"sandboxEnabled":false,"autoAllowBashIfSandboxed":false,"workingDirectory":"C:\\Users\\jethr\\.minimax-agent\\projects","allowedWorkingPaths":[],"sandboxAllowPaths":[],"dataDir":"C:\\Users\\jethr\\.mavis","homeDir":"C:\\Users\\jethr","agentName":"mavis","sessionId":"mvs_121083dc1ae64fa1b109bd3bedf7436b","allowManagedPermissionRulesOnly":false,"interactiveTools":{}}
[16:45:11.120] INFO: [daemon.js:17438] [permission] subcommand layer=tail mode=default verdict=ask {"permLayer":"tail","permMode":"default","permVerdict":"ask","permReasonType":"safetyCheck","cmdPreview":"Test-Path \"G:\\我的雲端硬碟\\ZoteroLibrary\\Karki\\2026\\Karki et al. - 2026 - Cytokine storm.pdf\""}
[16:45:11.120] INFO: [daemon.js:17438] [permission] whole-command layer=aggregated mode=default verdict=ask {"permLayer":"aggregated","permMode":"default","permVerdict":"ask","permScope":"whole-command","cmdPreview":"Test-Path \"G:\\我的雲端硬碟\\ZoteroLibrary\\Karki\\2026\\Karki et al. - 2026 - Cytokine storm.pdf\"","sessionId":"mvs_121083dc1ae64fa1b109bd3bedf7436b","subcommandCount":1}
[16:45:11.121] INFO: [daemon.js:17438] [b8f56893a729459f85146a0b22eb2c63] [permission-service] Check result: toolName=bash behavior=ask reasonType=safetyCheck locale=en
[16:45:11.121] INFO: [daemon.js:17438] Running YOLO classifier {"toolName":"bash","inputLength":87,"sessionId":"mvs_121083dc1ae64fa1b109bd3bedf7436b","agentId":"mavis"}
[16:45:11.121] INFO: [daemon.js:17438] [permission] subcommand layer=tail mode=auto verdict=undecided {"permLayer":"tail","permMode":"auto","permVerdict":"undecided","permReasonType":"safetyCheck","cmdPreview":"Test-Path \"G:\\我的雲端硬碟\\ZoteroLibrary\\Karki\\2026\\Karki et al. - 2026 - Cytokine storm.pdf\""}
[16:45:11.121] INFO: [daemon.js:17438] [permission] whole-command layer=aggregated mode=auto verdict=undecided {"permLayer":"aggregated","permMode":"auto","permVerdict":"undecided","permScope":"whole-command","cmdPreview":"Test-Path \"G:\\我的雲端硬碟\\ZoteroLibrary\\Karki\\2026\\Karki et al. - 2026 - Cytokine storm.pdf\"","subcommandCount":1}
[16:45:13.122] INFO: [daemon.js:17438] [92279d556adf4ab69465d4216a0cbe70] → GET /mavis/health
[16:45:13.122] INFO: [daemon.js:17438] [92279d556adf4ab69465d4216a0cbe70] ← GET /mavis/health status=200 duration=0ms {"locale":"en"}
[16:45:22.555] INFO: [daemon.js:17438] Stage 2 LLM classification result {"toolName":"bash","verdict":"allow","reason":"Test-Path is a read-only filesystem check that only verifies whether a path exists; no data is modified or transmitted. This is a safe operation for locating the user's own file in their Google Drive.","model":"minimax/MiniMax-M2.7","isIrreversibleDelete":false,"confidence":0.95}
[16:45:22.555] INFO: [daemon.js:17438] [d04c24c69f53462f993c724855fc2cc3] [permission-service] Auto mode classifier result: toolName=bash verdict=allow reason=Test-Path is a read-only filesystem check that only verifies whether a path exists; no data is modified or transmitted. This is a safe operation for locating the user's own file in their Google Drive. model=minimax/MiniMax-M2.7 stage=thinking durationMs=11434 locale=en
[16:45:22.555] INFO: [daemon.js:17438] [a9de50227e744ec7b5be057fbabd696c] Permission check result: bash → allow {"locale":"en"}
[16:45:22.555] INFO: [daemon.js:17438] [a9de50227e744ec7b5be057fbabd696c] ← POST /mavis/api/permission/check status=200 duration=11438ms {"locale":"en"}
[16:45:22.559] INFO: [daemon.js:17438] [9eef0ff8aee4408fae26beb9cd50dcd2] → POST /mavis/api/hooks/execute
[16:45:22.560] INFO: [daemon.js:17438] [hook-registry] matcher did not match, hook filtered out {"module":"hook-registry","hookId":"builtin:binary-read-guard","matcher":"^[Rr]ead$","matchValue":"bash"}
[16:45:22.560] INFO: [daemon.js:17438] [hook-registry] matcher did not match, hook filtered out {"module":"hook-registry","hookId":"builtin:docx-skill-env-gate","matcher":"^[Ss][Kk][Ii][Ll][Ll]$","matchValue":"bash"}
[16:45:22.560] INFO: [daemon.js:17438] [hook-registry] hooks filtered by matcher {"module":"hook-registry","hookEvent":"PreToolUse","matchValue":"bash","beforeCount":2,"afterCount":0}
[16:45:22.560] INFO: [daemon.js:17438] [9eef0ff8aee4408fae26beb9cd50dcd2] ← POST /mavis/api/hooks/execute status=200 duration=1ms {"locale":"en"}
[16:45:22.700] INFO: [daemon.js:17438] [edcb6d5e5cac415c9f99abc731c72a86] → POST /mavis/api/metrics/runtime-event
[16:45:22.701] INFO: [daemon.js:17438] [edcb6d5e5cac415c9f99abc731c72a86] ← POST /mavis/api/metrics/runtime-event status=204 duration=1ms {"locale":"en"}
[16:45:22.701] INFO: [daemon.js:17438] [e6f7cb57693647b8aac398c524944304] → POST /mavis/api/hooks/execute
[16:45:22.702] INFO: [daemon.js:17438] [hook-registry] matcher did not match, hook filtered out {"module":"hook-registry","hookId":"builtin:read-image-compressor","matcher":"^[Rr]ead$","matchValue":"bash"}
[16:45:22.702] INFO: [daemon.js:17438] [hook-registry] hooks filtered by matcher {"module":"hook-registry","hookEvent":"PostToolUse","matchValue":"bash","beforeCount":7,"afterCount":6}
[16:45:22.703] INFO: [daemon.js:17438] [e6f7cb57693647b8aac398c524944304] ← POST /mavis/api/hooks/execute status=200 duration=2ms {"locale":"en"}
[16:45:22.705] INFO: [daemon.js:17438] [80b378c7f08a47b2b68a855fca6445aa] → POST /mavis/api/metrics/runtime-event
[16:45:22.706] INFO: [daemon.js:17438] [80b378c7f08a47b2b68a855fca6445aa] ← POST /mavis/api/metrics/runtime-event status=204 duration=1ms {"locale":"en"}
[16:45:22.725] INFO: [daemon.js:17438] [8ef48f2283e64fc787cb634716e39cb2] → POST /mavis/api/metrics/runtime-event
[16:45:22.726] INFO: [daemon.js:17438] [8ef48f2283e64fc787cb634716e39cb2] ← POST /mavis/api/metrics/runtime-event status=204 duration=1ms {"locale":"en"}
[16:45:23.136] INFO: [daemon.js:17438] [9b6e1cfa5ebb4dddbfbb73539eeb9fa0] → GET /mavis/health
[16:45:23.137] INFO: [daemon.js:17438] [9b6e1cfa5ebb4dddbfbb73539eeb9fa0] ← GET /mavis/health status=200 duration=1ms {"locale":"en"}
[16:45:24.878] INFO: [daemon.js:17438] [08e69c1516564b94a32e9cbd22f18468] → POST /mavis/api/metrics/runtime-event
[16:45:24.878] INFO: [daemon.js:17438] [08e69c1516564b94a32e9cbd22f18468] ← POST /mavis/api/metrics/runtime-event status=204 duration=0ms {"locale":"en"}
[16:45:24.889] INFO: [daemon.js:17438] [dfedcb695a5e49959e09f5e9532614f0] [monitor] response TTFT measured sessionId=mvs_121083dc1ae64fa1b109bd3bedf7436b agentName=mavis ttftMs=16225 breakdown={"resolveSession":1,"reconcileConfig":0,"hooks":6,"modelResolve":0,"adapterSend":16218}
[16:45:25.149] INFO: [daemon.js:17438] [4e25a5fa440c4a26ae2605c3666a5f1b] [bridge] Emitting session.finish event sessionId=mvs_121083dc1ae64fa1b109bd3bedf7436b agentName=mavis isError=false
[16:45:25.152] INFO: [daemon.js:17438] [47f275cfbf504ccf8f71464947158962] [cron-store] Loaded cron configs, count=0
[16:45:25.172] INFO: [daemon.js:17438] [21ab973999234ceea441b5e4ac945b65] → GET /mavis/api/session/mvs_121083dc1ae64fa1b109bd3bedf7436b/diff
[16:45:25.173] INFO: [daemon.js:17438] [7327cf4e03084e7a9ecd3dddfdbde3eb] → GET /mavis/api/session/mvs_121083dc1ae64fa1b109bd3bedf7436b
[16:45:25.176] INFO: [daemon.js:17438] [21ab973999234ceea441b5e4ac945b65] ← GET /mavis/api/session/mvs_121083dc1ae64fa1b109bd3bedf7436b/diff status=200 duration=4ms {"locale":"en"}
[16:45:25.179] INFO: [daemon.js:17438] [7327cf4e03084e7a9ecd3dddfdbde3eb] ← GET /mavis/api/session/mvs_121083dc1ae64fa1b109bd3bedf7436b status=200 duration=6ms {"locale":"en"}
[16:45:33.146] INFO: [daemon.js:17438] [8eea2c46c5aa42fbac9c33f86c5d1f55] → GET /mavis/health
[16:45:33.146] INFO: [daemon.js:17438] [8eea2c46c5aa42fbac9c33f86c5d1f55] ← GET /mavis/health status=200 duration=0ms {"locale":"en"}
[16:45:43.147] INFO: [daemon.js:17438] [ea900bd3738044acbcda2ced57eb858f] → GET /mavis/health
[16:45:43.148] INFO: [daemon.js:17438] [ea900bd3738044acbcda2ced57eb858f] ← GET /mavis/health status=200 duration=1ms {"locale":"en"}
[16:45:53.155] INFO: [daemon.js:17438] [b3084b22370c4149acaca1c5d3885621] → GET /mavis/health
[16:45:53.155] INFO: [daemon.js:17438] [b3084b22370c4149acaca1c5d3885621] ← GET /mavis/health status=200 duration=0ms {"locale":"en"}
[16:46:03.170] INFO: [daemon.js:17438] [7b71d4bed73d4040bbecaacd2fa6f4a7] → GET /mavis/health
[16:46:03.170] INFO: [daemon.js:17438] [7b71d4bed73d4040bbecaacd2fa6f4a7] ← GET /mavis/health status=200 duration=0ms {"locale":"en"}
[16:46:09.476] INFO: [daemon.js:17438] [80c966768cab4b49855def5e220523fc] → POST /mavis/mcp/cu
[16:46:09.479] INFO: [daemon.js:17438] [80c966768cab4b49855def5e220523fc] ← POST /mavis/mcp/cu status=200 duration=3ms {"locale":"en"}
[16:46:09.479] INFO: [daemon.js:17438] [92bfe6f3845b40cfa9aa1fa307112bf8] → POST /mavis/mcp/trash
[16:46:09.481] INFO: [daemon.js:17438] [92bfe6f3845b40cfa9aa1fa307112bf8] ← POST /mavis/mcp/trash status=200 duration=2ms {"locale":"en"}
[16:46:09.715] INFO: [daemon.js:17438] [798e622ff3d7427f963b4f1f1df60d67] [mcp:matrix:stderr] [matrix-mcp-cli] tools/list dropped 2 unknown tool(s) not in this cli's KNOWN_TOOLS: matrix_extract_content_from_websites, matrix_get_upload_url
[16:46:13.169] INFO: [daemon.js:17438] [e98e4f618631443583794f2297a6d255] → GET /mavis/health
[16:46:13.170] INFO: [daemon.js:17438] [e98e4f618631443583794f2297a6d255] ← GET /mavis/health status=200 duration=1ms {"locale":"en"}
[16:46:20.899] INFO: [daemon.js:17438] [ceea25fce0c348efa1143bcf4e22af74] → GET /mavis/api/session/mvs_121083dc1ae64fa1b109bd3bedf7436b/message
[16:46:20.900] INFO: [daemon.js:17438] MessageStore list completed {"ctx":{"traceId":"ceea25fce0c348efa1143bcf4e22af74","locale":"en"},"sessionId":"mvs_121083dc1ae64fa1b109bd3bedf7436b","durationMs":0,"messageCount":36,"hasNextCursor":false}
[16:46:20.900] INFO: [daemon.js:17438] [ceea25fce0c348efa1143bcf4e22af74] ← GET /mavis/api/session/mvs_121083dc1ae64fa1b109bd3bedf7436b/message status=200 duration=1ms {"locale":"en"}
[16:46:20.901] INFO: [daemon.js:17438] [801c3bbfe0f44f85aebc7bdf02e60da1] → GET /mavis/api/permission/requests
[16:46:20.901] INFO: [daemon.js:17438] [801c3bbfe0f44f85aebc7bdf02e60da1] ← GET /mavis/api/permission/requests status=200 duration=0ms {"locale":"en"}
[16:46:20.903] INFO: [daemon.js:17438] [c0416cd87b37460687aea00a2db684a3] → GET /mavis/api/session/mvs_121083dc1ae64fa1b109bd3bedf7436b
[16:46:20.908] INFO: [daemon.js:17438] [c0416cd87b37460687aea00a2db684a3] ← GET /mavis/api/session/mvs_121083dc1ae64fa1b109bd3bedf7436b status=200 duration=5ms {"locale":"en"}
[16:46:20.911] INFO: [daemon.js:17438] [9ed286d180eb4016ac22aa9bb39aad2b] → GET /mavis/api/session/mvs_121083dc1ae64fa1b109bd3bedf7436b/queue
[16:46:20.911] INFO: [daemon.js:17438] [9ed286d180eb4016ac22aa9bb39aad2b] ← GET /mavis/api/session/mvs_121083dc1ae64fa1b109bd3bedf7436b/queue status=200 duration=0ms {"locale":"en"}
[16:46:23.194] INFO: [daemon.js:17438] [62eefdd6c06547f6b7ff4a51879d0fc2] → GET /mavis/health
[16:46:23.194] INFO: [daemon.js:17438] [62eefdd6c06547f6b7ff4a51879d0fc2] ← GET /mavis/health status=200 duration=0ms {"locale":"en"}
[16:46:33.186] INFO: [daemon.js:17438] [6e9fd39b8e6943c08a8079a260839957] → GET /mavis/health
[16:46:33.186] INFO: [daemon.js:17438] [6e9fd39b8e6943c08a8079a260839957] ← GET /mavis/health status=200 duration=0ms {"locale":"en"}
[16:46:43.204] INFO: [daemon.js:17438] [4c47fe568cea41f5b0eed42518455022] → GET /mavis/health
[16:46:43.205] INFO: [daemon.js:17438] [4c47fe568cea41f5b0eed42518455022] ← GET /mavis/health status=200 duration=1ms {"locale":"en"}
[16:46:53.198] INFO: [daemon.js:17438] [13279606404549ef805954b40ed52264] → GET /mavis/health
[16:46:53.198] INFO: [daemon.js:17438] [13279606404549ef805954b40ed52264] ← GET /mavis/health status=200 duration=0ms {"locale":"en"}
[16:47:03.231] INFO: [daemon.js:17438] [ba0b20099cf94c21a2a1898518f22bd7] → GET /mavis/health
[16:47:03.231] INFO: [daemon.js:17438] [ba0b20099cf94c21a2a1898518f22bd7] ← GET /mavis/health status=200 duration=0ms {"locale":"en"}
[16:47:11.823] INFO: [daemon.js:17438] [7c58611d8e6e4f128dd2d01b9e737d8c] → POST /mavis/api/content
[16:47:12.069] INFO: [daemon.js:17438] [7c58611d8e6e4f128dd2d01b9e737d8c] ← POST /mavis/api/content status=200 duration=246ms {"locale":"en"}
[16:47:12.073] INFO: [daemon.js:17438] [36772f4fedca477f90f0b314ee7c3d1c] → POST /mavis/api/session/mvs_121083dc1ae64fa1b109bd3bedf7436b/message
[16:47:12.074] INFO: [daemon.js:17438] [36772f4fedca477f90f0b314ee7c3d1c] SendMessage received for mavis/mvs_121083dc1ae64fa1b109bd3bedf7436b {"locale":"en"}
[16:47:12.074] INFO: [daemon.js:17438] [message] Forwarding user message {"ctx":{"traceId":"36772f4fedca477f90f0b314ee7c3d1c","locale":"en"},"agentName":"mavis","sessionId":"mvs_121083dc1ae64fa1b109bd3bedf7436b","queuedMessageCount":0,"turnId":"2bc6dbeb-69db-49e5-99a7-8bed95373b1c"}
[16:47:12.074] INFO: [daemon.js:17438] [36772f4fedca477f90f0b314ee7c3d1c] ← POST /mavis/api/session/mvs_121083dc1ae64fa1b109bd3bedf7436b/message status=200 duration=1ms {"locale":"en"}
[16:47:12.075] INFO: [daemon.js:17438] [4cfb69c9bdd9422f98c7e4edde1b5789] Session turnId updated sessionId=mvs_121083dc1ae64fa1b109bd3bedf7436b turnId=2bc6dbeb-69db-49e5-99a7-8bed95373b1c
[16:47:12.075] INFO: [daemon.js:17438] [1942e95cbe3d4efe9da3ef953ee2cee2] Resolved model from request override agentName=mavis providerID=minimax modelID=MiniMax-M2.7
[16:47:12.081] INFO: [daemon.js:17438] [032f585eea2c42e4b6da3f0d5f7921e3] Resolved model from request override agentName=mavis providerID=minimax modelID=MiniMax-M2.7
[16:47:12.082] INFO: [daemon.js:17438] [36772f4fedca477f90f0b314ee7c3d1c] sendMessage started, agentName=mavis, sessionId=mvs_121083dc1ae64fa1b109bd3bedf7436b {"locale":"en"}
[16:47:12.106] INFO: [daemon.js:17438] [0feaedcea3124fc0bd93535cc0261727] → POST /mavis/api/metrics/runtime-event
[16:47:12.106] INFO: [daemon.js:17438] [0feaedcea3124fc0bd93535cc0261727] ← POST /mavis/api/metrics/runtime-event status=204 duration=0ms {"locale":"en"}
[16:47:12.731] INFO: [daemon.js:17438] [fa9790258c794e8aaf5b352e9f4082c3] → GET /mavis/mcp/cu
[16:47:12.731] INFO: [daemon.js:17438] [fa9790258c794e8aaf5b352e9f4082c3] ← GET /mavis/mcp/cu status=200 duration=0ms {"locale":"en"}
[16:47:12.731] INFO: [daemon.js:17438] [1b46cbd60bf3445892bcaea9efbed45e] → GET /mavis/mcp/trash
[16:47:12.732] INFO: [daemon.js:17438] [1b46cbd60bf3445892bcaea9efbed45e] ← GET /mavis/mcp/trash status=200 duration=1ms {"locale":"en"}
[16:47:13.223] INFO: [daemon.js:17438] [b8a99346ccb64ad5b9d9462e6dd8ca3b] → GET /mavis/health
[16:47:13.223] INFO: [daemon.js:17438] [b8a99346ccb64ad5b9d9462e6dd8ca3b] ← GET /mavis/health status=200 duration=0ms {"locale":"en"}
[16:47:14.636] INFO: [daemon.js:17438] [f02fe145c09447e8b63f226ec373e977] → POST /mavis/api/metrics/runtime-event
[16:47:14.636] INFO: [daemon.js:17438] [f02fe145c09447e8b63f226ec373e977] ← POST /mavis/api/metrics/runtime-event status=204 duration=0ms {"locale":"en"}
[16:47:14.637] INFO: [daemon.js:17438] [32ec71909dcf4847a206b64e55b6280f] → POST /mavis/api/permission/check
[16:47:14.637] INFO: [daemon.js:17438] [32ec71909dcf4847a206b64e55b6280f] Permission check requested: read for mavis {"locale":"en"}
[16:47:14.637] INFO: [daemon.js:17438] Created ToolPermissionContext {"mode":"auto","ruleCount":0,"sandboxEnabled":false,"workingDirectory":"C:\\Users\\jethr\\.minimax-agent\\projects"}
[16:47:14.637] INFO: [daemon.js:17438] [61d7119fd20c441dbdf954411b250760] FsToolPermissionChecker checkPermissions called, toolName=read, input={"filePath":"C:\\Users\\jethr\\.mavis\\skills\\zotero-use\\references\\verified-local-examples.md"}, context={"mode":"auto","rules":[],"sandboxEnabled":false,"autoAllowBashIfSandboxed":false,"workingDirectory":"C:\\Users\\jethr\\.minimax-agent\\projects","allowedWorkingPaths":[],"sandboxAllowPaths":[],"dataDir":"C:\\Users\\jethr\\.mavis","homeDir":"C:\\Users\\jethr","agentName":"mavis","sessionId":"mvs_121083dc1ae64fa1b109bd3bedf7436b","allowManagedPermissionRulesOnly":false,"interactiveTools":{}}
[16:47:14.637] INFO: [daemon.js:17438] [68a7fade41b14ab1a367b3613cabbbbc] [permission-service] Check result: toolName=read behavior=allow reasonType=workingDirectory locale=en
[16:47:14.638] INFO: [daemon.js:17438] [32ec71909dcf4847a206b64e55b6280f] Permission check result: read → allow {"locale":"en"}
[16:47:14.638] INFO: [daemon.js:17438] [32ec71909dcf4847a206b64e55b6280f] ← POST /mavis/api/permission/check status=200 duration=1ms {"locale":"en"}
[16:47:14.638] INFO: [daemon.js:17438] [391173851e93466087bf204f050018c1] [monitor] thinking TTFT measured sessionId=mvs_121083dc1ae64fa1b109bd3bedf7436b agentName=mavis ttftMs=2564
[16:47:14.639] INFO: [daemon.js:17438] [990bf6aee3e9404f9e036df5d3d761b0] → POST /mavis/api/hooks/execute
[16:47:14.639] INFO: [daemon.js:17438] [hook-registry] matcher did not match, hook filtered out {"module":"hook-registry","hookId":"builtin:docx-skill-env-gate","matcher":"^[Ss][Kk][Ii][Ll][Ll]$","matchValue":"read"}
[16:47:14.640] INFO: [daemon.js:17438] [hook-registry] hooks filtered by matcher {"module":"hook-registry","hookEvent":"PreToolUse","matchValue":"read","beforeCount":2,"afterCount":1}
[16:47:14.640] INFO: [daemon.js:17438] [a859d83beec04454aa916ef20b844460] [binary-read-guard] handler invoked toolName=read model=minimax/MiniMax-M2.7 argsKeys=["filePath"]
[16:47:14.640] INFO: [daemon.js:17438] [6959630204b744bca81abbc73fb60a52] [binary-read-guard] extension not blocked, ext=.md
[16:47:14.640] INFO: [daemon.js:17438] [990bf6aee3e9404f9e036df5d3d761b0] ← POST /mavis/api/hooks/execute status=200 duration=1ms {"locale":"en"}
[16:47:14.654] INFO: [daemon.js:17438] [0fb987e5578a42d8abd50be3baaf23fe] → POST /mavis/api/metrics/runtime-event
[16:47:14.655] INFO: [daemon.js:17438] [0fb987e5578a42d8abd50be3baaf23fe] ← POST /mavis/api/metrics/runtime-event status=204 duration=1ms {"locale":"en"}
[16:47:14.655] INFO: [daemon.js:17438] [d48aac75ab424e8b937a5e2c17e6ebb6] → POST /mavis/api/hooks/execute
[16:47:14.655] INFO: [daemon.js:17438] [hook-registry] matcher did not match, hook filtered out {"module":"hook-registry","hookId":"builtin:cu-image-injector","matcher":"^[Bb]ash$","matchValue":"read"}
[16:47:14.655] INFO: [daemon.js:17438] [hook-registry] hooks filtered by matcher {"module":"hook-registry","hookEvent":"PostToolUse","matchValue":"read","beforeCount":7,"afterCount":6}
[16:47:14.655] INFO: [daemon.js:17438] [d48aac75ab424e8b937a5e2c17e6ebb6] ← POST /mavis/api/hooks/execute status=200 duration=0ms {"locale":"en"}
[16:47:14.657] INFO: [daemon.js:17438] [8fffd08928ca45228232161b101170e5] → POST /mavis/api/metrics/runtime-event
[16:47:14.658] INFO: [daemon.js:17438] [8fffd08928ca45228232161b101170e5] ← POST /mavis/api/metrics/runtime-event status=204 duration=1ms {"locale":"en"}
[16:47:14.675] INFO: [daemon.js:17438] [9069a5fb98794aab8a593daf8feba886] → POST /mavis/api/metrics/runtime-event
[16:47:14.675] INFO: [daemon.js:17438] [9069a5fb98794aab8a593daf8feba886] ← POST /mavis/api/metrics/runtime-event status=204 duration=0ms {"locale":"en"}
[16:47:17.086] INFO: [daemon.js:17438] [823baea583e14c6682c88e65014307f8] → POST /mavis/api/metrics/runtime-event
[16:47:17.086] INFO: [daemon.js:17438] [823baea583e14c6682c88e65014307f8] ← POST /mavis/api/metrics/runtime-event status=204 duration=0ms {"locale":"en"}
[16:47:17.086] INFO: [daemon.js:17438] [e8f8f508ae0540008d6164ff99cbd6fe] → POST /mavis/api/permission/check
[16:47:17.087] INFO: [daemon.js:17438] [e8f8f508ae0540008d6164ff99cbd6fe] Permission check requested: edit for mavis {"locale":"en"}
[16:47:17.087] INFO: [daemon.js:17438] Created ToolPermissionContext {"mode":"auto","ruleCount":0,"sandboxEnabled":false,"workingDirectory":"C:\\Users\\jethr\\.minimax-agent\\projects"}
[16:47:17.087] INFO: [daemon.js:17438] [21c765963c8a44cfb78bb13bd9b7f1eb] FsToolPermissionChecker checkPermissions called, toolName=edit, input={"filePath":"C:\\Users\\jethr\\.mavis\\skills\\zotero-use\\references\\verified-local-examples.md","newString":"- `STYNQ4RV`: 0000 - Methods\n\n## Linked Attachment Storage\n\nVerified on 2026-06-01.\n\n- **Linked Attachment Base Directory**: `G:\\我的雲端硬碟\\ZoteroLibrary`\n- Google Drive path is used for linked file attachments (not stored in local Zotero storage)\n- When searching for attachment paths, check the linked attachment base directory first if `linkMode` is `linked_file`","oldString":"- `STYNQ4RV`: 0000 - Methods"}, context={"mode":"auto","rules":[],"sandboxEnabled":false,"autoAllowBashIfSandboxed":false,"workingDirectory":"C:\\Users\\jethr\\.minimax-agent\\projects","allowedWorkingPaths":[],"sandboxAllowPaths":[],"dataDir":"C:\\Users\\jethr\\.mavis","homeDir":"C:\\Users\\jethr","agentName":"mavis","sessionId":"mvs_121083dc1ae64fa1b109bd3bedf7436b","allowManagedPermissionRulesOnly":false,"interactiveTools":{}}
[16:47:17.087] INFO: [daemon.js:17438] [c5c687a1b33e48ccb1c8d30842e08afb] [permission-service] Check result: toolName=edit behavior=ask reasonType=safetyCheck locale=en
[16:47:17.087] INFO: [daemon.js:17438] Running YOLO classifier {"toolName":"edit","inputLength":77,"sessionId":"mvs_121083dc1ae64fa1b109bd3bedf7436b","agentId":"mavis"}
[16:47:23.238] INFO: [daemon.js:17438] [d86a2496eebd42b99bfdbda7b6270669] → GET /mavis/health
[16:47:23.238] INFO: [daemon.js:17438] [d86a2496eebd42b99bfdbda7b6270669] ← GET /mavis/health status=200 duration=0ms {"locale":"en"}
[16:47:24.878] INFO: [daemon.js:17438] Stage 2 LLM classification result {"toolName":"edit","verdict":"allow","reason":"File edit in user's local skills directory, explicitly authorized by the user to update Zotero attachment base path documentation.","model":"minimax/MiniMax-M2.7","isIrreversibleDelete":false,"confidence":0.95}
[16:47:24.878] INFO: [daemon.js:17438] [b2b91b234bcb443a95f18bb6ede6b10b] [permission-service] Auto mode classifier result: toolName=edit verdict=allow reason=File edit in user's local skills directory, explicitly authorized by the user to update Zotero attachment base path documentation. model=minimax/MiniMax-M2.7 stage=thinking durationMs=7791 locale=en
[16:47:24.878] INFO: [daemon.js:17438] [e8f8f508ae0540008d6164ff99cbd6fe] Permission check result: edit → allow {"locale":"en"}
[16:47:24.878] INFO: [daemon.js:17438] [e8f8f508ae0540008d6164ff99cbd6fe] ← POST /mavis/api/permission/check status=200 duration=7792ms {"locale":"en"}
[16:47:24.882] INFO: [daemon.js:17438] [2332578738b84b63a502860106edd1fe] → POST /mavis/api/hooks/execute
[16:47:24.883] INFO: [daemon.js:17438] [hook-registry] matcher did not match, hook filtered out {"module":"hook-registry","hookId":"builtin:binary-read-guard","matcher":"^[Rr]ead$","matchValue":"edit"}
[16:47:24.883] INFO: [daemon.js:17438] [hook-registry] matcher did not match, hook filtered out {"module":"hook-registry","hookId":"builtin:docx-skill-env-gate","matcher":"^[Ss][Kk][Ii][Ll][Ll]$","matchValue":"edit"}
[16:47:24.883] INFO: [daemon.js:17438] [hook-registry] hooks filtered by matcher {"module":"hook-registry","hookEvent":"PreToolUse","matchValue":"edit","beforeCount":2,"afterCount":0}
[16:47:24.883] INFO: [daemon.js:17438] [2332578738b84b63a502860106edd1fe] ← POST /mavis/api/hooks/execute status=200 duration=1ms {"locale":"en"}
[16:47:24.889] INFO: [daemon.js:17438] [5e71b286335d434481f86d9bc43a0cdf] → POST /mavis/api/metrics/runtime-event
[16:47:24.889] INFO: [daemon.js:17438] [5e71b286335d434481f86d9bc43a0cdf] ← POST /mavis/api/metrics/runtime-event status=204 duration=0ms {"locale":"en"}
[16:47:24.890] INFO: [daemon.js:17438] [b505275570c544748c79ad42109c7685] → POST /mavis/api/hooks/execute
[16:47:24.890] INFO: [daemon.js:17438] [hook-registry] matcher did not match, hook filtered out {"module":"hook-registry","hookId":"builtin:read-image-compressor","matcher":"^[Rr]ead$","matchValue":"edit"}
[16:47:24.891] INFO: [daemon.js:17438] [hook-registry] matcher did not match, hook filtered out {"module":"hook-registry","hookId":"builtin:cu-image-injector","matcher":"^[Bb]ash$","matchValue":"edit"}
[16:47:24.891] INFO: [daemon.js:17438] [hook-registry] hooks filtered by matcher {"module":"hook-registry","hookEvent":"PostToolUse","matchValue":"edit","beforeCount":7,"afterCount":5}
[16:47:24.891] INFO: [daemon.js:17438] [b505275570c544748c79ad42109c7685] ← POST /mavis/api/hooks/execute status=200 duration=1ms {"locale":"en"}
[16:47:24.894] INFO: [daemon.js:17438] [b9bcf0da566c4a668486d4736adc901c] → POST /mavis/api/metrics/runtime-event
[16:47:24.894] INFO: [daemon.js:17438] [b9bcf0da566c4a668486d4736adc901c] ← POST /mavis/api/metrics/runtime-event status=204 duration=0ms {"locale":"en"}
[16:47:24.907] INFO: [daemon.js:17438] [048b2579536041b683288d2f46765692] → POST /mavis/api/metrics/runtime-event
[16:47:24.907] INFO: [daemon.js:17438] [048b2579536041b683288d2f46765692] ← POST /mavis/api/metrics/runtime-event status=204 duration=0ms {"locale":"en"}
[16:47:26.503] INFO: [daemon.js:17438] [54069a3bf9a64ad7bbcb7b442ece8822] → POST /mavis/api/metrics/runtime-event
[16:47:26.503] INFO: [daemon.js:17438] [54069a3bf9a64ad7bbcb7b442ece8822] ← POST /mavis/api/metrics/runtime-event status=204 duration=0ms {"locale":"en"}
[16:47:26.513] INFO: [daemon.js:17438] [235059604f7546e1b1ee6a4628b9a6ab] [monitor] response TTFT measured sessionId=mvs_121083dc1ae64fa1b109bd3bedf7436b agentName=mavis ttftMs=14439 breakdown={"resolveSession":0,"reconcileConfig":1,"hooks":6,"modelResolve":1,"adapterSend":14431}
[16:47:26.779] INFO: [daemon.js:17438] [58da8aa67372438e97978669a5ad63c7] [bridge] Emitting session.finish event sessionId=mvs_121083dc1ae64fa1b109bd3bedf7436b agentName=mavis isError=false
[16:47:26.782] INFO: [daemon.js:17438] [8291c7ba62e144c3add99c2f668c6dcc] [cron-store] Loaded cron configs, count=0
[16:47:26.790] INFO: [daemon.js:17438] [2ad9fefad50642eabfdff6d6284b9319] → GET /mavis/api/session/mvs_121083dc1ae64fa1b109bd3bedf7436b/diff
[16:47:26.790] INFO: [daemon.js:17438] [828afb23571e45f39103c7f76640196e] → GET /mavis/api/session/mvs_121083dc1ae64fa1b109bd3bedf7436b
[16:47:26.794] INFO: [daemon.js:17438] [2ad9fefad50642eabfdff6d6284b9319] ← GET /mavis/api/session/mvs_121083dc1ae64fa1b109bd3bedf7436b/diff status=200 duration=4ms {"locale":"en"}
[16:47:26.795] INFO: [daemon.js:17438] [828afb23571e45f39103c7f76640196e] ← GET /mavis/api/session/mvs_121083dc1ae64fa1b109bd3bedf7436b status=200 duration=5ms {"locale":"en"}
[16:47:33.245] INFO: [daemon.js:17438] [379b489c14374030b54d1d9379a758fe] → GET /mavis/health
[16:47:33.245] INFO: [daemon.js:17438] [379b489c14374030b54d1d9379a758fe] ← GET /mavis/health status=200 duration=0ms {"locale":"en"}
[16:47:43.272] INFO: [daemon.js:17438] [5e18c633d55d4e63925f4dec7c79307d] → GET /mavis/health
[16:47:43.272] INFO: [daemon.js:17438] [5e18c633d55d4e63925f4dec7c79307d] ← GET /mavis/health status=200 duration=0ms {"locale":"en"}
[16:47:53.283] INFO: [daemon.js:17438] [c3108333c2c647c7956de8b7904c9ed0] → GET /mavis/health
[16:47:53.283] INFO: [daemon.js:17438] [c3108333c2c647c7956de8b7904c9ed0] ← GET /mavis/health status=200 duration=0ms {"locale":"en"}
[16:48:03.283] INFO: [daemon.js:17438] [6299c44d494241cfb962a71f217a0510] → GET /mavis/health
[16:48:03.283] INFO: [daemon.js:17438] [6299c44d494241cfb962a71f217a0510] ← GET /mavis/health status=200 duration=0ms {"locale":"en"}
[16:48:13.276] INFO: [daemon.js:17438] [5ba7c468433a4fa1b4725bb142f40abc] → GET /mavis/health
[16:48:13.277] INFO: [daemon.js:17438] [5ba7c468433a4fa1b4725bb142f40abc] ← GET /mavis/health status=200 duration=1ms {"locale":"en"}
[16:48:23.287] INFO: [daemon.js:17438] [a170626dbd2347b68a9bedeec84215fc] → GET /mavis/health
[16:48:23.288] INFO: [daemon.js:17438] [a170626dbd2347b68a9bedeec84215fc] ← GET /mavis/health status=200 duration=1ms {"locale":"en"}
[16:48:33.289] INFO: [daemon.js:17438] [33566f0251bc461cabfd2054c97b1643] → GET /mavis/health
[16:48:33.289] INFO: [daemon.js:17438] [33566f0251bc461cabfd2054c97b1643] ← GET /mavis/health status=200 duration=0ms {"locale":"en"}
[16:48:38.086] INFO: [daemon.js:17438] [d4894aa6ee1948f0aed5079db5c1ca5a] → GET /mavis/api/session/mvs_121083dc1ae64fa1b109bd3bedf7436b/message
[16:48:38.087] INFO: [daemon.js:17438] MessageStore list completed {"ctx":{"traceId":"d4894aa6ee1948f0aed5079db5c1ca5a","locale":"en"},"sessionId":"mvs_121083dc1ae64fa1b109bd3bedf7436b","durationMs":0,"messageCount":40,"hasNextCursor":false}
[16:48:38.087] INFO: [daemon.js:17438] [d4894aa6ee1948f0aed5079db5c1ca5a] ← GET /mavis/api/session/mvs_121083dc1ae64fa1b109bd3bedf7436b/message status=200 duration=1ms {"locale":"en"}
[16:48:38.088] INFO: [daemon.js:17438] [36f710a39e7c4077bad4f372b8d08b2f] → GET /mavis/api/permission/requests
[16:48:38.088] INFO: [daemon.js:17438] [36f710a39e7c4077bad4f372b8d08b2f] ← GET /mavis/api/permission/requests status=200 duration=0ms {"locale":"en"}
[16:48:38.091] INFO: [daemon.js:17438] [fdd5cdb67d3d42669632e87bbeffefcc] → GET /mavis/api/session/mvs_121083dc1ae64fa1b109bd3bedf7436b
[16:48:38.104] INFO: [daemon.js:17438] [fdd5cdb67d3d42669632e87bbeffefcc] ← GET /mavis/api/session/mvs_121083dc1ae64fa1b109bd3bedf7436b status=200 duration=13ms {"locale":"en"}
[16:48:38.107] INFO: [daemon.js:17438] [5bc7bf60e48a42e3bdfa222d37399d45] → GET /mavis/api/session/mvs_121083dc1ae64fa1b109bd3bedf7436b/queue
[16:48:38.107] INFO: [daemon.js:17438] [5bc7bf60e48a42e3bdfa222d37399d45] ← GET /mavis/api/session/mvs_121083dc1ae64fa1b109bd3bedf7436b/queue status=200 duration=0ms {"locale":"en"}
[16:48:43.309] INFO: [daemon.js:17438] [06962f2d7e3d4b7b9807910d217de606] → GET /mavis/health
[16:48:43.309] INFO: [daemon.js:17438] [06962f2d7e3d4b7b9807910d217de606] ← GET /mavis/health status=200 duration=0ms {"locale":"en"}
[16:48:53.312] INFO: [daemon.js:17438] [75b72dc3d3e246eda0ba48b716fbbfe1] → GET /mavis/health
[16:48:53.312] INFO: [daemon.js:17438] [75b72dc3d3e246eda0ba48b716fbbfe1] ← GET /mavis/health status=200 duration=0ms {"locale":"en"}
[16:48:53.769] INFO: [daemon.js:17438] [65c3ffbcef0a4dc8abcc77795c9fb025] → GET /mavis/api/session/mvs_121083dc1ae64fa1b109bd3bedf7436b/message
[16:48:53.769] INFO: [daemon.js:17438] MessageStore list completed {"ctx":{"traceId":"65c3ffbcef0a4dc8abcc77795c9fb025","locale":"en"},"sessionId":"mvs_121083dc1ae64fa1b109bd3bedf7436b","durationMs":0,"messageCount":40,"hasNextCursor":false}
[16:48:53.770] INFO: [daemon.js:17438] [65c3ffbcef0a4dc8abcc77795c9fb025] ← GET /mavis/api/session/mvs_121083dc1ae64fa1b109bd3bedf7436b/message status=200 duration=1ms {"locale":"en"}
[16:48:53.770] INFO: [daemon.js:17438] [b46c06523e094ce59ec37ace6d6f9800] → GET /mavis/api/permission/requests
[16:48:53.771] INFO: [daemon.js:17438] [b46c06523e094ce59ec37ace6d6f9800] ← GET /mavis/api/permission/requests status=200 duration=1ms {"locale":"en"}
[16:48:53.772] INFO: [daemon.js:17438] [a29f7b83c8aa456f8ae7b811b93bb64d] → GET /mavis/api/session/mvs_121083dc1ae64fa1b109bd3bedf7436b
[16:48:53.779] INFO: [daemon.js:17438] [a29f7b83c8aa456f8ae7b811b93bb64d] ← GET /mavis/api/session/mvs_121083dc1ae64fa1b109bd3bedf7436b status=200 duration=7ms {"locale":"en"}
[16:48:53.781] INFO: [daemon.js:17438] [d41d69cfcddd42c88999bf973a1fa86d] → GET /mavis/api/session/mvs_121083dc1ae64fa1b109bd3bedf7436b/queue
[16:48:53.781] INFO: [daemon.js:17438] [d41d69cfcddd42c88999bf973a1fa86d] ← GET /mavis/api/session/mvs_121083dc1ae64fa1b109bd3bedf7436b/queue status=200 duration=0ms {"locale":"en"}
[16:49:03.334] INFO: [daemon.js:17438] [3e57f41e94bd4438bf17d5f21adfc040] → GET /mavis/health
[16:49:03.334] INFO: [daemon.js:17438] [3e57f41e94bd4438bf17d5f21adfc040] ← GET /mavis/health status=200 duration=0ms {"locale":"en"}
[16:49:13.324] INFO: [daemon.js:17438] [5762c58a470b4444ba6ff6beb8df7bb3] → GET /mavis/health
[16:49:13.324] INFO: [daemon.js:17438] [5762c58a470b4444ba6ff6beb8df7bb3] ← GET /mavis/health status=200 duration=0ms {"locale":"en"}
[16:49:17.703] INFO: [daemon.js:17438] [25fe783df6e94301a1adbed885ac1997] → POST /mavis/api/content
[16:49:17.941] INFO: [daemon.js:17438] [25fe783df6e94301a1adbed885ac1997] ← POST /mavis/api/content status=200 duration=238ms {"locale":"en"}
[16:49:17.947] INFO: [daemon.js:17438] [5d398b8b62ec4eaba1c301b060add461] → POST /mavis/api/session/mvs_121083dc1ae64fa1b109bd3bedf7436b/message
[16:49:17.948] INFO: [daemon.js:17438] [5d398b8b62ec4eaba1c301b060add461] SendMessage received for mavis/mvs_121083dc1ae64fa1b109bd3bedf7436b {"locale":"en"}
[16:49:17.948] INFO: [daemon.js:17438] [message] Forwarding user message {"ctx":{"traceId":"5d398b8b62ec4eaba1c301b060add461","locale":"en"},"agentName":"mavis","sessionId":"mvs_121083dc1ae64fa1b109bd3bedf7436b","queuedMessageCount":0,"turnId":"299d5316-2656-43ec-9d8e-fd40ba7f98d5"}
[16:49:17.948] INFO: [daemon.js:17438] [5d398b8b62ec4eaba1c301b060add461] ← POST /mavis/api/session/mvs_121083dc1ae64fa1b109bd3bedf7436b/message status=200 duration=1ms {"locale":"en"}
[16:49:17.948] INFO: [daemon.js:17438] [3045fcfa792f49c08ef793188cd7bcad] Session turnId updated sessionId=mvs_121083dc1ae64fa1b109bd3bedf7436b turnId=299d5316-2656-43ec-9d8e-fd40ba7f98d5
[16:49:18.257] INFO: [daemon.js:17438] [e8aecf35b59047569b738ebba299fc93] Resolved model from request override agentName=mavis providerID=minimax modelID=MiniMax-M2.7
[16:49:18.264] INFO: [daemon.js:17438] [82c4c57886cf485280954aa390c0ce97] Resolved model from request override agentName=mavis providerID=minimax modelID=MiniMax-M2.7
[16:49:18.264] INFO: [daemon.js:17438] [5d398b8b62ec4eaba1c301b060add461] sendMessage started, agentName=mavis, sessionId=mvs_121083dc1ae64fa1b109bd3bedf7436b {"locale":"en"}
[16:49:18.290] INFO: [daemon.js:17438] [f53aed2c574446389878a530a6a1c9bd] → POST /mavis/api/metrics/runtime-event
[16:49:18.291] INFO: [daemon.js:17438] [f53aed2c574446389878a530a6a1c9bd] ← POST /mavis/api/metrics/runtime-event status=204 duration=1ms {"locale":"en"}
[16:49:23.323] INFO: [daemon.js:17438] [625d3e90b03d4e6dab0dd60fe999d00f] → GET /mavis/health
[16:49:23.324] INFO: [daemon.js:17438] [625d3e90b03d4e6dab0dd60fe999d00f] ← GET /mavis/health status=200 duration=1ms {"locale":"en"}
[16:49:25.430] INFO: [daemon.js:17438] [744fe821d69c4ea289b0de34a78260f8] → POST /mavis/api/metrics/runtime-event
[16:49:25.430] INFO: [daemon.js:17438] [744fe821d69c4ea289b0de34a78260f8] ← POST /mavis/api/metrics/runtime-event status=204 duration=0ms {"locale":"en"}
[16:49:25.431] INFO: [daemon.js:17438] [9a83843c7124462b8d0df939a88c1790] → POST /mavis/api/permission/check
[16:49:25.431] INFO: [daemon.js:17438] [9a83843c7124462b8d0df939a88c1790] Permission check requested: write for mavis {"locale":"en"}
[16:49:25.431] INFO: [daemon.js:17438] Created ToolPermissionContext {"mode":"auto","ruleCount":0,"sandboxEnabled":false,"workingDirectory":"C:\\Users\\jethr\\.minimax-agent\\projects"}
[16:49:25.431] INFO: [daemon.js:17438] [b9c73d57560742b18e4cecafe0755716] FsToolPermissionChecker checkPermissions called, toolName=write, input={"content":"# Finding Attachments\n\nWhen working with Zotero attachments, the storage location depends on the attachment type. This guide covers how to find the correct file path for any attachment.\n\n## Attachment Types\n\nZotero supports three attachment modes, determined by the `linkMode` field:\n\n| linkMode | Description | Storage Location |\n|----------|-------------|------------------|\n| `linked_file` | Linked file (stored externally) | Path stored in `path` field, relative to Linked Attachment Base Directory |\n| `imported_file` | Imported file (stored in Zotero storage) | Zotero data directory (`storage/` folder) |\n| `linked_url` | URL link (no local file) | No local file — use the `url` field directly |\n\n## Finding the Linked Attachment Base Directory\n\nIf an attachment has `linkMode: \"linked_file\"`:\n\n1. **From Zotero prefs.js**:\n   ```\n   C:\\Users\\<user>\\AppData\\Roaming\\Zotero\\Zotero\\Profiles\\<profile>\\prefs.js\n   ```\n   Look for:\n   ```\n   user_pref(\"extensions.zotero.linkedAttachmentBaseDir\", \"<path>\")\n   ```\n\n2. **From item metadata**:\n   The `path` field in the item attachment data shows the path relative to the Linked Attachment Base Directory.\n   Example: `attachments:Karki/2026/Karki et al. - 2026 - Cytokine storm.pdf`\n\n   Combine with the base directory:\n   ```\n   G:\\我的雲端硬碟\\ZoteroLibrary\\Karki\\2026\\Karki et al. - 2026 - Cytokine storm.pdf\n   ```\n\n## Finding Imported Attachments (Local Storage)\n\nIf an attachment has `linkMode: \"imported_file\"`:\n\n1. **Default Zotero data directory**:\n   ```\n   C:\\Users\\<user>\\AppData\\Roaming\\Zotero\\Zotero\\Profiles\\<profile>\\storage\\\n   ```\n   Or if `extensions.zotero.useDataDir` is true in prefs.js:\n   ```\n   C:\\Users\\<user>\\Zotero\\storage\\\n   ```\n\n2. **Storage structure**: Files are stored in subdirectories named with item keys (8-char alphanumeric IDs). Use `zot items children <parent-key>` to find the attachment key, then search the storage folder.\n\n## Finding URL Links\n\nIf an attachment has `linkMode: \"linked_url\"`:\n- Use the `url` field directly — there is no local file.\n- Examples: Google Drive links, web URLs, proxy links to journal PDFs.\n\n## Quick Checklist\n\nWhen given an attachment item key:\n\n1. Get item metadata: `zot items get <key> --output json`\n2. Check `data.linkMode`:\n   - `linked_file` → combine `data.path` with Linked Attachment Base Directory from prefs.js\n   - `imported_file` → search in Zotero storage directory\n   - `linked_url` → use `data.url` directly\n\n## PowerShell Example\n\n```powershell\n# Find Linked Attachment Base Directory\nSelect-String \"linkedAttachmentBaseDir\" \"$env:APPDATA\\Zotero\\Zotero\\Profiles\\*\\prefs.js\"\n\n# Check if linked file exists\nTest-Path \"G:\\我的雲端硬碟\\ZoteroLibrary\\Karki\\2026\\Karki et al. - 2026 - Cytokine storm.pdf\"\n\n# Search for file in local storage\nGet-ChildItem \"C:\\Users\\<user>\\Zotero\\storage\" -Recurse -Filter \"*keyword*\"\n```\n\n## Verified Local Setup\n\n- **Linked Attachment Base Directory**: `G:\\我的雲端硬碟\\ZoteroLibrary`\n- **Local Zotero storage**: `C:\\Users\\jethr\\Zotero\\storage`\n- **Profile directory**: `C:\\Users\\jethr\\AppData\\Roaming\\Zotero\\Zotero\\Profiles\\t4yjhwyt.default`","filePath":"C:\\Users\\jethr\\.mavis\\skills\\zotero-use\\references\\finding-attachments.md"}, context={"mode":"auto","rules":[],"sandboxEnabled":false,"autoAllowBashIfSandboxed":false,"workingDirectory":"C:\\Users\\jethr\\.minimax-agent\\projects","allowedWorkingPaths":[],"sandboxAllowPaths":[],"dataDir":"C:\\Users\\jethr\\.mavis","homeDir":"C:\\Users\\jethr","agentName":"mavis","sessionId":"mvs_121083dc1ae64fa1b109bd3bedf7436b","allowManagedPermissionRulesOnly":false,"interactiveTools":{}}
[16:49:25.432] INFO: [daemon.js:17438] [6d27b56cec5b41e9b7366be6b733cf78] [permission-service] Check result: toolName=write behavior=ask reasonType=safetyCheck locale=en
[16:49:25.432] INFO: [daemon.js:17438] Running YOLO classifier {"toolName":"write","inputLength":73,"sessionId":"mvs_121083dc1ae64fa1b109bd3bedf7436b","agentId":"mavis"}
[16:49:25.433] INFO: [daemon.js:17438] [bb0ea58edba345799c899de64eb12e97] [monitor] thinking TTFT measured sessionId=mvs_121083dc1ae64fa1b109bd3bedf7436b agentName=mavis ttftMs=7485
[16:49:31.066] INFO: [daemon.js:17438] Stage 2 LLM classification result {"toolName":"write","verdict":"allow","reason":"File write to user's skill documentation directory (`~/.mavis/skills/zotero-use/references/`). This is a standard documentation update within the user's home directory — safe, non-destructive, and within project scope.","model":"minimax/MiniMax-M2.7","isIrreversibleDelete":false,"confidence":0.95}
[16:49:31.067] INFO: [daemon.js:17438] [e24a34b0ee724703924882b8066b38d9] [permission-service] Auto mode classifier result: toolName=write verdict=allow reason=File write to user's skill documentation directory (`~/.mavis/skills/zotero-use/references/`). This is a standard documentation update within the user's home directory — safe, non-destructive, and within project scope. model=minimax/MiniMax-M2.7 stage=thinking durationMs=5635 locale=en
[16:49:31.067] INFO: [daemon.js:17438] [9a83843c7124462b8d0df939a88c1790] Permission check result: write → allow {"locale":"en"}
[16:49:31.067] INFO: [daemon.js:17438] [9a83843c7124462b8d0df939a88c1790] ← POST /mavis/api/permission/check status=200 duration=5636ms {"locale":"en"}
[16:49:31.073] INFO: [daemon.js:17438] [6545a829c79c40669cc705cf7afbd3b0] → POST /mavis/api/hooks/execute
[16:49:31.074] INFO: [daemon.js:17438] [hook-registry] matcher did not match, hook filtered out {"module":"hook-registry","hookId":"builtin:binary-read-guard","matcher":"^[Rr]ead$","matchValue":"write"}
[16:49:31.074] INFO: [daemon.js:17438] [hook-registry] matcher did not match, hook filtered out {"module":"hook-registry","hookId":"builtin:docx-skill-env-gate","matcher":"^[Ss][Kk][Ii][Ll][Ll]$","matchValue":"write"}
[16:49:31.074] INFO: [daemon.js:17438] [hook-registry] hooks filtered by matcher {"module":"hook-registry","hookEvent":"PreToolUse","matchValue":"write","beforeCount":2,"afterCount":0}
[16:49:31.074] INFO: [daemon.js:17438] [6545a829c79c40669cc705cf7afbd3b0] ← POST /mavis/api/hooks/execute status=200 duration=1ms {"locale":"en"}
[16:49:31.078] INFO: [daemon.js:17438] [c4daf63413594685888e3dc9ebcc7039] → POST /mavis/api/metrics/runtime-event
[16:49:31.078] INFO: [daemon.js:17438] [c4daf63413594685888e3dc9ebcc7039] ← POST /mavis/api/metrics/runtime-event status=204 duration=0ms {"locale":"en"}
[16:49:31.079] INFO: [daemon.js:17438] [00a767f6b4f64039b9622d92f64f8844] → POST /mavis/api/hooks/execute
[16:49:31.079] INFO: [daemon.js:17438] [hook-registry] matcher did not match, hook filtered out {"module":"hook-registry","hookId":"builtin:read-image-compressor","matcher":"^[Rr]ead$","matchValue":"write"}
[16:49:31.079] INFO: [daemon.js:17438] [hook-registry] matcher did not match, hook filtered out {"module":"hook-registry","hookId":"builtin:cu-image-injector","matcher":"^[Bb]ash$","matchValue":"write"}
[16:49:31.079] INFO: [daemon.js:17438] [hook-registry] hooks filtered by matcher {"module":"hook-registry","hookEvent":"PostToolUse","matchValue":"write","beforeCount":7,"afterCount":5}
[16:49:31.079] INFO: [daemon.js:17438] [00a767f6b4f64039b9622d92f64f8844] ← POST /mavis/api/hooks/execute status=200 duration=0ms {"locale":"en"}
[16:49:31.082] INFO: [daemon.js:17438] [004fe6d188784e0aa2ebb52f196ebbeb] → POST /mavis/api/metrics/runtime-event
[16:49:31.083] INFO: [daemon.js:17438] [004fe6d188784e0aa2ebb52f196ebbeb] ← POST /mavis/api/metrics/runtime-event status=204 duration=1ms {"locale":"en"}
[16:49:31.097] INFO: [daemon.js:17438] [5013c30635ae4dbebed44de9f6aca0f9] → POST /mavis/api/metrics/runtime-event
[16:49:31.098] INFO: [daemon.js:17438] [5013c30635ae4dbebed44de9f6aca0f9] ← POST /mavis/api/metrics/runtime-event status=204 duration=1ms {"locale":"en"}
[16:49:33.330] INFO: [daemon.js:17438] [fd554039681240e09df7ea85b2f3e347] → GET /mavis/health
[16:49:33.331] INFO: [daemon.js:17438] [fd554039681240e09df7ea85b2f3e347] ← GET /mavis/health status=200 duration=1ms {"locale":"en"}
[16:49:34.931] INFO: [daemon.js:17438] [ef8f26011024438898d325062b12a29d] → POST /mavis/api/metrics/runtime-event
[16:49:34.932] INFO: [daemon.js:17438] [ef8f26011024438898d325062b12a29d] ← POST /mavis/api/metrics/runtime-event status=204 duration=1ms {"locale":"en"}
[16:49:34.932] INFO: [daemon.js:17438] [407449bf5d684a899a48aa4934620442] → POST /mavis/api/permission/check
[16:49:34.933] INFO: [daemon.js:17438] [407449bf5d684a899a48aa4934620442] Permission check requested: read for mavis {"locale":"en"}
[16:49:34.933] INFO: [daemon.js:17438] Created ToolPermissionContext {"mode":"auto","ruleCount":0,"sandboxEnabled":false,"workingDirectory":"C:\\Users\\jethr\\.minimax-agent\\projects"}
[16:49:34.933] INFO: [daemon.js:17438] [a00f26aa7ed44966983987b9e0560e1c] FsToolPermissionChecker checkPermissions called, toolName=read, input={"filePath":"C:\\Users\\jethr\\.mavis\\skills\\zotero-use\\SKILL.md"}, context={"mode":"auto","rules":[],"sandboxEnabled":false,"autoAllowBashIfSandboxed":false,"workingDirectory":"C:\\Users\\jethr\\.minimax-agent\\projects","allowedWorkingPaths":[],"sandboxAllowPaths":[],"dataDir":"C:\\Users\\jethr\\.mavis","homeDir":"C:\\Users\\jethr","agentName":"mavis","sessionId":"mvs_121083dc1ae64fa1b109bd3bedf7436b","allowManagedPermissionRulesOnly":false,"interactiveTools":{}}
[16:49:34.933] INFO: [daemon.js:17438] [6c335011a7974ecda70d49e9d39d7cd8] [permission-service] Check result: toolName=read behavior=allow reasonType=workingDirectory locale=en
[16:49:34.933] INFO: [daemon.js:17438] [407449bf5d684a899a48aa4934620442] Permission check result: read → allow {"locale":"en"}
[16:49:34.933] INFO: [daemon.js:17438] [407449bf5d684a899a48aa4934620442] ← POST /mavis/api/permission/check status=200 duration=1ms {"locale":"en"}
[16:49:34.935] INFO: [daemon.js:17438] [be784631be7b4f579416e93e95f5b8a1] → POST /mavis/api/hooks/execute
[16:49:34.935] INFO: [daemon.js:17438] [hook-registry] matcher did not match, hook filtered out {"module":"hook-registry","hookId":"builtin:docx-skill-env-gate","matcher":"^[Ss][Kk][Ii][Ll][Ll]$","matchValue":"read"}
[16:49:34.935] INFO: [daemon.js:17438] [hook-registry] hooks filtered by matcher {"module":"hook-registry","hookEvent":"PreToolUse","matchValue":"read","beforeCount":2,"afterCount":1}
[16:49:34.935] INFO: [daemon.js:17438] [b095fdd71a0a4c1cb0533806fa2d8929] [binary-read-guard] handler invoked toolName=read model=minimax/MiniMax-M2.7 argsKeys=["filePath"]
[16:49:34.935] INFO: [daemon.js:17438] [fa3b62a4faff410983a201980606b354] [binary-read-guard] extension not blocked, ext=.md
[16:49:34.936] INFO: [daemon.js:17438] [be784631be7b4f579416e93e95f5b8a1] ← POST /mavis/api/hooks/execute status=200 duration=1ms {"locale":"en"}
[16:49:34.941] INFO: [daemon.js:17438] [1d510b97906c44e1b89ca827933e7e88] → POST /mavis/api/metrics/runtime-event
[16:49:34.942] INFO: [daemon.js:17438] [1d510b97906c44e1b89ca827933e7e88] ← POST /mavis/api/metrics/runtime-event status=204 duration=1ms {"locale":"en"}
[16:49:34.942] INFO: [daemon.js:17438] [20fb9537fc6a41aaa5f507104294c968] → POST /mavis/api/hooks/execute
[16:49:34.942] INFO: [daemon.js:17438] [hook-registry] matcher did not match, hook filtered out {"module":"hook-registry","hookId":"builtin:cu-image-injector","matcher":"^[Bb]ash$","matchValue":"read"}
[16:49:34.943] INFO: [daemon.js:17438] [hook-registry] hooks filtered by matcher {"module":"hook-registry","hookEvent":"PostToolUse","matchValue":"read","beforeCount":7,"afterCount":6}
[16:49:34.943] INFO: [daemon.js:17438] [20fb9537fc6a41aaa5f507104294c968] ← POST /mavis/api/hooks/execute status=200 duration=1ms {"locale":"en"}
[16:49:34.945] INFO: [daemon.js:17438] [a6a6c1dd20804b769f8556a1b9a34296] → POST /mavis/api/metrics/runtime-event
[16:49:34.945] INFO: [daemon.js:17438] [a6a6c1dd20804b769f8556a1b9a34296] ← POST /mavis/api/metrics/runtime-event status=204 duration=0ms {"locale":"en"}
[16:49:34.956] INFO: [daemon.js:17438] [fcc2b4e35a4945d09b67d568dfb595e9] → POST /mavis/api/metrics/runtime-event
[16:49:34.956] INFO: [daemon.js:17438] [fcc2b4e35a4945d09b67d568dfb595e9] ← POST /mavis/api/metrics/runtime-event status=204 duration=0ms {"locale":"en"}
[16:49:40.252] INFO: [daemon.js:17438] [eaa75e12cbbb46798a96298705737312] → POST /mavis/api/metrics/runtime-event
[16:49:40.252] INFO: [daemon.js:17438] [eaa75e12cbbb46798a96298705737312] ← POST /mavis/api/metrics/runtime-event status=204 duration=0ms {"locale":"en"}
[16:49:40.253] INFO: [daemon.js:17438] [8c4afdcd5c514ea58ca2352b6e353df4] → POST /mavis/api/permission/check
[16:49:40.253] INFO: [daemon.js:17438] [8c4afdcd5c514ea58ca2352b6e353df4] Permission check requested: edit for mavis {"locale":"en"}
[16:49:40.253] INFO: [daemon.js:17438] Created ToolPermissionContext {"mode":"auto","ruleCount":0,"sandboxEnabled":false,"workingDirectory":"C:\\Users\\jethr\\.minimax-agent\\projects"}
[16:49:40.253] INFO: [daemon.js:17438] [c46eb75590f6444381188cfb5b85affb] FsToolPermissionChecker checkPermissions called, toolName=edit, input={"filePath":"C:\\Users\\jethr\\.mavis\\skills\\zotero-use\\SKILL.md","newString":"- Verified local examples on this machine: `references/verified-local-examples.md`\n- Troubleshooting and common checks: `references/setup-troubleshooting.md`\n- Finding attachment file paths (linked, imported, URL): `references/finding-attachments.md`","oldString":"- Verified local examples on this machine: `references/verified-local-examples.md`\n- Troubleshooting and common checks: `references/setup-troubleshooting.md`"}, context={"mode":"auto","rules":[],"sandboxEnabled":false,"autoAllowBashIfSandboxed":false,"workingDirectory":"C:\\Users\\jethr\\.minimax-agent\\projects","allowedWorkingPaths":[],"sandboxAllowPaths":[],"dataDir":"C:\\Users\\jethr\\.mavis","homeDir":"C:\\Users\\jethr","agentName":"mavis","sessionId":"mvs_121083dc1ae64fa1b109bd3bedf7436b","allowManagedPermissionRulesOnly":false,"interactiveTools":{}}
[16:49:40.254] INFO: [daemon.js:17438] [a075ef60b6f549f5b1632f36b6fc44db] [permission-service] Check result: toolName=edit behavior=ask reasonType=safetyCheck locale=en
[16:49:40.254] INFO: [daemon.js:17438] Running YOLO classifier {"toolName":"edit","inputLength":48,"sessionId":"mvs_121083dc1ae64fa1b109bd3bedf7436b","agentId":"mavis"}
[16:49:43.331] INFO: [daemon.js:17438] [c18e5701e57a4bc38fb534288f9000c3] → GET /mavis/health
[16:49:43.331] INFO: [daemon.js:17438] [c18e5701e57a4bc38fb534288f9000c3] ← GET /mavis/health status=200 duration=0ms {"locale":"en"}
[16:49:53.352] INFO: [daemon.js:17438] [2536d53660dc44f9ab3a7d356856e8fc] → GET /mavis/health
[16:49:53.353] INFO: [daemon.js:17438] [2536d53660dc44f9ab3a7d356856e8fc] ← GET /mavis/health status=200 duration=1ms {"locale":"en"}
[16:49:53.743] INFO: [daemon.js:17438] Stage 2 LLM classification result {"toolName":"edit","verdict":"allow","reason":"Editing a skill documentation file in the user's .mavis/skills directory with explicit user authorization. This is a bounded file write to user-owned configuration space.","model":"minimax/MiniMax-M2.7","isIrreversibleDelete":false,"confidence":0.9}
[16:49:53.743] INFO: [daemon.js:17438] [db03db6da6b54319bb9851f6d8c7d39a] [permission-service] Auto mode classifier result: toolName=edit verdict=allow reason=Editing a skill documentation file in the user's .mavis/skills directory with explicit user authorization. This is a bounded file write to user-owned configuration space. model=minimax/MiniMax-M2.7 stage=thinking durationMs=13489 locale=en
[16:49:53.743] INFO: [daemon.js:17438] [8c4afdcd5c514ea58ca2352b6e353df4] Permission check result: edit → allow {"locale":"en"}
[16:49:53.743] INFO: [daemon.js:17438] [8c4afdcd5c514ea58ca2352b6e353df4] ← POST /mavis/api/permission/check status=200 duration=13490ms {"locale":"en"}
[16:49:53.748] INFO: [daemon.js:17438] [c1b8fa1e42614d01a6d619e9bf489fc0] → POST /mavis/api/hooks/execute
[16:49:53.749] INFO: [daemon.js:17438] [hook-registry] matcher did not match, hook filtered out {"module":"hook-registry","hookId":"builtin:binary-read-guard","matcher":"^[Rr]ead$","matchValue":"edit"}
[16:49:53.749] INFO: [daemon.js:17438] [hook-registry] matcher did not match, hook filtered out {"module":"hook-registry","hookId":"builtin:docx-skill-env-gate","matcher":"^[Ss][Kk][Ii][Ll][Ll]$","matchValue":"edit"}
[16:49:53.749] INFO: [daemon.js:17438] [hook-registry] hooks filtered by matcher {"module":"hook-registry","hookEvent":"PreToolUse","matchValue":"edit","beforeCount":2,"afterCount":0}
[16:49:53.749] INFO: [daemon.js:17438] [c1b8fa1e42614d01a6d619e9bf489fc0] ← POST /mavis/api/hooks/execute status=200 duration=1ms {"locale":"en"}
[16:49:53.758] INFO: [daemon.js:17438] [27e16d6e473a48c9824ee26d1ca76ad8] → POST /mavis/api/metrics/runtime-event
[16:49:53.758] INFO: [daemon.js:17438] [27e16d6e473a48c9824ee26d1ca76ad8] ← POST /mavis/api/metrics/runtime-event status=204 duration=0ms {"locale":"en"}
[16:49:53.759] INFO: [daemon.js:17438] [427a5412f29b492d80f32f5ed7d68b8f] → POST /mavis/api/hooks/execute
[16:49:53.760] INFO: [daemon.js:17438] [hook-registry] matcher did not match, hook filtered out {"module":"hook-registry","hookId":"builtin:read-image-compressor","matcher":"^[Rr]ead$","matchValue":"edit"}
[16:49:53.760] INFO: [daemon.js:17438] [hook-registry] matcher did not match, hook filtered out {"module":"hook-registry","hookId":"builtin:cu-image-injector","matcher":"^[Bb]ash$","matchValue":"edit"}
[16:49:53.760] INFO: [daemon.js:17438] [hook-registry] hooks filtered by matcher {"module":"hook-registry","hookEvent":"PostToolUse","matchValue":"edit","beforeCount":7,"afterCount":5}
[16:49:53.761] INFO: [daemon.js:17438] [427a5412f29b492d80f32f5ed7d68b8f] ← POST /mavis/api/hooks/execute status=200 duration=2ms {"locale":"en"}
[16:49:53.763] INFO: [daemon.js:17438] [0c3941c430d6469884ccd69375bbe98c] → POST /mavis/api/metrics/runtime-event
[16:49:53.764] INFO: [daemon.js:17438] [0c3941c430d6469884ccd69375bbe98c] ← POST /mavis/api/metrics/runtime-event status=204 duration=1ms {"locale":"en"}
[16:49:53.781] INFO: [daemon.js:17438] [3d6c5cb28e2a42288279b94fe174efcf] → POST /mavis/api/metrics/runtime-event
[16:49:53.782] INFO: [daemon.js:17438] [3d6c5cb28e2a42288279b94fe174efcf] ← POST /mavis/api/metrics/runtime-event status=204 duration=1ms {"locale":"en"}
[16:49:54.016] INFO: [daemon.js:17438] [3c30bab1c37646e6983aaf7fcee727f4] SkillFsSyncer: index synced, skillName=zotero-use, scope=2, event=skill.updated
[16:49:55.607] INFO: [daemon.js:17438] [ba00b4fe9a1f46fe9a70ead96335ccea] → POST /mavis/api/metrics/runtime-event
[16:49:55.607] INFO: [daemon.js:17438] [ba00b4fe9a1f46fe9a70ead96335ccea] ← POST /mavis/api/metrics/runtime-event status=204 duration=0ms {"locale":"en"}
[16:49:55.608] INFO: [daemon.js:17438] [6301ac78c9a94a1485bb9f0248167a81] → POST /mavis/api/permission/check
[16:49:55.608] INFO: [daemon.js:17438] [6301ac78c9a94a1485bb9f0248167a81] Permission check requested: edit for mavis {"locale":"en"}
[16:49:55.609] INFO: [daemon.js:17438] Created ToolPermissionContext {"mode":"auto","ruleCount":0,"sandboxEnabled":false,"workingDirectory":"C:\\Users\\jethr\\.minimax-agent\\projects"}
[16:49:55.609] INFO: [daemon.js:17438] [d47f5f73de8e4b9faba08de5976a637c] FsToolPermissionChecker checkPermissions called, toolName=edit, input={"filePath":"C:\\Users\\jethr\\.mavis\\skills\\zotero-use\\SKILL.md","newString":"3. For a single selected item, check children/attachments and report whether a PDF is available (see `references/finding-attachments.md` for how to locate the file path).","oldString":"3. For a single selected item, check children/attachments and report whether a PDF is available."}, context={"mode":"auto","rules":[],"sandboxEnabled":false,"autoAllowBashIfSandboxed":false,"workingDirectory":"C:\\Users\\jethr\\.minimax-agent\\projects","allowedWorkingPaths":[],"sandboxAllowPaths":[],"dataDir":"C:\\Users\\jethr\\.mavis","homeDir":"C:\\Users\\jethr","agentName":"mavis","sessionId":"mvs_121083dc1ae64fa1b109bd3bedf7436b","allowManagedPermissionRulesOnly":false,"interactiveTools":{}}
[16:49:55.609] INFO: [daemon.js:17438] [3020b2c3ebcc4caabc741282a2c90b35] [permission-service] Check result: toolName=edit behavior=ask reasonType=safetyCheck locale=en
[16:49:55.610] INFO: [daemon.js:17438] Running YOLO classifier {"toolName":"edit","inputLength":48,"sessionId":"mvs_121083dc1ae64fa1b109bd3bedf7436b","agentId":"mavis"}
[16:50:03.351] INFO: [daemon.js:17438] [ffcbf18fb3fe4409829c6cb3dfd21513] → GET /mavis/health
[16:50:03.351] INFO: [daemon.js:17438] [ffcbf18fb3fe4409829c6cb3dfd21513] ← GET /mavis/health status=200 duration=0ms {"locale":"en"}
[16:50:07.563] INFO: [daemon.js:17438] Stage 2 LLM classification result {"toolName":"edit","verdict":"allow","reason":"Editing the agent's own skill configuration file within the `.mavis` directory — a safe, bounded modification explicitly requested by the user.","model":"minimax/MiniMax-M2.7","isIrreversibleDelete":false,"confidence":0.95}
[16:50:07.563] INFO: [daemon.js:17438] [feb830dcb09442c4aef364186df7adda] [permission-service] Auto mode classifier result: toolName=edit verdict=allow reason=Editing the agent's own skill configuration file within the `.mavis` directory — a safe, bounded modification explicitly requested by the user. model=minimax/MiniMax-M2.7 stage=thinking durationMs=11953 locale=en
[16:50:07.563] INFO: [daemon.js:17438] [6301ac78c9a94a1485bb9f0248167a81] Permission check result: edit → allow {"locale":"en"}
[16:50:07.563] INFO: [daemon.js:17438] [6301ac78c9a94a1485bb9f0248167a81] ← POST /mavis/api/permission/check status=200 duration=11955ms {"locale":"en"}
[16:50:07.567] INFO: [daemon.js:17438] [df2dd8d5b3094198a0ddb3525ea96957] → POST /mavis/api/hooks/execute
[16:50:07.568] INFO: [daemon.js:17438] [hook-registry] matcher did not match, hook filtered out {"module":"hook-registry","hookId":"builtin:binary-read-guard","matcher":"^[Rr]ead$","matchValue":"edit"}
[16:50:07.568] INFO: [daemon.js:17438] [hook-registry] matcher did not match, hook filtered out {"module":"hook-registry","hookId":"builtin:docx-skill-env-gate","matcher":"^[Ss][Kk][Ii][Ll][Ll]$","matchValue":"edit"}
[16:50:07.568] INFO: [daemon.js:17438] [hook-registry] hooks filtered by matcher {"module":"hook-registry","hookEvent":"PreToolUse","matchValue":"edit","beforeCount":2,"afterCount":0}
[16:50:07.568] INFO: [daemon.js:17438] [df2dd8d5b3094198a0ddb3525ea96957] ← POST /mavis/api/hooks/execute status=200 duration=1ms {"locale":"en"}
[16:50:07.577] INFO: [daemon.js:17438] [ea7f19aa16134edfb3a1c87be467a605] → POST /mavis/api/metrics/runtime-event
[16:50:07.578] INFO: [daemon.js:17438] [ea7f19aa16134edfb3a1c87be467a605] ← POST /mavis/api/metrics/runtime-event status=204 duration=1ms {"locale":"en"}
[16:50:07.579] INFO: [daemon.js:17438] [91c3fd8fbb244064a12092a7d7657417] → POST /mavis/api/hooks/execute
[16:50:07.579] INFO: [daemon.js:17438] [hook-registry] matcher did not match, hook filtered out {"module":"hook-registry","hookId":"builtin:read-image-compressor","matcher":"^[Rr]ead$","matchValue":"edit"}
[16:50:07.579] INFO: [daemon.js:17438] [hook-registry] matcher did not match, hook filtered out {"module":"hook-registry","hookId":"builtin:cu-image-injector","matcher":"^[Bb]ash$","matchValue":"edit"}
[16:50:07.580] INFO: [daemon.js:17438] [hook-registry] hooks filtered by matcher {"module":"hook-registry","hookEvent":"PostToolUse","matchValue":"edit","beforeCount":7,"afterCount":5}
[16:50:07.580] INFO: [daemon.js:17438] [91c3fd8fbb244064a12092a7d7657417] ← POST /mavis/api/hooks/execute status=200 duration=1ms {"locale":"en"}
[16:50:07.582] INFO: [daemon.js:17438] [53452cc2f9f74b5bb8a5f03eddfcba5f] → POST /mavis/api/metrics/runtime-event
[16:50:07.583] INFO: [daemon.js:17438] [53452cc2f9f74b5bb8a5f03eddfcba5f] ← POST /mavis/api/metrics/runtime-event status=204 duration=1ms {"locale":"en"}
[16:50:07.617] INFO: [daemon.js:17438] [c496659b8cbf4e418d00f2135f45d65e] → POST /mavis/api/metrics/runtime-event
[16:50:07.618] INFO: [daemon.js:17438] [c496659b8cbf4e418d00f2135f45d65e] ← POST /mavis/api/metrics/runtime-event status=204 duration=1ms {"locale":"en"}
[16:50:07.825] INFO: [daemon.js:17438] [499b2264f556492aacad61831040ff98] SkillFsSyncer: index synced, skillName=zotero-use, scope=2, event=skill.updated
[16:50:09.202] INFO: [daemon.js:17438] [57262fe7fd27445f9fca23cccd075149] → POST /mavis/api/metrics/runtime-event
[16:50:09.202] INFO: [daemon.js:17438] [57262fe7fd27445f9fca23cccd075149] ← POST /mavis/api/metrics/runtime-event status=204 duration=0ms {"locale":"en"}
[16:50:09.212] INFO: [daemon.js:17438] [23a0c4ee2a4941b59b036ea9063cad9f] [monitor] response TTFT measured sessionId=mvs_121083dc1ae64fa1b109bd3bedf7436b agentName=mavis ttftMs=51264 breakdown={"resolveSession":0,"reconcileConfig":0,"hooks":316,"modelResolve":0,"adapterSend":50948}
[16:50:09.743] INFO: [daemon.js:17438] [73970c08c8fe4019b25d50f5a8463a63] [bridge] Emitting session.finish event sessionId=mvs_121083dc1ae64fa1b109bd3bedf7436b agentName=mavis isError=false
[16:50:09.749] INFO: [daemon.js:17438] [1bdfa6f043034e04801b2cbd1dbdad61] [cron-store] Loaded cron configs, count=0
[16:50:09.771] INFO: [daemon.js:17438] [ba2762fb70704f4bb25c655f11e46d9c] → GET /mavis/api/session/mvs_121083dc1ae64fa1b109bd3bedf7436b/diff
[16:50:09.772] INFO: [daemon.js:17438] [6ed056994f1a4fa497674e6229adc5e4] → GET /mavis/api/session/mvs_121083dc1ae64fa1b109bd3bedf7436b
[16:50:09.775] INFO: [daemon.js:17438] [ba2762fb70704f4bb25c655f11e46d9c] ← GET /mavis/api/session/mvs_121083dc1ae64fa1b109bd3bedf7436b/diff status=200 duration=4ms {"locale":"en"}
[16:50:09.777] INFO: [daemon.js:17438] [6ed056994f1a4fa497674e6229adc5e4] ← GET /mavis/api/session/mvs_121083dc1ae64fa1b109bd3bedf7436b status=200 duration=5ms {"locale":"en"}
[16:50:13.359] INFO: [daemon.js:17438] [22a368cd6e104f36899c9c6470b846db] → GET /mavis/health
[16:50:13.359] INFO: [daemon.js:17438] [22a368cd6e104f36899c9c6470b846db] ← GET /mavis/health status=200 duration=0ms {"locale":"en"}
[16:50:23.374] INFO: [daemon.js:17438] [3674da10077c4f9d85ae3a65252daaa2] → GET /mavis/health
[16:50:23.374] INFO: [daemon.js:17438] [3674da10077c4f9d85ae3a65252daaa2] ← GET /mavis/health status=200 duration=0ms {"locale":"en"}
[16:50:33.372] INFO: [daemon.js:17438] [f230d3af3448438685d1cf857cbe74f9] → GET /mavis/health
[16:50:33.372] INFO: [daemon.js:17438] [f230d3af3448438685d1cf857cbe74f9] ← GET /mavis/health status=200 duration=0ms {"locale":"en"}
[16:50:36.843] INFO: [daemon.js:17438] [bd897a65e1204e609cdf6bfbd5c1251a] → GET /mavis/api/session/mvs_121083dc1ae64fa1b109bd3bedf7436b/message
[16:50:36.844] INFO: [daemon.js:17438] MessageStore list completed {"ctx":{"traceId":"bd897a65e1204e609cdf6bfbd5c1251a","locale":"en"},"sessionId":"mvs_121083dc1ae64fa1b109bd3bedf7436b","durationMs":0,"messageCount":46,"hasNextCursor":false}
[16:50:36.844] INFO: [daemon.js:17438] [bd897a65e1204e609cdf6bfbd5c1251a] ← GET /mavis/api/session/mvs_121083dc1ae64fa1b109bd3bedf7436b/message status=200 duration=1ms {"locale":"en"}
[16:50:36.846] INFO: [daemon.js:17438] [161d2d68a1564520853dd17d12a179ca] → GET /mavis/api/permission/requests
[16:50:36.847] INFO: [daemon.js:17438] [161d2d68a1564520853dd17d12a179ca] ← GET /mavis/api/permission/requests status=200 duration=0ms {"locale":"en"}
[16:50:36.852] INFO: [daemon.js:17438] [a17ddcf6049b4ec59b5c17dd06fc4dfd] → GET /mavis/api/session/mvs_121083dc1ae64fa1b109bd3bedf7436b
[16:50:36.864] INFO: [daemon.js:17438] [a17ddcf6049b4ec59b5c17dd06fc4dfd] ← GET /mavis/api/session/mvs_121083dc1ae64fa1b109bd3bedf7436b status=200 duration=12ms {"locale":"en"}
[16:50:36.867] INFO: [daemon.js:17438] [a7f9b99213024af282934a58777a8898] → GET /mavis/api/session/mvs_121083dc1ae64fa1b109bd3bedf7436b/queue
[16:50:36.868] INFO: [daemon.js:17438] [a7f9b99213024af282934a58777a8898] ← GET /mavis/api/session/mvs_121083dc1ae64fa1b109bd3bedf7436b/queue status=200 duration=1ms {"locale":"en"}
[16:50:43.373] INFO: [daemon.js:17438] [912d2423dd4144c58b0f0dee228d18a4] → GET /mavis/health
[16:50:43.374] INFO: [daemon.js:17438] [912d2423dd4144c58b0f0dee228d18a4] ← GET /mavis/health status=200 duration=1ms {"locale":"en"}
[16:50:44.937] INFO: [daemon.js:17438] [df3a386b0eea42a1a7166c579d16c4d6] → GET /mavis/api/config
[16:50:44.937] INFO: [daemon.js:17438] [3f2763b64b6d4f889854e1d395a9abc2] → GET /mavis/api/models
[16:50:44.938] INFO: [daemon.js:17438] [3f2763b64b6d4f889854e1d395a9abc2] ← GET /mavis/api/models status=200 duration=1ms {"locale":"en"}
[16:50:44.938] INFO: [daemon.js:17438] [df3a386b0eea42a1a7166c579d16c4d6] ← GET /mavis/api/config status=200 duration=1ms {"locale":"en"}
[16:50:44.939] INFO: [daemon.js:17438] [8a4117dd0296498d94161dd618b70e20] → GET /mavis/api/agent/mavis/skill
[16:50:44.940] INFO: [daemon.js:17438] skill block emitted {"ctx":{"traceId":"73e638fe5ed94a56b2bd44bfcf023d87"},"event":"skill_block_emitted","agent":"mavis","total_count":23,"total_chars":10551,"skills":[{"name":"create-agent","char_count":676,"source_kind":"builtin-global"},{"name":"init-harness","char_count":521,"source_kind":"builtin-global"},{"name":"lark-tools","char_count":899,"source_kind":"builtin-global"},{"name":"literature-note","char_count":281,"source_kind":"user-mavis"},{"name":"llm-call","char_count":337,"source_kind":"builtin-global"},{"name":"mavis","char_count":950,"source_kind":"builtin-global"},{"name":"mavis-browser","char_count":355,"source_kind":"builtin-global"},{"name":"mavis-doctor","char_count":300,"source_kind":"builtin-agent"},{"name":"mavis-team","char_count":952,"source_kind":"builtin-agent"},{"name":"mcp-cli","char_count":121,"source_kind":"builtin-global"},{"name":"mcp-onboarding","char_count":169,"source_kind":"builtin-global"},{"name":"minimax-docx","char_count":235,"source_kind":"builtin-global"},{"name":"minimax-pdf","char_count":322,"source_kind":"builtin-global"},{"name":"minimax-pptx","char_count":261,"source_kind":"builtin-global"},{"name":"minimax-xlsx","char_count":350,"source_kind":"builtin-global"},{"name":"plan-mode","char_count":308,"source_kind":"builtin-global"},{"name":"skill-creator","char_count":363,"source_kind":"builtin-global"},{"name":"skill-evolution","char_count":614,"source_kind":"builtin-global"},{"name":"skill-refiner","char_count":326,"source_kind":"builtin-global"},{"name":"visual-summary","char_count":614,"source_kind":"builtin-global"},{"name":"worktree-management","char_count":480,"source_kind":"builtin-global"},{"name":"x-link-reader","char_count":315,"source_kind":"builtin-global"},{"name":"zotero-use","char_count":802,"source_kind":null}]}
[16:50:44.940] INFO: [daemon.js:17438] [8a4117dd0296498d94161dd618b70e20] ← GET /mavis/api/agent/mavis/skill status=200 duration=1ms {"locale":"en"}
[16:50:44.947] INFO: [daemon.js:17438] [b2c7a63b30cc4fa5a72376a74944076b] → GET /mavis/api/config/api-key-status
[16:50:44.947] INFO: [daemon.js:17438] [0d47b8f2a6a54491b6a2d82c899c67d7] → GET /mavis/api/config
[16:50:44.948] INFO: [daemon.js:17438] [b2c7a63b30cc4fa5a72376a74944076b] ← GET /mavis/api/config/api-key-status status=200 duration=1ms {"locale":"en"}
[16:50:44.948] INFO: [daemon.js:17438] [0d47b8f2a6a54491b6a2d82c899c67d7] ← GET /mavis/api/config status=200 duration=1ms {"locale":"en"}
[16:50:53.388] INFO: [daemon.js:17438] [5360a9cf7c2a4284bfc2dfef5e1fbce4] → GET /mavis/health
[16:50:53.389] INFO: [daemon.js:17438] [5360a9cf7c2a4284bfc2dfef5e1fbce4] ← GET /mavis/health status=200 duration=1ms {"locale":"en"}
[16:51:00.711] INFO: [daemon.js:17438] [6fd97f1920a644f997abcb77d533b739] → POST /mavis/api/agent/mavis/session
[16:51:00.711] INFO: [daemon.js:17438] [6fd97f1920a644f997abcb77d533b739] Creating new session, name=mavis, workspaceDir=C:\Users\jethr\.minimax-agent\projects, title=undefined, model=undefined {"locale":"en"}
[16:51:00.711] INFO: [daemon.js:17438] [6fd97f1920a644f997abcb77d533b739] newSession started, agentName=mavis, workspaceDir=C:\Users\jethr\.minimax-agent\projects, parentSessionId=undefined {"locale":"en"}
[16:51:00.712] INFO: [daemon.js:17438] [6fd97f1920a644f997abcb77d533b739] newSession started, agentName=mavis, workspaceDir=C:\Users\jethr\.minimax-agent\projects {"locale":"en"}
[16:51:00.719] INFO: [daemon.js:17438] [6fd97f1920a644f997abcb77d533b739] created session, daemonId=mvs_44491adf460b43c8b3c009d46d4c38e0, frameworkId=ses_17d9eec13ffeMzUE6q3L4r1cqR, agent=mavis {"locale":"en"}
[16:51:00.721] INFO: [daemon.js:17438] Branch session created {"ctx":{"traceId":"6fd97f1920a644f997abcb77d533b739","locale":"en"},"agentName":"mavis","sessionId":"mvs_44491adf460b43c8b3c009d46d4c38e0","workspaceDir":"C:\\Users\\jethr\\.minimax-agent\\projects"}
[16:51:00.721] INFO: [daemon.js:17438] [6fd97f1920a644f997abcb77d533b739] ← POST /mavis/api/agent/mavis/session status=201 duration=10ms {"locale":"en"}
[16:51:00.723] INFO: [daemon.js:17438] [b8adc81b6d6041f8a80c634fa1bd9592] → GET /mavis/api/session/mvs_44491adf460b43c8b3c009d46d4c38e0
[16:51:00.723] INFO: [daemon.js:17438] [48d7bef76d364ac0946f07e90f2fb928] → PUT /mavis/api/models/select
[16:51:00.724] INFO: [daemon.js:17438] [48d7bef76d364ac0946f07e90f2fb928] ← PUT /mavis/api/models/select status=200 duration=1ms {"locale":"en"}
[16:51:00.726] INFO: [daemon.js:17438] [b8adc81b6d6041f8a80c634fa1bd9592] ← GET /mavis/api/session/mvs_44491adf460b43c8b3c009d46d4c38e0 status=200 duration=3ms {"locale":"en"}
[16:51:00.741] INFO: [daemon.js:17438] [7824d8c73c1049e28a57d3f1ecdc4f9a] → GET /mavis/api/config
[16:51:00.741] INFO: [daemon.js:17438] [2388276745c24257887d08f8995bd968] → GET /mavis/api/models
[16:51:00.742] INFO: [daemon.js:17438] [2388276745c24257887d08f8995bd968] ← GET /mavis/api/models status=200 duration=1ms {"locale":"en"}
[16:51:00.742] INFO: [daemon.js:17438] [7824d8c73c1049e28a57d3f1ecdc4f9a] ← GET /mavis/api/config status=200 duration=1ms {"locale":"en"}
[16:51:00.743] INFO: [daemon.js:17438] [f50643ea7a2a4419a8ba0ba77582c94b] → GET /mavis/api/agent/mavis/skill
[16:51:00.743] INFO: [daemon.js:17438] [7e50ee0ba1734e5d9ed74dd2d8315543] → GET /mavis/api/session/mvs_44491adf460b43c8b3c009d46d4c38e0/queue
[16:51:00.743] INFO: [daemon.js:17438] [7e50ee0ba1734e5d9ed74dd2d8315543] ← GET /mavis/api/session/mvs_44491adf460b43c8b3c009d46d4c38e0/queue status=200 duration=0ms {"locale":"en"}
[16:51:00.744] INFO: [daemon.js:17438] [da2e7b78988b4c26986d301557c00ef2] → GET /mavis/api/session/mvs_44491adf460b43c8b3c009d46d4c38e0
[16:51:00.745] INFO: [daemon.js:17438] skill block emitted {"ctx":{"traceId":"dae57de3592049d0a272a69aa98d1c46"},"event":"skill_block_emitted","agent":"mavis","total_count":23,"total_chars":10551,"skills":[{"name":"create-agent","char_count":676,"source_kind":"builtin-global"},{"name":"init-harness","char_count":521,"source_kind":"builtin-global"},{"name":"lark-tools","char_count":899,"source_kind":"builtin-global"},{"name":"literature-note","char_count":281,"source_kind":"user-mavis"},{"name":"llm-call","char_count":337,"source_kind":"builtin-global"},{"name":"mavis","char_count":950,"source_kind":"builtin-global"},{"name":"mavis-browser","char_count":355,"source_kind":"builtin-global"},{"name":"mavis-doctor","char_count":300,"source_kind":"builtin-agent"},{"name":"mavis-team","char_count":952,"source_kind":"builtin-agent"},{"name":"mcp-cli","char_count":121,"source_kind":"builtin-global"},{"name":"mcp-onboarding","char_count":169,"source_kind":"builtin-global"},{"name":"minimax-docx","char_count":235,"source_kind":"builtin-global"},{"name":"minimax-pdf","char_count":322,"source_kind":"builtin-global"},{"name":"minimax-pptx","char_count":261,"source_kind":"builtin-global"},{"name":"minimax-xlsx","char_count":350,"source_kind":"builtin-global"},{"name":"plan-mode","char_count":308,"source_kind":"builtin-global"},{"name":"skill-creator","char_count":363,"source_kind":"builtin-global"},{"name":"skill-evolution","char_count":614,"source_kind":"builtin-global"},{"name":"skill-refiner","char_count":326,"source_kind":"builtin-global"},{"name":"visual-summary","char_count":614,"source_kind":"builtin-global"},{"name":"worktree-management","char_count":480,"source_kind":"builtin-global"},{"name":"x-link-reader","char_count":315,"source_kind":"builtin-global"},{"name":"zotero-use","char_count":802,"source_kind":null}]}
[16:51:00.745] INFO: [daemon.js:17438] [f50643ea7a2a4419a8ba0ba77582c94b] ← GET /mavis/api/agent/mavis/skill status=200 duration=2ms {"locale":"en"}
[16:51:00.745] INFO: [daemon.js:17438] [1ef644ee5c3945af91694a2726d3ba33] → GET /mavis/api/permission/requests
[16:51:00.745] INFO: [daemon.js:17438] [1ef644ee5c3945af91694a2726d3ba33] ← GET /mavis/api/permission/requests status=200 duration=0ms {"locale":"en"}
[16:51:00.745] INFO: [daemon.js:17438] [3819f7611f0042e99cbd18dc490497d5] → GET /mavis/api/agent/mavis/questionnaire/pending
[16:51:00.746] INFO: [daemon.js:17438] [3819f7611f0042e99cbd18dc490497d5] ← GET /mavis/api/agent/mavis/questionnaire/pending status=200 duration=1ms {"locale":"en"}
[16:51:00.746] INFO: [daemon.js:17438] [da2e7b78988b4c26986d301557c00ef2] ← GET /mavis/api/session/mvs_44491adf460b43c8b3c009d46d4c38e0 status=200 duration=2ms {"locale":"en"}
[16:51:00.751] INFO: [daemon.js:17438] [0115d790a0774f5ebc614d78ce61ffff] → GET /mavis/api/config/api-key-status
[16:51:00.751] INFO: [daemon.js:17438] [9d654ac8d202457291c1a5516fc32071] → GET /mavis/api/config
[16:51:00.751] INFO: [daemon.js:17438] [0115d790a0774f5ebc614d78ce61ffff] ← GET /mavis/api/config/api-key-status status=200 duration=0ms {"locale":"en"}
[16:51:00.752] INFO: [daemon.js:17438] [9d654ac8d202457291c1a5516fc32071] ← GET /mavis/api/config status=200 duration=1ms {"locale":"en"}
[16:51:00.765] INFO: [daemon.js:17438] [d1ddcf8062904cd5a5ef0f89bfe9d291] → GET /mavis/api/session/mvs_44491adf460b43c8b3c009d46d4c38e0/message
[16:51:00.765] INFO: [daemon.js:17438] MessageStore list completed {"ctx":{"traceId":"d1ddcf8062904cd5a5ef0f89bfe9d291","locale":"en"},"sessionId":"mvs_44491adf460b43c8b3c009d46d4c38e0","durationMs":0,"messageCount":0,"hasNextCursor":false}
[16:51:00.766] INFO: [daemon.js:17438] [d1ddcf8062904cd5a5ef0f89bfe9d291] ← GET /mavis/api/session/mvs_44491adf460b43c8b3c009d46d4c38e0/message status=200 duration=1ms {"locale":"en"}
[16:51:00.768] INFO: [daemon.js:17438] [3c72a9f1af9749e2b6dc8872858d8730] → GET /mavis/api/session/mvs_44491adf460b43c8b3c009d46d4c38e0/queue
[16:51:00.768] INFO: [daemon.js:17438] [3c72a9f1af9749e2b6dc8872858d8730] ← GET /mavis/api/session/mvs_44491adf460b43c8b3c009d46d4c38e0/queue status=200 duration=0ms {"locale":"en"}
[16:51:00.772] INFO: [daemon.js:17438] [00b78400698c477eb965c107381a365e] → POST /mavis/api/content
[16:51:01.021] INFO: [daemon.js:17438] [00b78400698c477eb965c107381a365e] ← POST /mavis/api/content status=200 duration=249ms {"locale":"en"}
[16:51:01.026] INFO: [daemon.js:17438] [e18d87db50fd4048bcb6566ab21b5c49] → POST /mavis/api/session/mvs_44491adf460b43c8b3c009d46d4c38e0/message
[16:51:01.027] INFO: [daemon.js:17438] [e18d87db50fd4048bcb6566ab21b5c49] SendMessage received for mavis/mvs_44491adf460b43c8b3c009d46d4c38e0 {"locale":"en"}
[16:51:01.027] INFO: [daemon.js:17438] [message] Forwarding user message {"ctx":{"traceId":"e18d87db50fd4048bcb6566ab21b5c49","locale":"en"},"agentName":"mavis","sessionId":"mvs_44491adf460b43c8b3c009d46d4c38e0","queuedMessageCount":0,"turnId":"8bb59a14-e611-4761-81db-cffc428cd858"}
[16:51:01.027] INFO: [daemon.js:17438] [e18d87db50fd4048bcb6566ab21b5c49] ← POST /mavis/api/session/mvs_44491adf460b43c8b3c009d46d4c38e0/message status=200 duration=1ms {"locale":"en"}
[16:51:01.028] INFO: [daemon.js:17438] [580a86223b2d4d888bd12223226dee4c] Session turnId updated sessionId=mvs_44491adf460b43c8b3c009d46d4c38e0 turnId=8bb59a14-e611-4761-81db-cffc428cd858
[16:51:01.028] INFO: [daemon.js:17438] [ee582fbb5b3f4e90bce33a621aed2069] Resolved model from request override agentName=mavis providerID=minimax modelID=MiniMax-M2.7
[16:51:01.034] INFO: [daemon.js:17438] [c10c9e2893824c1badd7d7874d6bfa3b] Resolved model from request override agentName=mavis providerID=minimax modelID=MiniMax-M2.7
[16:51:01.034] INFO: [daemon.js:17438] [e18d87db50fd4048bcb6566ab21b5c49] sendMessage started, agentName=mavis, sessionId=mvs_44491adf460b43c8b3c009d46d4c38e0 {"locale":"en"}
[16:51:01.052] INFO: [daemon.js:17438] [a10634769c564a678e0bbdce00af3746] → GET /mavis/api/session/ses_17d9eec13ffeMzUE6q3L4r1cqR
[16:51:01.054] INFO: [daemon.js:17438] [a10634769c564a678e0bbdce00af3746] ← GET /mavis/api/session/ses_17d9eec13ffeMzUE6q3L4r1cqR status=200 duration=2ms {"locale":"en"}
[16:51:01.054] INFO: [daemon.js:17438] [9e939d5f17914e779d83d76c80dc46c7] → GET /mavis/api/agent/mavis
[16:51:01.056] INFO: [daemon.js:17438] [9e939d5f17914e779d83d76c80dc46c7] ← GET /mavis/api/agent/mavis status=200 duration=2ms {"locale":"en"}
[16:51:01.057] INFO: [daemon.js:17438] [3176020b3b0241e0ad187a9f5b20e9fa] → GET /mavis/api/agent/mavis/skill
[16:51:01.057] INFO: [daemon.js:17438] [c779452eacb647cdb813f54d5f6c9fe3] → GET /mavis/api/mcp/servers
[16:51:01.059] INFO: [daemon.js:17438] [c779452eacb647cdb813f54d5f6c9fe3] ← GET /mavis/api/mcp/servers status=200 duration=2ms {"locale":"en"}
[16:51:01.060] INFO: [daemon.js:17438] [145d33d7aa574a6a8d9ef2dd7bbab0cf] → GET /mavis/api/mcp/native-tools
[16:51:01.061] INFO: [daemon.js:17438] [145d33d7aa574a6a8d9ef2dd7bbab0cf] ← GET /mavis/api/mcp/native-tools status=200 duration=1ms {"locale":"en"}
[16:51:01.062] INFO: [daemon.js:17438] skill block emitted {"ctx":{"traceId":"a044b4c9d93141e39cbd3f7f7a6c8b0b"},"event":"skill_block_emitted","agent":"mavis","total_count":23,"total_chars":10551,"skills":[{"name":"create-agent","char_count":676,"source_kind":"builtin-global"},{"name":"init-harness","char_count":521,"source_kind":"builtin-global"},{"name":"lark-tools","char_count":899,"source_kind":"builtin-global"},{"name":"literature-note","char_count":281,"source_kind":"user-mavis"},{"name":"llm-call","char_count":337,"source_kind":"builtin-global"},{"name":"mavis","char_count":950,"source_kind":"builtin-global"},{"name":"mavis-browser","char_count":355,"source_kind":"builtin-global"},{"name":"mavis-doctor","char_count":300,"source_kind":"builtin-agent"},{"name":"mavis-team","char_count":952,"source_kind":"builtin-agent"},{"name":"mcp-cli","char_count":121,"source_kind":"builtin-global"},{"name":"mcp-onboarding","char_count":169,"source_kind":"builtin-global"},{"name":"minimax-docx","char_count":235,"source_kind":"builtin-global"},{"name":"minimax-pdf","char_count":322,"source_kind":"builtin-global"},{"name":"minimax-pptx","char_count":261,"source_kind":"builtin-global"},{"name":"minimax-xlsx","char_count":350,"source_kind":"builtin-global"},{"name":"plan-mode","char_count":308,"source_kind":"builtin-global"},{"name":"skill-creator","char_count":363,"source_kind":"builtin-global"},{"name":"skill-evolution","char_count":614,"source_kind":"builtin-global"},{"name":"skill-refiner","char_count":326,"source_kind":"builtin-global"},{"name":"visual-summary","char_count":614,"source_kind":"builtin-global"},{"name":"worktree-management","char_count":480,"source_kind":"builtin-global"},{"name":"x-link-reader","char_count":315,"source_kind":"builtin-global"},{"name":"zotero-use","char_count":802,"source_kind":null}]}
[16:51:01.062] INFO: [daemon.js:17438] [3176020b3b0241e0ad187a9f5b20e9fa] ← GET /mavis/api/agent/mavis/skill status=200 duration=5ms {"locale":"en"}
[16:51:01.063] INFO: [daemon.js:17438] [c17fa5b1bb6a4916898b5695a23d6651] → POST /mavis/api/metrics/runtime-event
[16:51:01.064] INFO: [daemon.js:17438] [c17fa5b1bb6a4916898b5695a23d6651] ← POST /mavis/api/metrics/runtime-event status=204 duration=1ms {"locale":"en"}
[16:51:03.071] INFO: [daemon.js:17438] [50e49c0a14154fe58f98413210bab659] → POST /mavis/api/metrics/runtime-event
[16:51:03.071] INFO: [daemon.js:17438] [50e49c0a14154fe58f98413210bab659] ← POST /mavis/api/metrics/runtime-event status=204 duration=0ms {"locale":"en"}
[16:51:03.072] INFO: [daemon.js:17438] [a512d16707184eae89bd9442182e9262] → POST /mavis/api/permission/check
[16:51:03.072] INFO: [daemon.js:17438] [a512d16707184eae89bd9442182e9262] Permission check requested: skill for mavis {"locale":"en"}
[16:51:03.073] INFO: [daemon.js:17438] [b60b6f34897345b8a5434ed968a50ba2] [monitor] thinking TTFT measured sessionId=mvs_44491adf460b43c8b3c009d46d4c38e0 agentName=mavis ttftMs=2046
[16:51:03.074] INFO: [daemon.js:17438] Created ToolPermissionContext {"mode":"auto","ruleCount":0,"sandboxEnabled":false,"workingDirectory":"C:\\Users\\jethr\\.minimax-agent\\projects"}
[16:51:03.074] INFO: [daemon.js:17438] [2b8eeeb1a3434fbbb500e1fe147ace43] [permission-service] Check result: toolName=skill behavior=allow reasonType=safetyCheck locale=en
[16:51:03.074] INFO: [daemon.js:17438] [a512d16707184eae89bd9442182e9262] Permission check result: skill → allow {"locale":"en"}
[16:51:03.074] INFO: [daemon.js:17438] [a512d16707184eae89bd9442182e9262] ← POST /mavis/api/permission/check status=200 duration=2ms {"locale":"en"}
[16:51:03.075] INFO: [daemon.js:17438] [667c82e17bd941d8b4511ce45faf71f8] → POST /mavis/api/hooks/execute
[16:51:03.075] INFO: [daemon.js:17438] [hook-registry] matcher did not match, hook filtered out {"module":"hook-registry","hookId":"builtin:binary-read-guard","matcher":"^[Rr]ead$","matchValue":"skill"}
[16:51:03.075] INFO: [daemon.js:17438] [hook-registry] hooks filtered by matcher {"module":"hook-registry","hookEvent":"PreToolUse","matchValue":"skill","beforeCount":2,"afterCount":1}
[16:51:03.076] INFO: [daemon.js:17438] [667c82e17bd941d8b4511ce45faf71f8] ← POST /mavis/api/hooks/execute status=200 duration=1ms {"locale":"en"}
[16:51:03.077] INFO: [daemon.js:17438] [98b3d35372bf4d289e14070838b83b5f] → GET /mavis/api/session/ses_17d9eec13ffeMzUE6q3L4r1cqR
[16:51:03.079] INFO: [daemon.js:17438] [98b3d35372bf4d289e14070838b83b5f] ← GET /mavis/api/session/ses_17d9eec13ffeMzUE6q3L4r1cqR status=200 duration=2ms {"locale":"en"}
[16:51:03.079] INFO: [daemon.js:17438] [dd9554a4b6584ec78e652c261aa22ab5] → GET /mavis/api/skill/zotero-use
[16:51:03.081] INFO: [daemon.js:17438] [dd9554a4b6584ec78e652c261aa22ab5] ← GET /mavis/api/skill/zotero-use status=200 duration=2ms {"locale":"en"}
[16:51:03.081] INFO: [daemon.js:17438] [25b0f74d14b34bba93a1a38a4593db13] → GET /mavis/api/skill/zotero-use/files
[16:51:03.083] INFO: [daemon.js:17438] [25b0f74d14b34bba93a1a38a4593db13] ← GET /mavis/api/skill/zotero-use/files status=200 duration=2ms {"locale":"en"}
[16:51:03.084] INFO: [daemon.js:17438] [4aa804c13aea455c95d7e60e3c8015c7] → POST /mavis/api/metrics/runtime-event
[16:51:03.085] INFO: [daemon.js:17438] [4aa804c13aea455c95d7e60e3c8015c7] ← POST /mavis/api/metrics/runtime-event status=204 duration=1ms {"locale":"en"}
[16:51:03.085] INFO: [daemon.js:17438] [9f26bacdad7a490bbb890c5bec575060] → POST /mavis/api/hooks/execute
[16:51:03.086] INFO: [daemon.js:17438] [hook-registry] matcher did not match, hook filtered out {"module":"hook-registry","hookId":"builtin:read-image-compressor","matcher":"^[Rr]ead$","matchValue":"skill"}
[16:51:03.086] INFO: [daemon.js:17438] [hook-registry] matcher did not match, hook filtered out {"module":"hook-registry","hookId":"builtin:cu-image-injector","matcher":"^[Bb]ash$","matchValue":"skill"}
[16:51:03.086] INFO: [daemon.js:17438] [hook-registry] hooks filtered by matcher {"module":"hook-registry","hookEvent":"PostToolUse","matchValue":"skill","beforeCount":7,"afterCount":5}
[16:51:03.086] INFO: [daemon.js:17438] [9f26bacdad7a490bbb890c5bec575060] ← POST /mavis/api/hooks/execute status=200 duration=1ms {"locale":"en"}
[16:51:03.088] INFO: [daemon.js:17438] [d72807d89af047c89e52857f750d069d] → POST /mavis/api/metrics/runtime-event
[16:51:03.089] INFO: [daemon.js:17438] [d72807d89af047c89e52857f750d069d] ← POST /mavis/api/metrics/runtime-event status=204 duration=1ms {"locale":"en"}
[16:51:03.099] INFO: [daemon.js:17438] [62be79670d814b14ba8fe13e1de5a2db] → POST /mavis/api/metrics/runtime-event
[16:51:03.099] INFO: [daemon.js:17438] [62be79670d814b14ba8fe13e1de5a2db] ← POST /mavis/api/metrics/runtime-event status=204 duration=0ms {"locale":"en"}
[16:51:03.389] INFO: [daemon.js:17438] [fc6085e9ecc240b692bc5ab6196cc870] → GET /mavis/health
[16:51:03.389] INFO: [daemon.js:17438] [fc6085e9ecc240b692bc5ab6196cc870] ← GET /mavis/health status=200 duration=0ms {"locale":"en"}
[16:51:05.059] INFO: [daemon.js:17438] [2627ae02d94f4ea9be1d387e2a85d0c2] → POST /mavis/api/metrics/runtime-event
[16:51:05.059] INFO: [daemon.js:17438] [2627ae02d94f4ea9be1d387e2a85d0c2] ← POST /mavis/api/metrics/runtime-event status=204 duration=0ms {"locale":"en"}
[16:51:05.060] INFO: [daemon.js:17438] [43f1e63c519143b9b234c8762866783a] → POST /mavis/api/permission/check
[16:51:05.060] INFO: [daemon.js:17438] [43f1e63c519143b9b234c8762866783a] Permission check requested: bash for mavis {"locale":"en"}
[16:51:05.060] INFO: [daemon.js:17438] Created ToolPermissionContext {"mode":"auto","ruleCount":0,"sandboxEnabled":false,"workingDirectory":"C:\\Users\\jethr\\.minimax-agent\\projects"}
[16:51:05.061] INFO: [daemon.js:17438] [f1352e70b77a45949b023ca1b71d8403] BashToolPermissionChecker checkPermissions called, _toolName=bash, input={"command":"zot item \"Pirker W, Katzenschlager R. Gait disorders in adults and the elderly\" 2>&1","description":"Search Zotero for the paper"}, context={"mode":"auto","rules":[],"sandboxEnabled":false,"autoAllowBashIfSandboxed":false,"workingDirectory":"C:\\Users\\jethr\\.minimax-agent\\projects","allowedWorkingPaths":[],"sandboxAllowPaths":[],"dataDir":"C:\\Users\\jethr\\.mavis","homeDir":"C:\\Users\\jethr","agentName":"mavis","sessionId":"mvs_44491adf460b43c8b3c009d46d4c38e0","allowManagedPermissionRulesOnly":false,"interactiveTools":{}}
[16:51:05.061] INFO: [daemon.js:17438] [permission] subcommand layer=tail mode=default verdict=ask {"permLayer":"tail","permMode":"default","permVerdict":"ask","permReasonType":"safetyCheck","cmdPreview":"zot item \"Pirker W, Katzenschlager R. Gait disorders in adults and the elderly\" 2>&1"}
[16:51:05.061] INFO: [daemon.js:17438] [permission] whole-command layer=aggregated mode=default verdict=ask {"permLayer":"aggregated","permMode":"default","permVerdict":"ask","permScope":"whole-command","cmdPreview":"zot item \"Pirker W, Katzenschlager R. Gait disorders in adults and the elderly\" 2>&1","sessionId":"mvs_44491adf460b43c8b3c009d46d4c38e0","subcommandCount":1}
[16:51:05.061] INFO: [daemon.js:17438] [62922d4ff82b49df954b827a7ada1540] [permission-service] Check result: toolName=bash behavior=ask reasonType=safetyCheck locale=en
[16:51:05.061] INFO: [daemon.js:17438] Running YOLO classifier {"toolName":"bash","inputLength":84,"sessionId":"mvs_44491adf460b43c8b3c009d46d4c38e0","agentId":"mavis"}
[16:51:05.062] INFO: [daemon.js:17438] [permission] subcommand layer=tail mode=auto verdict=undecided {"permLayer":"tail","permMode":"auto","permVerdict":"undecided","permReasonType":"safetyCheck","cmdPreview":"zot item \"Pirker W, Katzenschlager R. Gait disorders in adults and the elderly\" 2>&1"}
[16:51:05.062] INFO: [daemon.js:17438] [permission] whole-command layer=aggregated mode=auto verdict=undecided {"permLayer":"aggregated","permMode":"auto","permVerdict":"undecided","permScope":"whole-command","cmdPreview":"zot item \"Pirker W, Katzenschlager R. Gait disorders in adults and the elderly\" 2>&1","subcommandCount":1}
[16:51:09.489] INFO: [daemon.js:17438] [9b1e17e7eca64f2ba34b7008ea513243] [mcp:matrix:stderr] [matrix-mcp-cli] tools/list dropped 2 unknown tool(s) not in this cli's KNOWN_TOOLS: matrix_extract_content_from_websites, matrix_get_upload_url
[16:51:09.489] INFO: [daemon.js:17438] [baf6885e2de8458b87bdf0724379a7fe] → POST /mavis/mcp/cu
[16:51:09.491] INFO: [daemon.js:17438] [baf6885e2de8458b87bdf0724379a7fe] ← POST /mavis/mcp/cu status=200 duration=2ms {"locale":"en"}
[16:51:09.491] INFO: [daemon.js:17438] [8e4bf33e077c47bab34ff576829a9666] → POST /mavis/mcp/trash
[16:51:09.491] INFO: [daemon.js:17438] [8e4bf33e077c47bab34ff576829a9666] ← POST /mavis/mcp/trash status=200 duration=0ms {"locale":"en"}
[16:51:13.400] INFO: [daemon.js:17438] [f6a998c97be44a9da0fe0dbfc1ad0b98] → GET /mavis/health
[16:51:13.400] INFO: [daemon.js:17438] [f6a998c97be44a9da0fe0dbfc1ad0b98] ← GET /mavis/health status=200 duration=0ms {"locale":"en"}
[16:51:23.411] INFO: [daemon.js:17438] [5648e20604834c2db06f00de0aa1b778] → GET /mavis/health
[16:51:23.411] INFO: [daemon.js:17438] [5648e20604834c2db06f00de0aa1b778] ← GET /mavis/health status=200 duration=0ms {"locale":"en"}
[16:51:23.800] WARN: [daemon.js:17438] LLM returned invalid title, retrying {"sessionId":"mvs_44491adf460b43c8b3c009d46d4c38e0","attempt":0,"rawLen":448,"raw":"I'll help you find the PDF for this citation. Let me search for it. Tool Usage: "}
[16:51:25.605] INFO: [daemon.js:17438] Stage 2 LLM classification result {"toolName":"bash","verdict":"allow","reason":"This is a read-only query to the user's personal Zotero library, retrieving bibliographic metadata. No system changes, no deletion, no secrets. Safe and bounded scope.","model":"minimax/MiniMax-M2.7","isIrreversibleDelete":false,"confidence":0.85}
[16:51:25.605] INFO: [daemon.js:17438] [7be5ac22fa8342c4bba7c471b37fb34c] [permission-service] Auto mode classifier result: toolName=bash verdict=allow reason=This is a read-only query to the user's personal Zotero library, retrieving bibliographic metadata. No system changes, no deletion, no secrets. Safe and bounded scope. model=minimax/MiniMax-M2.7 stage=thinking durationMs=20544 locale=en
[16:51:25.605] INFO: [daemon.js:17438] [43f1e63c519143b9b234c8762866783a] Permission check result: bash → allow {"locale":"en"}
[16:51:25.605] INFO: [daemon.js:17438] [43f1e63c519143b9b234c8762866783a] ← POST /mavis/api/permission/check status=200 duration=20545ms {"locale":"en"}
[16:51:25.607] INFO: [daemon.js:17438] [b06ca93094e14cb480728438752f0306] → POST /mavis/api/hooks/execute
[16:51:25.607] INFO: [daemon.js:17438] [hook-registry] matcher did not match, hook filtered out {"module":"hook-registry","hookId":"builtin:binary-read-guard","matcher":"^[Rr]ead$","matchValue":"bash"}
[16:51:25.607] INFO: [daemon.js:17438] [hook-registry] matcher did not match, hook filtered out {"module":"hook-registry","hookId":"builtin:docx-skill-env-gate","matcher":"^[Ss][Kk][Ii][Ll][Ll]$","matchValue":"bash"}
[16:51:25.607] INFO: [daemon.js:17438] [hook-registry] hooks filtered by matcher {"module":"hook-registry","hookEvent":"PreToolUse","matchValue":"bash","beforeCount":2,"afterCount":0}
[16:51:25.607] INFO: [daemon.js:17438] [b06ca93094e14cb480728438752f0306] ← POST /mavis/api/hooks/execute status=200 duration=0ms {"locale":"en"}
[16:51:25.990] INFO: [daemon.js:17438] [da8f0300c9534e8ea653783db999c487] → POST /mavis/api/metrics/runtime-event
[16:51:25.990] INFO: [daemon.js:17438] [da8f0300c9534e8ea653783db999c487] ← POST /mavis/api/metrics/runtime-event status=204 duration=0ms {"locale":"en"}
[16:51:25.991] INFO: [daemon.js:17438] [16bb2016253043dca6e34ee7b9974589] → POST /mavis/api/hooks/execute
[16:51:25.991] INFO: [daemon.js:17438] [hook-registry] matcher did not match, hook filtered out {"module":"hook-registry","hookId":"builtin:read-image-compressor","matcher":"^[Rr]ead$","matchValue":"bash"}
[16:51:25.991] INFO: [daemon.js:17438] [hook-registry] hooks filtered by matcher {"module":"hook-registry","hookEvent":"PostToolUse","matchValue":"bash","beforeCount":7,"afterCount":6}
[16:51:25.991] INFO: [daemon.js:17438] [16bb2016253043dca6e34ee7b9974589] ← POST /mavis/api/hooks/execute status=200 duration=0ms {"locale":"en"}
[16:51:25.994] INFO: [daemon.js:17438] [e346cef216ae4f21aecc356d9d1a3b33] → POST /mavis/api/metrics/runtime-event
[16:51:25.994] INFO: [daemon.js:17438] [e346cef216ae4f21aecc356d9d1a3b33] ← POST /mavis/api/metrics/runtime-event status=204 duration=0ms {"locale":"en"}
[16:51:26.005] INFO: [daemon.js:17438] [6e4c4110c37645b7ab3c7161adbed348] → POST /mavis/api/metrics/runtime-event
[16:51:26.005] INFO: [daemon.js:17438] [6e4c4110c37645b7ab3c7161adbed348] ← POST /mavis/api/metrics/runtime-event status=204 duration=0ms {"locale":"en"}
[16:51:26.521] WARN: [daemon.js:17438] LLM returned invalid title, retrying {"sessionId":"mvs_44491adf460b43c8b3c009d46d4c38e0","attempt":1,"rawLen":200,"raw":"<tool_call> {\"name\": \"zotero-use\", \"parameters\": {\"command\": \"search\", \"path\": \""}
[16:51:26.772] INFO: [daemon.js:17438] [52d91c34d9274fd783451627562f045b] Session updated, sessionId=mvs_44491adf460b43c8b3c009d46d4c38e0, updates={"title":"/zotero-use Find the PDF for 1"}
[16:51:26.772] INFO: [daemon.js:17438] Session title auto-generated {"sessionId":"mvs_44491adf460b43c8b3c009d46d4c38e0","agentName":"mavis","title":"/zotero-use Find the PDF for 1"}
[16:51:26.774] INFO: [daemon.js:17438] [15b73cca333d45a593565e32ae2028b7] → GET /mavis/api/session/mvs_44491adf460b43c8b3c009d46d4c38e0
[16:51:26.774] INFO: [daemon.js:17438] [15b73cca333d45a593565e32ae2028b7] ← GET /mavis/api/session/mvs_44491adf460b43c8b3c009d46d4c38e0 status=200 duration=0ms {"locale":"en"}
[16:51:29.439] INFO: [daemon.js:17438] [e3a7cf5b2dfb4b8691eae4a8a70c5e7f] → POST /mavis/api/metrics/runtime-event
[16:51:29.439] INFO: [daemon.js:17438] [e3a7cf5b2dfb4b8691eae4a8a70c5e7f] ← POST /mavis/api/metrics/runtime-event status=204 duration=0ms {"locale":"en"}
[16:51:29.440] INFO: [daemon.js:17438] [a2b95203054e43d58dfca7181400ef80] → POST /mavis/api/permission/check
[16:51:29.440] INFO: [daemon.js:17438] [a2b95203054e43d58dfca7181400ef80] Permission check requested: bash for mavis {"locale":"en"}
[16:51:29.440] INFO: [daemon.js:17438] Created ToolPermissionContext {"mode":"auto","ruleCount":0,"sandboxEnabled":false,"workingDirectory":"C:\\Users\\jethr\\.minimax-agent\\projects"}
[16:51:29.440] INFO: [daemon.js:17438] [28b3a4e41c8b4db3830b30ebaccc4c58] BashToolPermissionChecker checkPermissions called, _toolName=bash, input={"command":"zot items --query \"Pirker Katzenschlager Gait disorders\" --limit 5 2>&1","description":"Search Zotero for the paper by title"}, context={"mode":"auto","rules":[],"sandboxEnabled":false,"autoAllowBashIfSandboxed":false,"workingDirectory":"C:\\Users\\jethr\\.minimax-agent\\projects","allowedWorkingPaths":[],"sandboxAllowPaths":[],"dataDir":"C:\\Users\\jethr\\.mavis","homeDir":"C:\\Users\\jethr","agentName":"mavis","sessionId":"mvs_44491adf460b43c8b3c009d46d4c38e0","allowManagedPermissionRulesOnly":false,"interactiveTools":{}}
[16:51:29.441] INFO: [daemon.js:17438] [permission] subcommand layer=tail mode=default verdict=ask {"permLayer":"tail","permMode":"default","permVerdict":"ask","permReasonType":"safetyCheck","cmdPreview":"zot items --query \"Pirker Katzenschlager Gait disorders\" --limit 5 2>&1"}
[16:51:29.441] INFO: [daemon.js:17438] [permission] whole-command layer=aggregated mode=default verdict=ask {"permLayer":"aggregated","permMode":"default","permVerdict":"ask","permScope":"whole-command","cmdPreview":"zot items --query \"Pirker Katzenschlager Gait disorders\" --limit 5 2>&1","sessionId":"mvs_44491adf460b43c8b3c009d46d4c38e0","subcommandCount":1}
[16:51:29.441] INFO: [daemon.js:17438] [baf9e442540641b38a4a2444921cb94b] [permission-service] Check result: toolName=bash behavior=ask reasonType=safetyCheck locale=en
[16:51:29.441] INFO: [daemon.js:17438] Running YOLO classifier {"toolName":"bash","inputLength":71,"sessionId":"mvs_44491adf460b43c8b3c009d46d4c38e0","agentId":"mavis"}
[16:51:29.441] INFO: [daemon.js:17438] [permission] subcommand layer=tail mode=auto verdict=undecided {"permLayer":"tail","permMode":"auto","permVerdict":"undecided","permReasonType":"safetyCheck","cmdPreview":"zot items --query \"Pirker Katzenschlager Gait disorders\" --limit 5 2>&1"}
[16:51:29.441] INFO: [daemon.js:17438] [permission] whole-command layer=aggregated mode=auto verdict=undecided {"permLayer":"aggregated","permMode":"auto","permVerdict":"undecided","permScope":"whole-command","cmdPreview":"zot items --query \"Pirker Katzenschlager Gait disorders\" --limit 5 2>&1","subcommandCount":1}
[16:51:33.426] INFO: [daemon.js:17438] [b9c737b55ce049f5af6ade9fcc3b1fad] → GET /mavis/health
[16:51:33.426] INFO: [daemon.js:17438] [b9c737b55ce049f5af6ade9fcc3b1fad] ← GET /mavis/health status=200 duration=0ms {"locale":"en"}
[16:51:37.806] INFO: [daemon.js:17438] Stage 2 LLM classification result {"toolName":"bash","verdict":"allow","reason":"Querying the local Zotero library for a paper reference — this is a read-only operation with no destructive side effects.","model":"minimax/MiniMax-M2.7","isIrreversibleDelete":false,"confidence":0.95}
[16:51:37.806] INFO: [daemon.js:17438] [a9732dbc1699410d811af2d7917471a6] [permission-service] Auto mode classifier result: toolName=bash verdict=allow reason=Querying the local Zotero library for a paper reference — this is a read-only operation with no destructive side effects. model=minimax/MiniMax-M2.7 stage=thinking durationMs=8365 locale=en
[16:51:37.806] INFO: [daemon.js:17438] [a2b95203054e43d58dfca7181400ef80] Permission check result: bash → allow {"locale":"en"}
[16:51:37.806] INFO: [daemon.js:17438] [a2b95203054e43d58dfca7181400ef80] ← POST /mavis/api/permission/check status=200 duration=8366ms {"locale":"en"}
[16:51:37.813] INFO: [daemon.js:17438] [5a305a425f864e65a3e545647632de87] → POST /mavis/api/hooks/execute
[16:51:37.814] INFO: [daemon.js:17438] [hook-registry] matcher did not match, hook filtered out {"module":"hook-registry","hookId":"builtin:binary-read-guard","matcher":"^[Rr]ead$","matchValue":"bash"}
[16:51:37.814] INFO: [daemon.js:17438] [hook-registry] matcher did not match, hook filtered out {"module":"hook-registry","hookId":"builtin:docx-skill-env-gate","matcher":"^[Ss][Kk][Ii][Ll][Ll]$","matchValue":"bash"}
[16:51:37.814] INFO: [daemon.js:17438] [hook-registry] hooks filtered by matcher {"module":"hook-registry","hookEvent":"PreToolUse","matchValue":"bash","beforeCount":2,"afterCount":0}
[16:51:37.814] INFO: [daemon.js:17438] [5a305a425f864e65a3e545647632de87] ← POST /mavis/api/hooks/execute status=200 duration=1ms {"locale":"en"}
[16:51:38.217] INFO: [daemon.js:17438] [60ea690808af46fbb8f0a865539b8772] → POST /mavis/api/metrics/runtime-event
[16:51:38.217] INFO: [daemon.js:17438] [60ea690808af46fbb8f0a865539b8772] ← POST /mavis/api/metrics/runtime-event status=204 duration=0ms {"locale":"en"}
[16:51:38.218] INFO: [daemon.js:17438] [f171cb80c8984b0caabae86ccb852c42] → POST /mavis/api/hooks/execute
[16:51:38.218] INFO: [daemon.js:17438] [hook-registry] matcher did not match, hook filtered out {"module":"hook-registry","hookId":"builtin:read-image-compressor","matcher":"^[Rr]ead$","matchValue":"bash"}
[16:51:38.218] INFO: [daemon.js:17438] [hook-registry] hooks filtered by matcher {"module":"hook-registry","hookEvent":"PostToolUse","matchValue":"bash","beforeCount":7,"afterCount":6}
[16:51:38.218] INFO: [daemon.js:17438] [f171cb80c8984b0caabae86ccb852c42] ← POST /mavis/api/hooks/execute status=200 duration=0ms {"locale":"en"}
[16:51:38.221] INFO: [daemon.js:17438] [dc5f351974624ca0a93214e69e8d81b6] → POST /mavis/api/metrics/runtime-event
[16:51:38.221] INFO: [daemon.js:17438] [dc5f351974624ca0a93214e69e8d81b6] ← POST /mavis/api/metrics/runtime-event status=204 duration=0ms {"locale":"en"}
[16:51:38.233] INFO: [daemon.js:17438] [26ef9378a7ec409d8cb735c2bd0281a0] → POST /mavis/api/metrics/runtime-event
[16:51:38.233] INFO: [daemon.js:17438] [26ef9378a7ec409d8cb735c2bd0281a0] ← POST /mavis/api/metrics/runtime-event status=204 duration=0ms {"locale":"en"}
[16:51:40.065] INFO: [daemon.js:17438] [2111900534f14fd58e907bd037d185e6] → POST /mavis/api/metrics/runtime-event
[16:51:40.066] INFO: [daemon.js:17438] [2111900534f14fd58e907bd037d185e6] ← POST /mavis/api/metrics/runtime-event status=204 duration=1ms {"locale":"en"}
[16:51:40.066] INFO: [daemon.js:17438] [ed25509c619840eb8e590718866656c3] → POST /mavis/api/permission/check
[16:51:40.066] INFO: [daemon.js:17438] [ed25509c619840eb8e590718866656c3] Permission check requested: bash for mavis {"locale":"en"}
[16:51:40.066] INFO: [daemon.js:17438] Created ToolPermissionContext {"mode":"auto","ruleCount":0,"sandboxEnabled":false,"workingDirectory":"C:\\Users\\jethr\\.minimax-agent\\projects"}
[16:51:40.066] INFO: [daemon.js:17438] [a88b3b7786484d9384e4a0e564312c3c] BashToolPermissionChecker checkPermissions called, _toolName=bash, input={"command":"zot items --help 2>&1","description":"Check zot items command options"}, context={"mode":"auto","rules":[],"sandboxEnabled":false,"autoAllowBashIfSandboxed":false,"workingDirectory":"C:\\Users\\jethr\\.minimax-agent\\projects","allowedWorkingPaths":[],"sandboxAllowPaths":[],"dataDir":"C:\\Users\\jethr\\.mavis","homeDir":"C:\\Users\\jethr","agentName":"mavis","sessionId":"mvs_44491adf460b43c8b3c009d46d4c38e0","allowManagedPermissionRulesOnly":false,"interactiveTools":{}}
[16:51:40.067] INFO: [daemon.js:17438] [permission] subcommand layer=tail mode=default verdict=ask {"permLayer":"tail","permMode":"default","permVerdict":"ask","permReasonType":"safetyCheck","cmdPreview":"zot items --help 2>&1"}
[16:51:40.067] INFO: [daemon.js:17438] [permission] whole-command layer=aggregated mode=default verdict=ask {"permLayer":"aggregated","permMode":"default","permVerdict":"ask","permScope":"whole-command","cmdPreview":"zot items --help 2>&1","sessionId":"mvs_44491adf460b43c8b3c009d46d4c38e0","subcommandCount":1}
[16:51:40.067] INFO: [daemon.js:17438] [8600be8a1d4e43cb9960f1df366a16de] [permission-service] Check result: toolName=bash behavior=ask reasonType=safetyCheck locale=en
[16:51:40.067] INFO: [daemon.js:17438] Running YOLO classifier {"toolName":"bash","inputLength":21,"sessionId":"mvs_44491adf460b43c8b3c009d46d4c38e0","agentId":"mavis"}
[16:51:40.067] INFO: [daemon.js:17438] [permission] subcommand layer=tail mode=auto verdict=undecided {"permLayer":"tail","permMode":"auto","permVerdict":"undecided","permReasonType":"safetyCheck","cmdPreview":"zot items --help 2>&1"}
[16:51:40.067] INFO: [daemon.js:17438] [permission] whole-command layer=aggregated mode=auto verdict=undecided {"permLayer":"aggregated","permMode":"auto","permVerdict":"undecided","permScope":"whole-command","cmdPreview":"zot items --help 2>&1","subcommandCount":1}
[16:51:43.439] INFO: [daemon.js:17438] [373cf5c6041d4bfa9381f26e7d841c04] → GET /mavis/health
[16:51:43.439] INFO: [daemon.js:17438] [373cf5c6041d4bfa9381f26e7d841c04] ← GET /mavis/health status=200 duration=0ms {"locale":"en"}
[16:51:45.717] INFO: [daemon.js:17438] Stage 2 LLM classification result {"toolName":"bash","verdict":"allow","reason":"Read-only `--help` invocation displays CLI usage information only; no file system, network, or data modification.","model":"minimax/MiniMax-M2.7","isIrreversibleDelete":false,"confidence":0.95}
[16:51:45.717] INFO: [daemon.js:17438] [f2d759ab31694a0b8ba161f30d499377] [permission-service] Auto mode classifier result: toolName=bash verdict=allow reason=Read-only `--help` invocation displays CLI usage information only; no file system, network, or data modification. model=minimax/MiniMax-M2.7 stage=thinking durationMs=5650 locale=en
[16:51:45.717] INFO: [daemon.js:17438] [ed25509c619840eb8e590718866656c3] Permission check result: bash → allow {"locale":"en"}
[16:51:45.717] INFO: [daemon.js:17438] [ed25509c619840eb8e590718866656c3] ← POST /mavis/api/permission/check status=200 duration=5651ms {"locale":"en"}
[16:51:45.718] INFO: [daemon.js:17438] [bc8890d8de12488aae579bb0c35b6c14] → POST /mavis/api/hooks/execute
[16:51:45.719] INFO: [daemon.js:17438] [hook-registry] matcher did not match, hook filtered out {"module":"hook-registry","hookId":"builtin:binary-read-guard","matcher":"^[Rr]ead$","matchValue":"bash"}
[16:51:45.719] INFO: [daemon.js:17438] [hook-registry] matcher did not match, hook filtered out {"module":"hook-registry","hookId":"builtin:docx-skill-env-gate","matcher":"^[Ss][Kk][Ii][Ll][Ll]$","matchValue":"bash"}
[16:51:45.719] INFO: [daemon.js:17438] [hook-registry] hooks filtered by matcher {"module":"hook-registry","hookEvent":"PreToolUse","matchValue":"bash","beforeCount":2,"afterCount":0}
[16:51:45.719] INFO: [daemon.js:17438] [bc8890d8de12488aae579bb0c35b6c14] ← POST /mavis/api/hooks/execute status=200 duration=1ms {"locale":"en"}
[16:51:46.111] INFO: [daemon.js:17438] [c41d3f7797a44e7eb9bc49802fbcd62b] → POST /mavis/api/metrics/runtime-event
[16:51:46.111] INFO: [daemon.js:17438] [c41d3f7797a44e7eb9bc49802fbcd62b] ← POST /mavis/api/metrics/runtime-event status=204 duration=0ms {"locale":"en"}
[16:51:46.112] INFO: [daemon.js:17438] [afecc2aa9650492a8a2efebae5c580cb] → POST /mavis/api/hooks/execute
[16:51:46.112] INFO: [daemon.js:17438] [hook-registry] matcher did not match, hook filtered out {"module":"hook-registry","hookId":"builtin:read-image-compressor","matcher":"^[Rr]ead$","matchValue":"bash"}
[16:51:46.112] INFO: [daemon.js:17438] [hook-registry] hooks filtered by matcher {"module":"hook-registry","hookEvent":"PostToolUse","matchValue":"bash","beforeCount":7,"afterCount":6}
[16:51:46.112] INFO: [daemon.js:17438] [afecc2aa9650492a8a2efebae5c580cb] ← POST /mavis/api/hooks/execute status=200 duration=0ms {"locale":"en"}
[16:51:46.114] INFO: [daemon.js:17438] [2a9e6e46a9e84a89ae14885fcab857ea] → POST /mavis/api/metrics/runtime-event
[16:51:46.115] INFO: [daemon.js:17438] [2a9e6e46a9e84a89ae14885fcab857ea] ← POST /mavis/api/metrics/runtime-event status=204 duration=1ms {"locale":"en"}
[16:51:46.125] INFO: [daemon.js:17438] [34805c44942a424c8b5ac16c8e35e3a0] → POST /mavis/api/metrics/runtime-event
[16:51:46.126] INFO: [daemon.js:17438] [34805c44942a424c8b5ac16c8e35e3a0] ← POST /mavis/api/metrics/runtime-event status=204 duration=1ms {"locale":"en"}
[16:51:48.551] INFO: [daemon.js:17438] [6bc673842b44465e946d7437ebb20ed8] → POST /mavis/api/metrics/runtime-event
[16:51:48.552] INFO: [daemon.js:17438] [6bc673842b44465e946d7437ebb20ed8] ← POST /mavis/api/metrics/runtime-event status=204 duration=1ms {"locale":"en"}
[16:51:48.552] INFO: [daemon.js:17438] [d9f9813b943d46b2b1807c0b2e758540] → POST /mavis/api/permission/check
[16:51:48.552] INFO: [daemon.js:17438] [d9f9813b943d46b2b1807c0b2e758540] Permission check requested: bash for mavis {"locale":"en"}
[16:51:48.552] INFO: [daemon.js:17438] Created ToolPermissionContext {"mode":"auto","ruleCount":0,"sandboxEnabled":false,"workingDirectory":"C:\\Users\\jethr\\.minimax-agent\\projects"}
[16:51:48.552] INFO: [daemon.js:17438] [a3e78551c1d34ce28c6f383eb44833ff] BashToolPermissionChecker checkPermissions called, _toolName=bash, input={"command":"zot items list --search \"Pirker Katzenschlager Gait\" --limit 10 2>&1","description":"Search Zotero library for the paper"}, context={"mode":"auto","rules":[],"sandboxEnabled":false,"autoAllowBashIfSandboxed":false,"workingDirectory":"C:\\Users\\jethr\\.minimax-agent\\projects","allowedWorkingPaths":[],"sandboxAllowPaths":[],"dataDir":"C:\\Users\\jethr\\.mavis","homeDir":"C:\\Users\\jethr","agentName":"mavis","sessionId":"mvs_44491adf460b43c8b3c009d46d4c38e0","allowManagedPermissionRulesOnly":false,"interactiveTools":{}}
[16:51:48.553] INFO: [daemon.js:17438] [permission] subcommand layer=tail mode=default verdict=ask {"permLayer":"tail","permMode":"default","permVerdict":"ask","permReasonType":"safetyCheck","cmdPreview":"zot items list --search \"Pirker Katzenschlager Gait\" --limit 10 2>&1"}
[16:51:48.553] INFO: [daemon.js:17438] [permission] whole-command layer=aggregated mode=default verdict=ask {"permLayer":"aggregated","permMode":"default","permVerdict":"ask","permScope":"whole-command","cmdPreview":"zot items list --search \"Pirker Katzenschlager Gait\" --limit 10 2>&1","sessionId":"mvs_44491adf460b43c8b3c009d46d4c38e0","subcommandCount":1}
[16:51:48.553] INFO: [daemon.js:17438] [b266d0465da34acf80233f3f9772fcb2] [permission-service] Check result: toolName=bash behavior=ask reasonType=safetyCheck locale=en
[16:51:48.553] INFO: [daemon.js:17438] Running YOLO classifier {"toolName":"bash","inputLength":68,"sessionId":"mvs_44491adf460b43c8b3c009d46d4c38e0","agentId":"mavis"}
[16:51:48.554] INFO: [daemon.js:17438] [permission] subcommand layer=tail mode=auto verdict=undecided {"permLayer":"tail","permMode":"auto","permVerdict":"undecided","permReasonType":"safetyCheck","cmdPreview":"zot items list --search \"Pirker Katzenschlager Gait\" --limit 10 2>&1"}
[16:51:48.554] INFO: [daemon.js:17438] [permission] whole-command layer=aggregated mode=auto verdict=undecided {"permLayer":"aggregated","permMode":"auto","permVerdict":"undecided","permScope":"whole-command","cmdPreview":"zot items list --search \"Pirker Katzenschlager Gait\" --limit 10 2>&1","subcommandCount":1}
[16:51:53.439] INFO: [daemon.js:17438] [640c47b9f21e42ebac8302994c3c1ae3] → GET /mavis/health
[16:51:53.439] INFO: [daemon.js:17438] [640c47b9f21e42ebac8302994c3c1ae3] ← GET /mavis/health status=200 duration=0ms {"locale":"en"}
[16:51:57.589] INFO: [daemon.js:17438] Stage 2 LLM classification result {"toolName":"bash","verdict":"allow","reason":"Read-only search query against the user's local Zotero library; bounded scope, no system changes, no secret exfiltration, and directly follows from the user's stated goal of finding a specific paper.","model":"minimax/MiniMax-M2.7","isIrreversibleDelete":false,"confidence":0.95}
[16:51:57.590] INFO: [daemon.js:17438] [4be098b11f404286a17e3df98e6400ec] [permission-service] Auto mode classifier result: toolName=bash verdict=allow reason=Read-only search query against the user's local Zotero library; bounded scope, no system changes, no secret exfiltration, and directly follows from the user's stated goal of finding a specific paper. model=minimax/MiniMax-M2.7 stage=thinking durationMs=9037 locale=en
[16:51:57.590] INFO: [daemon.js:17438] [d9f9813b943d46b2b1807c0b2e758540] Permission check result: bash → allow {"locale":"en"}
[16:51:57.590] INFO: [daemon.js:17438] [d9f9813b943d46b2b1807c0b2e758540] ← POST /mavis/api/permission/check status=200 duration=9038ms {"locale":"en"}
[16:51:57.594] INFO: [daemon.js:17438] [59f7d2fe0a2e42e583a77fc83a5e6bd2] → POST /mavis/api/hooks/execute
[16:51:57.595] INFO: [daemon.js:17438] [hook-registry] matcher did not match, hook filtered out {"module":"hook-registry","hookId":"builtin:binary-read-guard","matcher":"^[Rr]ead$","matchValue":"bash"}
[16:51:57.595] INFO: [daemon.js:17438] [hook-registry] matcher did not match, hook filtered out {"module":"hook-registry","hookId":"builtin:docx-skill-env-gate","matcher":"^[Ss][Kk][Ii][Ll][Ll]$","matchValue":"bash"}
[16:51:57.595] INFO: [daemon.js:17438] [hook-registry] hooks filtered by matcher {"module":"hook-registry","hookEvent":"PreToolUse","matchValue":"bash","beforeCount":2,"afterCount":0}
[16:51:57.595] INFO: [daemon.js:17438] [59f7d2fe0a2e42e583a77fc83a5e6bd2] ← POST /mavis/api/hooks/execute status=200 duration=1ms {"locale":"en"}
[16:51:58.013] INFO: [daemon.js:17438] [ed17b1d9fe3b4165acffc36c9ff056df] → POST /mavis/api/metrics/runtime-event
[16:51:58.013] INFO: [daemon.js:17438] [ed17b1d9fe3b4165acffc36c9ff056df] ← POST /mavis/api/metrics/runtime-event status=204 duration=0ms {"locale":"en"}
[16:51:58.014] INFO: [daemon.js:17438] [6181c4ee803443dd8c38aec0d67a18b3] → POST /mavis/api/hooks/execute
[16:51:58.014] INFO: [daemon.js:17438] [hook-registry] matcher did not match, hook filtered out {"module":"hook-registry","hookId":"builtin:read-image-compressor","matcher":"^[Rr]ead$","matchValue":"bash"}
[16:51:58.014] INFO: [daemon.js:17438] [hook-registry] hooks filtered by matcher {"module":"hook-registry","hookEvent":"PostToolUse","matchValue":"bash","beforeCount":7,"afterCount":6}
[16:51:58.014] INFO: [daemon.js:17438] [6181c4ee803443dd8c38aec0d67a18b3] ← POST /mavis/api/hooks/execute status=200 duration=0ms {"locale":"en"}
[16:51:58.017] INFO: [daemon.js:17438] [93b9c25fe9bc4093939fcb68a806e991] → POST /mavis/api/metrics/runtime-event
[16:51:58.018] INFO: [daemon.js:17438] [93b9c25fe9bc4093939fcb68a806e991] ← POST /mavis/api/metrics/runtime-event status=204 duration=1ms {"locale":"en"}
[16:51:58.034] INFO: [daemon.js:17438] [2249e6f12d8c4c3594b7ba98ec6caebf] → POST /mavis/api/metrics/runtime-event
[16:51:58.034] INFO: [daemon.js:17438] [2249e6f12d8c4c3594b7ba98ec6caebf] ← POST /mavis/api/metrics/runtime-event status=204 duration=0ms {"locale":"en"}
[16:51:59.370] INFO: [daemon.js:17438] [76835f7580314cb082bec6788ae34106] → POST /mavis/api/metrics/runtime-event
[16:51:59.371] INFO: [daemon.js:17438] [76835f7580314cb082bec6788ae34106] ← POST /mavis/api/metrics/runtime-event status=204 duration=1ms {"locale":"en"}
[16:51:59.371] INFO: [daemon.js:17438] [c957fe74f8094e57a0d00fb6dadc7545] → POST /mavis/api/permission/check
[16:51:59.372] INFO: [daemon.js:17438] [c957fe74f8094e57a0d00fb6dadc7545] Permission check requested: bash for mavis {"locale":"en"}
[16:51:59.372] INFO: [daemon.js:17438] Created ToolPermissionContext {"mode":"auto","ruleCount":0,"sandboxEnabled":false,"workingDirectory":"C:\\Users\\jethr\\.minimax-agent\\projects"}
[16:51:59.372] INFO: [daemon.js:17438] [145c96c3fa7443e387d6fe6c5fad9b9c] BashToolPermissionChecker checkPermissions called, _toolName=bash, input={"command":"zot items list --help 2>&1","description":"Check zot items list options"}, context={"mode":"auto","rules":[],"sandboxEnabled":false,"autoAllowBashIfSandboxed":false,"workingDirectory":"C:\\Users\\jethr\\.minimax-agent\\projects","allowedWorkingPaths":[],"sandboxAllowPaths":[],"dataDir":"C:\\Users\\jethr\\.mavis","homeDir":"C:\\Users\\jethr","agentName":"mavis","sessionId":"mvs_44491adf460b43c8b3c009d46d4c38e0","allowManagedPermissionRulesOnly":false,"interactiveTools":{}}
[16:51:59.372] INFO: [daemon.js:17438] [permission] subcommand layer=tail mode=default verdict=ask {"permLayer":"tail","permMode":"default","permVerdict":"ask","permReasonType":"safetyCheck","cmdPreview":"zot items list --help 2>&1"}
[16:51:59.372] INFO: [daemon.js:17438] [permission] whole-command layer=aggregated mode=default verdict=ask {"permLayer":"aggregated","permMode":"default","permVerdict":"ask","permScope":"whole-command","cmdPreview":"zot items list --help 2>&1","sessionId":"mvs_44491adf460b43c8b3c009d46d4c38e0","subcommandCount":1}
[16:51:59.372] INFO: [daemon.js:17438] [8df5333f3a734e95889cc2813e3c28c8] [permission-service] Check result: toolName=bash behavior=ask reasonType=safetyCheck locale=en
[16:51:59.373] INFO: [daemon.js:17438] Running YOLO classifier {"toolName":"bash","inputLength":26,"sessionId":"mvs_44491adf460b43c8b3c009d46d4c38e0","agentId":"mavis"}
[16:51:59.373] INFO: [daemon.js:17438] [permission] subcommand layer=tail mode=auto verdict=undecided {"permLayer":"tail","permMode":"auto","permVerdict":"undecided","permReasonType":"safetyCheck","cmdPreview":"zot items list --help 2>&1"}
[16:51:59.373] INFO: [daemon.js:17438] [permission] whole-command layer=aggregated mode=auto verdict=undecided {"permLayer":"aggregated","permMode":"auto","permVerdict":"undecided","permScope":"whole-command","cmdPreview":"zot items list --help 2>&1","subcommandCount":1}
[16:52:03.450] INFO: [daemon.js:17438] [cc8550c372bb499ba328b73fe81acb56] → GET /mavis/health
[16:52:03.450] INFO: [daemon.js:17438] [cc8550c372bb499ba328b73fe81acb56] ← GET /mavis/health status=200 duration=0ms {"locale":"en"}
[16:52:07.435] INFO: [daemon.js:17438] Stage 2 LLM classification result {"toolName":"bash","verdict":"allow","reason":"The `--help` flag is a read-only informational operation on a project-internal CLI tool (zot/Zotero). No file system, network, or system changes occur.","model":"minimax/MiniMax-M2.7","isIrreversibleDelete":false,"confidence":0.95}
[16:52:07.435] INFO: [daemon.js:17438] [64be72da74ac48dead6e3b8b818d52e0] [permission-service] Auto mode classifier result: toolName=bash verdict=allow reason=The `--help` flag is a read-only informational operation on a project-internal CLI tool (zot/Zotero). No file system, network, or system changes occur. model=minimax/MiniMax-M2.7 stage=thinking durationMs=8062 locale=en
[16:52:07.435] INFO: [daemon.js:17438] [c957fe74f8094e57a0d00fb6dadc7545] Permission check result: bash → allow {"locale":"en"}
[16:52:07.435] INFO: [daemon.js:17438] [c957fe74f8094e57a0d00fb6dadc7545] ← POST /mavis/api/permission/check status=200 duration=8064ms {"locale":"en"}
[16:52:07.439] INFO: [daemon.js:17438] [46dbce11f730443b89445e7abad5599a] → POST /mavis/api/hooks/execute
[16:52:07.439] INFO: [daemon.js:17438] [hook-registry] matcher did not match, hook filtered out {"module":"hook-registry","hookId":"builtin:binary-read-guard","matcher":"^[Rr]ead$","matchValue":"bash"}
[16:52:07.439] INFO: [daemon.js:17438] [hook-registry] matcher did not match, hook filtered out {"module":"hook-registry","hookId":"builtin:docx-skill-env-gate","matcher":"^[Ss][Kk][Ii][Ll][Ll]$","matchValue":"bash"}
[16:52:07.439] INFO: [daemon.js:17438] [hook-registry] hooks filtered by matcher {"module":"hook-registry","hookEvent":"PreToolUse","matchValue":"bash","beforeCount":2,"afterCount":0}
[16:52:07.439] INFO: [daemon.js:17438] [46dbce11f730443b89445e7abad5599a] ← POST /mavis/api/hooks/execute status=200 duration=0ms {"locale":"en"}
[16:52:07.854] INFO: [daemon.js:17438] [e9e39681ab0446669f161e488efe01ab] → POST /mavis/api/metrics/runtime-event
[16:52:07.854] INFO: [daemon.js:17438] [e9e39681ab0446669f161e488efe01ab] ← POST /mavis/api/metrics/runtime-event status=204 duration=0ms {"locale":"en"}
[16:52:07.855] INFO: [daemon.js:17438] [3268c7aff9ce42db9a089bacb1a3a6b3] → POST /mavis/api/hooks/execute
[16:52:07.855] INFO: [daemon.js:17438] [hook-registry] matcher did not match, hook filtered out {"module":"hook-registry","hookId":"builtin:read-image-compressor","matcher":"^[Rr]ead$","matchValue":"bash"}
[16:52:07.855] INFO: [daemon.js:17438] [hook-registry] hooks filtered by matcher {"module":"hook-registry","hookEvent":"PostToolUse","matchValue":"bash","beforeCount":7,"afterCount":6}
[16:52:07.855] INFO: [daemon.js:17438] [3268c7aff9ce42db9a089bacb1a3a6b3] ← POST /mavis/api/hooks/execute status=200 duration=0ms {"locale":"en"}
[16:52:07.858] INFO: [daemon.js:17438] [8e2c248655ad4df3b6746a5d2afbad71] → POST /mavis/api/metrics/runtime-event
[16:52:07.858] INFO: [daemon.js:17438] [8e2c248655ad4df3b6746a5d2afbad71] ← POST /mavis/api/metrics/runtime-event status=204 duration=0ms {"locale":"en"}
[16:52:07.871] INFO: [daemon.js:17438] [50883cb41970495d9508b502d0868d87] → POST /mavis/api/metrics/runtime-event
[16:52:07.871] INFO: [daemon.js:17438] [50883cb41970495d9508b502d0868d87] ← POST /mavis/api/metrics/runtime-event status=204 duration=0ms {"locale":"en"}
[16:52:09.385] INFO: [daemon.js:17438] [13b5c869ebfc4a2b85cbaf508ad71870] → POST /mavis/api/metrics/runtime-event
[16:52:09.386] INFO: [daemon.js:17438] [13b5c869ebfc4a2b85cbaf508ad71870] ← POST /mavis/api/metrics/runtime-event status=204 duration=1ms {"locale":"en"}
[16:52:09.386] INFO: [daemon.js:17438] [da9a2e5eeed4449b84b734e84bd46a6b] → POST /mavis/api/permission/check
[16:52:09.386] INFO: [daemon.js:17438] [da9a2e5eeed4449b84b734e84bd46a6b] Permission check requested: bash for mavis {"locale":"en"}
[16:52:09.386] INFO: [daemon.js:17438] Created ToolPermissionContext {"mode":"auto","ruleCount":0,"sandboxEnabled":false,"workingDirectory":"C:\\Users\\jethr\\.minimax-agent\\projects"}
[16:52:09.387] INFO: [daemon.js:17438] [1d4ed5ef11954e5084584b80f5a81971] BashToolPermissionChecker checkPermissions called, _toolName=bash, input={"command":"zot items list -q \"Pirker Katzenschlager Gait disorders\" --limit 10 2>&1","description":"Search Zotero library for the paper"}, context={"mode":"auto","rules":[],"sandboxEnabled":false,"autoAllowBashIfSandboxed":false,"workingDirectory":"C:\\Users\\jethr\\.minimax-agent\\projects","allowedWorkingPaths":[],"sandboxAllowPaths":[],"dataDir":"C:\\Users\\jethr\\.mavis","homeDir":"C:\\Users\\jethr","agentName":"mavis","sessionId":"mvs_44491adf460b43c8b3c009d46d4c38e0","allowManagedPermissionRulesOnly":false,"interactiveTools":{}}
[16:52:09.387] INFO: [daemon.js:17438] [permission] subcommand layer=tail mode=default verdict=ask {"permLayer":"tail","permMode":"default","permVerdict":"ask","permReasonType":"safetyCheck","cmdPreview":"zot items list -q \"Pirker Katzenschlager Gait disorders\" --limit 10 2>&1"}
[16:52:09.387] INFO: [daemon.js:17438] [permission] whole-command layer=aggregated mode=default verdict=ask {"permLayer":"aggregated","permMode":"default","permVerdict":"ask","permScope":"whole-command","cmdPreview":"zot items list -q \"Pirker Katzenschlager Gait disorders\" --limit 10 2>&1","sessionId":"mvs_44491adf460b43c8b3c009d46d4c38e0","subcommandCount":1}
[16:52:09.387] INFO: [daemon.js:17438] [977dced317dd47698b6f7f91fd77acb4] [permission-service] Check result: toolName=bash behavior=ask reasonType=safetyCheck locale=en
[16:52:09.387] INFO: [daemon.js:17438] Running YOLO classifier {"toolName":"bash","inputLength":72,"sessionId":"mvs_44491adf460b43c8b3c009d46d4c38e0","agentId":"mavis"}
[16:52:09.388] INFO: [daemon.js:17438] [permission] subcommand layer=tail mode=auto verdict=undecided {"permLayer":"tail","permMode":"auto","permVerdict":"undecided","permReasonType":"safetyCheck","cmdPreview":"zot items list -q \"Pirker Katzenschlager Gait disorders\" --limit 10 2>&1"}
[16:52:09.388] INFO: [daemon.js:17438] [permission] whole-command layer=aggregated mode=auto verdict=undecided {"permLayer":"aggregated","permMode":"auto","permVerdict":"undecided","permScope":"whole-command","cmdPreview":"zot items list -q \"Pirker Katzenschlager Gait disorders\" --limit 10 2>&1","subcommandCount":1}
[16:52:13.453] INFO: [daemon.js:17438] [6705af21ce1e419fa148c30bd29c27e7] → GET /mavis/health
[16:52:13.453] INFO: [daemon.js:17438] [6705af21ce1e419fa148c30bd29c27e7] ← GET /mavis/health status=200 duration=0ms {"locale":"en"}
[16:52:16.205] INFO: [daemon.js:17438] Stage 2 LLM classification result {"toolName":"bash","verdict":"allow","reason":"This is a read-only search against the user's own Zotero reference library. No system or credential files are touched, no data is deleted or exfiltrated, and the blast radius is bounded to the local library query.","model":"minimax/MiniMax-M2.7","isIrreversibleDelete":false,"confidence":0.95}
[16:52:16.205] INFO: [daemon.js:17438] [ce8e91d022c542a2a757d4b6415ceb38] [permission-service] Auto mode classifier result: toolName=bash verdict=allow reason=This is a read-only search against the user's own Zotero reference library. No system or credential files are touched, no data is deleted or exfiltrated, and the blast radius is bounded to the local library query. model=minimax/MiniMax-M2.7 stage=thinking durationMs=6818 locale=en
[16:52:16.205] INFO: [daemon.js:17438] [da9a2e5eeed4449b84b734e84bd46a6b] Permission check result: bash → allow {"locale":"en"}
[16:52:16.205] INFO: [daemon.js:17438] [da9a2e5eeed4449b84b734e84bd46a6b] ← POST /mavis/api/permission/check status=200 duration=6819ms {"locale":"en"}
[16:52:16.209] INFO: [daemon.js:17438] [d3539c2e1069439b8955192220934eb5] → POST /mavis/api/hooks/execute
[16:52:16.210] INFO: [daemon.js:17438] [hook-registry] matcher did not match, hook filtered out {"module":"hook-registry","hookId":"builtin:binary-read-guard","matcher":"^[Rr]ead$","matchValue":"bash"}
[16:52:16.210] INFO: [daemon.js:17438] [hook-registry] matcher did not match, hook filtered out {"module":"hook-registry","hookId":"builtin:docx-skill-env-gate","matcher":"^[Ss][Kk][Ii][Ll][Ll]$","matchValue":"bash"}
[16:52:16.210] INFO: [daemon.js:17438] [hook-registry] hooks filtered by matcher {"module":"hook-registry","hookEvent":"PreToolUse","matchValue":"bash","beforeCount":2,"afterCount":0}
[16:52:16.210] INFO: [daemon.js:17438] [d3539c2e1069439b8955192220934eb5] ← POST /mavis/api/hooks/execute status=200 duration=1ms {"locale":"en"}
[16:52:19.000] INFO: [daemon.js:17438] [2943e2a93e1f42fbb5606e644386dcb6] → POST /mavis/api/metrics/runtime-event
[16:52:19.000] INFO: [daemon.js:17438] [2943e2a93e1f42fbb5606e644386dcb6] ← POST /mavis/api/metrics/runtime-event status=204 duration=0ms {"locale":"en"}
[16:52:19.001] INFO: [daemon.js:17438] [0357bef3c6d944e1826bf3eb46331a0c] → POST /mavis/api/hooks/execute
[16:52:19.001] INFO: [daemon.js:17438] [hook-registry] matcher did not match, hook filtered out {"module":"hook-registry","hookId":"builtin:read-image-compressor","matcher":"^[Rr]ead$","matchValue":"bash"}
[16:52:19.001] INFO: [daemon.js:17438] [hook-registry] hooks filtered by matcher {"module":"hook-registry","hookEvent":"PostToolUse","matchValue":"bash","beforeCount":7,"afterCount":6}
[16:52:19.001] INFO: [daemon.js:17438] [0357bef3c6d944e1826bf3eb46331a0c] ← POST /mavis/api/hooks/execute status=200 duration=0ms {"locale":"en"}
[16:52:19.004] INFO: [daemon.js:17438] [dc9d37e3271a41159422b50bf4a8082f] → POST /mavis/api/metrics/runtime-event
[16:52:19.004] INFO: [daemon.js:17438] [dc9d37e3271a41159422b50bf4a8082f] ← POST /mavis/api/metrics/runtime-event status=204 duration=0ms {"locale":"en"}
[16:52:19.016] INFO: [daemon.js:17438] [8012cbacb7ac4148b0aa6c2d49e5b502] → POST /mavis/api/metrics/runtime-event
[16:52:19.017] INFO: [daemon.js:17438] [8012cbacb7ac4148b0aa6c2d49e5b502] ← POST /mavis/api/metrics/runtime-event status=204 duration=1ms {"locale":"en"}
[16:52:20.041] INFO: [daemon.js:17438] [c7a5e9cf209c46768d2027412c2a5f8a] → GET /mavis/mcp/cu
[16:52:20.041] INFO: [daemon.js:17438] [c7a5e9cf209c46768d2027412c2a5f8a] ← GET /mavis/mcp/cu status=200 duration=0ms {"locale":"en"}
[16:52:20.041] INFO: [daemon.js:17438] [6387f57967104217a7c34112cd1a966e] → GET /mavis/mcp/trash
[16:52:20.042] INFO: [daemon.js:17438] [6387f57967104217a7c34112cd1a966e] ← GET /mavis/mcp/trash status=200 duration=1ms {"locale":"en"}
[16:52:20.905] INFO: [daemon.js:17438] [626dda5d46c542618f5751537a3d3934] → POST /mavis/api/metrics/runtime-event
[16:52:20.906] INFO: [daemon.js:17438] [626dda5d46c542618f5751537a3d3934] ← POST /mavis/api/metrics/runtime-event status=204 duration=1ms {"locale":"en"}
[16:52:20.906] INFO: [daemon.js:17438] [3ee82849f2f648438888e397b1615597] → POST /mavis/api/permission/check
[16:52:20.906] INFO: [daemon.js:17438] [3ee82849f2f648438888e397b1615597] Permission check requested: bash for mavis {"locale":"en"}
[16:52:20.906] INFO: [daemon.js:17438] Created ToolPermissionContext {"mode":"auto","ruleCount":0,"sandboxEnabled":false,"workingDirectory":"C:\\Users\\jethr\\.minimax-agent\\projects"}
[16:52:20.907] INFO: [daemon.js:17438] [6d83273a37e64055aaad6bdc2174f99f] BashToolPermissionChecker checkPermissions called, _toolName=bash, input={"command":"chcp 65001 && zot items list -q \"Pirker Katzenschlager Gait\" --limit 10 --output json 2>&1","description":"Search Zotero with UTF-8 encoding"}, context={"mode":"auto","rules":[],"sandboxEnabled":false,"autoAllowBashIfSandboxed":false,"workingDirectory":"C:\\Users\\jethr\\.minimax-agent\\projects","allowedWorkingPaths":[],"sandboxAllowPaths":[],"dataDir":"C:\\Users\\jethr\\.mavis","homeDir":"C:\\Users\\jethr","agentName":"mavis","sessionId":"mvs_44491adf460b43c8b3c009d46d4c38e0","allowManagedPermissionRulesOnly":false,"interactiveTools":{}}
[16:52:20.907] INFO: [daemon.js:17438] [permission] subcommand layer=tail mode=default verdict=ask {"permLayer":"tail","permMode":"default","permVerdict":"ask","permReasonType":"safetyCheck","cmdPreview":"chcp 65001"}
[16:52:20.907] INFO: [daemon.js:17438] [permission] subcommand layer=tail mode=default verdict=ask {"permLayer":"tail","permMode":"default","permVerdict":"ask","permReasonType":"safetyCheck","cmdPreview":"zot items list -q \"Pirker Katzenschlager Gait\" --limit 10 --output json 2>&1"}
[16:52:20.907] INFO: [daemon.js:17438] [permission] whole-command layer=aggregated mode=default verdict=ask {"permLayer":"aggregated","permMode":"default","permVerdict":"ask","permScope":"whole-command","cmdPreview":"chcp 65001 && zot items list -q \"Pirker Katzenschlager Gait\" --limit 10 --output json 2>&1","sessionId":"mvs_44491adf460b43c8b3c009d46d4c38e0","subcommandCount":2}
[16:52:20.907] INFO: [daemon.js:17438] [93dad707bcb44ef0a2dfccd765881693] [permission-service] Check result: toolName=bash behavior=ask reasonType=safetyCheck locale=en
[16:52:20.907] INFO: [daemon.js:17438] Running YOLO classifier {"toolName":"bash","inputLength":90,"sessionId":"mvs_44491adf460b43c8b3c009d46d4c38e0","agentId":"mavis"}
[16:52:20.908] INFO: [daemon.js:17438] [permission] subcommand layer=tail mode=auto verdict=undecided {"permLayer":"tail","permMode":"auto","permVerdict":"undecided","permReasonType":"safetyCheck","cmdPreview":"chcp 65001"}
[16:52:20.908] INFO: [daemon.js:17438] [permission] subcommand layer=tail mode=auto verdict=undecided {"permLayer":"tail","permMode":"auto","permVerdict":"undecided","permReasonType":"safetyCheck","cmdPreview":"zot items list -q \"Pirker Katzenschlager Gait\" --limit 10 --output json 2>&1"}
[16:52:20.908] INFO: [daemon.js:17438] [permission] whole-command layer=aggregated mode=auto verdict=undecided {"permLayer":"aggregated","permMode":"auto","permVerdict":"undecided","permScope":"whole-command","cmdPreview":"chcp 65001 && zot items list -q \"Pirker Katzenschlager Gait\" --limit 10 --output json 2>&1","subcommandCount":2}
[16:52:23.462] INFO: [daemon.js:17438] [ce2839452c0740e08c1ffef723b5931f] → GET /mavis/health
[16:52:23.462] INFO: [daemon.js:17438] [ce2839452c0740e08c1ffef723b5931f] ← GET /mavis/health status=200 duration=0ms {"locale":"en"}
[16:52:29.081] INFO: [daemon.js:17438] Stage 2 LLM classification result {"toolName":"bash","verdict":"allow","reason":"Read-only search on the user's local Zotero library; `chcp 65001` sets UTF-8 encoding to fix the prior UnicodeEncodeError. No system changes, no secrets, no external network call. Clear user intent to locate the paper.","model":"minimax/MiniMax-M2.7","isIrreversibleDelete":false,"confidence":0.95}
[16:52:29.081] INFO: [daemon.js:17438] [5c4abb62a3fd473cb28785e2463ce664] [permission-service] Auto mode classifier result: toolName=bash verdict=allow reason=Read-only search on the user's local Zotero library; `chcp 65001` sets UTF-8 encoding to fix the prior UnicodeEncodeError. No system changes, no secrets, no external network call. Clear user intent to locate the paper. model=minimax/MiniMax-M2.7 stage=thinking durationMs=8174 locale=en
[16:52:29.081] INFO: [daemon.js:17438] [3ee82849f2f648438888e397b1615597] Permission check result: bash → allow {"locale":"en"}
[16:52:29.081] INFO: [daemon.js:17438] [3ee82849f2f648438888e397b1615597] ← POST /mavis/api/permission/check status=200 duration=8175ms {"locale":"en"}
[16:52:29.087] INFO: [daemon.js:17438] [4f358bd656674cb39b4a076d340651c9] → POST /mavis/api/hooks/execute
[16:52:29.087] INFO: [daemon.js:17438] [hook-registry] matcher did not match, hook filtered out {"module":"hook-registry","hookId":"builtin:binary-read-guard","matcher":"^[Rr]ead$","matchValue":"bash"}
[16:52:29.087] INFO: [daemon.js:17438] [hook-registry] matcher did not match, hook filtered out {"module":"hook-registry","hookId":"builtin:docx-skill-env-gate","matcher":"^[Ss][Kk][Ii][Ll][Ll]$","matchValue":"bash"}
[16:52:29.088] INFO: [daemon.js:17438] [hook-registry] hooks filtered by matcher {"module":"hook-registry","hookEvent":"PreToolUse","matchValue":"bash","beforeCount":2,"afterCount":0}
[16:52:29.088] INFO: [daemon.js:17438] [4f358bd656674cb39b4a076d340651c9] ← POST /mavis/api/hooks/execute status=200 duration=1ms {"locale":"en"}
[16:52:29.234] INFO: [daemon.js:17438] [0a90c3c74ba14c2b8f06fcf3c658e5e3] → POST /mavis/api/metrics/runtime-event
[16:52:29.234] INFO: [daemon.js:17438] [0a90c3c74ba14c2b8f06fcf3c658e5e3] ← POST /mavis/api/metrics/runtime-event status=204 duration=0ms {"locale":"en"}
[16:52:29.234] INFO: [daemon.js:17438] [52ca9d1ff9e14665ba303f9617b9a9cd] → POST /mavis/api/hooks/execute
[16:52:29.235] INFO: [daemon.js:17438] [hook-registry] matcher did not match, hook filtered out {"module":"hook-registry","hookId":"builtin:read-image-compressor","matcher":"^[Rr]ead$","matchValue":"bash"}
[16:52:29.235] INFO: [daemon.js:17438] [hook-registry] hooks filtered by matcher {"module":"hook-registry","hookEvent":"PostToolUse","matchValue":"bash","beforeCount":7,"afterCount":6}
[16:52:29.235] INFO: [daemon.js:17438] [52ca9d1ff9e14665ba303f9617b9a9cd] ← POST /mavis/api/hooks/execute status=200 duration=1ms {"locale":"en"}
[16:52:29.237] INFO: [daemon.js:17438] [2d9c00f370ee4e4da7a5e4b9fed53def] → POST /mavis/api/metrics/runtime-event
[16:52:29.237] INFO: [daemon.js:17438] [2d9c00f370ee4e4da7a5e4b9fed53def] ← POST /mavis/api/metrics/runtime-event status=204 duration=0ms {"locale":"en"}
[16:52:29.248] INFO: [daemon.js:17438] [0382e6fd0bf943e2aaa93c328b8c7dbe] → POST /mavis/api/metrics/runtime-event
[16:52:29.248] INFO: [daemon.js:17438] [0382e6fd0bf943e2aaa93c328b8c7dbe] ← POST /mavis/api/metrics/runtime-event status=204 duration=0ms {"locale":"en"}
[16:52:31.723] INFO: [daemon.js:17438] [8d6dc5a4e7374e81a06f3997dcd330df] → POST /mavis/api/metrics/runtime-event
[16:52:31.723] INFO: [daemon.js:17438] [8d6dc5a4e7374e81a06f3997dcd330df] ← POST /mavis/api/metrics/runtime-event status=204 duration=0ms {"locale":"en"}
[16:52:31.723] INFO: [daemon.js:17438] [5a4babd8687b4bf499941354dae04fe1] → POST /mavis/api/permission/check
[16:52:31.724] INFO: [daemon.js:17438] [5a4babd8687b4bf499941354dae04fe1] Permission check requested: bash for mavis {"locale":"en"}
[16:52:31.724] INFO: [daemon.js:17438] Created ToolPermissionContext {"mode":"auto","ruleCount":0,"sandboxEnabled":false,"workingDirectory":"C:\\Users\\jethr\\.minimax-agent\\projects"}
[16:52:31.724] INFO: [daemon.js:17438] [7e04c9864638465ba732df76e2f3272f] BashToolPermissionChecker checkPermissions called, _toolName=bash, input={"command":"$env:PYTHONIOENCODING=\"utf-8\"; zot items list -q \"Pirker Katzenschlager Gait\" --limit 10 --output json 2>&1","description":"Search Zotero with UTF-8 encoding via env var"}, context={"mode":"auto","rules":[],"sandboxEnabled":false,"autoAllowBashIfSandboxed":false,"workingDirectory":"C:\\Users\\jethr\\.minimax-agent\\projects","allowedWorkingPaths":[],"sandboxAllowPaths":[],"dataDir":"C:\\Users\\jethr\\.mavis","homeDir":"C:\\Users\\jethr","agentName":"mavis","sessionId":"mvs_44491adf460b43c8b3c009d46d4c38e0","allowManagedPermissionRulesOnly":false,"interactiveTools":{}}
[16:52:31.724] INFO: [daemon.js:17438] [permission] subcommand layer=tail mode=default verdict=ask {"permLayer":"tail","permMode":"default","permVerdict":"ask","permReasonType":"safetyCheck","cmdPreview":"$env:PYTHONIOENCODING=\"utf-8\""}
[16:52:31.724] INFO: [daemon.js:17438] [permission] subcommand layer=tail mode=default verdict=ask {"permLayer":"tail","permMode":"default","permVerdict":"ask","permReasonType":"safetyCheck","cmdPreview":"zot items list -q \"Pirker Katzenschlager Gait\" --limit 10 --output json 2>&1"}
[16:52:31.724] INFO: [daemon.js:17438] [permission] whole-command layer=aggregated mode=default verdict=ask {"permLayer":"aggregated","permMode":"default","permVerdict":"ask","permScope":"whole-command","cmdPreview":"$env:PYTHONIOENCODING=\"utf-8\"; zot items list -q \"Pirker Katzenschlager Gait\" --limit 10 --output json 2>&1","sessionId":"mvs_44491adf460b43c8b3c009d46d4c38e0","subcommandCount":2}
[16:52:31.725] INFO: [daemon.js:17438] [7a71adcd7a1e4bbeabf89299599e0afa] [permission-service] Check result: toolName=bash behavior=ask reasonType=safetyCheck locale=en
[16:52:31.725] INFO: [daemon.js:17438] Running YOLO classifier {"toolName":"bash","inputLength":107,"sessionId":"mvs_44491adf460b43c8b3c009d46d4c38e0","agentId":"mavis"}
[16:52:31.725] INFO: [daemon.js:17438] [permission] subcommand layer=tail mode=auto verdict=undecided {"permLayer":"tail","permMode":"auto","permVerdict":"undecided","permReasonType":"safetyCheck","cmdPreview":"$env:PYTHONIOENCODING=\"utf-8\""}
[16:52:31.725] INFO: [daemon.js:17438] [permission] subcommand layer=tail mode=auto verdict=undecided {"permLayer":"tail","permMode":"auto","permVerdict":"undecided","permReasonType":"safetyCheck","cmdPreview":"zot items list -q \"Pirker Katzenschlager Gait\" --limit 10 --output json 2>&1"}
[16:52:31.725] INFO: [daemon.js:17438] [permission] whole-command layer=aggregated mode=auto verdict=undecided {"permLayer":"aggregated","permMode":"auto","permVerdict":"undecided","permScope":"whole-command","cmdPreview":"$env:PYTHONIOENCODING=\"utf-8\"; zot items list -q \"Pirker Katzenschlager Gait\" --limit 10 --output json 2>&1","subcommandCount":2}
[16:52:33.467] INFO: [daemon.js:17438] [280e006a739543cf80db89efee8b89d9] → GET /mavis/health
[16:52:33.467] INFO: [daemon.js:17438] [280e006a739543cf80db89efee8b89d9] ← GET /mavis/health status=200 duration=0ms {"locale":"en"}
[16:52:38.053] INFO: [daemon.js:17438] Stage 2 LLM classification result {"toolName":"bash","verdict":"allow","reason":"This searches a personal Zotero library for an academic paper — a read-only, bounded operation with no destructive side effects. UTF-8 encoding fix is reasonable for handling Unicode characters in author names.","model":"minimax/MiniMax-M2.7","isIrreversibleDelete":false,"confidence":0.95}
[16:52:38.053] INFO: [daemon.js:17438] [b172f0fe144b4b1a92e18c2cfc3d3a64] [permission-service] Auto mode classifier result: toolName=bash verdict=allow reason=This searches a personal Zotero library for an academic paper — a read-only, bounded operation with no destructive side effects. UTF-8 encoding fix is reasonable for handling Unicode characters in author names. model=minimax/MiniMax-M2.7 stage=thinking durationMs=6328 locale=en
[16:52:38.053] INFO: [daemon.js:17438] [5a4babd8687b4bf499941354dae04fe1] Permission check result: bash → allow {"locale":"en"}
[16:52:38.053] INFO: [daemon.js:17438] [5a4babd8687b4bf499941354dae04fe1] ← POST /mavis/api/permission/check status=200 duration=6330ms {"locale":"en"}
[16:52:38.057] INFO: [daemon.js:17438] [c75f93e4700a4c5b88ebb090a435b3fc] → POST /mavis/api/hooks/execute
[16:52:38.057] INFO: [daemon.js:17438] [hook-registry] matcher did not match, hook filtered out {"module":"hook-registry","hookId":"builtin:binary-read-guard","matcher":"^[Rr]ead$","matchValue":"bash"}
[16:52:38.057] INFO: [daemon.js:17438] [hook-registry] matcher did not match, hook filtered out {"module":"hook-registry","hookId":"builtin:docx-skill-env-gate","matcher":"^[Ss][Kk][Ii][Ll][Ll]$","matchValue":"bash"}
[16:52:38.057] INFO: [daemon.js:17438] [hook-registry] hooks filtered by matcher {"module":"hook-registry","hookEvent":"PreToolUse","matchValue":"bash","beforeCount":2,"afterCount":0}
[16:52:38.057] INFO: [daemon.js:17438] [c75f93e4700a4c5b88ebb090a435b3fc] ← POST /mavis/api/hooks/execute status=200 duration=0ms {"locale":"en"}
[16:52:40.770] INFO: [daemon.js:17438] [690e073566c74f62b4008ef077a0455d] → POST /mavis/api/metrics/runtime-event
[16:52:40.771] INFO: [daemon.js:17438] [690e073566c74f62b4008ef077a0455d] ← POST /mavis/api/metrics/runtime-event status=204 duration=0ms {"locale":"en"}
[16:52:40.771] INFO: [daemon.js:17438] [da8086bbd50b4b82bc7d84e32d8ed4ad] → POST /mavis/api/hooks/execute
[16:52:40.771] INFO: [daemon.js:17438] [hook-registry] matcher did not match, hook filtered out {"module":"hook-registry","hookId":"builtin:read-image-compressor","matcher":"^[Rr]ead$","matchValue":"bash"}
[16:52:40.771] INFO: [daemon.js:17438] [hook-registry] hooks filtered by matcher {"module":"hook-registry","hookEvent":"PostToolUse","matchValue":"bash","beforeCount":7,"afterCount":6}
[16:52:40.772] INFO: [daemon.js:17438] [da8086bbd50b4b82bc7d84e32d8ed4ad] ← POST /mavis/api/hooks/execute status=200 duration=1ms {"locale":"en"}
[16:52:40.774] INFO: [daemon.js:17438] [a1170a01df11475cad6b3c06e392ccc6] → POST /mavis/api/metrics/runtime-event
[16:52:40.774] INFO: [daemon.js:17438] [a1170a01df11475cad6b3c06e392ccc6] ← POST /mavis/api/metrics/runtime-event status=204 duration=0ms {"locale":"en"}
[16:52:40.787] INFO: [daemon.js:17438] [92758218bd8f4263a57e6fbb479eb97d] → POST /mavis/api/metrics/runtime-event
[16:52:40.787] INFO: [daemon.js:17438] [92758218bd8f4263a57e6fbb479eb97d] ← POST /mavis/api/metrics/runtime-event status=204 duration=0ms {"locale":"en"}
[16:52:43.123] INFO: [daemon.js:17438] [0178259e6c5f435c82d28e3785760adb] → POST /mavis/api/metrics/runtime-event
[16:52:43.123] INFO: [daemon.js:17438] [0178259e6c5f435c82d28e3785760adb] ← POST /mavis/api/metrics/runtime-event status=204 duration=0ms {"locale":"en"}
[16:52:43.124] INFO: [daemon.js:17438] [9b8e6bb53e0d4b36b8b9aaaf07af63f8] → POST /mavis/api/permission/check
[16:52:43.124] INFO: [daemon.js:17438] [9b8e6bb53e0d4b36b8b9aaaf07af63f8] Permission check requested: bash for mavis {"locale":"en"}
[16:52:43.124] INFO: [daemon.js:17438] Created ToolPermissionContext {"mode":"auto","ruleCount":0,"sandboxEnabled":false,"workingDirectory":"C:\\Users\\jethr\\.minimax-agent\\projects"}
[16:52:43.124] INFO: [daemon.js:17438] [4b44c19f691b49dd957c445dcc91e5fa] BashToolPermissionChecker checkPermissions called, _toolName=bash, input={"command":"$env:PYTHONIOENCODING=\"utf-8\"; zot items children MHTHLXK3 --output json 2>&1","description":"Get attachment details for the paper"}, context={"mode":"auto","rules":[],"sandboxEnabled":false,"autoAllowBashIfSandboxed":false,"workingDirectory":"C:\\Users\\jethr\\.minimax-agent\\projects","allowedWorkingPaths":[],"sandboxAllowPaths":[],"dataDir":"C:\\Users\\jethr\\.mavis","homeDir":"C:\\Users\\jethr","agentName":"mavis","sessionId":"mvs_44491adf460b43c8b3c009d46d4c38e0","allowManagedPermissionRulesOnly":false,"interactiveTools":{}}
[16:52:43.124] INFO: [daemon.js:17438] [permission] subcommand layer=tail mode=default verdict=ask {"permLayer":"tail","permMode":"default","permVerdict":"ask","permReasonType":"safetyCheck","cmdPreview":"$env:PYTHONIOENCODING=\"utf-8\""}
[16:52:43.124] INFO: [daemon.js:17438] [permission] subcommand layer=tail mode=default verdict=ask {"permLayer":"tail","permMode":"default","permVerdict":"ask","permReasonType":"safetyCheck","cmdPreview":"zot items children MHTHLXK3 --output json 2>&1"}
[16:52:43.124] INFO: [daemon.js:17438] [permission] whole-command layer=aggregated mode=default verdict=ask {"permLayer":"aggregated","permMode":"default","permVerdict":"ask","permScope":"whole-command","cmdPreview":"$env:PYTHONIOENCODING=\"utf-8\"; zot items children MHTHLXK3 --output json 2>&1","sessionId":"mvs_44491adf460b43c8b3c009d46d4c38e0","subcommandCount":2}
[16:52:43.125] INFO: [daemon.js:17438] [c5cb17d2a6ef413fa556d4deb20d988f] [permission-service] Check result: toolName=bash behavior=ask reasonType=safetyCheck locale=en
[16:52:43.125] INFO: [daemon.js:17438] Running YOLO classifier {"toolName":"bash","inputLength":77,"sessionId":"mvs_44491adf460b43c8b3c009d46d4c38e0","agentId":"mavis"}
[16:52:43.125] INFO: [daemon.js:17438] [permission] subcommand layer=tail mode=auto verdict=undecided {"permLayer":"tail","permMode":"auto","permVerdict":"undecided","permReasonType":"safetyCheck","cmdPreview":"$env:PYTHONIOENCODING=\"utf-8\""}
[16:52:43.126] INFO: [daemon.js:17438] [permission] subcommand layer=tail mode=auto verdict=undecided {"permLayer":"tail","permMode":"auto","permVerdict":"undecided","permReasonType":"safetyCheck","cmdPreview":"zot items children MHTHLXK3 --output json 2>&1"}
[16:52:43.126] INFO: [daemon.js:17438] [permission] whole-command layer=aggregated mode=auto verdict=undecided {"permLayer":"aggregated","permMode":"auto","permVerdict":"undecided","permScope":"whole-command","cmdPreview":"$env:PYTHONIOENCODING=\"utf-8\"; zot items children MHTHLXK3 --output json 2>&1","subcommandCount":2}
[16:52:43.128] INFO: [daemon.js:17438] [b0553dabc56f47edab308d7de37042a6] [monitor] response TTFT measured sessionId=mvs_44491adf460b43c8b3c009d46d4c38e0 agentName=mavis ttftMs=102101 breakdown={"resolveSession":0,"reconcileConfig":1,"hooks":6,"modelResolve":0,"adapterSend":102094}
[16:52:43.478] INFO: [daemon.js:17438] [e3ece1ee140d4bf9bc37158781b1f64d] → GET /mavis/health
[16:52:43.479] INFO: [daemon.js:17438] [e3ece1ee140d4bf9bc37158781b1f64d] ← GET /mavis/health status=200 duration=1ms {"locale":"en"}
[16:52:51.434] INFO: [daemon.js:17438] Stage 2 LLM classification result {"toolName":"bash","verdict":"allow","reason":"This is a read-only query on the user's own Zotero library to list child items (likely attachments/PDFs) of a specific paper. No external network calls, no file modifications, no secrets involved.","model":"minimax/MiniMax-M2.7","isIrreversibleDelete":false,"confidence":0.95}
[16:52:51.434] INFO: [daemon.js:17438] [61578f4a83db460cab7b717bc914f47c] [permission-service] Auto mode classifier result: toolName=bash verdict=allow reason=This is a read-only query on the user's own Zotero library to list child items (likely attachments/PDFs) of a specific paper. No external network calls, no file modifications, no secrets involved. model=minimax/MiniMax-M2.7 stage=thinking durationMs=8309 locale=en
[16:52:51.434] INFO: [daemon.js:17438] [9b8e6bb53e0d4b36b8b9aaaf07af63f8] Permission check result: bash → allow {"locale":"en"}
[16:52:51.434] INFO: [daemon.js:17438] [9b8e6bb53e0d4b36b8b9aaaf07af63f8] ← POST /mavis/api/permission/check status=200 duration=8310ms {"locale":"en"}
[16:52:51.438] INFO: [daemon.js:17438] [f71fb3abd0744e7eb9f6bbb4d2550f1f] → POST /mavis/api/hooks/execute
[16:52:51.438] INFO: [daemon.js:17438] [hook-registry] matcher did not match, hook filtered out {"module":"hook-registry","hookId":"builtin:binary-read-guard","matcher":"^[Rr]ead$","matchValue":"bash"}
[16:52:51.438] INFO: [daemon.js:17438] [hook-registry] matcher did not match, hook filtered out {"module":"hook-registry","hookId":"builtin:docx-skill-env-gate","matcher":"^[Ss][Kk][Ii][Ll][Ll]$","matchValue":"bash"}
[16:52:51.438] INFO: [daemon.js:17438] [hook-registry] hooks filtered by matcher {"module":"hook-registry","hookEvent":"PreToolUse","matchValue":"bash","beforeCount":2,"afterCount":0}
[16:52:51.439] INFO: [daemon.js:17438] [f71fb3abd0744e7eb9f6bbb4d2550f1f] ← POST /mavis/api/hooks/execute status=200 duration=1ms {"locale":"en"}
[16:52:53.492] INFO: [daemon.js:17438] [e4c72614979f422fb4bb718913e09c14] → GET /mavis/health
[16:52:53.493] INFO: [daemon.js:17438] [e4c72614979f422fb4bb718913e09c14] ← GET /mavis/health status=200 duration=1ms {"locale":"en"}
[16:52:53.894] INFO: [daemon.js:17438] [5e36e056ff7a44cfaf19c4ffea1b1506] → POST /mavis/api/metrics/runtime-event
[16:52:53.894] INFO: [daemon.js:17438] [5e36e056ff7a44cfaf19c4ffea1b1506] ← POST /mavis/api/metrics/runtime-event status=204 duration=0ms {"locale":"en"}
[16:52:53.895] INFO: [daemon.js:17438] [7730cff13bd941c596883cc3c995e9c6] → POST /mavis/api/hooks/execute
[16:52:53.895] INFO: [daemon.js:17438] [hook-registry] matcher did not match, hook filtered out {"module":"hook-registry","hookId":"builtin:read-image-compressor","matcher":"^[Rr]ead$","matchValue":"bash"}
[16:52:53.895] INFO: [daemon.js:17438] [hook-registry] hooks filtered by matcher {"module":"hook-registry","hookEvent":"PostToolUse","matchValue":"bash","beforeCount":7,"afterCount":6}
[16:52:53.895] INFO: [daemon.js:17438] [7730cff13bd941c596883cc3c995e9c6] ← POST /mavis/api/hooks/execute status=200 duration=0ms {"locale":"en"}
[16:52:53.898] INFO: [daemon.js:17438] [a6280806614343178fb524a18fa23c09] → POST /mavis/api/metrics/runtime-event
[16:52:53.898] INFO: [daemon.js:17438] [a6280806614343178fb524a18fa23c09] ← POST /mavis/api/metrics/runtime-event status=204 duration=0ms {"locale":"en"}
[16:52:53.910] INFO: [daemon.js:17438] [97114a22b506414fa683d49eb895d65f] → POST /mavis/api/metrics/runtime-event
[16:52:53.911] INFO: [daemon.js:17438] [97114a22b506414fa683d49eb895d65f] ← POST /mavis/api/metrics/runtime-event status=204 duration=1ms {"locale":"en"}
[16:52:55.979] INFO: [daemon.js:17438] [ed8a4e42c5a44e8eac4a6fbe2e82b33a] → POST /mavis/api/metrics/runtime-event
[16:52:55.979] INFO: [daemon.js:17438] [ed8a4e42c5a44e8eac4a6fbe2e82b33a] ← POST /mavis/api/metrics/runtime-event status=204 duration=0ms {"locale":"en"}
[16:52:55.980] INFO: [daemon.js:17438] [5f2395bc3c20452686be4328253e2d3c] → POST /mavis/api/permission/check
[16:52:55.980] INFO: [daemon.js:17438] [5f2395bc3c20452686be4328253e2d3c] Permission check requested: read for mavis {"locale":"en"}
[16:52:55.980] INFO: [daemon.js:17438] Created ToolPermissionContext {"mode":"auto","ruleCount":0,"sandboxEnabled":false,"workingDirectory":"C:\\Users\\jethr\\.minimax-agent\\projects"}
[16:52:55.980] INFO: [daemon.js:17438] [963f61f67c834cb3aebce589ee38b05b] FsToolPermissionChecker checkPermissions called, toolName=read, input={"filePath":"C:\\Users\\jethr\\.mavis\\skills\\zotero-use\\references\\finding-attachments.md"}, context={"mode":"auto","rules":[],"sandboxEnabled":false,"autoAllowBashIfSandboxed":false,"workingDirectory":"C:\\Users\\jethr\\.minimax-agent\\projects","allowedWorkingPaths":[],"sandboxAllowPaths":[],"dataDir":"C:\\Users\\jethr\\.mavis","homeDir":"C:\\Users\\jethr","agentName":"mavis","sessionId":"mvs_44491adf460b43c8b3c009d46d4c38e0","allowManagedPermissionRulesOnly":false,"interactiveTools":{}}
[16:52:55.981] INFO: [daemon.js:17438] [3c8527fba3154a568c3dfc17bf66f90e] [permission-service] Check result: toolName=read behavior=allow reasonType=workingDirectory locale=en
[16:52:55.981] INFO: [daemon.js:17438] [5f2395bc3c20452686be4328253e2d3c] Permission check result: read → allow {"locale":"en"}
[16:52:55.981] INFO: [daemon.js:17438] [5f2395bc3c20452686be4328253e2d3c] ← POST /mavis/api/permission/check status=200 duration=1ms {"locale":"en"}
[16:52:55.982] INFO: [daemon.js:17438] [2747c79d481b4a148764aeac4ca99a87] → POST /mavis/api/hooks/execute
[16:52:55.982] INFO: [daemon.js:17438] [hook-registry] matcher did not match, hook filtered out {"module":"hook-registry","hookId":"builtin:docx-skill-env-gate","matcher":"^[Ss][Kk][Ii][Ll][Ll]$","matchValue":"read"}
[16:52:55.982] INFO: [daemon.js:17438] [hook-registry] hooks filtered by matcher {"module":"hook-registry","hookEvent":"PreToolUse","matchValue":"read","beforeCount":2,"afterCount":1}
[16:52:55.982] INFO: [daemon.js:17438] [aba8e5a7a1944ce6bef21864bac03acf] [binary-read-guard] handler invoked toolName=read model=minimax/MiniMax-M2.7 argsKeys=["filePath"]
[16:52:55.982] INFO: [daemon.js:17438] [f1e547910cb34dad8b5b770a95685444] [binary-read-guard] extension not blocked, ext=.md
[16:52:55.983] INFO: [daemon.js:17438] [2747c79d481b4a148764aeac4ca99a87] ← POST /mavis/api/hooks/execute status=200 duration=1ms {"locale":"en"}
[16:52:55.986] INFO: [daemon.js:17438] [402fbed14d4f4b70b1691100d5f60959] → POST /mavis/api/metrics/runtime-event
[16:52:55.987] INFO: [daemon.js:17438] [402fbed14d4f4b70b1691100d5f60959] ← POST /mavis/api/metrics/runtime-event status=204 duration=1ms {"locale":"en"}
[16:52:55.987] INFO: [daemon.js:17438] [a0158b75154f4b3f9290553e9aba10be] → POST /mavis/api/hooks/execute
[16:52:55.988] INFO: [daemon.js:17438] [hook-registry] matcher did not match, hook filtered out {"module":"hook-registry","hookId":"builtin:cu-image-injector","matcher":"^[Bb]ash$","matchValue":"read"}
[16:52:55.988] INFO: [daemon.js:17438] [hook-registry] hooks filtered by matcher {"module":"hook-registry","hookEvent":"PostToolUse","matchValue":"read","beforeCount":7,"afterCount":6}
[16:52:55.988] INFO: [daemon.js:17438] [a0158b75154f4b3f9290553e9aba10be] ← POST /mavis/api/hooks/execute status=200 duration=1ms {"locale":"en"}
[16:52:55.989] INFO: [daemon.js:17438] [66fc81073fc44889a9348f786155e465] → POST /mavis/api/metrics/runtime-event
[16:52:55.990] INFO: [daemon.js:17438] [66fc81073fc44889a9348f786155e465] ← POST /mavis/api/metrics/runtime-event status=204 duration=1ms {"locale":"en"}
[16:52:56.004] INFO: [daemon.js:17438] [23b98dc3dcd648a58ff67390d0e535ea] → POST /mavis/api/metrics/runtime-event
[16:52:56.004] INFO: [daemon.js:17438] [23b98dc3dcd648a58ff67390d0e535ea] ← POST /mavis/api/metrics/runtime-event status=204 duration=0ms {"locale":"en"}
[16:52:58.900] INFO: [daemon.js:17438] [ba199991143e48d6883062a69e01ecff] → POST /mavis/api/metrics/runtime-event
[16:52:58.900] INFO: [daemon.js:17438] [ba199991143e48d6883062a69e01ecff] ← POST /mavis/api/metrics/runtime-event status=204 duration=0ms {"locale":"en"}
[16:52:58.901] INFO: [daemon.js:17438] [be1fe6b0c6bd473b90630cd91f95de46] → POST /mavis/api/permission/check
[16:52:58.901] INFO: [daemon.js:17438] [be1fe6b0c6bd473b90630cd91f95de46] Permission check requested: bash for mavis {"locale":"en"}
[16:52:58.901] INFO: [daemon.js:17438] Created ToolPermissionContext {"mode":"auto","ruleCount":0,"sandboxEnabled":false,"workingDirectory":"C:\\Users\\jethr\\.minimax-agent\\projects"}
[16:52:58.901] INFO: [daemon.js:17438] [7239882965a645a09d02ad49053be34e] BashToolPermissionChecker checkPermissions called, _toolName=bash, input={"command":"Test-Path \"G:\\我的雲端硬碟\\ZoteroLibrary\\Pirker\\129\\Pirker and Katzenschlager - 2017 - Gait disorders in adults and the elderly.pdf\" 2>&1","description":"Check if PDF exists at the linked path"}, context={"mode":"auto","rules":[],"sandboxEnabled":false,"autoAllowBashIfSandboxed":false,"workingDirectory":"C:\\Users\\jethr\\.minimax-agent\\projects","allowedWorkingPaths":[],"sandboxAllowPaths":[],"dataDir":"C:\\Users\\jethr\\.mavis","homeDir":"C:\\Users\\jethr","agentName":"mavis","sessionId":"mvs_44491adf460b43c8b3c009d46d4c38e0","allowManagedPermissionRulesOnly":false,"interactiveTools":{}}
[16:52:58.902] INFO: [daemon.js:17438] [permission] subcommand layer=tail mode=default verdict=ask {"permLayer":"tail","permMode":"default","permVerdict":"ask","permReasonType":"safetyCheck","cmdPreview":"Test-Path \"G:\\我的雲端硬碟\\ZoteroLibrary\\Pirker\\129\\Pirker and Katzenschlager - 2017 - Gait disorders in adults and the elderly.pdf\" 2>&1"}
[16:52:58.902] INFO: [daemon.js:17438] [permission] whole-command layer=aggregated mode=default verdict=ask {"permLayer":"aggregated","permMode":"default","permVerdict":"ask","permScope":"whole-command","cmdPreview":"Test-Path \"G:\\我的雲端硬碟\\ZoteroLibrary\\Pirker\\129\\Pirker and Katzenschlager - 2017 - Gait disorders in adults and the elderly.pdf\" 2>&1","sessionId":"mvs_44491adf460b43c8b3c009d46d4c38e0","subcommandCount":1}
[16:52:58.902] INFO: [daemon.js:17438] [85b49a4440aa43bc88131dfe3c842d97] [permission-service] Check result: toolName=bash behavior=ask reasonType=safetyCheck locale=en
[16:52:58.902] INFO: [daemon.js:17438] Running YOLO classifier {"toolName":"bash","inputLength":131,"sessionId":"mvs_44491adf460b43c8b3c009d46d4c38e0","agentId":"mavis"}
[16:52:58.902] INFO: [daemon.js:17438] [permission] subcommand layer=tail mode=auto verdict=undecided {"permLayer":"tail","permMode":"auto","permVerdict":"undecided","permReasonType":"safetyCheck","cmdPreview":"Test-Path \"G:\\我的雲端硬碟\\ZoteroLibrary\\Pirker\\129\\Pirker and Katzenschlager - 2017 - Gait disorders in adults and the elderly.pdf\" 2>&1"}
[16:52:58.902] INFO: [daemon.js:17438] [permission] whole-command layer=aggregated mode=auto verdict=undecided {"permLayer":"aggregated","permMode":"auto","permVerdict":"undecided","permScope":"whole-command","cmdPreview":"Test-Path \"G:\\我的雲端硬碟\\ZoteroLibrary\\Pirker\\129\\Pirker and Katzenschlager - 2017 - Gait disorders in adults and the elderly.pdf\" 2>&1","subcommandCount":1}
[16:53:03.499] INFO: [daemon.js:17438] [0c8cd441fc6b404f85ab4b82338a08d1] → GET /mavis/health
[16:53:03.499] INFO: [daemon.js:17438] [0c8cd441fc6b404f85ab4b82338a08d1] ← GET /mavis/health status=200 duration=0ms {"locale":"en"}
[16:53:06.350] INFO: [daemon.js:17438] Stage 2 LLM classification result {"toolName":"bash","verdict":"allow","reason":"Test-Path is a read-only operation that only checks whether a file exists at the specified path. No system modification, secret access, or destructive operations.","model":"minimax/MiniMax-M2.7","isIrreversibleDelete":false,"confidence":0.95}
[16:53:06.350] INFO: [daemon.js:17438] [3b7830a046e8496c963d1fe2ec55fb20] [permission-service] Auto mode classifier result: toolName=bash verdict=allow reason=Test-Path is a read-only operation that only checks whether a file exists at the specified path. No system modification, secret access, or destructive operations. model=minimax/MiniMax-M2.7 stage=thinking durationMs=7448 locale=en
[16:53:06.350] INFO: [daemon.js:17438] [be1fe6b0c6bd473b90630cd91f95de46] Permission check result: bash → allow {"locale":"en"}
[16:53:06.350] INFO: [daemon.js:17438] [be1fe6b0c6bd473b90630cd91f95de46] ← POST /mavis/api/permission/check status=200 duration=7449ms {"locale":"en"}
[16:53:06.354] INFO: [daemon.js:17438] [b142a4349c9a48eea3a943dcfbf10f71] → POST /mavis/api/hooks/execute
[16:53:06.354] INFO: [daemon.js:17438] [hook-registry] matcher did not match, hook filtered out {"module":"hook-registry","hookId":"builtin:binary-read-guard","matcher":"^[Rr]ead$","matchValue":"bash"}
[16:53:06.354] INFO: [daemon.js:17438] [hook-registry] matcher did not match, hook filtered out {"module":"hook-registry","hookId":"builtin:docx-skill-env-gate","matcher":"^[Ss][Kk][Ii][Ll][Ll]$","matchValue":"bash"}
[16:53:06.354] INFO: [daemon.js:17438] [hook-registry] hooks filtered by matcher {"module":"hook-registry","hookEvent":"PreToolUse","matchValue":"bash","beforeCount":2,"afterCount":0}
[16:53:06.354] INFO: [daemon.js:17438] [b142a4349c9a48eea3a943dcfbf10f71] ← POST /mavis/api/hooks/execute status=200 duration=0ms {"locale":"en"}
[16:53:06.485] INFO: [daemon.js:17438] [3c2a946e93c44d1c84afc848c7ba5c96] → POST /mavis/api/metrics/runtime-event
[16:53:06.486] INFO: [daemon.js:17438] [3c2a946e93c44d1c84afc848c7ba5c96] ← POST /mavis/api/metrics/runtime-event status=204 duration=1ms {"locale":"en"}
[16:53:06.486] INFO: [daemon.js:17438] [017feaf77a784500957d6b11034f1a05] → POST /mavis/api/hooks/execute
[16:53:06.486] INFO: [daemon.js:17438] [hook-registry] matcher did not match, hook filtered out {"module":"hook-registry","hookId":"builtin:read-image-compressor","matcher":"^[Rr]ead$","matchValue":"bash"}
[16:53:06.487] INFO: [daemon.js:17438] [hook-registry] hooks filtered by matcher {"module":"hook-registry","hookEvent":"PostToolUse","matchValue":"bash","beforeCount":7,"afterCount":6}
[16:53:06.487] INFO: [daemon.js:17438] [017feaf77a784500957d6b11034f1a05] ← POST /mavis/api/hooks/execute status=200 duration=1ms {"locale":"en"}
[16:53:06.488] INFO: [daemon.js:17438] [1cdde7236a9b47b0929b27d7856d14fa] → POST /mavis/api/metrics/runtime-event
[16:53:06.489] INFO: [daemon.js:17438] [1cdde7236a9b47b0929b27d7856d14fa] ← POST /mavis/api/metrics/runtime-event status=204 duration=1ms {"locale":"en"}
[16:53:06.502] INFO: [daemon.js:17438] [68d506cc9ed24af4878c43356dee0b0a] → POST /mavis/api/metrics/runtime-event
[16:53:06.502] INFO: [daemon.js:17438] [68d506cc9ed24af4878c43356dee0b0a] ← POST /mavis/api/metrics/runtime-event status=204 duration=0ms {"locale":"en"}
[16:53:13.509] INFO: [daemon.js:17438] [ec68c36b767d452d80944e8d0ae31690] → GET /mavis/health
[16:53:13.509] INFO: [daemon.js:17438] [ec68c36b767d452d80944e8d0ae31690] ← GET /mavis/health status=200 duration=0ms {"locale":"en"}
[16:53:23.507] INFO: [daemon.js:17438] [cbce7bd0302d46329553c8f0ce5eba00] → GET /mavis/health
[16:53:23.507] INFO: [daemon.js:17438] [cbce7bd0302d46329553c8f0ce5eba00] ← GET /mavis/health status=200 duration=0ms {"locale":"en"}
[16:53:23.749] INFO: [daemon.js:17438] [3bf7b160bbfc4ba499a04cd7b1d3d068] → POST /mavis/api/metrics/runtime-event
[16:53:23.749] INFO: [daemon.js:17438] [3bf7b160bbfc4ba499a04cd7b1d3d068] ← POST /mavis/api/metrics/runtime-event status=204 duration=0ms {"locale":"en"}
[16:53:23.750] INFO: [daemon.js:17438] [987a23cf0d9c4bf3bb24c3ac85c85385] → POST /mavis/api/permission/check
[16:53:23.750] INFO: [daemon.js:17438] [987a23cf0d9c4bf3bb24c3ac85c85385] Permission check requested: bash for mavis {"locale":"en"}
[16:53:23.750] INFO: [daemon.js:17438] Created ToolPermissionContext {"mode":"auto","ruleCount":0,"sandboxEnabled":false,"workingDirectory":"C:\\Users\\jethr\\.minimax-agent\\projects"}
[16:53:23.750] INFO: [daemon.js:17438] [e897e068c331486bbba175065086d895] BashToolPermissionChecker checkPermissions called, _toolName=bash, input={"command":"Get-Item \"G:\\我的雲端硬碟\\ZoteroLibrary\\Pirker\\129\\Pirker and Katzenschlager - 2017 - Gait disorders in adults and the elderly.pdf\" | Select-Object FullName, Length, LastWriteTime | ConvertTo-Json 2>&1","description":"Get PDF file details"}, context={"mode":"auto","rules":[],"sandboxEnabled":false,"autoAllowBashIfSandboxed":false,"workingDirectory":"C:\\Users\\jethr\\.minimax-agent\\projects","allowedWorkingPaths":[],"sandboxAllowPaths":[],"dataDir":"C:\\Users\\jethr\\.mavis","homeDir":"C:\\Users\\jethr","agentName":"mavis","sessionId":"mvs_44491adf460b43c8b3c009d46d4c38e0","allowManagedPermissionRulesOnly":false,"interactiveTools":{}}
[16:53:23.751] INFO: [daemon.js:17438] [permission] subcommand layer=tail mode=default verdict=ask {"permLayer":"tail","permMode":"default","permVerdict":"ask","permReasonType":"safetyCheck","cmdPreview":"Get-Item \"G:\\我的雲端硬碟\\ZoteroLibrary\\Pirker\\129\\Pirker and Katzenschlager - 2017 - Gait disorders in adults and the elderly.pdf\""}
[16:53:23.751] INFO: [daemon.js:17438] [permission] subcommand layer=tail mode=default verdict=ask {"permLayer":"tail","permMode":"default","permVerdict":"ask","permReasonType":"safetyCheck","cmdPreview":"Select-Object FullName, Length, LastWriteTime"}
[16:53:23.751] INFO: [daemon.js:17438] [permission] subcommand layer=tail mode=default verdict=ask {"permLayer":"tail","permMode":"default","permVerdict":"ask","permReasonType":"safetyCheck","cmdPreview":"ConvertTo-Json 2>&1"}
[16:53:23.751] INFO: [daemon.js:17438] [permission] whole-command layer=aggregated mode=default verdict=ask {"permLayer":"aggregated","permMode":"default","permVerdict":"ask","permScope":"whole-command","cmdPreview":"Get-Item \"G:\\我的雲端硬碟\\ZoteroLibrary\\Pirker\\129\\Pirker and Katzenschlager - 2017 - Gait disorders in adults and the elderly.pdf\" | Select-Object FullName, Length, LastWriteTime | ConvertTo-Json 2>&1","sessionId":"mvs_44491adf460b43c8b3c009d46d4c38e0","subcommandCount":3}
[16:53:23.752] INFO: [daemon.js:17438] [54ea176b4f5f44bbb085e7bb270f2de3] [permission-service] Check result: toolName=bash behavior=ask reasonType=safetyCheck locale=en
[16:53:23.752] INFO: [daemon.js:17438] Running YOLO classifier {"toolName":"bash","inputLength":195,"sessionId":"mvs_44491adf460b43c8b3c009d46d4c38e0","agentId":"mavis"}
[16:53:23.752] INFO: [daemon.js:17438] [permission] subcommand layer=tail mode=auto verdict=undecided {"permLayer":"tail","permMode":"auto","permVerdict":"undecided","permReasonType":"safetyCheck","cmdPreview":"Get-Item \"G:\\我的雲端硬碟\\ZoteroLibrary\\Pirker\\129\\Pirker and Katzenschlager - 2017 - Gait disorders in adults and the elderly.pdf\""}
[16:53:23.752] INFO: [daemon.js:17438] [permission] subcommand layer=tail mode=auto verdict=undecided {"permLayer":"tail","permMode":"auto","permVerdict":"undecided","permReasonType":"safetyCheck","cmdPreview":"Select-Object FullName, Length, LastWriteTime"}
[16:53:23.752] INFO: [daemon.js:17438] [permission] subcommand layer=tail mode=auto verdict=undecided {"permLayer":"tail","permMode":"auto","permVerdict":"undecided","permReasonType":"safetyCheck","cmdPreview":"ConvertTo-Json 2>&1"}
[16:53:23.752] INFO: [daemon.js:17438] [permission] whole-command layer=aggregated mode=auto verdict=undecided {"permLayer":"aggregated","permMode":"auto","permVerdict":"undecided","permScope":"whole-command","cmdPreview":"Get-Item \"G:\\我的雲端硬碟\\ZoteroLibrary\\Pirker\\129\\Pirker and Katzenschlager - 2017 - Gait disorders in adults and the elderly.pdf\" | Select-Object FullName, Length, LastWriteTime | ConvertTo-Json 2>&1","subcommandCount":3}
[16:53:33.518] INFO: [daemon.js:17438] [b5af414b3711477889253b59f334fcac] → GET /mavis/health
[16:53:33.518] INFO: [daemon.js:17438] [b5af414b3711477889253b59f334fcac] ← GET /mavis/health status=200 duration=0ms {"locale":"en"}
[16:53:38.062] INFO: [daemon.js:17438] Stage 2 LLM classification result {"toolName":"bash","verdict":"allow","reason":"This is a read-only metadata query (Get-Item + Select-Object) that retrieves file properties without any modification. The target is a research paper PDF, and the operation is directly in service of the user's stated task of finding the paper.","model":"minimax/MiniMax-M2.7","isIrreversibleDelete":false,"confidence":0.95}
[16:53:38.062] INFO: [daemon.js:17438] [6feb63b40fe348a98f3b3fae8ccf7b55] [permission-service] Auto mode classifier result: toolName=bash verdict=allow reason=This is a read-only metadata query (Get-Item + Select-Object) that retrieves file properties without any modification. The target is a research paper PDF, and the operation is directly in service of the user's stated task of finding the paper. model=minimax/MiniMax-M2.7 stage=thinking durationMs=14310 locale=en
[16:53:38.062] INFO: [daemon.js:17438] [987a23cf0d9c4bf3bb24c3ac85c85385] Permission check result: bash → allow {"locale":"en"}
[16:53:38.062] INFO: [daemon.js:17438] [987a23cf0d9c4bf3bb24c3ac85c85385] ← POST /mavis/api/permission/check status=200 duration=14312ms {"locale":"en"}
[16:53:38.066] INFO: [daemon.js:17438] [02ac9e0ebf844a79adf30d4b8e89c814] → POST /mavis/api/hooks/execute
[16:53:38.066] INFO: [daemon.js:17438] [hook-registry] matcher did not match, hook filtered out {"module":"hook-registry","hookId":"builtin:binary-read-guard","matcher":"^[Rr]ead$","matchValue":"bash"}
[16:53:38.066] INFO: [daemon.js:17438] [hook-registry] matcher did not match, hook filtered out {"module":"hook-registry","hookId":"builtin:docx-skill-env-gate","matcher":"^[Ss][Kk][Ii][Ll][Ll]$","matchValue":"bash"}
[16:53:38.066] INFO: [daemon.js:17438] [hook-registry] hooks filtered by matcher {"module":"hook-registry","hookEvent":"PreToolUse","matchValue":"bash","beforeCount":2,"afterCount":0}
[16:53:38.067] INFO: [daemon.js:17438] [02ac9e0ebf844a79adf30d4b8e89c814] ← POST /mavis/api/hooks/execute status=200 duration=1ms {"locale":"en"}
[16:53:38.279] INFO: [daemon.js:17438] [77659894e6db44ffb91c261629925f9e] → POST /mavis/api/metrics/runtime-event
[16:53:38.280] INFO: [daemon.js:17438] [77659894e6db44ffb91c261629925f9e] ← POST /mavis/api/metrics/runtime-event status=204 duration=1ms {"locale":"en"}
[16:53:38.280] INFO: [daemon.js:17438] [b8b347a7becd40428ae979e7b51a5ea6] → POST /mavis/api/hooks/execute
[16:53:38.281] INFO: [daemon.js:17438] [hook-registry] matcher did not match, hook filtered out {"module":"hook-registry","hookId":"builtin:read-image-compressor","matcher":"^[Rr]ead$","matchValue":"bash"}
[16:53:38.281] INFO: [daemon.js:17438] [hook-registry] hooks filtered by matcher {"module":"hook-registry","hookEvent":"PostToolUse","matchValue":"bash","beforeCount":7,"afterCount":6}
[16:53:38.281] INFO: [daemon.js:17438] [b8b347a7becd40428ae979e7b51a5ea6] ← POST /mavis/api/hooks/execute status=200 duration=1ms {"locale":"en"}
[16:53:38.283] INFO: [daemon.js:17438] [5c6f293110af457b84fbbf7b829916b7] → POST /mavis/api/metrics/runtime-event
[16:53:38.283] INFO: [daemon.js:17438] [5c6f293110af457b84fbbf7b829916b7] ← POST /mavis/api/metrics/runtime-event status=204 duration=0ms {"locale":"en"}
[16:53:38.297] INFO: [daemon.js:17438] [ac3b82ef2ce948e1b638c76aa58b39b4] → POST /mavis/api/metrics/runtime-event
[16:53:38.297] INFO: [daemon.js:17438] [ac3b82ef2ce948e1b638c76aa58b39b4] ← POST /mavis/api/metrics/runtime-event status=204 duration=0ms {"locale":"en"}
[16:53:43.523] INFO: [daemon.js:17438] [c26bdb25a1994726b244ba7db41eb3c9] → GET /mavis/health
[16:53:43.523] INFO: [daemon.js:17438] [c26bdb25a1994726b244ba7db41eb3c9] ← GET /mavis/health status=200 duration=0ms {"locale":"en"}
[16:53:44.327] INFO: [daemon.js:17438] [529e41a3a94a4e79994ba515b4b379a1] → POST /mavis/api/metrics/runtime-event
[16:53:44.328] INFO: [daemon.js:17438] [529e41a3a94a4e79994ba515b4b379a1] ← POST /mavis/api/metrics/runtime-event status=204 duration=1ms {"locale":"en"}
[16:53:44.351] INFO: [daemon.js:17438] [9bd8c97bf09e45419306caa36781796b] → GET /mavis/api/file/open-app
[16:53:44.352] INFO: [daemon.js:17438] [9bd8c97bf09e45419306caa36781796b] ← GET /mavis/api/file/open-app status=200 duration=1ms {"locale":"en"}
[16:53:44.596] INFO: [daemon.js:17438] [b96d6048b8f743b7aefc2ec827a68167] [bridge] Emitting session.finish event sessionId=mvs_44491adf460b43c8b3c009d46d4c38e0 agentName=mavis isError=false
[16:53:44.604] INFO: [daemon.js:17438] [0449eed8d350462290674fcc564003b9] [cron-store] Loaded cron configs, count=0
[16:53:44.612] INFO: [daemon.js:17438] [2e97debebe4a4867aee0f4672462fec6] → GET /mavis/api/session/mvs_44491adf460b43c8b3c009d46d4c38e0/diff
[16:53:44.613] INFO: [daemon.js:17438] [6ff49b3d0ec64254b46847d28925db56] → GET /mavis/api/session/mvs_44491adf460b43c8b3c009d46d4c38e0
[16:53:44.615] INFO: [daemon.js:17438] [2e97debebe4a4867aee0f4672462fec6] ← GET /mavis/api/session/mvs_44491adf460b43c8b3c009d46d4c38e0/diff status=200 duration=3ms {"locale":"en"}
[16:53:44.616] INFO: [daemon.js:17438] [6ff49b3d0ec64254b46847d28925db56] ← GET /mavis/api/session/mvs_44491adf460b43c8b3c009d46d4c38e0 status=200 duration=3ms {"locale":"en"}
[16:53:49.989] INFO: [daemon.js:17438] [334a30fb36a142448b0283c8afdb099a] → POST /mavis/api/file/reveal
[16:53:50.132] INFO: [daemon.js:17438] [334a30fb36a142448b0283c8afdb099a] ← POST /mavis/api/file/reveal status=200 duration=143ms {"locale":"en"}
[16:53:53.535] INFO: [daemon.js:17438] [0ebdfe3436e346b28710378e8cf48158] → GET /mavis/health
[16:53:53.535] INFO: [daemon.js:17438] [0ebdfe3436e346b28710378e8cf48158] ← GET /mavis/health status=200 duration=0ms {"locale":"en"}
[16:53:58.790] INFO: [daemon.js:17438] [703087538840494dab4a812fb3ec7a18] → POST /mavis/api/file/open
[16:53:58.890] INFO: [daemon.js:17438] [703087538840494dab4a812fb3ec7a18] ← POST /mavis/api/file/open status=200 duration=100ms {"locale":"en"}
[16:54:03.554] INFO: [daemon.js:17438] [d44354f7f1004f298e647c6126d3cb16] → GET /mavis/health
[16:54:03.555] INFO: [daemon.js:17438] [d44354f7f1004f298e647c6126d3cb16] ← GET /mavis/health status=200 duration=1ms {"locale":"en"}
[16:54:05.875] INFO: [daemon.js:17438] [d11754344094489a942d36fec1c77107] → POST /mavis/api/file/reveal
[16:54:05.990] INFO: [daemon.js:17438] [d11754344094489a942d36fec1c77107] ← POST /mavis/api/file/reveal status=200 duration=115ms {"locale":"en"}
[16:54:13.561] INFO: [daemon.js:17438] [4d2bd154d8824d738b44bc61bb53f607] → GET /mavis/health
[16:54:13.561] INFO: [daemon.js:17438] [4d2bd154d8824d738b44bc61bb53f607] ← GET /mavis/health status=200 duration=0ms {"locale":"en"}
[16:54:20.440] INFO: [daemon.js:17438] [0dee8753a8aa4f4bbfc465a43dda255c] → GET /mavis/api/file/open-app
[16:54:20.440] INFO: [daemon.js:17438] [a4d90a7792174aeb8ef1f0d97687ceb3] → GET /mavis/api/file/content
[16:54:20.441] INFO: [daemon.js:17438] [0dee8753a8aa4f4bbfc465a43dda255c] ← GET /mavis/api/file/open-app status=200 duration=1ms {"locale":"en"}
[16:54:20.455] INFO: [daemon.js:17438] [a4d90a7792174aeb8ef1f0d97687ceb3] ← GET /mavis/api/file/content status=200 duration=15ms {"locale":"en"}
[16:54:23.571] INFO: [daemon.js:17438] [2220f3742dc9444fa0492c314ac798c9] → GET /mavis/health
[16:54:23.572] INFO: [daemon.js:17438] [2220f3742dc9444fa0492c314ac798c9] ← GET /mavis/health status=200 duration=1ms {"locale":"en"}
[16:54:33.600] INFO: [daemon.js:17438] [f266a993252345fbab729fadc14c1a75] → GET /mavis/health
[16:54:33.600] INFO: [daemon.js:17438] [f266a993252345fbab729fadc14c1a75] ← GET /mavis/health status=200 duration=0ms {"locale":"en"}
[16:54:43.595] INFO: [daemon.js:17438] [d1ada09dd25549bcb6cd50aa15263f20] → GET /mavis/health
[16:54:43.595] INFO: [daemon.js:17438] [d1ada09dd25549bcb6cd50aa15263f20] ← GET /mavis/health status=200 duration=0ms {"locale":"en"}
[16:54:53.624] INFO: [daemon.js:17438] [05ab3bd64f314e139d30caedee77b545] → GET /mavis/health
[16:54:53.624] INFO: [daemon.js:17438] [05ab3bd64f314e139d30caedee77b545] ← GET /mavis/health status=200 duration=0ms {"locale":"en"}
[16:55:03.629] INFO: [daemon.js:17438] [0c18f8eab1124fe986190c5a0b31a0de] → GET /mavis/health
[16:55:03.629] INFO: [daemon.js:17438] [0c18f8eab1124fe986190c5a0b31a0de] ← GET /mavis/health status=200 duration=0ms {"locale":"en"}
[16:55:13.634] INFO: [daemon.js:17438] [c33c7310c0424781810cd4dc7867465d] → GET /mavis/health
[16:55:13.634] INFO: [daemon.js:17438] [c33c7310c0424781810cd4dc7867465d] ← GET /mavis/health status=200 duration=0ms {"locale":"en"}
[16:55:23.639] INFO: [daemon.js:17438] [096822c0f19a4f7ca175986ed8807e3b] → GET /mavis/health
[16:55:23.639] INFO: [daemon.js:17438] [096822c0f19a4f7ca175986ed8807e3b] ← GET /mavis/health status=200 duration=0ms {"locale":"en"}
[16:55:33.644] INFO: [daemon.js:17438] [b1214484f41a48028133191c21cdbdb5] → GET /mavis/health
[16:55:33.644] INFO: [daemon.js:17438] [b1214484f41a48028133191c21cdbdb5] ← GET /mavis/health status=200 duration=0ms {"locale":"en"}
[16:55:43.649] INFO: [daemon.js:17438] [2a18c26c5bfa41f59420a0a0fea924de] → GET /mavis/health
[16:55:43.649] INFO: [daemon.js:17438] [2a18c26c5bfa41f59420a0a0fea924de] ← GET /mavis/health status=200 duration=0ms {"locale":"en"}
[16:55:52.168] INFO: [daemon.js:17438] [d064232c13b54737837e0e37a46ea277] → GET /mavis/api/session/mvs_44491adf460b43c8b3c009d46d4c38e0/message
[16:55:52.169] INFO: [daemon.js:17438] MessageStore list completed {"ctx":{"traceId":"d064232c13b54737837e0e37a46ea277","locale":"en"},"sessionId":"mvs_44491adf460b43c8b3c009d46d4c38e0","durationMs":0,"messageCount":15,"hasNextCursor":false}
[16:55:52.169] INFO: [daemon.js:17438] [d064232c13b54737837e0e37a46ea277] ← GET /mavis/api/session/mvs_44491adf460b43c8b3c009d46d4c38e0/message status=200 duration=1ms {"locale":"en"}
[16:55:52.169] INFO: [daemon.js:17438] [8cef1c85813e41aeb8888d6a83b94d84] → GET /mavis/api/permission/requests
[16:55:52.170] INFO: [daemon.js:17438] [8cef1c85813e41aeb8888d6a83b94d84] ← GET /mavis/api/permission/requests status=200 duration=1ms {"locale":"en"}
[16:55:52.171] INFO: [daemon.js:17438] [e0c3002baaff45ce9922c340ee41c667] → GET /mavis/api/session/mvs_44491adf460b43c8b3c009d46d4c38e0
[16:55:52.176] INFO: [daemon.js:17438] [e0c3002baaff45ce9922c340ee41c667] ← GET /mavis/api/session/mvs_44491adf460b43c8b3c009d46d4c38e0 status=200 duration=5ms {"locale":"en"}
[16:55:52.179] INFO: [daemon.js:17438] [a451f79a302e4f068d88b2bee3045bd7] → GET /mavis/api/session/mvs_44491adf460b43c8b3c009d46d4c38e0/queue
[16:55:52.179] INFO: [daemon.js:17438] [a451f79a302e4f068d88b2bee3045bd7] ← GET /mavis/api/session/mvs_44491adf460b43c8b3c009d46d4c38e0/queue status=200 duration=0ms {"locale":"en"}
[16:55:53.642] INFO: [daemon.js:17438] [fdb0fff3fd0a468da48b990fceffb4d9] → GET /mavis/health
[16:55:53.643] INFO: [daemon.js:17438] [fdb0fff3fd0a468da48b990fceffb4d9] ← GET /mavis/health status=200 duration=1ms {"locale":"en"}
[16:55:54.860] INFO: [daemon.js:17438] [a44dec14466d4f50b63be96fe3de1a85] → GET /mavis/api/skill-hub
[16:55:55.304] INFO: [daemon.js:17438] [a44dec14466d4f50b63be96fe3de1a85] ← GET /mavis/api/skill-hub status=200 duration=444ms {"locale":"en"}
[16:55:58.207] INFO: [daemon.js:17438] [c193a6eceec54ec3ac32b99a54ac40e8] → POST /mavis/api/skill/preview
[16:56:01.678] INFO: [daemon.js:17438] [3a635ae9b8f849d6a0f99df3c7b6e356] Skill preview created, previewId=74e504a7-31e6-408a-a7e6-208771d567c8, repoUrl=https://github.com/pablo-mano/Obsidian-CLI-skill.git, branch=main, sha=d778231, candidates=1, expiresAt=1780304761678
[16:56:01.678] INFO: [daemon.js:17438] [c193a6eceec54ec3ac32b99a54ac40e8] ← POST /mavis/api/skill/preview status=200 duration=3471ms {"locale":"en"}
[16:56:03.654] INFO: [daemon.js:17438] [5048a471cdab4149aeb61398d5014d0a] → GET /mavis/health
[16:56:03.654] INFO: [daemon.js:17438] [5048a471cdab4149aeb61398d5014d0a] ← GET /mavis/health status=200 duration=0ms {"locale":"en"}
[16:56:07.163] INFO: [daemon.js:17438] [9c37208c85104f0cb2a4d57f5553ece9] → POST /mavis/api/skill/install
[16:56:07.166] INFO: [daemon.js:17438] [0d65f331e824487e90d0a7c0f23c2bda] Skill installed via preview, skillName=obsidian-cli, sub_path=skills\obsidian-cli, sourceUrl=https://github.com/pablo-mano/Obsidian-CLI-skill/tree/main/skills/obsidian-cli, scope=2, agentName=global, destDir=C:\Users\jethr\.mavis\skills\obsidian-cli
[16:56:07.171] INFO: [daemon.js:17438] [9c37208c85104f0cb2a4d57f5553ece9] ← POST /mavis/api/skill/install status=201 duration=8ms {"locale":"en"}
[16:56:07.183] INFO: [daemon.js:17438] [333f3249a7664a0aa89bfc5ea0df6e9e] SkillFsSyncer: index synced, skillName=obsidian-cli, scope=2, event=skill.created
[16:56:07.184] INFO: [daemon.js:17438] [eb697fb2f56c4e93a1522a968131ba01] → GET /mavis/api/skill
[16:56:07.184] INFO: [daemon.js:17438] [eb697fb2f56c4e93a1522a968131ba01] ← GET /mavis/api/skill status=200 duration=0ms {"locale":"en"}
[16:56:07.185] INFO: [daemon.js:17438] [175c4daa404a446689538241265eb280] → GET /mavis/api/skill-evolve/usage
[16:56:07.185] INFO: [daemon.js:17438] [175c4daa404a446689538241265eb280] ← GET /mavis/api/skill-evolve/usage status=403 duration=0ms {"locale":"en"}
[16:56:07.185] INFO: [daemon.js:17438] [6579e899a4f84a3c8152b82ee7d4b38f] → GET /mavis/api/skill-hub
[16:56:07.468] INFO: [daemon.js:17438] [6579e899a4f84a3c8152b82ee7d4b38f] ← GET /mavis/api/skill-hub status=200 duration=283ms {"locale":"en"}
[16:56:09.502] INFO: [daemon.js:17438] [eff19ec6c6874ade96147b2b91e1c7d6] → POST /mavis/mcp/cu
[16:56:09.504] INFO: [daemon.js:17438] [eff19ec6c6874ade96147b2b91e1c7d6] ← POST /mavis/mcp/cu status=200 duration=2ms {"locale":"en"}
[16:56:09.504] INFO: [daemon.js:17438] [8885730f8bab40da8a16012cf8c211da] → POST /mavis/mcp/trash
[16:56:09.505] INFO: [daemon.js:17438] [8885730f8bab40da8a16012cf8c211da] ← POST /mavis/mcp/trash status=200 duration=1ms {"locale":"en"}
[16:56:09.756] INFO: [daemon.js:17438] [473f91f5e0784b03bee1a8ec6b78831e] [mcp:matrix:stderr] [matrix-mcp-cli] tools/list dropped 2 unknown tool(s) not in this cli's KNOWN_TOOLS: matrix_extract_content_from_websites, matrix_get_upload_url
[16:56:10.241] INFO: [daemon.js:17438] [92564884b8aa4bb9b11a8f2cafd143b8] → GET /mavis/api/skill
[16:56:10.241] INFO: [daemon.js:17438] [92564884b8aa4bb9b11a8f2cafd143b8] ← GET /mavis/api/skill status=200 duration=0ms {"locale":"en"}
[16:56:10.242] INFO: [daemon.js:17438] [a31bb7378fbe4705896ca434b63abd11] → GET /mavis/api/skill-evolve/usage
[16:56:10.242] INFO: [daemon.js:17438] [a31bb7378fbe4705896ca434b63abd11] ← GET /mavis/api/skill-evolve/usage status=403 duration=0ms {"locale":"en"}
[16:56:10.985] INFO: [daemon.js:17438] [b9cdd393a8d34129b9c08f2b741fadb7] → GET /mavis/api/skill/obsidian-cli/files
[16:56:10.985] INFO: [daemon.js:17438] [b9cdd393a8d34129b9c08f2b741fadb7] ← GET /mavis/api/skill/obsidian-cli/files status=200 duration=0ms {"locale":"en"}
[16:56:10.989] INFO: [daemon.js:17438] [06163e11cb7a4840af69e45a92204391] → GET /mavis/api/skill/obsidian-cli/file
[16:56:10.989] INFO: [daemon.js:17438] [06163e11cb7a4840af69e45a92204391] ← GET /mavis/api/skill/obsidian-cli/file status=200 duration=0ms {"locale":"en"}
[16:56:13.655] INFO: [daemon.js:17438] [4529b93680e34c93b5217bb06b16ade8] → GET /mavis/health
[16:56:13.655] INFO: [daemon.js:17438] [4529b93680e34c93b5217bb06b16ade8] ← GET /mavis/health status=200 duration=0ms {"locale":"en"}
[16:56:14.062] INFO: [daemon.js:17438] [40284eeaca8b4c9da5b1fc8254268626] → GET /mavis/api/skill/obsidian-cli/file
[16:56:14.070] INFO: [daemon.js:17438] [40284eeaca8b4c9da5b1fc8254268626] ← GET /mavis/api/skill/obsidian-cli/file status=200 duration=8ms {"locale":"en"}
[16:56:16.816] INFO: [daemon.js:17438] [baf1949197ca42d9a214030e254f8ca2] → GET /mavis/api/skill/obsidian-cli/file
[16:56:16.816] INFO: [daemon.js:17438] [baf1949197ca42d9a214030e254f8ca2] ← GET /mavis/api/skill/obsidian-cli/file status=200 duration=0ms {"locale":"en"}
[16:56:23.657] INFO: [daemon.js:17438] [715c4b3b9abb42f8881a674949b4dcb1] → GET /mavis/health
[16:56:23.657] INFO: [daemon.js:17438] [715c4b3b9abb42f8881a674949b4dcb1] ← GET /mavis/health status=200 duration=0ms {"locale":"en"}
[16:56:33.662] INFO: [daemon.js:17438] [e1daca3c89a54c1a866ddcca5aa0cebd] → GET /mavis/health
[16:56:33.663] INFO: [daemon.js:17438] [e1daca3c89a54c1a866ddcca5aa0cebd] ← GET /mavis/health status=200 duration=0ms {"locale":"en"}
[16:56:43.674] INFO: [daemon.js:17438] [1f5c92e0786a481cb1f8426f4044c716] → GET /mavis/health
[16:56:43.675] INFO: [daemon.js:17438] [1f5c92e0786a481cb1f8426f4044c716] ← GET /mavis/health status=200 duration=1ms {"locale":"en"}
[16:56:53.679] INFO: [daemon.js:17438] [b3dc5e47e229464096253c516cf190b1] → GET /mavis/health
[16:56:53.679] INFO: [daemon.js:17438] [b3dc5e47e229464096253c516cf190b1] ← GET /mavis/health status=200 duration=0ms {"locale":"en"}
[16:57:03.682] INFO: [daemon.js:17438] [d5bcc7cad093485bbbb5ca16f3d9ca88] → GET /mavis/health
[16:57:03.682] INFO: [daemon.js:17438] [d5bcc7cad093485bbbb5ca16f3d9ca88] ← GET /mavis/health status=200 duration=0ms {"locale":"en"}
[16:57:13.687] INFO: [daemon.js:17438] [392f930c8c344b0aa3ef7a8d6e04c32d] → GET /mavis/health
[16:57:13.687] INFO: [daemon.js:17438] [392f930c8c344b0aa3ef7a8d6e04c32d] ← GET /mavis/health status=200 duration=0ms {"locale":"en"}
[16:57:23.698] INFO: [daemon.js:17438] [73333bdc43ef4634adb5cb08923aa393] → GET /mavis/health
[16:57:23.698] INFO: [daemon.js:17438] [73333bdc43ef4634adb5cb08923aa393] ← GET /mavis/health status=200 duration=0ms {"locale":"en"}
[16:57:27.952] INFO: [daemon.js:17438] [605a63870f874925a4ffb037c9a34f12] → GET /mavis/mcp/cu
[16:57:27.953] INFO: [daemon.js:17438] [605a63870f874925a4ffb037c9a34f12] ← GET /mavis/mcp/cu status=200 duration=1ms {"locale":"en"}
[16:57:27.953] INFO: [daemon.js:17438] [e6d177373ecb447193ef5fc1ba946164] → GET /mavis/mcp/trash
[16:57:27.954] INFO: [daemon.js:17438] [e6d177373ecb447193ef5fc1ba946164] ← GET /mavis/mcp/trash status=200 duration=1ms {"locale":"en"}
[16:57:33.719] INFO: [daemon.js:17438] [803c73c5b2ff4a269d357a1fd4313c94] → GET /mavis/health
[16:57:33.719] INFO: [daemon.js:17438] [803c73c5b2ff4a269d357a1fd4313c94] ← GET /mavis/health status=200 duration=0ms {"locale":"en"}
[16:57:43.731] INFO: [daemon.js:17438] [08d9cb67222745b5b53d81b5e540aecc] → GET /mavis/health
[16:57:43.731] INFO: [daemon.js:17438] [08d9cb67222745b5b53d81b5e540aecc] ← GET /mavis/health status=200 duration=0ms {"locale":"en"}
[16:57:53.740] INFO: [daemon.js:17438] [25327a5c24304e13b049ef6f87c10fe7] → GET /mavis/health
[16:57:53.740] INFO: [daemon.js:17438] [25327a5c24304e13b049ef6f87c10fe7] ← GET /mavis/health status=200 duration=0ms {"locale":"en"}
[16:58:03.744] INFO: [daemon.js:17438] [083e552d7c7b4ba9a9903e6c12c2f342] → GET /mavis/health
[16:58:03.745] INFO: [daemon.js:17438] [083e552d7c7b4ba9a9903e6c12c2f342] ← GET /mavis/health status=200 duration=1ms {"locale":"en"}
[16:58:13.743] INFO: [daemon.js:17438] [1ea20b8e923d4e308adea1ef86925f8b] → GET /mavis/health
[16:58:13.743] INFO: [daemon.js:17438] [1ea20b8e923d4e308adea1ef86925f8b] ← GET /mavis/health status=200 duration=0ms {"locale":"en"}
[16:58:23.770] INFO: [daemon.js:17438] [7852f09b33204276b6e7b29c25fb22ef] → GET /mavis/health
[16:58:23.770] INFO: [daemon.js:17438] [7852f09b33204276b6e7b29c25fb22ef] ← GET /mavis/health status=200 duration=0ms {"locale":"en"}
[16:58:33.773] INFO: [daemon.js:17438] [ad9b4f7be45a4d51b6513ae7f667de77] → GET /mavis/health
[16:58:33.774] INFO: [daemon.js:17438] [ad9b4f7be45a4d51b6513ae7f667de77] ← GET /mavis/health status=200 duration=1ms {"locale":"en"}
[16:58:43.764] INFO: [daemon.js:17438] [c8ee3a5b2a0b4104acc447313beb8f90] → GET /mavis/health
[16:58:43.764] INFO: [daemon.js:17438] [c8ee3a5b2a0b4104acc447313beb8f90] ← GET /mavis/health status=200 duration=0ms {"locale":"en"}
[16:58:53.783] INFO: [daemon.js:17438] [d40b84f688bf424998e1c3a050612d46] → GET /mavis/health
[16:58:53.784] INFO: [daemon.js:17438] [d40b84f688bf424998e1c3a050612d46] ← GET /mavis/health status=200 duration=1ms {"locale":"en"}
[16:59:03.784] INFO: [daemon.js:17438] [07d035d0f46343f0b0ef086d914afe18] → GET /mavis/health
[16:59:03.785] INFO: [daemon.js:17438] [07d035d0f46343f0b0ef086d914afe18] ← GET /mavis/health status=200 duration=1ms {"locale":"en"}
[16:59:13.809] INFO: [daemon.js:17438] [8f490d05c7a640ca8f73baeeaca48207] → GET /mavis/health
[16:59:13.809] INFO: [daemon.js:17438] [8f490d05c7a640ca8f73baeeaca48207] ← GET /mavis/health status=200 duration=0ms {"locale":"en"}
[16:59:23.803] INFO: [daemon.js:17438] [b900fb28b6a441108151c97f1df6eb64] → GET /mavis/health
[16:59:23.803] INFO: [daemon.js:17438] [b900fb28b6a441108151c97f1df6eb64] ← GET /mavis/health status=200 duration=0ms {"locale":"en"}
[16:59:33.804] INFO: [daemon.js:17438] [eca7503655fc4628b8738b90eb1194bf] → GET /mavis/health
[16:59:33.804] INFO: [daemon.js:17438] [eca7503655fc4628b8738b90eb1194bf] ← GET /mavis/health status=200 duration=0ms {"locale":"en"}
[16:59:43.824] INFO: [daemon.js:17438] [7e7d52b07f214ea4b7fd95fdeff19ae7] → GET /mavis/health
[16:59:43.824] INFO: [daemon.js:17438] [7e7d52b07f214ea4b7fd95fdeff19ae7] ← GET /mavis/health status=200 duration=0ms {"locale":"en"}
[16:59:53.819] INFO: [daemon.js:17438] [503e28aaf0954590a722d8d146c24a0e] → GET /mavis/health
[16:59:53.819] INFO: [daemon.js:17438] [503e28aaf0954590a722d8d146c24a0e] ← GET /mavis/health status=200 duration=1ms {"locale":"en"}
