[19:00:00.182] INFO: [daemon.js:17438] [1371c79ef24f4165833cec1a1dd3dfe4] → GET /mavis/health
[19:00:00.183] INFO: [daemon.js:17438] [1371c79ef24f4165833cec1a1dd3dfe4] ← GET /mavis/health status=200 duration=1ms {"locale":"en"}
[19:00:10.186] INFO: [daemon.js:17438] [e9ba6af3e9df4f6896df4894fc91969a] → GET /mavis/health
[19:00:10.186] INFO: [daemon.js:17438] [e9ba6af3e9df4f6896df4894fc91969a] ← GET /mavis/health status=200 duration=0ms {"locale":"en"}
[19:00:20.197] INFO: [daemon.js:17438] [81067d46b4d94ec5aa0a388cd8cde1ea] → GET /mavis/health
[19:00:20.198] INFO: [daemon.js:17438] [81067d46b4d94ec5aa0a388cd8cde1ea] ← GET /mavis/health status=200 duration=1ms {"locale":"en"}
[19:00:29.627] INFO: [daemon.js:17438] [2e9794c4e85147ffaf2fd80703d7dbd6] → GET /mavis/mcp/trash
[19:00:29.627] INFO: [daemon.js:17438] [2e9794c4e85147ffaf2fd80703d7dbd6] ← GET /mavis/mcp/trash status=200 duration=0ms {"locale":"en"}
[19:00:29.628] INFO: [daemon.js:17438] [16b85ab429d44d3fbf081fcb0fa29ac2] → GET /mavis/mcp/cu
[19:00:29.628] INFO: [daemon.js:17438] [16b85ab429d44d3fbf081fcb0fa29ac2] ← GET /mavis/mcp/cu status=200 duration=0ms {"locale":"en"}
[19:00:30.216] INFO: [daemon.js:17438] [92d6d7723f1d42109affc48e488206be] → GET /mavis/health
[19:00:30.217] INFO: [daemon.js:17438] [92d6d7723f1d42109affc48e488206be] ← GET /mavis/health status=200 duration=1ms {"locale":"en"}
[19:00:40.237] INFO: [daemon.js:17438] [c2fc6b4a36284c79a6d1ad4426423aaf] → GET /mavis/health
[19:00:40.237] INFO: [daemon.js:17438] [c2fc6b4a36284c79a6d1ad4426423aaf] ← GET /mavis/health status=200 duration=0ms {"locale":"en"}
[19:00:50.238] INFO: [daemon.js:17438] [ceb946a4a2254b76a40899924e642e20] → GET /mavis/health
[19:00:50.238] INFO: [daemon.js:17438] [ceb946a4a2254b76a40899924e642e20] ← GET /mavis/health status=200 duration=0ms {"locale":"en"}
[19:01:00.262] INFO: [daemon.js:17438] [7392070c827543a0b30da8642276a122] → GET /mavis/health
[19:01:00.262] INFO: [daemon.js:17438] [7392070c827543a0b30da8642276a122] ← GET /mavis/health status=200 duration=0ms {"locale":"en"}
[19:01:09.707] INFO: [daemon.js:17438] [a6a40ef79c644f40a9944758032f5093] [mcp:matrix:stderr] [matrix-mcp-cli] tools/list dropped 2 unknown tool(s) not in this cli's KNOWN_TOOLS: matrix_extract_content_from_websites, matrix_get_upload_url
[19:01:09.709] INFO: [daemon.js:17438] [467f0a86e32b4614b51e9949c1ef8256] → POST /mavis/mcp/cu
[19:01:09.710] INFO: [daemon.js:17438] [467f0a86e32b4614b51e9949c1ef8256] ← POST /mavis/mcp/cu status=200 duration=1ms {"locale":"en"}
[19:01:09.711] INFO: [daemon.js:17438] [b1cebdd2d6a6400a8c2544fe56c050b1] → POST /mavis/mcp/trash
[19:01:09.714] INFO: [daemon.js:17438] [b1cebdd2d6a6400a8c2544fe56c050b1] ← POST /mavis/mcp/trash status=200 duration=3ms {"locale":"en"}
[19:01:10.249] INFO: [daemon.js:17438] [981b4cf61ac546bcaf8a1a7c989516e8] → GET /mavis/health
[19:01:10.250] INFO: [daemon.js:17438] [981b4cf61ac546bcaf8a1a7c989516e8] ← GET /mavis/health status=200 duration=1ms {"locale":"en"}
[19:01:20.273] INFO: [daemon.js:17438] [b036a5c77f7b46089d916cfcc5033a42] → GET /mavis/health
[19:01:20.273] INFO: [daemon.js:17438] [b036a5c77f7b46089d916cfcc5033a42] ← GET /mavis/health status=200 duration=0ms {"locale":"en"}
[19:01:30.276] INFO: [daemon.js:17438] [09a367543ff9408ba3ecfa751ba27c57] → GET /mavis/health
[19:01:30.276] INFO: [daemon.js:17438] [09a367543ff9408ba3ecfa751ba27c57] ← GET /mavis/health status=200 duration=0ms {"locale":"en"}
[19:01:40.277] INFO: [daemon.js:17438] [3ff6c3fd75e84d8db5bb0dc6a31a4bd2] → GET /mavis/health
[19:01:40.278] INFO: [daemon.js:17438] [3ff6c3fd75e84d8db5bb0dc6a31a4bd2] ← GET /mavis/health status=200 duration=1ms {"locale":"en"}
[19:01:50.292] INFO: [daemon.js:17438] [a722d1f4da3041f5a0e2a6523e4996e7] → GET /mavis/health
[19:01:50.292] INFO: [daemon.js:17438] [a722d1f4da3041f5a0e2a6523e4996e7] ← GET /mavis/health status=200 duration=0ms {"locale":"en"}
[19:02:00.206] INFO: [daemon.js:17438] [0a264f7384e24a189ef6601892a60355] → GET /mavis/api/session/mvs_b64802478430455b968a4d7fb38e953a/message
[19:02:00.207] INFO: [daemon.js:17438] MessageStore list completed {"ctx":{"traceId":"0a264f7384e24a189ef6601892a60355","locale":"en"},"sessionId":"mvs_b64802478430455b968a4d7fb38e953a","durationMs":1,"messageCount":7,"hasNextCursor":false}
[19:02:00.207] INFO: [daemon.js:17438] [0a264f7384e24a189ef6601892a60355] ← GET /mavis/api/session/mvs_b64802478430455b968a4d7fb38e953a/message status=200 duration=1ms {"locale":"en"}
[19:02:00.207] INFO: [daemon.js:17438] [49009d4486d74273982c587e6338bb9d] → GET /mavis/api/permission/requests
[19:02:00.207] INFO: [daemon.js:17438] [49009d4486d74273982c587e6338bb9d] ← GET /mavis/api/permission/requests status=200 duration=0ms {"locale":"en"}
[19:02:00.209] INFO: [daemon.js:17438] [3cddd076bb7f47c3a04410a59e7bff32] → GET /mavis/api/session/mvs_b64802478430455b968a4d7fb38e953a
[19:02:00.214] INFO: [daemon.js:17438] [3cddd076bb7f47c3a04410a59e7bff32] ← GET /mavis/api/session/mvs_b64802478430455b968a4d7fb38e953a status=200 duration=5ms {"locale":"en"}
[19:02:00.217] INFO: [daemon.js:17438] [4327b8bce6444ea8a01a143e3c58644d] → GET /mavis/api/session/mvs_b64802478430455b968a4d7fb38e953a/queue
[19:02:00.217] INFO: [daemon.js:17438] [4327b8bce6444ea8a01a143e3c58644d] ← GET /mavis/api/session/mvs_b64802478430455b968a4d7fb38e953a/queue status=200 duration=0ms {"locale":"en"}
[19:02:00.292] INFO: [daemon.js:17438] [28f6d267b9ff49b9af7926b8ad1f8a6a] → GET /mavis/health
[19:02:00.293] INFO: [daemon.js:17438] [28f6d267b9ff49b9af7926b8ad1f8a6a] ← GET /mavis/health status=200 duration=1ms {"locale":"en"}
[19:02:10.310] INFO: [daemon.js:17438] [b0a2431ee7ae4753ba3cc3a7185a453c] → GET /mavis/health
[19:02:10.310] INFO: [daemon.js:17438] [b0a2431ee7ae4753ba3cc3a7185a453c] ← GET /mavis/health status=200 duration=0ms {"locale":"en"}
[19:02:20.315] INFO: [daemon.js:17438] [b0d1df9b63ca4dd89baf9a1d2f7b97f7] → GET /mavis/health
[19:02:20.315] INFO: [daemon.js:17438] [b0d1df9b63ca4dd89baf9a1d2f7b97f7] ← GET /mavis/health status=200 duration=0ms {"locale":"en"}
[19:02:26.513] INFO: [daemon.js:17438] [2ae22ed2c8f647ddb85f9fdb000931ec] → POST /mavis/api/content
[19:02:26.765] INFO: [daemon.js:17438] [2ae22ed2c8f647ddb85f9fdb000931ec] ← POST /mavis/api/content status=200 duration=252ms {"locale":"en"}
[19:02:26.769] INFO: [daemon.js:17438] [361a4aaa2c1141cf9ed6878b467e9562] → POST /mavis/api/session/mvs_b64802478430455b968a4d7fb38e953a/message
[19:02:26.770] INFO: [daemon.js:17438] [361a4aaa2c1141cf9ed6878b467e9562] SendMessage received for mavis/mvs_b64802478430455b968a4d7fb38e953a {"locale":"en"}
[19:02:26.770] INFO: [daemon.js:17438] [message] Forwarding user message {"ctx":{"traceId":"361a4aaa2c1141cf9ed6878b467e9562","locale":"en"},"agentName":"mavis","sessionId":"mvs_b64802478430455b968a4d7fb38e953a","queuedMessageCount":0,"turnId":"68ca08bf-cddb-4222-a0a7-b43dac08abb6"}
[19:02:26.770] INFO: [daemon.js:17438] [361a4aaa2c1141cf9ed6878b467e9562] ← POST /mavis/api/session/mvs_b64802478430455b968a4d7fb38e953a/message status=200 duration=1ms {"locale":"en"}
[19:02:26.770] INFO: [daemon.js:17438] [6a5ee75d7ec14b259627999cdb5fd513] Session turnId updated sessionId=mvs_b64802478430455b968a4d7fb38e953a turnId=68ca08bf-cddb-4222-a0a7-b43dac08abb6
[19:02:27.102] INFO: [daemon.js:17438] [3e4196aacae643869cc3ffffa0aaf9a8] Resolved model from request override agentName=mavis providerID=minimax modelID=MiniMax-M2.7
[19:02:27.108] INFO: [daemon.js:17438] [94d7be93c3cb47789c5c4dbc79cd9797] Resolved model from request override agentName=mavis providerID=minimax modelID=MiniMax-M2.7
[19:02:27.109] INFO: [daemon.js:17438] [361a4aaa2c1141cf9ed6878b467e9562] sendMessage started, agentName=mavis, sessionId=mvs_b64802478430455b968a4d7fb38e953a {"locale":"en"}
[19:02:27.135] INFO: [daemon.js:17438] [9de39fb840f5473bbf91305321643a7b] → POST /mavis/api/metrics/runtime-event
[19:02:27.135] INFO: [daemon.js:17438] [9de39fb840f5473bbf91305321643a7b] ← POST /mavis/api/metrics/runtime-event status=204 duration=0ms {"locale":"en"}
[19:02:30.322] INFO: [daemon.js:17438] [804bb0dcd1734bfb90f636a808fd9a88] → GET /mavis/health
[19:02:30.322] INFO: [daemon.js:17438] [804bb0dcd1734bfb90f636a808fd9a88] ← GET /mavis/health status=200 duration=0ms {"locale":"en"}
[19:02:34.223] INFO: [daemon.js:17438] [1372de88ee2845dfa8d6cef07e86de58] → POST /mavis/api/metrics/runtime-event
[19:02:34.223] INFO: [daemon.js:17438] [1372de88ee2845dfa8d6cef07e86de58] ← POST /mavis/api/metrics/runtime-event status=204 duration=0ms {"locale":"en"}
[19:02:34.225] INFO: [daemon.js:17438] [fbf34a2b78e6423f9267f65c7a6908a3] [monitor] thinking TTFT measured sessionId=mvs_b64802478430455b968a4d7fb38e953a agentName=mavis ttftMs=7455
[19:02:34.226] INFO: [daemon.js:17438] [c1ac6bb8410e440f844d71f3b1820517] [monitor] response TTFT measured sessionId=mvs_b64802478430455b968a4d7fb38e953a agentName=mavis ttftMs=7456 breakdown={"resolveSession":0,"reconcileConfig":1,"hooks":337,"modelResolve":1,"adapterSend":7117}
[19:02:34.888] INFO: [daemon.js:17438] [3162dcad6da044bc9addaef3d6b1cc6f] [bridge] Emitting session.finish event sessionId=mvs_b64802478430455b968a4d7fb38e953a agentName=mavis isError=false
[19:02:34.891] INFO: [daemon.js:17438] [fe0cf891f4344657b794739be9eae1e2] [cron-store] Loaded cron configs, count=0
[19:02:34.897] INFO: [daemon.js:17438] [2657dcce2a34465dad26af605bfd98ce] → GET /mavis/api/session/mvs_b64802478430455b968a4d7fb38e953a/diff
[19:02:34.898] INFO: [daemon.js:17438] [144a4f0e5cea48e28a648c887e24b1d7] → GET /mavis/api/session/mvs_b64802478430455b968a4d7fb38e953a
[19:02:34.908] INFO: [daemon.js:17438] [2657dcce2a34465dad26af605bfd98ce] ← GET /mavis/api/session/mvs_b64802478430455b968a4d7fb38e953a/diff status=200 duration=11ms {"locale":"en"}
[19:02:34.909] INFO: [daemon.js:17438] [144a4f0e5cea48e28a648c887e24b1d7] ← GET /mavis/api/session/mvs_b64802478430455b968a4d7fb38e953a status=200 duration=11ms {"locale":"en"}
[19:02:40.335] INFO: [daemon.js:17438] [21a53933bb404d379b4c6fb454d4f971] → GET /mavis/health
[19:02:40.335] INFO: [daemon.js:17438] [21a53933bb404d379b4c6fb454d4f971] ← GET /mavis/health status=200 duration=0ms {"locale":"en"}
[19:02:50.349] INFO: [daemon.js:17438] [553546c195784da3af2627a8d0a487b0] → GET /mavis/health
[19:02:50.349] INFO: [daemon.js:17438] [553546c195784da3af2627a8d0a487b0] ← GET /mavis/health status=200 duration=0ms {"locale":"en"}
[19:03:00.360] INFO: [daemon.js:17438] [12052e44fbf442749e9f7bf0cdf87123] → GET /mavis/health
[19:03:00.360] INFO: [daemon.js:17438] [12052e44fbf442749e9f7bf0cdf87123] ← GET /mavis/health status=200 duration=0ms {"locale":"en"}
[19:03:10.361] INFO: [daemon.js:17438] [afb7b59f074f47118440750d1f4c4bbc] → GET /mavis/health
[19:03:10.361] INFO: [daemon.js:17438] [afb7b59f074f47118440750d1f4c4bbc] ← GET /mavis/health status=200 duration=0ms {"locale":"en"}
[19:03:12.911] INFO: [daemon.js:17438] [a26473c0495a444db74ec918d516775b] → POST /mavis/api/content
[19:03:13.162] INFO: [daemon.js:17438] [a26473c0495a444db74ec918d516775b] ← POST /mavis/api/content status=200 duration=251ms {"locale":"en"}
[19:03:13.166] INFO: [daemon.js:17438] [ccfdb1a05a7949c8bbb243c5520f000d] → POST /mavis/api/session/mvs_b64802478430455b968a4d7fb38e953a/message
[19:03:13.167] INFO: [daemon.js:17438] [ccfdb1a05a7949c8bbb243c5520f000d] SendMessage received for mavis/mvs_b64802478430455b968a4d7fb38e953a {"locale":"en"}
[19:03:13.167] INFO: [daemon.js:17438] [message] Forwarding user message {"ctx":{"traceId":"ccfdb1a05a7949c8bbb243c5520f000d","locale":"en"},"agentName":"mavis","sessionId":"mvs_b64802478430455b968a4d7fb38e953a","queuedMessageCount":0,"turnId":"b9e12f81-50fd-4af7-8bf4-4b3a0fcd7c2d"}
[19:03:13.167] INFO: [daemon.js:17438] [ccfdb1a05a7949c8bbb243c5520f000d] ← POST /mavis/api/session/mvs_b64802478430455b968a4d7fb38e953a/message status=200 duration=1ms {"locale":"en"}
[19:03:13.168] INFO: [daemon.js:17438] [ee30832e0c1f41b58ee6d556d21e0577] Session turnId updated sessionId=mvs_b64802478430455b968a4d7fb38e953a turnId=b9e12f81-50fd-4af7-8bf4-4b3a0fcd7c2d
[19:03:13.168] INFO: [daemon.js:17438] [039391299b8e4778841924703a7604e5] Resolved model from request override agentName=mavis providerID=minimax modelID=MiniMax-M2.7
[19:03:13.174] INFO: [daemon.js:17438] [9cd04448ee62407b87eed83a41d8b80b] Resolved model from request override agentName=mavis providerID=minimax modelID=MiniMax-M2.7
[19:03:13.175] INFO: [daemon.js:17438] [ccfdb1a05a7949c8bbb243c5520f000d] sendMessage started, agentName=mavis, sessionId=mvs_b64802478430455b968a4d7fb38e953a {"locale":"en"}
[19:03:13.201] INFO: [daemon.js:17438] [15d62d916bfd4151beff587b76f7e1b4] → POST /mavis/api/metrics/runtime-event
[19:03:13.201] INFO: [daemon.js:17438] [15d62d916bfd4151beff587b76f7e1b4] ← POST /mavis/api/metrics/runtime-event status=204 duration=0ms {"locale":"en"}
[19:03:20.371] INFO: [daemon.js:17438] [8bae1ba9ddbf4caeaf6abd754735a322] → GET /mavis/health
[19:03:20.371] INFO: [daemon.js:17438] [8bae1ba9ddbf4caeaf6abd754735a322] ← GET /mavis/health status=200 duration=0ms {"locale":"en"}
[19:03:29.705] INFO: [daemon.js:17438] [2908215aa7a143cb873360b1fbe2428d] → POST /mavis/api/metrics/runtime-event
[19:03:29.705] INFO: [daemon.js:17438] [2908215aa7a143cb873360b1fbe2428d] ← POST /mavis/api/metrics/runtime-event status=204 duration=0ms {"locale":"en"}
[19:03:29.705] INFO: [daemon.js:17438] [9faadd5fffef4693a851f7a84e84ce57] → GET /mavis/api/session/ses_17d2ee6f1ffeln5wikkdU7hu8T
[19:03:29.706] INFO: [daemon.js:17438] [f19f50430dca44fca2991529bf154638] [monitor] thinking TTFT measured sessionId=mvs_b64802478430455b968a4d7fb38e953a agentName=mavis ttftMs=16539
[19:03:29.707] INFO: [daemon.js:17438] [a7e17f34db1149439172040884a50bbb] [monitor] response TTFT measured sessionId=mvs_b64802478430455b968a4d7fb38e953a agentName=mavis ttftMs=16540 breakdown={"resolveSession":1,"reconcileConfig":0,"hooks":6,"modelResolve":1,"adapterSend":16532}
[19:03:29.709] INFO: [daemon.js:17438] [9faadd5fffef4693a851f7a84e84ce57] ← GET /mavis/api/session/ses_17d2ee6f1ffeln5wikkdU7hu8T status=200 duration=4ms {"locale":"en"}
[19:03:29.711] INFO: [daemon.js:17438] [9001194957da46e79a6ecac316ae59bc] → POST /mavis/api/permission/check
[19:03:29.711] INFO: [daemon.js:17438] [9001194957da46e79a6ecac316ae59bc] Permission check requested: bash for mavis {"locale":"en"}
[19:03:29.711] INFO: [daemon.js:17438] Created ToolPermissionContext {"mode":"auto","ruleCount":0,"sandboxEnabled":false,"workingDirectory":"C:\\Users\\jethr\\.minimax-agent\\projects"}
[19:03:29.711] INFO: [daemon.js:17438] [9c4b09c27b45458cb0c3ac5c2adc5bef] BashToolPermissionChecker checkPermissions called, _toolName=bash, input={"command":"mavis agent list --human","description":"List available agents"}, context={"mode":"auto","rules":[],"sandboxEnabled":false,"autoAllowBashIfSandboxed":false,"workingDirectory":"C:\\Users\\jethr\\.minimax-agent\\projects","allowedWorkingPaths":[],"sandboxAllowPaths":[],"dataDir":"C:\\Users\\jethr\\.mavis","homeDir":"C:\\Users\\jethr","agentName":"mavis","sessionId":"mvs_b64802478430455b968a4d7fb38e953a","allowManagedPermissionRulesOnly":false,"interactiveTools":{}}
[19:03:29.711] INFO: [daemon.js:17438] [permission] subcommand layer=fast-allow-first-word mode=default verdict=allow {"permLayer":"fast-allow-first-word","permMode":"default","permVerdict":"allow","permCategory":"pureReadFastAllow","permReasonType":"safetyCheck","cmdPreview":"mavis agent list --human","firstWord":"mavis"}
[19:03:29.711] INFO: [daemon.js:17438] [permission] whole-command layer=aggregated mode=default verdict=allow {"permLayer":"aggregated","permMode":"default","permVerdict":"allow","permScope":"whole-command","cmdPreview":"mavis agent list --human","sessionId":"mvs_b64802478430455b968a4d7fb38e953a","subcommandCount":1}
[19:03:29.712] INFO: [daemon.js:17438] [33937a7ff5cf4c5d864d75134c932957] [permission-service] Check result: toolName=bash behavior=allow reasonType=subcommandResults locale=en
[19:03:29.712] INFO: [daemon.js:17438] [9001194957da46e79a6ecac316ae59bc] Permission check result: bash → allow {"locale":"en"}
[19:03:29.712] INFO: [daemon.js:17438] [9001194957da46e79a6ecac316ae59bc] ← POST /mavis/api/permission/check status=200 duration=1ms {"locale":"en"}
[19:03:29.713] INFO: [daemon.js:17438] [a41b56b8c3694fd49a365d04c7af4d13] → POST /mavis/api/hooks/execute
[19:03:29.713] INFO: [daemon.js:17438] [hook-registry] matcher did not match, hook filtered out {"module":"hook-registry","hookId":"builtin:binary-read-guard","matcher":"^[Rr]ead$","matchValue":"bash"}
[19:03:29.713] INFO: [daemon.js:17438] [hook-registry] matcher did not match, hook filtered out {"module":"hook-registry","hookId":"builtin:docx-skill-env-gate","matcher":"^[Ss][Kk][Ii][Ll][Ll]$","matchValue":"bash"}
[19:03:29.713] INFO: [daemon.js:17438] [hook-registry] hooks filtered by matcher {"module":"hook-registry","hookEvent":"PreToolUse","matchValue":"bash","beforeCount":2,"afterCount":0}
[19:03:29.713] INFO: [daemon.js:17438] [a41b56b8c3694fd49a365d04c7af4d13] ← POST /mavis/api/hooks/execute status=200 duration=0ms {"locale":"en"}
[19:03:29.964] INFO: [daemon.js:17438] [9188604009c741c69ed3b3f9e6a3e5aa] → GET /mavis/health
[19:03:29.964] INFO: [daemon.js:17438] [9188604009c741c69ed3b3f9e6a3e5aa] ← GET /mavis/health status=200 duration=0ms {"locale":"en"}
[19:03:29.968] INFO: [daemon.js:17438] [1dfba410256a419597f3ac5a2e8bc005] → GET /mavis/api/session/ses_17d2ee6f1ffeln5wikkdU7hu8T {"callerAgent":"mavis","callerSession":"mvs_b64802478430455b968a4d7fb38e953a"}
[19:03:29.971] INFO: [daemon.js:17438] [1dfba410256a419597f3ac5a2e8bc005] ← GET /mavis/api/session/ses_17d2ee6f1ffeln5wikkdU7hu8T status=200 duration=3ms {"callerAgent":"mavis","callerSession":"mvs_b64802478430455b968a4d7fb38e953a","locale":"en"}
[19:03:29.973] INFO: [daemon.js:17438] [1711e2d7f65d4a6db71a2731d6abdfbd] → GET /mavis/api/agent {"callerAgent":"mavis","callerSession":"mvs_b64802478430455b968a4d7fb38e953a"}
[19:03:29.975] INFO: [daemon.js:17438] [1711e2d7f65d4a6db71a2731d6abdfbd] ← GET /mavis/api/agent status=200 duration=2ms {"callerAgent":"mavis","callerSession":"mvs_b64802478430455b968a4d7fb38e953a","locale":"en"}
[19:03:30.019] INFO: [daemon.js:17438] [acfb32046cbc4f1dbe7ca2f1e1fe36ed] → POST /mavis/api/metrics/runtime-event
[19:03:30.019] INFO: [daemon.js:17438] [acfb32046cbc4f1dbe7ca2f1e1fe36ed] ← POST /mavis/api/metrics/runtime-event status=204 duration=0ms {"locale":"en"}
[19:03:30.019] INFO: [daemon.js:17438] [9e52a176058d45adb854e0906050bd0f] → POST /mavis/api/hooks/execute
[19:03:30.020] INFO: [daemon.js:17438] [hook-registry] matcher did not match, hook filtered out {"module":"hook-registry","hookId":"builtin:read-image-compressor","matcher":"^[Rr]ead$","matchValue":"bash"}
[19:03:30.020] INFO: [daemon.js:17438] [hook-registry] hooks filtered by matcher {"module":"hook-registry","hookEvent":"PostToolUse","matchValue":"bash","beforeCount":7,"afterCount":6}
[19:03:30.020] INFO: [daemon.js:17438] [9e52a176058d45adb854e0906050bd0f] ← POST /mavis/api/hooks/execute status=200 duration=1ms {"locale":"en"}
[19:03:30.023] INFO: [daemon.js:17438] [2397966b9a974dc58b8f3b394f60dc3e] → POST /mavis/api/metrics/runtime-event
[19:03:30.023] INFO: [daemon.js:17438] [2397966b9a974dc58b8f3b394f60dc3e] ← POST /mavis/api/metrics/runtime-event status=204 duration=0ms {"locale":"en"}
[19:03:30.036] INFO: [daemon.js:17438] [b6675979c72d4dc1aa4ddf54a87ab642] → POST /mavis/api/metrics/runtime-event
[19:03:30.036] INFO: [daemon.js:17438] [b6675979c72d4dc1aa4ddf54a87ab642] ← POST /mavis/api/metrics/runtime-event status=204 duration=0ms {"locale":"en"}
[19:03:30.381] INFO: [daemon.js:17438] [92d704ea489c4224b97c5d6864008458] → GET /mavis/health
[19:03:30.381] INFO: [daemon.js:17438] [92d704ea489c4224b97c5d6864008458] ← GET /mavis/health status=200 duration=0ms {"locale":"en"}
[19:03:40.113] INFO: [daemon.js:17438] [0c1c5846ccc54f08b25f52e19c5a4db3] → POST /mavis/api/metrics/runtime-event
[19:03:40.113] INFO: [daemon.js:17438] [0c1c5846ccc54f08b25f52e19c5a4db3] ← POST /mavis/api/metrics/runtime-event status=204 duration=0ms {"locale":"en"}
[19:03:40.113] INFO: [daemon.js:17438] [6f0ba7484c93452ab59c97d781cfd1d3] → POST /mavis/api/permission/check
[19:03:40.113] INFO: [daemon.js:17438] [6f0ba7484c93452ab59c97d781cfd1d3] Permission check requested: bash for mavis {"locale":"en"}
[19:03:40.114] INFO: [daemon.js:17438] Created ToolPermissionContext {"mode":"auto","ruleCount":0,"sandboxEnabled":false,"workingDirectory":"C:\\Users\\jethr\\.minimax-agent\\projects"}
[19:03:40.114] INFO: [daemon.js:17438] [dfc3f30d7c4a44b6ae3a70626e0212cc] BashToolPermissionChecker checkPermissions called, _toolName=bash, input={"command":"mavis agent info general","description":"Check general agent details"}, context={"mode":"auto","rules":[],"sandboxEnabled":false,"autoAllowBashIfSandboxed":false,"workingDirectory":"C:\\Users\\jethr\\.minimax-agent\\projects","allowedWorkingPaths":[],"sandboxAllowPaths":[],"dataDir":"C:\\Users\\jethr\\.mavis","homeDir":"C:\\Users\\jethr","agentName":"mavis","sessionId":"mvs_b64802478430455b968a4d7fb38e953a","allowManagedPermissionRulesOnly":false,"interactiveTools":{}}
[19:03:40.114] INFO: [daemon.js:17438] [permission] subcommand layer=fast-allow-first-word mode=default verdict=allow {"permLayer":"fast-allow-first-word","permMode":"default","permVerdict":"allow","permCategory":"pureReadFastAllow","permReasonType":"safetyCheck","cmdPreview":"mavis agent info general","firstWord":"mavis"}
[19:03:40.114] INFO: [daemon.js:17438] [permission] whole-command layer=aggregated mode=default verdict=allow {"permLayer":"aggregated","permMode":"default","permVerdict":"allow","permScope":"whole-command","cmdPreview":"mavis agent info general","sessionId":"mvs_b64802478430455b968a4d7fb38e953a","subcommandCount":1}
[19:03:40.114] INFO: [daemon.js:17438] [174f32784c584fd0bb424307acbb9811] [permission-service] Check result: toolName=bash behavior=allow reasonType=subcommandResults locale=en
[19:03:40.115] INFO: [daemon.js:17438] [6f0ba7484c93452ab59c97d781cfd1d3] Permission check result: bash → allow {"locale":"en"}
[19:03:40.115] INFO: [daemon.js:17438] [6f0ba7484c93452ab59c97d781cfd1d3] ← POST /mavis/api/permission/check status=200 duration=2ms {"locale":"en"}
[19:03:40.117] INFO: [daemon.js:17438] [e0e0ebd74060487f84ab4de01895f322] → POST /mavis/api/hooks/execute
[19:03:40.117] INFO: [daemon.js:17438] [hook-registry] matcher did not match, hook filtered out {"module":"hook-registry","hookId":"builtin:binary-read-guard","matcher":"^[Rr]ead$","matchValue":"bash"}
[19:03:40.117] INFO: [daemon.js:17438] [hook-registry] matcher did not match, hook filtered out {"module":"hook-registry","hookId":"builtin:docx-skill-env-gate","matcher":"^[Ss][Kk][Ii][Ll][Ll]$","matchValue":"bash"}
[19:03:40.117] INFO: [daemon.js:17438] [hook-registry] hooks filtered by matcher {"module":"hook-registry","hookEvent":"PreToolUse","matchValue":"bash","beforeCount":2,"afterCount":0}
[19:03:40.118] INFO: [daemon.js:17438] [e0e0ebd74060487f84ab4de01895f322] ← POST /mavis/api/hooks/execute status=200 duration=1ms {"locale":"en"}
[19:03:40.347] INFO: [daemon.js:17438] [41acc8d244304e9c83f4e0e8ae33f4cc] → GET /mavis/health
[19:03:40.347] INFO: [daemon.js:17438] [41acc8d244304e9c83f4e0e8ae33f4cc] ← GET /mavis/health status=200 duration=0ms {"locale":"en"}
[19:03:40.351] INFO: [daemon.js:17438] [649e8e404a5d40e390abf8ab157d93ae] → GET /mavis/api/agent/general {"callerAgent":"mavis","callerSession":"mvs_b64802478430455b968a4d7fb38e953a"}
[19:03:40.352] INFO: [daemon.js:17438] [649e8e404a5d40e390abf8ab157d93ae] ← GET /mavis/api/agent/general status=200 duration=1ms {"callerAgent":"mavis","callerSession":"mvs_b64802478430455b968a4d7fb38e953a","locale":"en"}
[19:03:40.354] INFO: [daemon.js:17438] [de268f39d4a7488196783077d6ecbb15] → GET /mavis/api/agent/general {"callerAgent":"mavis","callerSession":"mvs_b64802478430455b968a4d7fb38e953a"}
[19:03:40.355] INFO: [daemon.js:17438] [de268f39d4a7488196783077d6ecbb15] ← GET /mavis/api/agent/general status=200 duration=1ms {"callerAgent":"mavis","callerSession":"mvs_b64802478430455b968a4d7fb38e953a","locale":"en"}
[19:03:40.382] INFO: [daemon.js:17438] [556715973d19432ea13445ff4a3aca06] → GET /mavis/health
[19:03:40.382] INFO: [daemon.js:17438] [556715973d19432ea13445ff4a3aca06] ← GET /mavis/health status=200 duration=0ms {"locale":"en"}
[19:03:40.399] INFO: [daemon.js:17438] [1abac841afde45ca8ffe2a43e26536a1] → POST /mavis/api/metrics/runtime-event
[19:03:40.399] INFO: [daemon.js:17438] [1abac841afde45ca8ffe2a43e26536a1] ← POST /mavis/api/metrics/runtime-event status=204 duration=0ms {"locale":"en"}
[19:03:40.399] INFO: [daemon.js:17438] [85aa390252eb46109e0760669e1be12e] → POST /mavis/api/hooks/execute
[19:03:40.400] INFO: [daemon.js:17438] [hook-registry] matcher did not match, hook filtered out {"module":"hook-registry","hookId":"builtin:read-image-compressor","matcher":"^[Rr]ead$","matchValue":"bash"}
[19:03:40.400] INFO: [daemon.js:17438] [hook-registry] hooks filtered by matcher {"module":"hook-registry","hookEvent":"PostToolUse","matchValue":"bash","beforeCount":7,"afterCount":6}
[19:03:40.400] INFO: [daemon.js:17438] [85aa390252eb46109e0760669e1be12e] ← POST /mavis/api/hooks/execute status=200 duration=1ms {"locale":"en"}
[19:03:40.403] INFO: [daemon.js:17438] [dc94b5338adc454da6de1eb99ea20437] → POST /mavis/api/metrics/runtime-event
[19:03:40.404] INFO: [daemon.js:17438] [dc94b5338adc454da6de1eb99ea20437] ← POST /mavis/api/metrics/runtime-event status=204 duration=1ms {"locale":"en"}
[19:03:40.416] INFO: [daemon.js:17438] [da3fdb3b41db4a26b3d1ebbe5f967fbd] → POST /mavis/api/metrics/runtime-event
[19:03:40.416] INFO: [daemon.js:17438] [da3fdb3b41db4a26b3d1ebbe5f967fbd] ← POST /mavis/api/metrics/runtime-event status=204 duration=0ms {"locale":"en"}
[19:03:48.097] INFO: [daemon.js:17438] [baa77083b1f14062a571df8bdd3d38d9] → POST /mavis/api/metrics/runtime-event
[19:03:48.097] INFO: [daemon.js:17438] [baa77083b1f14062a571df8bdd3d38d9] ← POST /mavis/api/metrics/runtime-event status=204 duration=0ms {"locale":"en"}
[19:03:48.097] INFO: [daemon.js:17438] [72ca50ed831245bf9bdac6de2e561059] → POST /mavis/api/permission/check
[19:03:48.098] INFO: [daemon.js:17438] [72ca50ed831245bf9bdac6de2e561059] Permission check requested: bash for mavis {"locale":"en"}
[19:03:48.098] INFO: [daemon.js:17438] Created ToolPermissionContext {"mode":"auto","ruleCount":0,"sandboxEnabled":false,"workingDirectory":"C:\\Users\\jethr\\.minimax-agent\\projects"}
[19:03:48.098] INFO: [daemon.js:17438] [73de271033d24c5f940823e6f13d5bcc] BashToolPermissionChecker checkPermissions called, _toolName=bash, input={"command":"mavis session new general --workspace \"C:\\Users\\jethr\\.minimax-agent\\projects\" --description \"Demo task: explore workspace and report findings\"","description":"Spawn general agent session"}, context={"mode":"auto","rules":[],"sandboxEnabled":false,"autoAllowBashIfSandboxed":false,"workingDirectory":"C:\\Users\\jethr\\.minimax-agent\\projects","allowedWorkingPaths":[],"sandboxAllowPaths":[],"dataDir":"C:\\Users\\jethr\\.mavis","homeDir":"C:\\Users\\jethr","agentName":"mavis","sessionId":"mvs_b64802478430455b968a4d7fb38e953a","allowManagedPermissionRulesOnly":false,"interactiveTools":{}}
[19:03:48.098] INFO: [daemon.js:17438] [permission] subcommand layer=fast-allow-first-word mode=default verdict=allow {"permLayer":"fast-allow-first-word","permMode":"default","permVerdict":"allow","permCategory":"pureReadFastAllow","permReasonType":"safetyCheck","cmdPreview":"mavis session new general --workspace \"C:\\Users\\jethr\\.minimax-agent\\projects\" --description \"Demo task: explore workspace and report findings\"","firstWord":"mavis"}
[19:03:48.099] INFO: [daemon.js:17438] [permission] whole-command layer=aggregated mode=default verdict=allow {"permLayer":"aggregated","permMode":"default","permVerdict":"allow","permScope":"whole-command","cmdPreview":"mavis session new general --workspace \"C:\\Users\\jethr\\.minimax-agent\\projects\" --description \"Demo task: explore workspace and report findings\"","sessionId":"mvs_b64802478430455b968a4d7fb38e953a","subcommandCount":1}
[19:03:48.099] INFO: [daemon.js:17438] [076a3ce4f818483a87f823b27650800c] [permission-service] Check result: toolName=bash behavior=allow reasonType=subcommandResults locale=en
[19:03:48.099] INFO: [daemon.js:17438] [72ca50ed831245bf9bdac6de2e561059] Permission check result: bash → allow {"locale":"en"}
[19:03:48.099] INFO: [daemon.js:17438] [72ca50ed831245bf9bdac6de2e561059] ← POST /mavis/api/permission/check status=200 duration=2ms {"locale":"en"}
[19:03:48.103] INFO: [daemon.js:17438] [20876d3d64c84e9891be3ba84a72737a] → POST /mavis/api/hooks/execute
[19:03:48.103] INFO: [daemon.js:17438] [hook-registry] matcher did not match, hook filtered out {"module":"hook-registry","hookId":"builtin:binary-read-guard","matcher":"^[Rr]ead$","matchValue":"bash"}
[19:03:48.103] INFO: [daemon.js:17438] [hook-registry] matcher did not match, hook filtered out {"module":"hook-registry","hookId":"builtin:docx-skill-env-gate","matcher":"^[Ss][Kk][Ii][Ll][Ll]$","matchValue":"bash"}
[19:03:48.103] INFO: [daemon.js:17438] [hook-registry] hooks filtered by matcher {"module":"hook-registry","hookEvent":"PreToolUse","matchValue":"bash","beforeCount":2,"afterCount":0}
[19:03:48.103] INFO: [daemon.js:17438] [20876d3d64c84e9891be3ba84a72737a] ← POST /mavis/api/hooks/execute status=200 duration=0ms {"locale":"en"}
[19:03:48.338] INFO: [daemon.js:17438] [df42d59043504a4591ee919492f0b927] → POST /mavis/api/metrics/runtime-event
[19:03:48.339] INFO: [daemon.js:17438] [df42d59043504a4591ee919492f0b927] ← POST /mavis/api/metrics/runtime-event status=204 duration=1ms {"locale":"en"}
[19:03:48.339] INFO: [daemon.js:17438] [124dd7bca62041bbabc62850b005bd1f] → POST /mavis/api/hooks/execute
[19:03:48.339] INFO: [daemon.js:17438] [hook-registry] matcher did not match, hook filtered out {"module":"hook-registry","hookId":"builtin:read-image-compressor","matcher":"^[Rr]ead$","matchValue":"bash"}
[19:03:48.339] INFO: [daemon.js:17438] [hook-registry] hooks filtered by matcher {"module":"hook-registry","hookEvent":"PostToolUse","matchValue":"bash","beforeCount":7,"afterCount":6}
[19:03:48.339] INFO: [daemon.js:17438] [124dd7bca62041bbabc62850b005bd1f] ← POST /mavis/api/hooks/execute status=200 duration=0ms {"locale":"en"}
[19:03:48.341] INFO: [daemon.js:17438] [ad61024b64ac42eca05420bef59444c6] → POST /mavis/api/metrics/runtime-event
[19:03:48.342] INFO: [daemon.js:17438] [ad61024b64ac42eca05420bef59444c6] ← POST /mavis/api/metrics/runtime-event status=204 duration=1ms {"locale":"en"}
[19:03:48.356] INFO: [daemon.js:17438] [bb037ec5f7a44b7095dcea41b975684a] → POST /mavis/api/metrics/runtime-event
[19:03:48.357] INFO: [daemon.js:17438] [bb037ec5f7a44b7095dcea41b975684a] ← POST /mavis/api/metrics/runtime-event status=204 duration=1ms {"locale":"en"}
[19:03:50.397] INFO: [daemon.js:17438] [a3b81019f4ab4a4bbe76c288f90ce9df] → GET /mavis/health
[19:03:50.397] INFO: [daemon.js:17438] [a3b81019f4ab4a4bbe76c288f90ce9df] ← GET /mavis/health status=200 duration=0ms {"locale":"en"}
[19:03:58.773] INFO: [daemon.js:17438] [452dd4e3d94c49ac925be493b1a0b3b1] → POST /mavis/api/metrics/runtime-event
[19:03:58.773] INFO: [daemon.js:17438] [452dd4e3d94c49ac925be493b1a0b3b1] ← POST /mavis/api/metrics/runtime-event status=204 duration=0ms {"locale":"en"}
[19:03:58.774] INFO: [daemon.js:17438] [bb718173a0db40eb8a6f3595f91d97bf] → POST /mavis/api/permission/check
[19:03:58.774] INFO: [daemon.js:17438] [bb718173a0db40eb8a6f3595f91d97bf] Permission check requested: bash for mavis {"locale":"en"}
[19:03:58.774] INFO: [daemon.js:17438] Created ToolPermissionContext {"mode":"auto","ruleCount":0,"sandboxEnabled":false,"workingDirectory":"C:\\Users\\jethr\\.minimax-agent\\projects"}
[19:03:58.774] INFO: [daemon.js:17438] [0698c630da7d4866a1b6477e817e55a4] BashToolPermissionChecker checkPermissions called, _toolName=bash, input={"command":"mavis session new general --from mvs_b64802478430455b968a4d7fb38e953a --workspace \"C:\\Users\\jethr\\.minimax-agent\\projects\" --description \"Demo: explore workspace and report\"","description":"Spawn general agent from my session"}, context={"mode":"auto","rules":[],"sandboxEnabled":false,"autoAllowBashIfSandboxed":false,"workingDirectory":"C:\\Users\\jethr\\.minimax-agent\\projects","allowedWorkingPaths":[],"sandboxAllowPaths":[],"dataDir":"C:\\Users\\jethr\\.mavis","homeDir":"C:\\Users\\jethr","agentName":"mavis","sessionId":"mvs_b64802478430455b968a4d7fb38e953a","allowManagedPermissionRulesOnly":false,"interactiveTools":{}}
[19:03:58.775] INFO: [daemon.js:17438] [permission] subcommand layer=fast-allow-first-word mode=default verdict=allow {"permLayer":"fast-allow-first-word","permMode":"default","permVerdict":"allow","permCategory":"pureReadFastAllow","permReasonType":"safetyCheck","cmdPreview":"mavis session new general --from mvs_b64802478430455b968a4d7fb38e953a --workspace \"C:\\Users\\jethr\\.minimax-agent\\projects\" --description \"Demo: explore workspace and report\"","firstWord":"mavis"}
[19:03:58.775] INFO: [daemon.js:17438] [permission] whole-command layer=aggregated mode=default verdict=allow {"permLayer":"aggregated","permMode":"default","permVerdict":"allow","permScope":"whole-command","cmdPreview":"mavis session new general --from mvs_b64802478430455b968a4d7fb38e953a --workspace \"C:\\Users\\jethr\\.minimax-agent\\projects\" --description \"Demo: explore workspace and report\"","sessionId":"mvs_b64802478430455b968a4d7fb38e953a","subcommandCount":1}
[19:03:58.775] INFO: [daemon.js:17438] [e0c3aa31b9354c33931304537e97ddcc] [permission-service] Check result: toolName=bash behavior=allow reasonType=subcommandResults locale=en
[19:03:58.775] INFO: [daemon.js:17438] [bb718173a0db40eb8a6f3595f91d97bf] Permission check result: bash → allow {"locale":"en"}
[19:03:58.775] INFO: [daemon.js:17438] [bb718173a0db40eb8a6f3595f91d97bf] ← POST /mavis/api/permission/check status=200 duration=1ms {"locale":"en"}
[19:03:58.777] INFO: [daemon.js:17438] [4a1592fe85a3476cae3826098b1c433d] → POST /mavis/api/hooks/execute
[19:03:58.777] INFO: [daemon.js:17438] [hook-registry] matcher did not match, hook filtered out {"module":"hook-registry","hookId":"builtin:binary-read-guard","matcher":"^[Rr]ead$","matchValue":"bash"}
[19:03:58.777] INFO: [daemon.js:17438] [hook-registry] matcher did not match, hook filtered out {"module":"hook-registry","hookId":"builtin:docx-skill-env-gate","matcher":"^[Ss][Kk][Ii][Ll][Ll]$","matchValue":"bash"}
[19:03:58.777] INFO: [daemon.js:17438] [hook-registry] hooks filtered by matcher {"module":"hook-registry","hookEvent":"PreToolUse","matchValue":"bash","beforeCount":2,"afterCount":0}
[19:03:58.777] INFO: [daemon.js:17438] [4a1592fe85a3476cae3826098b1c433d] ← POST /mavis/api/hooks/execute status=200 duration=0ms {"locale":"en"}
[19:03:59.007] INFO: [daemon.js:17438] [ac652dda51e04d98a65ed4eb15bd522c] → POST /mavis/api/metrics/runtime-event
[19:03:59.007] INFO: [daemon.js:17438] [ac652dda51e04d98a65ed4eb15bd522c] ← POST /mavis/api/metrics/runtime-event status=204 duration=0ms {"locale":"en"}
[19:03:59.008] INFO: [daemon.js:17438] [19833ff8f8e14fb2bf9b86b7eac3827b] → POST /mavis/api/hooks/execute
[19:03:59.008] INFO: [daemon.js:17438] [hook-registry] matcher did not match, hook filtered out {"module":"hook-registry","hookId":"builtin:read-image-compressor","matcher":"^[Rr]ead$","matchValue":"bash"}
[19:03:59.008] INFO: [daemon.js:17438] [hook-registry] hooks filtered by matcher {"module":"hook-registry","hookEvent":"PostToolUse","matchValue":"bash","beforeCount":7,"afterCount":6}
[19:03:59.008] INFO: [daemon.js:17438] [19833ff8f8e14fb2bf9b86b7eac3827b] ← POST /mavis/api/hooks/execute status=200 duration=0ms {"locale":"en"}
[19:03:59.010] INFO: [daemon.js:17438] [6f6613d400404eeb861786aded31f3c2] → POST /mavis/api/metrics/runtime-event
[19:03:59.010] INFO: [daemon.js:17438] [6f6613d400404eeb861786aded31f3c2] ← POST /mavis/api/metrics/runtime-event status=204 duration=0ms {"locale":"en"}
[19:03:59.023] INFO: [daemon.js:17438] [6db9dda3e690435ebc8a4e4072049bd7] → POST /mavis/api/metrics/runtime-event
[19:03:59.023] INFO: [daemon.js:17438] [6db9dda3e690435ebc8a4e4072049bd7] ← POST /mavis/api/metrics/runtime-event status=204 duration=0ms {"locale":"en"}
[19:04:00.419] INFO: [daemon.js:17438] [c5dca0c4673445978ea49ff6d3280319] → GET /mavis/health
[19:04:00.419] INFO: [daemon.js:17438] [c5dca0c4673445978ea49ff6d3280319] ← GET /mavis/health status=200 duration=0ms {"locale":"en"}
[19:04:01.243] INFO: [daemon.js:17438] [6153b0ab6b9f4edb91cfeb0a72742437] → POST /mavis/api/metrics/runtime-event
[19:04:01.244] INFO: [daemon.js:17438] [6153b0ab6b9f4edb91cfeb0a72742437] ← POST /mavis/api/metrics/runtime-event status=204 duration=1ms {"locale":"en"}
[19:04:01.245] INFO: [daemon.js:17438] [5c35101408f14851a5084f9b7ee409dd] → POST /mavis/api/permission/check
[19:04:01.245] INFO: [daemon.js:17438] [5c35101408f14851a5084f9b7ee409dd] Permission check requested: bash for mavis {"locale":"en"}
[19:04:01.246] INFO: [daemon.js:17438] Created ToolPermissionContext {"mode":"auto","ruleCount":0,"sandboxEnabled":false,"workingDirectory":"C:\\Users\\jethr\\.minimax-agent\\projects"}
[19:04:01.246] INFO: [daemon.js:17438] [4c11bb4b2491483d996221501332efb9] BashToolPermissionChecker checkPermissions called, _toolName=bash, input={"command":"mavis session new general --from mvs_b64802478430455b968a4d7fb38e953a --workspace \"C:\\Users\\jethr\\.minimax-agent\\projects\" --prompt \"Task: Explore the workspace at C:\\Users\\jethr\\.minimax-agent\\projects and give me a summary of what's there. Report back to the parent session mvs_b64802478430455b968a4d7fb38e953a when done.\"","description":"Spawn general agent with task"}, context={"mode":"auto","rules":[],"sandboxEnabled":false,"autoAllowBashIfSandboxed":false,"workingDirectory":"C:\\Users\\jethr\\.minimax-agent\\projects","allowedWorkingPaths":[],"sandboxAllowPaths":[],"dataDir":"C:\\Users\\jethr\\.mavis","homeDir":"C:\\Users\\jethr","agentName":"mavis","sessionId":"mvs_b64802478430455b968a4d7fb38e953a","allowManagedPermissionRulesOnly":false,"interactiveTools":{}}
[19:04:01.246] INFO: [daemon.js:17438] [permission] subcommand layer=fast-allow-first-word mode=default verdict=allow {"permLayer":"fast-allow-first-word","permMode":"default","permVerdict":"allow","permCategory":"pureReadFastAllow","permReasonType":"safetyCheck","cmdPreview":"mavis session new general --from mvs_b64802478430455b968a4d7fb38e953a --workspace \"C:\\Users\\jethr\\.minimax-agent\\projects\" --prompt \"Task: Explore the workspace at C:\\Users\\jethr\\.minimax-agent\\projec…(+124)","firstWord":"mavis"}
[19:04:01.247] INFO: [daemon.js:17438] [permission] whole-command layer=aggregated mode=default verdict=allow {"permLayer":"aggregated","permMode":"default","permVerdict":"allow","permScope":"whole-command","cmdPreview":"mavis session new general --from mvs_b64802478430455b968a4d7fb38e953a --workspace \"C:\\Users\\jethr\\.minimax-agent\\projects\" --prompt \"Task: Explore the workspace at C:\\Users\\jethr\\.minimax-agent\\projec…(+124)","sessionId":"mvs_b64802478430455b968a4d7fb38e953a","subcommandCount":1}
[19:04:01.247] INFO: [daemon.js:17438] [781e61f614e14e32b80cd0448b36d2c8] [permission-service] Check result: toolName=bash behavior=allow reasonType=subcommandResults locale=en
[19:04:01.247] INFO: [daemon.js:17438] [5c35101408f14851a5084f9b7ee409dd] Permission check result: bash → allow {"locale":"en"}
[19:04:01.247] INFO: [daemon.js:17438] [5c35101408f14851a5084f9b7ee409dd] ← POST /mavis/api/permission/check status=200 duration=2ms {"locale":"en"}
[19:04:01.248] INFO: [daemon.js:17438] [c34d1227e90c4f109193fe3ac4e8a1b1] → POST /mavis/api/hooks/execute
[19:04:01.249] INFO: [daemon.js:17438] [hook-registry] matcher did not match, hook filtered out {"module":"hook-registry","hookId":"builtin:binary-read-guard","matcher":"^[Rr]ead$","matchValue":"bash"}
[19:04:01.249] INFO: [daemon.js:17438] [hook-registry] matcher did not match, hook filtered out {"module":"hook-registry","hookId":"builtin:docx-skill-env-gate","matcher":"^[Ss][Kk][Ii][Ll][Ll]$","matchValue":"bash"}
[19:04:01.249] INFO: [daemon.js:17438] [hook-registry] hooks filtered by matcher {"module":"hook-registry","hookEvent":"PreToolUse","matchValue":"bash","beforeCount":2,"afterCount":0}
[19:04:01.249] INFO: [daemon.js:17438] [c34d1227e90c4f109193fe3ac4e8a1b1] ← POST /mavis/api/hooks/execute status=200 duration=1ms {"locale":"en"}
[19:04:01.487] INFO: [daemon.js:17438] [4f8f2ff10f4e4d76be60c8ab28af5ea2] → GET /mavis/health
[19:04:01.487] INFO: [daemon.js:17438] [4f8f2ff10f4e4d76be60c8ab28af5ea2] ← GET /mavis/health status=200 duration=0ms {"locale":"en"}
[19:04:01.490] INFO: [daemon.js:17438] [1764a45ccfe64f7f89e9004ee69ed5e5] → GET /mavis/api/agent/general {"callerAgent":"mavis","callerSession":"mvs_b64802478430455b968a4d7fb38e953a"}
[19:04:01.491] INFO: [daemon.js:17438] [1764a45ccfe64f7f89e9004ee69ed5e5] ← GET /mavis/api/agent/general status=200 duration=1ms {"callerAgent":"mavis","callerSession":"mvs_b64802478430455b968a4d7fb38e953a","locale":"en"}
[19:04:01.494] INFO: [daemon.js:17438] [0ea75061f39644f0ab56e10297de7174] → POST /mavis/api/communication/send {"callerAgent":"mavis","callerSession":"mvs_b64802478430455b968a4d7fb38e953a"}
[19:04:01.495] INFO: [daemon.js:17438] [070995cd02c94ac2a145a47314a31209] newSession started, agentName=general, workspaceDir=C:\Users\jethr\.minimax-agent\projects, parentSessionId=mvs_b64802478430455b968a4d7fb38e953a
[19:04:01.495] INFO: [daemon.js:17438] [070995cd02c94ac2a145a47314a31209] newSession started, agentName=general, workspaceDir=C:\Users\jethr\.minimax-agent\projects
[19:04:01.495] INFO: [daemon.js:17438] [070995cd02c94ac2a145a47314a31209] Rebuilding agent opencode.json, agentName=general, missingConfig=false
[19:04:01.533] INFO: [daemon.js:17438] [070995cd02c94ac2a145a47314a31209] Spawning opencode serve for agent, bin=C:\Users\jethr\AppData\Local\Programs\MiniMax Code\resources\resources\opencode\opencode.exe, port=59039, cwd=C:\Users\jethr\.minimax-agent\projects, agentName=general
[19:04:01.567] INFO: [daemon.js:17438] [070995cd02c94ac2a145a47314a31209] OpenCode spawn runtime prepared, agentName=general, agentDataDir=C:\Users\jethr\.mavis\agents\general, xdgConfigHome=C:\Users\jethr\.mavis\opencode\config, xdgDataHome=C:\Users\jethr\.mavis\opencode\data, xdgStateHome=C:\Users\jethr\.mavis\opencode\state, xdgCacheHome=C:\Users\jethr\.mavis\opencode\cache, tmpDir=C:\Users\jethr\.minimax-agent\projects\.opencode\tmp, logDir=C:\Users\jethr\.mavis\logs
[19:04:02.394] INFO: [daemon.js:17438] [070995cd02c94ac2a145a47314a31209] Spawned new agent process, agentName=general, pid=37112, port=59039
[19:04:02.396] INFO: [daemon.js:17438] [d170b44b1d8f402cab29d0414603f454] Connected to global OpenCode SSE event stream, port=59039
[19:04:02.396] INFO: [daemon.js:17438] [325e73fe4dd0493aa8bda49084f19262] SSE server.connected received, port=59039
[19:04:02.465] INFO: [daemon.js:17438] [7a4f843b15a94743942b7843289bb944] → GET /mavis/api/config
[19:04:02.466] INFO: [daemon.js:17438] [8d42494dd05943bfb684de3d32b016b1] → GET /mavis/api/mcp/native-tools
[19:04:02.466] INFO: [daemon.js:17438] [8d42494dd05943bfb684de3d32b016b1] ← GET /mavis/api/mcp/native-tools status=200 duration=0ms {"locale":"en"}
[19:04:02.467] INFO: [daemon.js:17438] [7a4f843b15a94743942b7843289bb944] ← GET /mavis/api/config status=200 duration=2ms {"locale":"en"}
[19:04:02.478] INFO: [daemon.js:17438] [92df391fd98d469a9a15f3ce7a00c69f] postSession first-call completed, agentName=general, durationMs=84, attempt=1
[19:04:02.479] INFO: [daemon.js:17438] [070995cd02c94ac2a145a47314a31209] created session, daemonId=mvs_90568c75622b4fdcbad5628befce3622, frameworkId=ses_17d252154ffe6U7gRRKEj8tD8F, agent=general
[19:04:02.479] INFO: [daemon.js:17438] Branch session created {"ctx":{"traceId":"070995cd02c94ac2a145a47314a31209"},"agentName":"general","sessionId":"mvs_90568c75622b4fdcbad5628befce3622","workspaceDir":"C:\\Users\\jethr\\.minimax-agent\\projects","taskTreeId":null}
[19:04:02.480] INFO: [daemon.js:17438] [d869702491d84c77845f0b83586b0507] Spawned session: fromSession=mvs_b64802478430455b968a4d7fb38e953a agent=general sessionId=mvs_90568c75622b4fdcbad5628befce3622 rootSessionId=mvs_b64802478430455b968a4d7fb38e953a title=undefined
[19:04:02.482] INFO: [daemon.js:17438] [7468296a8e134a16bbc8d66767aba817] → GET /mavis/api/session/mvs_90568c75622b4fdcbad5628befce3622
[19:04:02.484] INFO: [daemon.js:17438] [7b20b6f0def8410ea947067597fba216] Resolved model from parent session overlay agentName=general providerID=minimax modelID=MiniMax-M2.7
[19:04:02.490] INFO: [daemon.js:17438] [a2c85562067647d09a27c10270a3afc4] Resolved model from parent session overlay agentName=general providerID=minimax modelID=MiniMax-M2.7
[19:04:02.490] INFO: [daemon.js:17438] [313483a86da14eaebfd700bf52545829] sendMessage started, agentName=general, sessionId=mvs_90568c75622b4fdcbad5628befce3622
[19:04:02.527] INFO: [daemon.js:17438] [7468296a8e134a16bbc8d66767aba817] ← GET /mavis/api/session/mvs_90568c75622b4fdcbad5628befce3622 status=200 duration=45ms {"locale":"en"}
[19:04:02.538] INFO: [daemon.js:17438] [0ea75061f39644f0ab56e10297de7174] ← POST /mavis/api/communication/send status=200 duration=1044ms {"callerAgent":"mavis","callerSession":"mvs_b64802478430455b968a4d7fb38e953a","locale":"en"}
[19:04:02.592] INFO: [daemon.js:17438] [217376b863214369976b1df34c28c4c6] → POST /mavis/api/metrics/runtime-event
[19:04:02.592] INFO: [daemon.js:17438] [217376b863214369976b1df34c28c4c6] ← POST /mavis/api/metrics/runtime-event status=204 duration=0ms {"locale":"en"}
[19:04:02.593] INFO: [daemon.js:17438] [f0086998b7e945bead44b933f8598892] → POST /mavis/api/hooks/execute
[19:04:02.593] INFO: [daemon.js:17438] [hook-registry] matcher did not match, hook filtered out {"module":"hook-registry","hookId":"builtin:read-image-compressor","matcher":"^[Rr]ead$","matchValue":"bash"}
[19:04:02.593] INFO: [daemon.js:17438] [hook-registry] hooks filtered by matcher {"module":"hook-registry","hookEvent":"PostToolUse","matchValue":"bash","beforeCount":7,"afterCount":6}
[19:04:02.593] INFO: [daemon.js:17438] [f0086998b7e945bead44b933f8598892] ← POST /mavis/api/hooks/execute status=200 duration=0ms {"locale":"en"}
[19:04:02.595] INFO: [daemon.js:17438] [b3a9d58dd3a24155b292d43517a3c797] → POST /mavis/api/metrics/runtime-event
[19:04:02.596] INFO: [daemon.js:17438] [b3a9d58dd3a24155b292d43517a3c797] ← POST /mavis/api/metrics/runtime-event status=204 duration=1ms {"locale":"en"}
[19:04:02.608] INFO: [daemon.js:17438] [5743645e45744037af87337506aed761] → POST /mavis/api/metrics/runtime-event
[19:04:02.609] INFO: [daemon.js:17438] [5743645e45744037af87337506aed761] ← POST /mavis/api/metrics/runtime-event status=204 duration=1ms {"locale":"en"}
[19:04:02.698] INFO: [daemon.js:17438] [944f8d6305c440faa16775dcfd9ea803] → GET /mavis/api/session/ses_17d252154ffe6U7gRRKEj8tD8F
[19:04:02.700] INFO: [daemon.js:17438] [944f8d6305c440faa16775dcfd9ea803] ← GET /mavis/api/session/ses_17d252154ffe6U7gRRKEj8tD8F status=200 duration=2ms {"locale":"en"}
[19:04:02.701] INFO: [daemon.js:17438] [21ad85c0bdd446a0a5120ac6fde9eee2] → GET /mavis/api/agent/general
[19:04:02.703] INFO: [daemon.js:17438] [21ad85c0bdd446a0a5120ac6fde9eee2] ← GET /mavis/api/agent/general status=200 duration=2ms {"locale":"en"}
[19:04:02.704] INFO: [daemon.js:17438] [37ddaaf9d95445119a06ded426af1114] → GET /mavis/api/agent/general/skill
[19:04:02.705] INFO: [daemon.js:17438] skill block emitted {"ctx":{"traceId":"c170de38303d4211bf695194b15efb9f"},"event":"skill_block_emitted","agent":"general","total_count":22,"total_chars":10433,"skills":[{"name":"create-agent","char_count":676,"source_kind":"builtin-global"},{"name":"init-harness","char_count":521,"source_kind":"builtin-global"},{"name":"lark-tools","char_count":899,"source_kind":"builtin-global"},{"name":"literature-note","char_count":281,"source_kind":"user-mavis"},{"name":"llm-call","char_count":337,"source_kind":"builtin-global"},{"name":"mavis","char_count":950,"source_kind":"builtin-global"},{"name":"mavis-browser","char_count":355,"source_kind":"builtin-global"},{"name":"mcp-cli","char_count":121,"source_kind":"builtin-global"},{"name":"mcp-onboarding","char_count":169,"source_kind":"builtin-global"},{"name":"minimax-docx","char_count":235,"source_kind":"builtin-global"},{"name":"minimax-pdf","char_count":322,"source_kind":"builtin-global"},{"name":"minimax-pptx","char_count":261,"source_kind":"builtin-global"},{"name":"minimax-xlsx","char_count":350,"source_kind":"builtin-global"},{"name":"obsidian-cli","char_count":1134,"source_kind":null},{"name":"plan-mode","char_count":308,"source_kind":"builtin-global"},{"name":"skill-creator","char_count":363,"source_kind":"builtin-global"},{"name":"skill-evolution","char_count":614,"source_kind":"builtin-global"},{"name":"skill-refiner","char_count":326,"source_kind":"builtin-global"},{"name":"visual-summary","char_count":614,"source_kind":"builtin-global"},{"name":"worktree-management","char_count":480,"source_kind":"builtin-global"},{"name":"x-link-reader","char_count":315,"source_kind":"builtin-global"},{"name":"zotero-use","char_count":802,"source_kind":null}]}
[19:04:02.705] INFO: [daemon.js:17438] [37ddaaf9d95445119a06ded426af1114] ← GET /mavis/api/agent/general/skill status=200 duration=1ms {"locale":"en"}
[19:04:02.705] INFO: [daemon.js:17438] [d64fe6cba85b438eb47c4b43e5a508f5] → GET /mavis/api/mcp/servers
[19:04:02.707] INFO: [daemon.js:17438] [d64fe6cba85b438eb47c4b43e5a508f5] ← GET /mavis/api/mcp/servers status=200 duration=2ms {"locale":"en"}
[19:04:02.707] INFO: [daemon.js:17438] [42cc6c6ac1bc4e7b9578d91798e902f1] → GET /mavis/api/mcp/native-tools
[19:04:02.708] INFO: [daemon.js:17438] [42cc6c6ac1bc4e7b9578d91798e902f1] ← GET /mavis/api/mcp/native-tools status=200 duration=1ms {"locale":"en"}
[19:04:02.710] INFO: [daemon.js:17438] [4d50e1a37884429b834f6c3d9dd6a2db] → POST /mavis/api/metrics/runtime-event
[19:04:02.710] INFO: [daemon.js:17438] [4d50e1a37884429b834f6c3d9dd6a2db] ← POST /mavis/api/metrics/runtime-event status=204 duration=0ms {"locale":"en"}
[19:04:05.487] INFO: [daemon.js:17438] [e0cd59bc1ec043439df7b998106aba69] → POST /mavis/api/metrics/runtime-event
[19:04:05.487] INFO: [daemon.js:17438] [e0cd59bc1ec043439df7b998106aba69] ← POST /mavis/api/metrics/runtime-event status=204 duration=0ms {"locale":"en"}
[19:04:05.487] INFO: [daemon.js:17438] [3f0cd77bfcb04b148a31b6377631ca54] → POST /mavis/api/permission/check
[19:04:05.487] INFO: [daemon.js:17438] [3f0cd77bfcb04b148a31b6377631ca54] Permission check requested: skill for general {"locale":"en"}
[19:04:05.488] INFO: [daemon.js:17438] Created ToolPermissionContext {"mode":"auto","ruleCount":0,"sandboxEnabled":false,"workingDirectory":"C:\\Users\\jethr\\.minimax-agent\\projects"}
[19:04:05.488] INFO: [daemon.js:17438] [435edc1e4a034a70ab38814e9b7e8adf] [permission-service] Check result: toolName=skill behavior=allow reasonType=safetyCheck locale=unknown
[19:04:05.488] INFO: [daemon.js:17438] [3f0cd77bfcb04b148a31b6377631ca54] Permission check result: skill → allow {"locale":"en"}
[19:04:05.488] INFO: [daemon.js:17438] [3f0cd77bfcb04b148a31b6377631ca54] ← POST /mavis/api/permission/check status=200 duration=1ms {"locale":"en"}
[19:04:05.490] INFO: [daemon.js:17438] [177b024022434a2eb02f39d177324c9b] → POST /mavis/api/metrics/runtime-event
[19:04:05.490] INFO: [daemon.js:17438] [177b024022434a2eb02f39d177324c9b] ← POST /mavis/api/metrics/runtime-event status=204 duration=0ms {"locale":"en"}
[19:04:05.490] INFO: [daemon.js:17438] [567e85fad2594e67b9cb2a80c6bf67b9] → POST /mavis/api/permission/check
[19:04:05.490] INFO: [daemon.js:17438] [567e85fad2594e67b9cb2a80c6bf67b9] Permission check requested: read for general {"locale":"en"}
[19:04:05.491] INFO: [daemon.js:17438] Created ToolPermissionContext {"mode":"auto","ruleCount":0,"sandboxEnabled":false,"workingDirectory":"C:\\Users\\jethr\\.minimax-agent\\projects"}
[19:04:05.491] INFO: [daemon.js:17438] [25bb1e04d376464ebb02bd727841d160] FsToolPermissionChecker checkPermissions called, toolName=read, input={"filePath":"C:\\Users\\jethr\\.minimax-agent\\projects"}, context={"mode":"auto","rules":[],"sandboxEnabled":false,"autoAllowBashIfSandboxed":false,"workingDirectory":"C:\\Users\\jethr\\.minimax-agent\\projects","allowedWorkingPaths":[],"sandboxAllowPaths":[],"dataDir":"C:\\Users\\jethr\\.mavis","homeDir":"C:\\Users\\jethr","agentName":"general","sessionId":"mvs_90568c75622b4fdcbad5628befce3622","allowManagedPermissionRulesOnly":false,"interactiveTools":{}}
[19:04:05.491] INFO: [daemon.js:17438] [3db4f4e64e6e43338e2b06b2a113e444] [permission-service] Check result: toolName=read behavior=allow reasonType=workingDirectory locale=unknown
[19:04:05.491] INFO: [daemon.js:17438] [567e85fad2594e67b9cb2a80c6bf67b9] Permission check result: read → allow {"locale":"en"}
[19:04:05.491] INFO: [daemon.js:17438] [567e85fad2594e67b9cb2a80c6bf67b9] ← POST /mavis/api/permission/check status=200 duration=1ms {"locale":"en"}
[19:04:05.492] INFO: [daemon.js:17438] [7414697a484c4c3084c8b89a7a5c9da6] → POST /mavis/api/hooks/execute
[19:04:05.492] INFO: [daemon.js:17438] [hook-registry] matcher did not match, hook filtered out {"module":"hook-registry","hookId":"builtin:binary-read-guard","matcher":"^[Rr]ead$","matchValue":"skill"}
[19:04:05.493] INFO: [daemon.js:17438] [hook-registry] hooks filtered by matcher {"module":"hook-registry","hookEvent":"PreToolUse","matchValue":"skill","beforeCount":2,"afterCount":1}
[19:04:05.493] INFO: [daemon.js:17438] [7414697a484c4c3084c8b89a7a5c9da6] ← POST /mavis/api/hooks/execute status=200 duration=1ms {"locale":"en"}
[19:04:05.493] INFO: [daemon.js:17438] [c426580dbf924db5a062ab3033d3ddb5] → POST /mavis/api/hooks/execute
[19:04:05.493] INFO: [daemon.js:17438] [hook-registry] matcher did not match, hook filtered out {"module":"hook-registry","hookId":"builtin:docx-skill-env-gate","matcher":"^[Ss][Kk][Ii][Ll][Ll]$","matchValue":"read"}
[19:04:05.493] INFO: [daemon.js:17438] [hook-registry] hooks filtered by matcher {"module":"hook-registry","hookEvent":"PreToolUse","matchValue":"read","beforeCount":2,"afterCount":1}
[19:04:05.493] INFO: [daemon.js:17438] [aaded551e64f4fe18880a9e8b9136bb5] [binary-read-guard] handler invoked toolName=read model=minimax/MiniMax-M2.7 argsKeys=["filePath"]
[19:04:05.493] INFO: [daemon.js:17438] [f49e25134da64e41a64ec9d47a669b12] [binary-read-guard] extension not blocked, ext=
[19:04:05.493] INFO: [daemon.js:17438] [c426580dbf924db5a062ab3033d3ddb5] ← POST /mavis/api/hooks/execute status=200 duration=0ms {"locale":"en"}
[19:04:05.494] INFO: [daemon.js:17438] [0ebc57a5b5c54ed2885d5b7ab69625d2] [monitor] thinking TTFT measured sessionId=mvs_90568c75622b4fdcbad5628befce3622 agentName=general ttftMs=3011
[19:04:05.495] INFO: [daemon.js:17438] [59062d9d0e8e4aae8dc2f88d32dd690f] → GET /mavis/api/session/ses_17d252154ffe6U7gRRKEj8tD8F
[19:04:05.498] INFO: [daemon.js:17438] [0e129e36aa1a4efca7e3ff022041e148] → POST /mavis/api/metrics/runtime-event
[19:04:05.498] INFO: [daemon.js:17438] [0e129e36aa1a4efca7e3ff022041e148] ← POST /mavis/api/metrics/runtime-event status=204 duration=0ms {"locale":"en"}
[19:04:05.499] INFO: [daemon.js:17438] [40eba2b88ce84592a1213f3f1617ab63] → POST /mavis/api/hooks/execute
[19:04:05.499] INFO: [daemon.js:17438] [hook-registry] matcher did not match, hook filtered out {"module":"hook-registry","hookId":"builtin:cu-image-injector","matcher":"^[Bb]ash$","matchValue":"read"}
[19:04:05.499] INFO: [daemon.js:17438] [hook-registry] hooks filtered by matcher {"module":"hook-registry","hookEvent":"PostToolUse","matchValue":"read","beforeCount":7,"afterCount":6}
[19:04:05.499] INFO: [daemon.js:17438] [40eba2b88ce84592a1213f3f1617ab63] ← POST /mavis/api/hooks/execute status=200 duration=0ms {"locale":"en"}
[19:04:05.500] INFO: [daemon.js:17438] [59062d9d0e8e4aae8dc2f88d32dd690f] ← GET /mavis/api/session/ses_17d252154ffe6U7gRRKEj8tD8F status=200 duration=5ms {"locale":"en"}
[19:04:05.502] INFO: [daemon.js:17438] [386bc716b69b4819b2db625ddd59522c] → GET /mavis/api/skill/mavis
[19:04:05.503] INFO: [daemon.js:17438] [386bc716b69b4819b2db625ddd59522c] ← GET /mavis/api/skill/mavis status=200 duration=1ms {"locale":"en"}
[19:04:05.504] INFO: [daemon.js:17438] [d3412f92a0394cddad1668c5eb55f258] → GET /mavis/api/skill/mavis/files
[19:04:05.505] INFO: [daemon.js:17438] [d3412f92a0394cddad1668c5eb55f258] ← GET /mavis/api/skill/mavis/files status=200 duration=1ms {"locale":"en"}
[19:04:05.506] INFO: [daemon.js:17438] [d74bdeb7261b4e888d8bc71a8ec7bfe8] → POST /mavis/api/metrics/runtime-event
[19:04:05.506] INFO: [daemon.js:17438] [d74bdeb7261b4e888d8bc71a8ec7bfe8] ← POST /mavis/api/metrics/runtime-event status=204 duration=0ms {"locale":"en"}
[19:04:05.506] INFO: [daemon.js:17438] [ba62f31b51d74d30aad6f9c604eea365] → POST /mavis/api/hooks/execute
[19:04:05.506] INFO: [daemon.js:17438] [hook-registry] matcher did not match, hook filtered out {"module":"hook-registry","hookId":"builtin:read-image-compressor","matcher":"^[Rr]ead$","matchValue":"skill"}
[19:04:05.506] INFO: [daemon.js:17438] [hook-registry] matcher did not match, hook filtered out {"module":"hook-registry","hookId":"builtin:cu-image-injector","matcher":"^[Bb]ash$","matchValue":"skill"}
[19:04:05.506] INFO: [daemon.js:17438] [hook-registry] hooks filtered by matcher {"module":"hook-registry","hookEvent":"PostToolUse","matchValue":"skill","beforeCount":7,"afterCount":5}
[19:04:05.507] INFO: [daemon.js:17438] [ba62f31b51d74d30aad6f9c604eea365] ← POST /mavis/api/hooks/execute status=200 duration=1ms {"locale":"en"}
[19:04:05.511] INFO: [daemon.js:17438] [e971357c494940cf898664268f75fd64] → POST /mavis/api/metrics/runtime-event
[19:04:05.511] INFO: [daemon.js:17438] [e971357c494940cf898664268f75fd64] ← POST /mavis/api/metrics/runtime-event status=204 duration=0ms {"locale":"en"}
[19:04:05.527] INFO: [daemon.js:17438] [c60201979bac44a89ec69e1a68ab60e2] → POST /mavis/api/metrics/runtime-event
[19:04:05.527] INFO: [daemon.js:17438] [c60201979bac44a89ec69e1a68ab60e2] ← POST /mavis/api/metrics/runtime-event status=204 duration=0ms {"locale":"en"}
[19:04:08.156] INFO: [daemon.js:17438] [eb29dfe98c2049edbecbade3521c641d] → POST /mavis/api/metrics/runtime-event
[19:04:08.157] INFO: [daemon.js:17438] [eb29dfe98c2049edbecbade3521c641d] ← POST /mavis/api/metrics/runtime-event status=204 duration=1ms {"locale":"en"}
[19:04:08.157] INFO: [daemon.js:17438] [2bac1d60882f44fb85ef2a7b1c989aba] → POST /mavis/api/permission/check
[19:04:08.157] INFO: [daemon.js:17438] [2bac1d60882f44fb85ef2a7b1c989aba] Permission check requested: read for general {"locale":"en"}
[19:04:08.157] INFO: [daemon.js:17438] Created ToolPermissionContext {"mode":"auto","ruleCount":0,"sandboxEnabled":false,"workingDirectory":"C:\\Users\\jethr\\.minimax-agent\\projects"}
[19:04:08.157] INFO: [daemon.js:17438] [ea14fe2350ee4d6aa297d5f6446cb6a6] FsToolPermissionChecker checkPermissions called, toolName=read, input={"filePath":"C:\\Users\\jethr\\.minimax-agent\\projects\\.opencode"}, context={"mode":"auto","rules":[],"sandboxEnabled":false,"autoAllowBashIfSandboxed":false,"workingDirectory":"C:\\Users\\jethr\\.minimax-agent\\projects","allowedWorkingPaths":[],"sandboxAllowPaths":[],"dataDir":"C:\\Users\\jethr\\.mavis","homeDir":"C:\\Users\\jethr","agentName":"general","sessionId":"mvs_90568c75622b4fdcbad5628befce3622","allowManagedPermissionRulesOnly":false,"interactiveTools":{}}
[19:04:08.158] INFO: [daemon.js:17438] [5095cde0b745487eb6d3bd16901c18cf] [permission-service] Check result: toolName=read behavior=allow reasonType=workingDirectory locale=unknown
[19:04:08.158] INFO: [daemon.js:17438] [2bac1d60882f44fb85ef2a7b1c989aba] Permission check result: read → allow {"locale":"en"}
[19:04:08.158] INFO: [daemon.js:17438] [2bac1d60882f44fb85ef2a7b1c989aba] ← POST /mavis/api/permission/check status=200 duration=1ms {"locale":"en"}
[19:04:08.158] INFO: [daemon.js:17438] [187f5eafb78d4a54b22278f72562ae44] → POST /mavis/api/metrics/runtime-event
[19:04:08.159] INFO: [daemon.js:17438] [187f5eafb78d4a54b22278f72562ae44] ← POST /mavis/api/metrics/runtime-event status=204 duration=1ms {"locale":"en"}
[19:04:08.159] INFO: [daemon.js:17438] [645708b11d214979baf4c93b91589c37] → POST /mavis/api/permission/check
[19:04:08.159] INFO: [daemon.js:17438] [645708b11d214979baf4c93b91589c37] Permission check requested: read for general {"locale":"en"}
[19:04:08.160] INFO: [daemon.js:17438] Created ToolPermissionContext {"mode":"auto","ruleCount":0,"sandboxEnabled":false,"workingDirectory":"C:\\Users\\jethr\\.minimax-agent\\projects"}
[19:04:08.160] INFO: [daemon.js:17438] [093b22e87f3b4d58a172ca29b0a81c1f] FsToolPermissionChecker checkPermissions called, toolName=read, input={"filePath":"C:\\Users\\jethr\\.minimax-agent\\projects\\docs"}, context={"mode":"auto","rules":[],"sandboxEnabled":false,"autoAllowBashIfSandboxed":false,"workingDirectory":"C:\\Users\\jethr\\.minimax-agent\\projects","allowedWorkingPaths":[],"sandboxAllowPaths":[],"dataDir":"C:\\Users\\jethr\\.mavis","homeDir":"C:\\Users\\jethr","agentName":"general","sessionId":"mvs_90568c75622b4fdcbad5628befce3622","allowManagedPermissionRulesOnly":false,"interactiveTools":{}}
[19:04:08.160] INFO: [daemon.js:17438] [8ed0baaa92284bdab8bf9c46b0bfd0e7] [permission-service] Check result: toolName=read behavior=allow reasonType=workingDirectory locale=unknown
[19:04:08.160] INFO: [daemon.js:17438] [645708b11d214979baf4c93b91589c37] Permission check result: read → allow {"locale":"en"}
[19:04:08.160] INFO: [daemon.js:17438] [645708b11d214979baf4c93b91589c37] ← POST /mavis/api/permission/check status=200 duration=1ms {"locale":"en"}
[19:04:08.161] INFO: [daemon.js:17438] [976db7074e9546abb91932c9a847329d] → POST /mavis/api/metrics/runtime-event
[19:04:08.161] INFO: [daemon.js:17438] [976db7074e9546abb91932c9a847329d] ← POST /mavis/api/metrics/runtime-event status=204 duration=0ms {"locale":"en"}
[19:04:08.161] INFO: [daemon.js:17438] [228f1582118c41acba11e863d6643c53] → POST /mavis/api/permission/check
[19:04:08.161] INFO: [daemon.js:17438] [228f1582118c41acba11e863d6643c53] Permission check requested: read for general {"locale":"en"}
[19:04:08.161] INFO: [daemon.js:17438] Created ToolPermissionContext {"mode":"auto","ruleCount":0,"sandboxEnabled":false,"workingDirectory":"C:\\Users\\jethr\\.minimax-agent\\projects"}
[19:04:08.162] INFO: [daemon.js:17438] [5a302048686a406aadd410122240c3fd] FsToolPermissionChecker checkPermissions called, toolName=read, input={"filePath":"C:\\Users\\jethr\\.minimax-agent\\projects\\pocket"}, context={"mode":"auto","rules":[],"sandboxEnabled":false,"autoAllowBashIfSandboxed":false,"workingDirectory":"C:\\Users\\jethr\\.minimax-agent\\projects","allowedWorkingPaths":[],"sandboxAllowPaths":[],"dataDir":"C:\\Users\\jethr\\.mavis","homeDir":"C:\\Users\\jethr","agentName":"general","sessionId":"mvs_90568c75622b4fdcbad5628befce3622","allowManagedPermissionRulesOnly":false,"interactiveTools":{}}
[19:04:08.162] INFO: [daemon.js:17438] [6649a95ac1a64a6f9f6fef55382d6cb1] [permission-service] Check result: toolName=read behavior=allow reasonType=workingDirectory locale=unknown
[19:04:08.162] INFO: [daemon.js:17438] [228f1582118c41acba11e863d6643c53] Permission check result: read → allow {"locale":"en"}
[19:04:08.162] INFO: [daemon.js:17438] [228f1582118c41acba11e863d6643c53] ← POST /mavis/api/permission/check status=200 duration=1ms {"locale":"en"}
[19:04:08.162] INFO: [daemon.js:17438] [2cc136f9015845f09301c5a48fb85c58] → POST /mavis/api/hooks/execute
[19:04:08.163] INFO: [daemon.js:17438] [hook-registry] matcher did not match, hook filtered out {"module":"hook-registry","hookId":"builtin:docx-skill-env-gate","matcher":"^[Ss][Kk][Ii][Ll][Ll]$","matchValue":"read"}
[19:04:08.163] INFO: [daemon.js:17438] [hook-registry] hooks filtered by matcher {"module":"hook-registry","hookEvent":"PreToolUse","matchValue":"read","beforeCount":2,"afterCount":1}
[19:04:08.163] INFO: [daemon.js:17438] [8524fa72f29b473ea22ef6bf055be236] [binary-read-guard] handler invoked toolName=read model=minimax/MiniMax-M2.7 argsKeys=["filePath"]
[19:04:08.163] INFO: [daemon.js:17438] [5140e7a5fc3149afbb5c7d5472d752f5] [binary-read-guard] extension not blocked, ext=
[19:04:08.163] INFO: [daemon.js:17438] [2cc136f9015845f09301c5a48fb85c58] ← POST /mavis/api/hooks/execute status=200 duration=1ms {"locale":"en"}
[19:04:08.163] INFO: [daemon.js:17438] [37fb528a720b49c89f4260dd0e8c5114] → POST /mavis/api/hooks/execute
[19:04:08.164] INFO: [daemon.js:17438] [hook-registry] matcher did not match, hook filtered out {"module":"hook-registry","hookId":"builtin:docx-skill-env-gate","matcher":"^[Ss][Kk][Ii][Ll][Ll]$","matchValue":"read"}
[19:04:08.164] INFO: [daemon.js:17438] [hook-registry] hooks filtered by matcher {"module":"hook-registry","hookEvent":"PreToolUse","matchValue":"read","beforeCount":2,"afterCount":1}
[19:04:08.164] INFO: [daemon.js:17438] [0f63b496f40d4705bc23816a8cac7d6e] [binary-read-guard] handler invoked toolName=read model=minimax/MiniMax-M2.7 argsKeys=["filePath"]
[19:04:08.164] INFO: [daemon.js:17438] [6dc31d7ba6e14cd183654cdb60c8b730] [binary-read-guard] extension not blocked, ext=
[19:04:08.164] INFO: [daemon.js:17438] [37fb528a720b49c89f4260dd0e8c5114] ← POST /mavis/api/hooks/execute status=200 duration=1ms {"locale":"en"}
[19:04:08.164] INFO: [daemon.js:17438] [70a4855b204d4895bc4b3f0e57da2448] → POST /mavis/api/hooks/execute
[19:04:08.165] INFO: [daemon.js:17438] [hook-registry] matcher did not match, hook filtered out {"module":"hook-registry","hookId":"builtin:docx-skill-env-gate","matcher":"^[Ss][Kk][Ii][Ll][Ll]$","matchValue":"read"}
[19:04:08.165] INFO: [daemon.js:17438] [hook-registry] hooks filtered by matcher {"module":"hook-registry","hookEvent":"PreToolUse","matchValue":"read","beforeCount":2,"afterCount":1}
[19:04:08.165] INFO: [daemon.js:17438] [ac4572163feb43d587b386e6f3307958] [binary-read-guard] handler invoked toolName=read model=minimax/MiniMax-M2.7 argsKeys=["filePath"]
[19:04:08.165] INFO: [daemon.js:17438] [dcb705d204f741d0a8028de795a80ce0] [binary-read-guard] extension not blocked, ext=
[19:04:08.165] INFO: [daemon.js:17438] [70a4855b204d4895bc4b3f0e57da2448] ← POST /mavis/api/hooks/execute status=200 duration=1ms {"locale":"en"}
[19:04:08.167] INFO: [daemon.js:17438] [2af7d69e851a4a10b505e6345be56fda] → POST /mavis/api/metrics/runtime-event
[19:04:08.167] INFO: [daemon.js:17438] [2af7d69e851a4a10b505e6345be56fda] ← POST /mavis/api/metrics/runtime-event status=204 duration=0ms {"locale":"en"}
[19:04:08.167] INFO: [daemon.js:17438] [1677e160d6c24419852faf44c644b81b] → POST /mavis/api/hooks/execute
[19:04:08.168] INFO: [daemon.js:17438] [hook-registry] matcher did not match, hook filtered out {"module":"hook-registry","hookId":"builtin:cu-image-injector","matcher":"^[Bb]ash$","matchValue":"read"}
[19:04:08.168] INFO: [daemon.js:17438] [hook-registry] hooks filtered by matcher {"module":"hook-registry","hookEvent":"PostToolUse","matchValue":"read","beforeCount":7,"afterCount":6}
[19:04:08.168] INFO: [daemon.js:17438] [1677e160d6c24419852faf44c644b81b] ← POST /mavis/api/hooks/execute status=200 duration=1ms {"locale":"en"}
[19:04:08.168] INFO: [daemon.js:17438] [eea21c90b6da43a2b197d022f8f65906] → POST /mavis/api/metrics/runtime-event
[19:04:08.168] INFO: [daemon.js:17438] [eea21c90b6da43a2b197d022f8f65906] ← POST /mavis/api/metrics/runtime-event status=204 duration=0ms {"locale":"en"}
[19:04:08.169] INFO: [daemon.js:17438] [f372cad4713144a19dccf6bfeba26f91] → POST /mavis/api/hooks/execute
[19:04:08.169] INFO: [daemon.js:17438] [hook-registry] matcher did not match, hook filtered out {"module":"hook-registry","hookId":"builtin:cu-image-injector","matcher":"^[Bb]ash$","matchValue":"read"}
[19:04:08.169] INFO: [daemon.js:17438] [hook-registry] hooks filtered by matcher {"module":"hook-registry","hookEvent":"PostToolUse","matchValue":"read","beforeCount":7,"afterCount":6}
[19:04:08.169] INFO: [daemon.js:17438] [f372cad4713144a19dccf6bfeba26f91] ← POST /mavis/api/hooks/execute status=200 duration=0ms {"locale":"en"}
[19:04:08.169] INFO: [daemon.js:17438] [8cc10b2bf75d42caac5e58ef1e1a5b77] → POST /mavis/api/hooks/execute
[19:04:08.169] INFO: [daemon.js:17438] [hook-registry] matcher did not match, hook filtered out {"module":"hook-registry","hookId":"builtin:cu-image-injector","matcher":"^[Bb]ash$","matchValue":"read"}
[19:04:08.170] INFO: [daemon.js:17438] [hook-registry] hooks filtered by matcher {"module":"hook-registry","hookEvent":"PostToolUse","matchValue":"read","beforeCount":7,"afterCount":6}
[19:04:08.170] INFO: [daemon.js:17438] [8cc10b2bf75d42caac5e58ef1e1a5b77] ← POST /mavis/api/hooks/execute status=200 duration=1ms {"locale":"en"}
[19:04:08.170] INFO: [daemon.js:17438] [b89828d0cbc24634b40e506f5fdc9197] → POST /mavis/api/metrics/runtime-event
[19:04:08.170] INFO: [daemon.js:17438] [b89828d0cbc24634b40e506f5fdc9197] ← POST /mavis/api/metrics/runtime-event status=204 duration=0ms {"locale":"en"}
[19:04:08.172] INFO: [daemon.js:17438] [36f25341a98046409c3a9ad20454825d] → POST /mavis/api/metrics/runtime-event
[19:04:08.172] INFO: [daemon.js:17438] [36f25341a98046409c3a9ad20454825d] ← POST /mavis/api/metrics/runtime-event status=204 duration=0ms {"locale":"en"}
[19:04:08.185] INFO: [daemon.js:17438] [5d242638ba824c1c980d4feb21332cbd] → POST /mavis/api/metrics/runtime-event
[19:04:08.186] INFO: [daemon.js:17438] [5d242638ba824c1c980d4feb21332cbd] ← POST /mavis/api/metrics/runtime-event status=204 duration=1ms {"locale":"en"}
[19:04:09.057] INFO: [daemon.js:17438] [8bc64a0957a84d54aa3c4ceeadeac014] → POST /mavis/api/metrics/runtime-event
[19:04:09.058] INFO: [daemon.js:17438] [8bc64a0957a84d54aa3c4ceeadeac014] ← POST /mavis/api/metrics/runtime-event status=204 duration=1ms {"locale":"en"}
[19:04:09.311] INFO: [daemon.js:17438] [1886603510314433bbf6145a643dd8d6] [bridge] Emitting session.finish event sessionId=mvs_b64802478430455b968a4d7fb38e953a agentName=mavis isError=false
[19:04:09.316] INFO: [daemon.js:17438] [870fafe17bfb4d248601acc2e49ed2fa] → GET /mavis/api/session/mvs_90568c75622b4fdcbad5628befce3622
[19:04:09.316] INFO: [daemon.js:17438] [870fafe17bfb4d248601acc2e49ed2fa] ← GET /mavis/api/session/mvs_90568c75622b4fdcbad5628befce3622 status=200 duration=0ms {"locale":"en"}
[19:04:09.317] INFO: [daemon.js:17438] [46da57a0e5ce4717b3ea279c8df74b51] [cron-store] Loaded cron configs, count=0
[19:04:09.322] INFO: [daemon.js:17438] [552fe04c42c547e1bb75122160884606] → GET /mavis/api/session/mvs_b64802478430455b968a4d7fb38e953a/diff
[19:04:09.323] INFO: [daemon.js:17438] [40479e9fdcab47b58886046d66a2aae3] → GET /mavis/api/session/mvs_b64802478430455b968a4d7fb38e953a
[19:04:09.325] INFO: [daemon.js:17438] [552fe04c42c547e1bb75122160884606] ← GET /mavis/api/session/mvs_b64802478430455b968a4d7fb38e953a/diff status=200 duration=3ms {"locale":"en"}
[19:04:09.326] INFO: [daemon.js:17438] [40479e9fdcab47b58886046d66a2aae3] ← GET /mavis/api/session/mvs_b64802478430455b968a4d7fb38e953a status=200 duration=3ms {"locale":"en"}
[19:04:09.336] INFO: [daemon.js:17438] [6ef7162740f64b5f93cb1d30f1b26fa6] → GET /mavis/api/session/mvs_90568c75622b4fdcbad5628befce3622
[19:04:09.336] INFO: [daemon.js:17438] [6ef7162740f64b5f93cb1d30f1b26fa6] ← GET /mavis/api/session/mvs_90568c75622b4fdcbad5628befce3622 status=200 duration=0ms {"locale":"en"}
[19:04:10.411] INFO: [daemon.js:17438] [a044c48d49ef4f07bf62ea439dd7aac3] → GET /mavis/health
[19:04:10.411] INFO: [daemon.js:17438] [a044c48d49ef4f07bf62ea439dd7aac3] ← GET /mavis/health status=200 duration=0ms {"locale":"en"}
[19:04:11.432] INFO: [daemon.js:17438] [a8385a7bcb6043e683694dfa9dca9004] → POST /mavis/api/metrics/runtime-event
[19:04:11.433] INFO: [daemon.js:17438] [a8385a7bcb6043e683694dfa9dca9004] ← POST /mavis/api/metrics/runtime-event status=204 duration=1ms {"locale":"en"}
[19:04:11.436] INFO: [daemon.js:17438] [f7bcdea633c8487da9befb0e45bf8a0d] → POST /mavis/api/permission/check
[19:04:11.436] INFO: [daemon.js:17438] [f7bcdea633c8487da9befb0e45bf8a0d] Permission check requested: bash for general {"locale":"en"}
[19:04:11.437] INFO: [daemon.js:17438] Created ToolPermissionContext {"mode":"auto","ruleCount":0,"sandboxEnabled":false,"workingDirectory":"C:\\Users\\jethr\\.minimax-agent\\projects"}
[19:04:11.437] INFO: [daemon.js:17438] [93d66d3a20c74ea78e4904b837c45af7] BashToolPermissionChecker checkPermissions called, _toolName=bash, input={"command":"mavis communication send --to \"mvs_b64802478430455b968a4d7fb38e953a\" --command prompt --content \"Workspace exploration complete. Here's the summary of C:\\\\Users\\\\jethr\\\\.minimax-agent\\\\projects:\\n\\n**3 top-level entries:**\\n\\n1. **`.opencode/`** — appears to be an npm project (has `package.json`, `node_modules/`, `package-lock.json`, `.gitignore`). Also contains a `tmp/` subdirectory.\\n\\n2. **docs/** — contains:\\n   - `note-taking-format.md`\\n   - `新增 Text Document.txt`\\n\\n3. **pocket/** — contains:\\n   - `gateway.config.json`\\n\\nNo obvious deep nesting or large subdirectories detected.\"","description":"Report workspace summary to parent session"}, context={"mode":"auto","rules":[],"sandboxEnabled":false,"autoAllowBashIfSandboxed":false,"workingDirectory":"C:\\Users\\jethr\\.minimax-agent\\projects","allowedWorkingPaths":[],"sandboxAllowPaths":[],"dataDir":"C:\\Users\\jethr\\.mavis","homeDir":"C:\\Users\\jethr","agentName":"general","sessionId":"mvs_90568c75622b4fdcbad5628befce3622","allowManagedPermissionRulesOnly":false,"interactiveTools":{}}
[19:04:11.437] INFO: [daemon.js:17438] [permission] subcommand layer=soft-prescan mode=default verdict=ask {"permLayer":"soft-prescan","permMode":"default","permVerdict":"ask","permReasonType":"safetyCheck","cmdPreview":"mavis communication send --to \"mvs_b64802478430455b968a4d7fb38e953a\" --command prompt --content \"Workspace exploration complete. Here's the summary of C:\\\\Users\\\\jethr\\\\.minimax-agent\\\\projects:\\n\\n**…(+394)"}
[19:04:11.438] INFO: [daemon.js:17438] [permission] whole-command layer=aggregated mode=default verdict=ask {"permLayer":"aggregated","permMode":"default","permVerdict":"ask","permScope":"whole-command","cmdPreview":"mavis communication send --to \"mvs_b64802478430455b968a4d7fb38e953a\" --command prompt --content \"Workspace exploration complete. Here's the summary of C:\\\\Users\\\\jethr\\\\.minimax-agent\\\\projects:\\n\\n**…(+394)","sessionId":"mvs_90568c75622b4fdcbad5628befce3622","subcommandCount":1}
[19:04:11.438] INFO: [daemon.js:17438] [b147cdaf55a24a1ab5fa7d828d881eb6] [permission-service] Check result: toolName=bash behavior=ask reasonType=safetyCheck locale=unknown
[19:04:11.438] INFO: [daemon.js:17438] Running YOLO classifier {"toolName":"bash","inputLength":594,"sessionId":"mvs_90568c75622b4fdcbad5628befce3622","agentId":"general"}
[19:04:11.439] INFO: [daemon.js:17438] [permission] subcommand layer=soft-prescan mode=auto verdict=undecided {"permLayer":"soft-prescan","permMode":"auto","permVerdict":"undecided","permReasonType":"safetyCheck","cmdPreview":"mavis communication send --to \"mvs_b64802478430455b968a4d7fb38e953a\" --command prompt --content \"Workspace exploration complete. Here's the summary of C:\\\\Users\\\\jethr\\\\.minimax-agent\\\\projects:\\n\\n**…(+394)"}
[19:04:11.439] INFO: [daemon.js:17438] [permission] whole-command layer=aggregated mode=auto verdict=undecided {"permLayer":"aggregated","permMode":"auto","permVerdict":"undecided","permScope":"whole-command","cmdPreview":"mavis communication send --to \"mvs_b64802478430455b968a4d7fb38e953a\" --command prompt --content \"Workspace exploration complete. Here's the summary of C:\\\\Users\\\\jethr\\\\.minimax-agent\\\\projects:\\n\\n**…(+394)","subcommandCount":1}
[19:04:20.437] INFO: [daemon.js:17438] [b6eb3a4e191b48f2abcfced9742f9dbf] → GET /mavis/health
[19:04:20.438] INFO: [daemon.js:17438] [b6eb3a4e191b48f2abcfced9742f9dbf] ← GET /mavis/health status=200 duration=1ms {"locale":"en"}
[19:04:22.495] INFO: [daemon.js:17438] Stage 2 LLM classification result {"toolName":"bash","verdict":"allow","reason":"Mavis inter-agent communication is a project-internal operation; content is non-sensitive directory summary; no external network call or data destruction involved.","model":"minimax/MiniMax-M2.7","isIrreversibleDelete":false,"confidence":0.85}
[19:04:22.495] INFO: [daemon.js:17438] [c5b695bea2da4ac08a4414842e457656] [permission-service] Auto mode classifier result: toolName=bash verdict=allow reason=Mavis inter-agent communication is a project-internal operation; content is non-sensitive directory summary; no external network call or data destruction involved. model=minimax/MiniMax-M2.7 stage=thinking durationMs=11057 locale=unknown
[19:04:22.495] INFO: [daemon.js:17438] [f7bcdea633c8487da9befb0e45bf8a0d] Permission check result: bash → allow {"locale":"en"}
[19:04:22.495] INFO: [daemon.js:17438] [f7bcdea633c8487da9befb0e45bf8a0d] ← POST /mavis/api/permission/check status=200 duration=11059ms {"locale":"en"}
[19:04:22.506] INFO: [daemon.js:17438] [d2e54300066745a6af6f2b173acfff08] → POST /mavis/api/hooks/execute
[19:04:22.507] INFO: [daemon.js:17438] [hook-registry] matcher did not match, hook filtered out {"module":"hook-registry","hookId":"builtin:binary-read-guard","matcher":"^[Rr]ead$","matchValue":"bash"}
[19:04:22.507] INFO: [daemon.js:17438] [hook-registry] matcher did not match, hook filtered out {"module":"hook-registry","hookId":"builtin:docx-skill-env-gate","matcher":"^[Ss][Kk][Ii][Ll][Ll]$","matchValue":"bash"}
[19:04:22.507] INFO: [daemon.js:17438] [hook-registry] hooks filtered by matcher {"module":"hook-registry","hookEvent":"PreToolUse","matchValue":"bash","beforeCount":2,"afterCount":0}
[19:04:22.507] INFO: [daemon.js:17438] [d2e54300066745a6af6f2b173acfff08] ← POST /mavis/api/hooks/execute status=200 duration=1ms {"locale":"en"}
[19:04:22.779] INFO: [daemon.js:17438] [63c51576d67f4967ab2fc145d64c852f] → GET /mavis/health
[19:04:22.779] INFO: [daemon.js:17438] [63c51576d67f4967ab2fc145d64c852f] ← GET /mavis/health status=200 duration=0ms {"locale":"en"}
[19:04:22.783] INFO: [daemon.js:17438] [564113bb9aca4c0384df6467fb0c1604] → POST /mavis/api/communication/send {"callerAgent":"general","callerSession":"mvs_90568c75622b4fdcbad5628befce3622"}
[19:04:22.785] INFO: [daemon.js:17438] [749e43f8e2cb4cad90a53a8ed8fa0397] Resolved model from session.effective_model agentName=mavis providerID=minimax modelID=MiniMax-M2.7
[19:04:22.791] INFO: [daemon.js:17438] [5752c824204c4e19a7d3cf890a71e3f0] Resolved model from session.effective_model agentName=mavis providerID=minimax modelID=MiniMax-M2.7
[19:04:22.791] INFO: [daemon.js:17438] [9fe6d2ff316b4141a5b2fe4acce3644a] sendMessage started, agentName=mavis, sessionId=mvs_b64802478430455b968a4d7fb38e953a
[19:04:22.805] INFO: [daemon.js:17438] [564113bb9aca4c0384df6467fb0c1604] ← POST /mavis/api/communication/send status=200 duration=22ms {"callerAgent":"general","callerSession":"mvs_90568c75622b4fdcbad5628befce3622","locale":"en"}
[19:04:22.823] INFO: [daemon.js:17438] [b69d339f2ce349c3bdc9a3b888399996] → POST /mavis/api/metrics/runtime-event
[19:04:22.823] INFO: [daemon.js:17438] [b69d339f2ce349c3bdc9a3b888399996] ← POST /mavis/api/metrics/runtime-event status=204 duration=0ms {"locale":"en"}
[19:04:22.831] INFO: [daemon.js:17438] [2ea143e72d9546278987ad30aa4013d9] → POST /mavis/api/metrics/runtime-event
[19:04:22.831] INFO: [daemon.js:17438] [2ea143e72d9546278987ad30aa4013d9] ← POST /mavis/api/metrics/runtime-event status=204 duration=0ms {"locale":"en"}
[19:04:22.832] INFO: [daemon.js:17438] [9458b47992614a65a64608e5a9486b80] → POST /mavis/api/hooks/execute
[19:04:22.832] INFO: [daemon.js:17438] [hook-registry] matcher did not match, hook filtered out {"module":"hook-registry","hookId":"builtin:read-image-compressor","matcher":"^[Rr]ead$","matchValue":"bash"}
[19:04:22.832] INFO: [daemon.js:17438] [hook-registry] hooks filtered by matcher {"module":"hook-registry","hookEvent":"PostToolUse","matchValue":"bash","beforeCount":7,"afterCount":6}
[19:04:22.832] INFO: [daemon.js:17438] [9458b47992614a65a64608e5a9486b80] ← POST /mavis/api/hooks/execute status=200 duration=0ms {"locale":"en"}
[19:04:22.836] INFO: [daemon.js:17438] [d9a6ada2eb3d460fae9778a145dd57fb] → POST /mavis/api/metrics/runtime-event
[19:04:22.836] INFO: [daemon.js:17438] [d9a6ada2eb3d460fae9778a145dd57fb] ← POST /mavis/api/metrics/runtime-event status=204 duration=0ms {"locale":"en"}
[19:04:22.850] INFO: [daemon.js:17438] [6816d128a86d48ccb88c86c5a72ace3b] → POST /mavis/api/metrics/runtime-event
[19:04:22.851] INFO: [daemon.js:17438] [6816d128a86d48ccb88c86c5a72ace3b] ← POST /mavis/api/metrics/runtime-event status=204 duration=1ms {"locale":"en"}
[19:04:22.987] INFO: [daemon.js:17438] [7235ed24fed74bc181e68b2b95c12fcd] → POST /mavis/api/session/mvs_b64802478430455b968a4d7fb38e953a/resume
[19:04:22.987] INFO: [daemon.js:17438] [7235ed24fed74bc181e68b2b95c12fcd] [resume] SSE stream started, agentName=mavis, sessionId=mvs_b64802478430455b968a4d7fb38e953a, msgId=msg_e82dadf25001dGYNC1fsGyRzG5, turnId=1de990c0-5cfe-457a-81c1-0f42b607a776, drainQueued=false {"locale":"en"}
[19:04:22.988] INFO: [daemon.js:17438] MessageStore list completed {"ctx":{"traceId":"7235ed24fed74bc181e68b2b95c12fcd","locale":"en"},"sessionId":"mvs_b64802478430455b968a4d7fb38e953a","durationMs":0,"messageCount":19,"hasNextCursor":false}
[19:04:22.988] INFO: [daemon.js:17438] [7235ed24fed74bc181e68b2b95c12fcd] ← POST /mavis/api/session/mvs_b64802478430455b968a4d7fb38e953a/resume status=200 duration=1ms {"locale":"en"}
[19:04:24.949] INFO: [daemon.js:17438] [457f1c33de6a48ad907e22d4d7ebe8f1] → POST /mavis/api/metrics/runtime-event
[19:04:24.949] INFO: [daemon.js:17438] [457f1c33de6a48ad907e22d4d7ebe8f1] ← POST /mavis/api/metrics/runtime-event status=204 duration=0ms {"locale":"en"}
[19:04:24.951] INFO: [daemon.js:17438] [773c40367e9043e0afb5c634f87f07d7] → POST /mavis/api/permission/check
[19:04:24.951] INFO: [daemon.js:17438] [773c40367e9043e0afb5c634f87f07d7] Permission check requested: skill for mavis {"locale":"en"}
[19:04:24.951] INFO: [daemon.js:17438] Created ToolPermissionContext {"mode":"auto","ruleCount":0,"sandboxEnabled":false,"workingDirectory":"C:\\Users\\jethr\\.minimax-agent\\projects"}
[19:04:24.951] INFO: [daemon.js:17438] [2a69c89a715f4fd0ac03a70f4ad28737] [permission-service] Check result: toolName=skill behavior=allow reasonType=safetyCheck locale=en
[19:04:24.951] INFO: [daemon.js:17438] [773c40367e9043e0afb5c634f87f07d7] Permission check result: skill → allow {"locale":"en"}
[19:04:24.952] INFO: [daemon.js:17438] [773c40367e9043e0afb5c634f87f07d7] ← POST /mavis/api/permission/check status=200 duration=1ms {"locale":"en"}
[19:04:24.952] INFO: [daemon.js:17438] [ff0cf4d993a347c48ada91dec1866e6d] [monitor] thinking TTFT measured sessionId=mvs_b64802478430455b968a4d7fb38e953a agentName=mavis ttftMs=2167
[19:04:24.953] INFO: [daemon.js:17438] [9b25caf830594db3b33adeb4129c64c7] → POST /mavis/api/hooks/execute
[19:04:24.953] INFO: [daemon.js:17438] [hook-registry] matcher did not match, hook filtered out {"module":"hook-registry","hookId":"builtin:binary-read-guard","matcher":"^[Rr]ead$","matchValue":"skill"}
[19:04:24.953] INFO: [daemon.js:17438] [hook-registry] hooks filtered by matcher {"module":"hook-registry","hookEvent":"PreToolUse","matchValue":"skill","beforeCount":2,"afterCount":1}
[19:04:24.954] INFO: [daemon.js:17438] [9b25caf830594db3b33adeb4129c64c7] ← POST /mavis/api/hooks/execute status=200 duration=1ms {"locale":"en"}
[19:04:24.954] INFO: [daemon.js:17438] [57fe45e4c89c4a90a1d417c91f973604] → GET /mavis/api/session/ses_17d2ee6f1ffeln5wikkdU7hu8T
[19:04:24.956] INFO: [daemon.js:17438] [57fe45e4c89c4a90a1d417c91f973604] ← GET /mavis/api/session/ses_17d2ee6f1ffeln5wikkdU7hu8T status=200 duration=2ms {"locale":"en"}
[19:04:24.957] INFO: [daemon.js:17438] [2e36dd6faa0d459084387469ca46b7d3] → GET /mavis/api/skill/mavis
[19:04:24.958] INFO: [daemon.js:17438] [2e36dd6faa0d459084387469ca46b7d3] ← GET /mavis/api/skill/mavis status=200 duration=1ms {"locale":"en"}
[19:04:24.959] INFO: [daemon.js:17438] [c3c8d69ded394c66b0ced74e4343276b] → GET /mavis/api/skill/mavis/files
[19:04:24.959] INFO: [daemon.js:17438] [c3c8d69ded394c66b0ced74e4343276b] ← GET /mavis/api/skill/mavis/files status=200 duration=0ms {"locale":"en"}
[19:04:24.960] INFO: [daemon.js:17438] [e4ddca03e0514fa4a4d824146ee62835] → POST /mavis/api/metrics/runtime-event
[19:04:24.960] INFO: [daemon.js:17438] [e4ddca03e0514fa4a4d824146ee62835] ← POST /mavis/api/metrics/runtime-event status=204 duration=0ms {"locale":"en"}
[19:04:24.961] INFO: [daemon.js:17438] [eb07b555819c417da09d1b343568101f] → POST /mavis/api/hooks/execute
[19:04:24.961] INFO: [daemon.js:17438] [hook-registry] matcher did not match, hook filtered out {"module":"hook-registry","hookId":"builtin:read-image-compressor","matcher":"^[Rr]ead$","matchValue":"skill"}
[19:04:24.961] INFO: [daemon.js:17438] [hook-registry] matcher did not match, hook filtered out {"module":"hook-registry","hookId":"builtin:cu-image-injector","matcher":"^[Bb]ash$","matchValue":"skill"}
[19:04:24.961] INFO: [daemon.js:17438] [hook-registry] hooks filtered by matcher {"module":"hook-registry","hookEvent":"PostToolUse","matchValue":"skill","beforeCount":7,"afterCount":5}
[19:04:24.961] INFO: [daemon.js:17438] [eb07b555819c417da09d1b343568101f] ← POST /mavis/api/hooks/execute status=200 duration=0ms {"locale":"en"}
[19:04:24.963] INFO: [daemon.js:17438] [a35293ea09994754adf9e005a5771010] → POST /mavis/api/metrics/runtime-event
[19:04:24.964] INFO: [daemon.js:17438] [a35293ea09994754adf9e005a5771010] ← POST /mavis/api/metrics/runtime-event status=204 duration=1ms {"locale":"en"}
[19:04:24.976] INFO: [daemon.js:17438] [5f5b5c6c8cf042528ff0fd457bf21cbd] → POST /mavis/api/metrics/runtime-event
[19:04:24.976] INFO: [daemon.js:17438] [5f5b5c6c8cf042528ff0fd457bf21cbd] ← POST /mavis/api/metrics/runtime-event status=204 duration=0ms {"locale":"en"}
[19:04:24.979] INFO: [daemon.js:17438] [749590a3eeee42c4be71a5d600c69115] → GET /mavis/api/session/mvs_b64802478430455b968a4d7fb38e953a
[19:04:24.979] INFO: [daemon.js:17438] [749590a3eeee42c4be71a5d600c69115] ← GET /mavis/api/session/mvs_b64802478430455b968a4d7fb38e953a status=200 duration=0ms {"locale":"en"}
[19:04:25.641] INFO: [daemon.js:17438] [605742596d67448a88a3b22cb4b286be] → POST /mavis/api/metrics/runtime-event
[19:04:25.641] INFO: [daemon.js:17438] [605742596d67448a88a3b22cb4b286be] ← POST /mavis/api/metrics/runtime-event status=204 duration=0ms {"locale":"en"}
[19:04:25.646] INFO: [daemon.js:17438] [7c913b1243dc4f0abdeb96bd84ddcbca] [monitor] response TTFT measured sessionId=mvs_90568c75622b4fdcbad5628befce3622 agentName=general ttftMs=23163 breakdown={"resolveSession":0,"reconcileConfig":0,"hooks":6,"modelResolve":1,"adapterSend":23156}
[19:04:25.929] INFO: [daemon.js:17438] [b50ca42c36cb4a6e9e8be6901fea2a20] [bridge] Emitting session.finish event sessionId=mvs_90568c75622b4fdcbad5628befce3622 agentName=general isError=false
[19:04:25.932] INFO: [daemon.js:17438] [8380d2814d97459298d2c9cbd92f388e] [cron-store] Loaded cron configs, count=0
[19:04:27.388] INFO: [daemon.js:17438] [34824fc0a9f3484eba227fee179edae8] → POST /mavis/api/metrics/runtime-event
[19:04:27.388] INFO: [daemon.js:17438] [34824fc0a9f3484eba227fee179edae8] ← POST /mavis/api/metrics/runtime-event status=204 duration=0ms {"locale":"en"}
[19:04:27.389] INFO: [daemon.js:17438] [91a93d2044744a93b6d4adccd813108e] → POST /mavis/api/permission/check
[19:04:27.389] INFO: [daemon.js:17438] [91a93d2044744a93b6d4adccd813108e] Permission check requested: read for mavis {"locale":"en"}
[19:04:27.389] INFO: [daemon.js:17438] Created ToolPermissionContext {"mode":"auto","ruleCount":0,"sandboxEnabled":false,"workingDirectory":"C:\\Users\\jethr\\.minimax-agent\\projects"}
[19:04:27.389] INFO: [daemon.js:17438] [5daab6000af74dd1a10a46177d3b2cc7] FsToolPermissionChecker checkPermissions called, toolName=read, input={"filePath":"C:\\Users\\jethr\\.mavis\\.builtin-skills\\mavis\\references\\session-and-communication.md"}, context={"mode":"auto","rules":[],"sandboxEnabled":false,"autoAllowBashIfSandboxed":false,"workingDirectory":"C:\\Users\\jethr\\.minimax-agent\\projects","allowedWorkingPaths":[],"sandboxAllowPaths":[],"dataDir":"C:\\Users\\jethr\\.mavis","homeDir":"C:\\Users\\jethr","agentName":"mavis","sessionId":"mvs_b64802478430455b968a4d7fb38e953a","allowManagedPermissionRulesOnly":false,"interactiveTools":{}}
[19:04:27.389] INFO: [daemon.js:17438] [5b00a258e1fa49a3a2657f024991155e] [permission-service] Check result: toolName=read behavior=allow reasonType=workingDirectory locale=en
[19:04:27.389] INFO: [daemon.js:17438] [91a93d2044744a93b6d4adccd813108e] Permission check result: read → allow {"locale":"en"}
[19:04:27.390] INFO: [daemon.js:17438] [91a93d2044744a93b6d4adccd813108e] ← POST /mavis/api/permission/check status=200 duration=1ms {"locale":"en"}
[19:04:27.391] INFO: [daemon.js:17438] [f5893f02b14946c08c831332a6191058] → POST /mavis/api/hooks/execute
[19:04:27.391] INFO: [daemon.js:17438] [hook-registry] matcher did not match, hook filtered out {"module":"hook-registry","hookId":"builtin:docx-skill-env-gate","matcher":"^[Ss][Kk][Ii][Ll][Ll]$","matchValue":"read"}
[19:04:27.392] INFO: [daemon.js:17438] [hook-registry] hooks filtered by matcher {"module":"hook-registry","hookEvent":"PreToolUse","matchValue":"read","beforeCount":2,"afterCount":1}
[19:04:27.392] INFO: [daemon.js:17438] [c98f9f2ac1724263820b7a941b4c3105] [binary-read-guard] handler invoked toolName=read model=minimax/MiniMax-M2.7 argsKeys=["filePath"]
[19:04:27.392] INFO: [daemon.js:17438] [ff4850c30dfe492bab1c00bb5153cb8e] [binary-read-guard] extension not blocked, ext=.md
[19:04:27.392] INFO: [daemon.js:17438] [f5893f02b14946c08c831332a6191058] ← POST /mavis/api/hooks/execute status=200 duration=1ms {"locale":"en"}
[19:04:27.409] INFO: [daemon.js:17438] [f1634097f5b149758acc639127bb3888] → POST /mavis/api/metrics/runtime-event
[19:04:27.409] INFO: [daemon.js:17438] [f1634097f5b149758acc639127bb3888] ← POST /mavis/api/metrics/runtime-event status=204 duration=0ms {"locale":"en"}
[19:04:27.410] INFO: [daemon.js:17438] [a4ded5596ff64ed2a188e464334c2894] → POST /mavis/api/hooks/execute
[19:04:27.410] INFO: [daemon.js:17438] [hook-registry] matcher did not match, hook filtered out {"module":"hook-registry","hookId":"builtin:cu-image-injector","matcher":"^[Bb]ash$","matchValue":"read"}
[19:04:27.410] INFO: [daemon.js:17438] [hook-registry] hooks filtered by matcher {"module":"hook-registry","hookEvent":"PostToolUse","matchValue":"read","beforeCount":7,"afterCount":6}
[19:04:27.410] INFO: [daemon.js:17438] [a4ded5596ff64ed2a188e464334c2894] ← POST /mavis/api/hooks/execute status=200 duration=0ms {"locale":"en"}
[19:04:27.412] INFO: [daemon.js:17438] [566b33853dd14cb681e3fb277a055874] → POST /mavis/api/metrics/runtime-event
[19:04:27.413] INFO: [daemon.js:17438] [566b33853dd14cb681e3fb277a055874] ← POST /mavis/api/metrics/runtime-event status=204 duration=1ms {"locale":"en"}
[19:04:27.424] INFO: [daemon.js:17438] [3ae587d5184b42adaf2b1d45f72fb4c2] → POST /mavis/api/metrics/runtime-event
[19:04:27.424] INFO: [daemon.js:17438] [3ae587d5184b42adaf2b1d45f72fb4c2] ← POST /mavis/api/metrics/runtime-event status=204 duration=0ms {"locale":"en"}
[19:04:27.436] INFO: [daemon.js:17438] [d91dee6b9e894a4aacbbda98b86edb33] → GET /mavis/api/session/mvs_b64802478430455b968a4d7fb38e953a
[19:04:27.436] INFO: [daemon.js:17438] [d91dee6b9e894a4aacbbda98b86edb33] ← GET /mavis/api/session/mvs_b64802478430455b968a4d7fb38e953a status=200 duration=0ms {"locale":"en"}
[19:04:30.442] INFO: [daemon.js:17438] [c78a3868d5354044b221a5c25a6695b9] → GET /mavis/health
[19:04:30.443] INFO: [daemon.js:17438] [c78a3868d5354044b221a5c25a6695b9] ← GET /mavis/health status=200 duration=1ms {"locale":"en"}
[19:04:40.173] INFO: [daemon.js:17438] [1c0b18272ca640fa9fd330e856b917c2] → POST /mavis/api/metrics/runtime-event
[19:04:40.173] INFO: [daemon.js:17438] [1c0b18272ca640fa9fd330e856b917c2] ← POST /mavis/api/metrics/runtime-event status=204 duration=0ms {"locale":"en"}
[19:04:40.173] INFO: [daemon.js:17438] [7f7f064d6a9d4ecbaa6f6515a0bb12da] → POST /mavis/api/permission/check
[19:04:40.174] INFO: [daemon.js:17438] [7f7f064d6a9d4ecbaa6f6515a0bb12da] Permission check requested: bash for mavis {"locale":"en"}
[19:04:40.174] INFO: [daemon.js:17438] Created ToolPermissionContext {"mode":"auto","ruleCount":0,"sandboxEnabled":false,"workingDirectory":"C:\\Users\\jethr\\.minimax-agent\\projects"}
[19:04:40.174] INFO: [daemon.js:17438] [31f95d12695a4cf28b0d94ec3bbfdc7e] BashToolPermissionChecker checkPermissions called, _toolName=bash, input={"command":"mavis session messages mvs_90568c75622b4fdcbad5628befce3622 --limit 5","description":"Get full messages from General agent session"}, context={"mode":"auto","rules":[],"sandboxEnabled":false,"autoAllowBashIfSandboxed":false,"workingDirectory":"C:\\Users\\jethr\\.minimax-agent\\projects","allowedWorkingPaths":[],"sandboxAllowPaths":[],"dataDir":"C:\\Users\\jethr\\.mavis","homeDir":"C:\\Users\\jethr","agentName":"mavis","sessionId":"mvs_b64802478430455b968a4d7fb38e953a","allowManagedPermissionRulesOnly":false,"interactiveTools":{}}
[19:04:40.174] INFO: [daemon.js:17438] [permission] subcommand layer=fast-allow-first-word mode=default verdict=allow {"permLayer":"fast-allow-first-word","permMode":"default","permVerdict":"allow","permCategory":"pureReadFastAllow","permReasonType":"safetyCheck","cmdPreview":"mavis session messages mvs_90568c75622b4fdcbad5628befce3622 --limit 5","firstWord":"mavis"}
[19:04:40.174] INFO: [daemon.js:17438] [permission] whole-command layer=aggregated mode=default verdict=allow {"permLayer":"aggregated","permMode":"default","permVerdict":"allow","permScope":"whole-command","cmdPreview":"mavis session messages mvs_90568c75622b4fdcbad5628befce3622 --limit 5","sessionId":"mvs_b64802478430455b968a4d7fb38e953a","subcommandCount":1}
[19:04:40.174] INFO: [daemon.js:17438] [fa89a605aa9d4c608eb319caecc7a236] [permission-service] Check result: toolName=bash behavior=allow reasonType=subcommandResults locale=en
[19:04:40.174] INFO: [daemon.js:17438] [7f7f064d6a9d4ecbaa6f6515a0bb12da] Permission check result: bash → allow {"locale":"en"}
[19:04:40.174] INFO: [daemon.js:17438] [7f7f064d6a9d4ecbaa6f6515a0bb12da] ← POST /mavis/api/permission/check status=200 duration=1ms {"locale":"en"}
[19:04:40.176] INFO: [daemon.js:17438] [c192f3ae2610433b92110c3add61e08a] → POST /mavis/api/hooks/execute
[19:04:40.176] INFO: [daemon.js:17438] [hook-registry] matcher did not match, hook filtered out {"module":"hook-registry","hookId":"builtin:binary-read-guard","matcher":"^[Rr]ead$","matchValue":"bash"}
[19:04:40.176] INFO: [daemon.js:17438] [hook-registry] matcher did not match, hook filtered out {"module":"hook-registry","hookId":"builtin:docx-skill-env-gate","matcher":"^[Ss][Kk][Ii][Ll][Ll]$","matchValue":"bash"}
[19:04:40.176] INFO: [daemon.js:17438] [hook-registry] hooks filtered by matcher {"module":"hook-registry","hookEvent":"PreToolUse","matchValue":"bash","beforeCount":2,"afterCount":0}
[19:04:40.176] INFO: [daemon.js:17438] [c192f3ae2610433b92110c3add61e08a] ← POST /mavis/api/hooks/execute status=200 duration=0ms {"locale":"en"}
[19:04:40.400] INFO: [daemon.js:17438] [9da7ddc77ff745f3a2a77bb4f1455304] → GET /mavis/health
[19:04:40.400] INFO: [daemon.js:17438] [9da7ddc77ff745f3a2a77bb4f1455304] ← GET /mavis/health status=200 duration=0ms {"locale":"en"}
[19:04:40.404] INFO: [daemon.js:17438] [341793b74e4f412b937a3db8c9e478e9] → GET /mavis/api/session/mvs_90568c75622b4fdcbad5628befce3622/message {"callerAgent":"mavis","callerSession":"mvs_b64802478430455b968a4d7fb38e953a"}
[19:04:40.404] INFO: [daemon.js:17438] MessageStore list completed {"ctx":{"traceId":"341793b74e4f412b937a3db8c9e478e9","callerAgent":"mavis","callerSession":"mvs_b64802478430455b968a4d7fb38e953a","locale":"en"},"sessionId":"mvs_90568c75622b4fdcbad5628befce3622","durationMs":0,"messageCount":5,"hasNextCursor":false}
[19:04:40.405] INFO: [daemon.js:17438] [341793b74e4f412b937a3db8c9e478e9] ← GET /mavis/api/session/mvs_90568c75622b4fdcbad5628befce3622/message status=200 duration=1ms {"callerAgent":"mavis","callerSession":"mvs_b64802478430455b968a4d7fb38e953a","locale":"en"}
[19:04:40.428] INFO: [daemon.js:17438] [14a48bd2dcad469cb3b512bfa085ad35] → GET /mavis/health
[19:04:40.428] INFO: [daemon.js:17438] [14a48bd2dcad469cb3b512bfa085ad35] ← GET /mavis/health status=200 duration=0ms {"locale":"en"}
[19:04:40.433] INFO: [daemon.js:17438] [f065cd29bf2d4b40ae7a635e765067e1] → POST /mavis/api/metrics/runtime-event
[19:04:40.433] INFO: [daemon.js:17438] [f065cd29bf2d4b40ae7a635e765067e1] ← POST /mavis/api/metrics/runtime-event status=204 duration=0ms {"locale":"en"}
[19:04:40.433] INFO: [daemon.js:17438] [dc98680c268e41f99bd35256025fbaf2] → POST /mavis/api/hooks/execute
[19:04:40.434] INFO: [daemon.js:17438] [hook-registry] matcher did not match, hook filtered out {"module":"hook-registry","hookId":"builtin:read-image-compressor","matcher":"^[Rr]ead$","matchValue":"bash"}
[19:04:40.434] INFO: [daemon.js:17438] [hook-registry] hooks filtered by matcher {"module":"hook-registry","hookEvent":"PostToolUse","matchValue":"bash","beforeCount":7,"afterCount":6}
[19:04:40.434] INFO: [daemon.js:17438] [dc98680c268e41f99bd35256025fbaf2] ← POST /mavis/api/hooks/execute status=200 duration=1ms {"locale":"en"}
[19:04:40.436] INFO: [daemon.js:17438] [c2ad3c9b1459431e914847f23fdee361] → POST /mavis/api/metrics/runtime-event
[19:04:40.437] INFO: [daemon.js:17438] [c2ad3c9b1459431e914847f23fdee361] ← POST /mavis/api/metrics/runtime-event status=204 duration=1ms {"locale":"en"}
[19:04:40.448] INFO: [daemon.js:17438] [4090ae39d8614110ac76ef4954cb1081] → POST /mavis/api/metrics/runtime-event
[19:04:40.448] INFO: [daemon.js:17438] [4090ae39d8614110ac76ef4954cb1081] ← POST /mavis/api/metrics/runtime-event status=204 duration=0ms {"locale":"en"}
[19:04:40.449] INFO: [daemon.js:17438] [a1d05e602b8d4e66a4c1a0aa74c1bca9] → GET /mavis/api/session/mvs_b64802478430455b968a4d7fb38e953a
[19:04:40.449] INFO: [daemon.js:17438] [a1d05e602b8d4e66a4c1a0aa74c1bca9] ← GET /mavis/api/session/mvs_b64802478430455b968a4d7fb38e953a status=200 duration=0ms {"locale":"en"}
[19:04:44.901] INFO: [daemon.js:17438] [f6beca6d4b9a409aa39c322fc415903f] → POST /mavis/api/metrics/runtime-event
[19:04:44.902] INFO: [daemon.js:17438] [f6beca6d4b9a409aa39c322fc415903f] ← POST /mavis/api/metrics/runtime-event status=204 duration=1ms {"locale":"en"}
[19:04:44.908] INFO: [daemon.js:17438] [dd7b197bb28f403ab25093690fd9c6fd] [monitor] response TTFT measured sessionId=mvs_b64802478430455b968a4d7fb38e953a agentName=mavis ttftMs=22122 breakdown={"resolveSession":0,"reconcileConfig":0,"hooks":6,"modelResolve":0,"adapterSend":22116}
[19:04:44.916] INFO: [daemon.js:17438] [f0e0eec0de414e6da3697fec8f8216d3] → GET /mavis/api/session/mvs_b64802478430455b968a4d7fb38e953a
[19:04:44.917] INFO: [daemon.js:17438] [f0e0eec0de414e6da3697fec8f8216d3] ← GET /mavis/api/session/mvs_b64802478430455b968a4d7fb38e953a status=200 duration=1ms {"locale":"en"}
[19:04:45.579] INFO: [daemon.js:17438] [753a65ef6e91408fad1c6235c5c74034] [bridge] Emitting session.finish event sessionId=mvs_b64802478430455b968a4d7fb38e953a agentName=mavis isError=false
[19:04:45.582] INFO: [daemon.js:17438] [296402374e31469fb4625899e6719e5b] → GET /mavis/api/session/mvs_90568c75622b4fdcbad5628befce3622
[19:04:45.584] INFO: [daemon.js:17438] [b7f5fe5171e84131bd58091682c07e7b] [cron-store] Loaded cron configs, count=0
[19:04:45.592] INFO: [daemon.js:17438] [296402374e31469fb4625899e6719e5b] ← GET /mavis/api/session/mvs_90568c75622b4fdcbad5628befce3622 status=200 duration=10ms {"locale":"en"}
[19:04:45.610] INFO: [daemon.js:17438] [336be3f8e7b441709f2a0609ed6c5e96] → GET /mavis/api/session/mvs_90568c75622b4fdcbad5628befce3622
[19:04:45.613] INFO: [daemon.js:17438] [336be3f8e7b441709f2a0609ed6c5e96] ← GET /mavis/api/session/mvs_90568c75622b4fdcbad5628befce3622 status=200 duration=3ms {"locale":"en"}
[19:04:50.434] INFO: [daemon.js:17438] [6bc23fc7d0ed4af58edc92b1a9b55f46] → GET /mavis/health
[19:04:50.434] INFO: [daemon.js:17438] [6bc23fc7d0ed4af58edc92b1a9b55f46] ← GET /mavis/health status=200 duration=0ms {"locale":"en"}
[19:05:00.446] INFO: [daemon.js:17438] [61d6049301184797b649cb3f21732dc9] → GET /mavis/health
[19:05:00.446] INFO: [daemon.js:17438] [61d6049301184797b649cb3f21732dc9] ← GET /mavis/health status=200 duration=0ms {"locale":"en"}
[19:05:10.462] INFO: [daemon.js:17438] [30ac0db4aad64d58a5cce6f7e719d5c8] → GET /mavis/health
[19:05:10.463] INFO: [daemon.js:17438] [30ac0db4aad64d58a5cce6f7e719d5c8] ← GET /mavis/health status=200 duration=1ms {"locale":"en"}
[19:05:20.467] INFO: [daemon.js:17438] [3cc611a8d4754cd3a63737a7350be6f3] → GET /mavis/health
[19:05:20.468] INFO: [daemon.js:17438] [3cc611a8d4754cd3a63737a7350be6f3] ← GET /mavis/health status=200 duration=1ms {"locale":"en"}
[19:05:30.488] INFO: [daemon.js:17438] [2eaba187fafa41ee9789d5f989d4b19a] → GET /mavis/health
[19:05:30.489] INFO: [daemon.js:17438] [2eaba187fafa41ee9789d5f989d4b19a] ← GET /mavis/health status=200 duration=1ms {"locale":"en"}
[19:05:37.172] INFO: [daemon.js:17438] [1b88b086290f4c1ca5be7dc393b05656] → GET /mavis/mcp/cu
[19:05:37.173] INFO: [daemon.js:17438] [1b88b086290f4c1ca5be7dc393b05656] ← GET /mavis/mcp/cu status=200 duration=1ms {"locale":"en"}
[19:05:37.174] INFO: [daemon.js:17438] [16bfab8a306c457db9c6fd0646c56e0a] → GET /mavis/mcp/trash
[19:05:37.174] INFO: [daemon.js:17438] [16bfab8a306c457db9c6fd0646c56e0a] ← GET /mavis/mcp/trash status=200 duration=0ms {"locale":"en"}
[19:05:40.493] INFO: [daemon.js:17438] [28bd22bc52774ed7b902b19a87695a60] → GET /mavis/health
[19:05:40.493] INFO: [daemon.js:17438] [28bd22bc52774ed7b902b19a87695a60] ← GET /mavis/health status=200 duration=0ms {"locale":"en"}
[19:05:50.502] INFO: [daemon.js:17438] [ab55603705764e78b4ca1f0bd93f4b47] → GET /mavis/health
[19:05:50.502] INFO: [daemon.js:17438] [ab55603705764e78b4ca1f0bd93f4b47] ← GET /mavis/health status=200 duration=0ms {"locale":"en"}
[19:06:00.511] INFO: [daemon.js:17438] [2e0033b74eaa47f9adcc2fa41e894abe] → GET /mavis/health
[19:06:00.511] INFO: [daemon.js:17438] [2e0033b74eaa47f9adcc2fa41e894abe] ← GET /mavis/health status=200 duration=0ms {"locale":"en"}
[19:06:09.709] INFO: [daemon.js:17438] [75e17b608cd048ec99c757b7ae753d4d] → POST /mavis/mcp/cu
[19:06:09.710] INFO: [daemon.js:17438] [75e17b608cd048ec99c757b7ae753d4d] ← POST /mavis/mcp/cu status=200 duration=1ms {"locale":"en"}
[19:06:09.710] INFO: [daemon.js:17438] [07ae800fa02c4cbdad1ddd722e6ab1c3] → POST /mavis/mcp/trash
[19:06:09.710] INFO: [daemon.js:17438] [07ae800fa02c4cbdad1ddd722e6ab1c3] ← POST /mavis/mcp/trash status=200 duration=0ms {"locale":"en"}
[19:06:09.946] INFO: [daemon.js:17438] [a782d546520e4f6398eac35f84610d4b] [mcp:matrix:stderr] [matrix-mcp-cli] tools/list dropped 2 unknown tool(s) not in this cli's KNOWN_TOOLS: matrix_extract_content_from_websites, matrix_get_upload_url
[19:06:10.499] INFO: [daemon.js:17438] [4901c8f63549431daa0da1059ad359ab] → GET /mavis/health
[19:06:10.499] INFO: [daemon.js:17438] [4901c8f63549431daa0da1059ad359ab] ← GET /mavis/health status=200 duration=0ms {"locale":"en"}
[19:06:20.509] INFO: [daemon.js:17438] [0d16e6bf607a4ae484fca61ce0c1f3f7] → GET /mavis/health
[19:06:20.510] INFO: [daemon.js:17438] [0d16e6bf607a4ae484fca61ce0c1f3f7] ← GET /mavis/health status=200 duration=1ms {"locale":"en"}
[19:06:30.525] INFO: [daemon.js:17438] [609e30d2e99045fb9385cbe4c3363a41] → GET /mavis/health
[19:06:30.526] INFO: [daemon.js:17438] [609e30d2e99045fb9385cbe4c3363a41] ← GET /mavis/health status=200 duration=1ms {"locale":"en"}
[19:06:40.530] INFO: [daemon.js:17438] [8d6b1522c30943c4acc57b03a92d6cc1] → GET /mavis/health
[19:06:40.531] INFO: [daemon.js:17438] [8d6b1522c30943c4acc57b03a92d6cc1] ← GET /mavis/health status=200 duration=1ms {"locale":"en"}
[19:06:50.534] INFO: [daemon.js:17438] [65e8fb4b4b134eb7a73a19a7f2e30ddc] → GET /mavis/health
[19:06:50.535] INFO: [daemon.js:17438] [65e8fb4b4b134eb7a73a19a7f2e30ddc] ← GET /mavis/health status=200 duration=1ms {"locale":"en"}
[19:07:00.533] INFO: [daemon.js:17438] [3f2b3d0ad9544638992deb7704e9661a] → GET /mavis/health
[19:07:00.534] INFO: [daemon.js:17438] [3f2b3d0ad9544638992deb7704e9661a] ← GET /mavis/health status=200 duration=1ms {"locale":"en"}
[19:07:10.545] INFO: [daemon.js:17438] [16c3fa077e464e6cb618b7051ef93ff5] → GET /mavis/health
[19:07:10.545] INFO: [daemon.js:17438] [16c3fa077e464e6cb618b7051ef93ff5] ← GET /mavis/health status=200 duration=0ms {"locale":"en"}
[19:07:16.358] INFO: [daemon.js:17438] [9d5dccb32fea4cb592f37933ed93ea8a] → GET /mavis/api/session/mvs_b64802478430455b968a4d7fb38e953a/message
[19:07:16.359] INFO: [daemon.js:17438] MessageStore list completed {"ctx":{"traceId":"9d5dccb32fea4cb592f37933ed93ea8a","locale":"en"},"sessionId":"mvs_b64802478430455b968a4d7fb38e953a","durationMs":1,"messageCount":23,"hasNextCursor":false}
[19:07:16.359] INFO: [daemon.js:17438] [9d5dccb32fea4cb592f37933ed93ea8a] ← GET /mavis/api/session/mvs_b64802478430455b968a4d7fb38e953a/message status=200 duration=1ms {"locale":"en"}
[19:07:16.360] INFO: [daemon.js:17438] [c59a19d4dc734af29fc0845d294f8f99] → GET /mavis/api/permission/requests
[19:07:16.360] INFO: [daemon.js:17438] [c59a19d4dc734af29fc0845d294f8f99] ← GET /mavis/api/permission/requests status=200 duration=0ms {"locale":"en"}
[19:07:16.364] INFO: [daemon.js:17438] [5f166ca6380c487fae417b5512b2cebe] → GET /mavis/api/session/mvs_b64802478430455b968a4d7fb38e953a
[19:07:16.370] INFO: [daemon.js:17438] [5f166ca6380c487fae417b5512b2cebe] ← GET /mavis/api/session/mvs_b64802478430455b968a4d7fb38e953a status=200 duration=6ms {"locale":"en"}
[19:07:16.372] INFO: [daemon.js:17438] [4627a6efc0e9481d900d640fdca55452] → GET /mavis/api/session/mvs_90568c75622b4fdcbad5628befce3622
[19:07:16.373] INFO: [daemon.js:17438] [edd2c5e79c2747fe93d8e33051678907] → GET /mavis/api/session/mvs_b64802478430455b968a4d7fb38e953a/queue
[19:07:16.373] INFO: [daemon.js:17438] [edd2c5e79c2747fe93d8e33051678907] ← GET /mavis/api/session/mvs_b64802478430455b968a4d7fb38e953a/queue status=200 duration=0ms {"locale":"en"}
[19:07:16.379] INFO: [daemon.js:17438] [4627a6efc0e9481d900d640fdca55452] ← GET /mavis/api/session/mvs_90568c75622b4fdcbad5628befce3622 status=200 duration=7ms {"locale":"en"}
[19:07:20.556] INFO: [daemon.js:17438] [f596c3c75dcb41aca4e5c1ec71793fbf] → GET /mavis/health
[19:07:20.556] INFO: [daemon.js:17438] [f596c3c75dcb41aca4e5c1ec71793fbf] ← GET /mavis/health status=200 duration=0ms {"locale":"en"}
[19:07:22.462] INFO: [daemon.js:17438] [ae1836eaf76443afaa939cac7564bfb1] → GET /mavis/api/session/mvs_b64802478430455b968a4d7fb38e953a/message
[19:07:22.463] INFO: [daemon.js:17438] MessageStore list completed {"ctx":{"traceId":"ae1836eaf76443afaa939cac7564bfb1","locale":"en"},"sessionId":"mvs_b64802478430455b968a4d7fb38e953a","durationMs":0,"messageCount":23,"hasNextCursor":false}
[19:07:22.463] INFO: [daemon.js:17438] [ae1836eaf76443afaa939cac7564bfb1] ← GET /mavis/api/session/mvs_b64802478430455b968a4d7fb38e953a/message status=200 duration=1ms {"locale":"en"}
[19:07:22.464] INFO: [daemon.js:17438] [03d8b046add6493d8b7daf9ad22a2fa5] → GET /mavis/api/permission/requests
[19:07:22.464] INFO: [daemon.js:17438] [03d8b046add6493d8b7daf9ad22a2fa5] ← GET /mavis/api/permission/requests status=200 duration=0ms {"locale":"en"}
[19:07:22.467] INFO: [daemon.js:17438] [a26141e7579e499194e537d7b21ce821] → GET /mavis/api/session/mvs_b64802478430455b968a4d7fb38e953a
[19:07:22.474] INFO: [daemon.js:17438] [a26141e7579e499194e537d7b21ce821] ← GET /mavis/api/session/mvs_b64802478430455b968a4d7fb38e953a status=200 duration=7ms {"locale":"en"}
[19:07:22.476] INFO: [daemon.js:17438] [b58c3cf2e1b64971903b4c29c1433ce7] → GET /mavis/api/session/mvs_90568c75622b4fdcbad5628befce3622
[19:07:22.476] INFO: [daemon.js:17438] [61086ddc031c4971a0722daa3b60164a] → GET /mavis/api/session/mvs_b64802478430455b968a4d7fb38e953a/queue
[19:07:22.477] INFO: [daemon.js:17438] [61086ddc031c4971a0722daa3b60164a] ← GET /mavis/api/session/mvs_b64802478430455b968a4d7fb38e953a/queue status=200 duration=1ms {"locale":"en"}
[19:07:22.481] INFO: [daemon.js:17438] [b58c3cf2e1b64971903b4c29c1433ce7] ← GET /mavis/api/session/mvs_90568c75622b4fdcbad5628befce3622 status=200 duration=5ms {"locale":"en"}
[19:07:30.558] INFO: [daemon.js:17438] [24c0b2c100ca4b8db5a0686a1b94b40a] → GET /mavis/health
[19:07:30.558] INFO: [daemon.js:17438] [24c0b2c100ca4b8db5a0686a1b94b40a] ← GET /mavis/health status=200 duration=0ms {"locale":"en"}
[19:07:38.728] INFO: [daemon.js:17438] [701f7b06647a4832bd18e76af7f04adb] → GET /mavis/api/models
[19:07:38.728] INFO: [daemon.js:17438] [642d64c116674c71a884c0ba197ed62a] → GET /mavis/api/session/mvs_90568c75622b4fdcbad5628befce3622/queue
[19:07:38.729] INFO: [daemon.js:17438] [642d64c116674c71a884c0ba197ed62a] ← GET /mavis/api/session/mvs_90568c75622b4fdcbad5628befce3622/queue status=200 duration=1ms {"locale":"en"}
[19:07:38.729] INFO: [daemon.js:17438] [16a94182c51642fb87c3520295c28d3e] → GET /mavis/api/agent/general/questionnaire/pending
[19:07:38.729] INFO: [daemon.js:17438] [16a94182c51642fb87c3520295c28d3e] ← GET /mavis/api/agent/general/questionnaire/pending status=200 duration=0ms {"locale":"en"}
[19:07:38.850] INFO: [daemon.js:17438] [63943235d4c74b258cf370fece5da1ad] → GET /mavis/api/session/mvs_90568c75622b4fdcbad5628befce3622
[19:07:38.858] INFO: [daemon.js:17438] [63943235d4c74b258cf370fece5da1ad] ← GET /mavis/api/session/mvs_90568c75622b4fdcbad5628befce3622 status=200 duration=8ms {"locale":"en"}
[19:07:38.860] INFO: [daemon.js:17438] [746115aae27b42ca917aa7c6525b9b06] → GET /mavis/api/session/mvs_90568c75622b4fdcbad5628befce3622/message
[19:07:38.861] INFO: [daemon.js:17438] MessageStore list completed {"ctx":{"traceId":"746115aae27b42ca917aa7c6525b9b06","locale":"en"},"sessionId":"mvs_90568c75622b4fdcbad5628befce3622","durationMs":0,"messageCount":5,"hasNextCursor":false}
[19:07:38.861] INFO: [daemon.js:17438] [746115aae27b42ca917aa7c6525b9b06] ← GET /mavis/api/session/mvs_90568c75622b4fdcbad5628befce3622/message status=200 duration=1ms {"locale":"en"}
[19:07:38.863] INFO: [daemon.js:17438] [d8d873649d104b439e444099ac7ec0f3] → GET /mavis/api/session/mvs_90568c75622b4fdcbad5628befce3622/queue
[19:07:38.863] INFO: [daemon.js:17438] [d8d873649d104b439e444099ac7ec0f3] ← GET /mavis/api/session/mvs_90568c75622b4fdcbad5628befce3622/queue status=200 duration=0ms {"locale":"en"}
[19:07:39.097] INFO: [daemon.js:17438] [701f7b06647a4832bd18e76af7f04adb] ← GET /mavis/api/models status=200 duration=369ms {"locale":"en"}
[19:07:40.575] INFO: [daemon.js:17438] [f1eab5c1d11743e79e51918c1db4f211] → GET /mavis/health
[19:07:40.576] INFO: [daemon.js:17438] [f1eab5c1d11743e79e51918c1db4f211] ← GET /mavis/health status=200 duration=1ms {"locale":"en"}
[19:07:42.196] INFO: [daemon.js:17438] [537241e6bd9e41f486044ff98989a6cb] → GET /mavis/api/models
[19:07:42.196] INFO: [daemon.js:17438] [537241e6bd9e41f486044ff98989a6cb] ← GET /mavis/api/models status=200 duration=0ms {"locale":"en"}
[19:07:42.197] INFO: [daemon.js:17438] [0aa7e57798b046fcafc21bcb6fc284f9] → GET /mavis/api/session/mvs_b64802478430455b968a4d7fb38e953a/queue
[19:07:42.197] INFO: [daemon.js:17438] [0aa7e57798b046fcafc21bcb6fc284f9] ← GET /mavis/api/session/mvs_b64802478430455b968a4d7fb38e953a/queue status=200 duration=0ms {"locale":"en"}
[19:07:42.197] INFO: [daemon.js:17438] [0252efe9fdf24e96921d10bd6ec0053a] → GET /mavis/api/agent/mavis/questionnaire/pending
[19:07:42.198] INFO: [daemon.js:17438] [0252efe9fdf24e96921d10bd6ec0053a] ← GET /mavis/api/agent/mavis/questionnaire/pending status=200 duration=1ms {"locale":"en"}
[19:07:42.317] INFO: [daemon.js:17438] [434fb64b8ba64ab188040e6c64176d16] → GET /mavis/api/session/mvs_b64802478430455b968a4d7fb38e953a
[19:07:42.324] INFO: [daemon.js:17438] [434fb64b8ba64ab188040e6c64176d16] ← GET /mavis/api/session/mvs_b64802478430455b968a4d7fb38e953a status=200 duration=7ms {"locale":"en"}
[19:07:42.326] INFO: [daemon.js:17438] [0f7fc4eb8ec34f3e9475d9902f108d9a] → GET /mavis/api/session/mvs_b64802478430455b968a4d7fb38e953a/message
[19:07:42.327] INFO: [daemon.js:17438] MessageStore list completed {"ctx":{"traceId":"0f7fc4eb8ec34f3e9475d9902f108d9a","locale":"en"},"sessionId":"mvs_b64802478430455b968a4d7fb38e953a","durationMs":0,"messageCount":23,"hasNextCursor":false}
[19:07:42.327] INFO: [daemon.js:17438] [0f7fc4eb8ec34f3e9475d9902f108d9a] ← GET /mavis/api/session/mvs_b64802478430455b968a4d7fb38e953a/message status=200 duration=1ms {"locale":"en"}
[19:07:42.351] INFO: [daemon.js:17438] [1f0785b39fd04cb680f93c63fda0c363] → GET /mavis/api/session/mvs_90568c75622b4fdcbad5628befce3622
[19:07:42.352] INFO: [daemon.js:17438] [fdf2fd3d2c2d4f8c89a520809f8585bd] → GET /mavis/api/session/mvs_b64802478430455b968a4d7fb38e953a/queue
[19:07:42.352] INFO: [daemon.js:17438] [fdf2fd3d2c2d4f8c89a520809f8585bd] ← GET /mavis/api/session/mvs_b64802478430455b968a4d7fb38e953a/queue status=200 duration=0ms {"locale":"en"}
[19:07:42.357] INFO: [daemon.js:17438] [1f0785b39fd04cb680f93c63fda0c363] ← GET /mavis/api/session/mvs_90568c75622b4fdcbad5628befce3622 status=200 duration=6ms {"locale":"en"}
[19:07:43.464] INFO: [daemon.js:17438] [34573b35183c4ca8807e24342ba9b085] → GET /mavis/api/agent/general/session/tree
[19:07:43.465] INFO: [daemon.js:17438] [28a9524b9cf946698450d71851f66b63] → GET /mavis/api/agent/general/skill
[19:07:43.465] INFO: [daemon.js:17438] [99818b23f3bd4743a8334dd510960cb6] → GET /mavis/api/session/mvs_90568c75622b4fdcbad5628befce3622/queue
[19:07:43.465] INFO: [daemon.js:17438] [99818b23f3bd4743a8334dd510960cb6] ← GET /mavis/api/session/mvs_90568c75622b4fdcbad5628befce3622/queue status=200 duration=0ms {"locale":"en"}
[19:07:43.466] INFO: [daemon.js:17438] [6ab58e4f75b1461fb1138a03fba07f6d] → GET /mavis/api/agent/general/questionnaire/pending
[19:07:43.466] INFO: [daemon.js:17438] [6ab58e4f75b1461fb1138a03fba07f6d] ← GET /mavis/api/agent/general/questionnaire/pending status=200 duration=0ms {"locale":"en"}
[19:07:43.466] INFO: [daemon.js:17438] skill block emitted {"ctx":{"traceId":"b410144a779d493eb0abbed8df2e8b93"},"event":"skill_block_emitted","agent":"general","total_count":22,"total_chars":10433,"skills":[{"name":"create-agent","char_count":676,"source_kind":"builtin-global"},{"name":"init-harness","char_count":521,"source_kind":"builtin-global"},{"name":"lark-tools","char_count":899,"source_kind":"builtin-global"},{"name":"literature-note","char_count":281,"source_kind":"user-mavis"},{"name":"llm-call","char_count":337,"source_kind":"builtin-global"},{"name":"mavis","char_count":950,"source_kind":"builtin-global"},{"name":"mavis-browser","char_count":355,"source_kind":"builtin-global"},{"name":"mcp-cli","char_count":121,"source_kind":"builtin-global"},{"name":"mcp-onboarding","char_count":169,"source_kind":"builtin-global"},{"name":"minimax-docx","char_count":235,"source_kind":"builtin-global"},{"name":"minimax-pdf","char_count":322,"source_kind":"builtin-global"},{"name":"minimax-pptx","char_count":261,"source_kind":"builtin-global"},{"name":"minimax-xlsx","char_count":350,"source_kind":"builtin-global"},{"name":"obsidian-cli","char_count":1134,"source_kind":null},{"name":"plan-mode","char_count":308,"source_kind":"builtin-global"},{"name":"skill-creator","char_count":363,"source_kind":"builtin-global"},{"name":"skill-evolution","char_count":614,"source_kind":"builtin-global"},{"name":"skill-refiner","char_count":326,"source_kind":"builtin-global"},{"name":"visual-summary","char_count":614,"source_kind":"builtin-global"},{"name":"worktree-management","char_count":480,"source_kind":"builtin-global"},{"name":"x-link-reader","char_count":315,"source_kind":"builtin-global"},{"name":"zotero-use","char_count":802,"source_kind":null}]}
[19:07:43.466] INFO: [daemon.js:17438] [28a9524b9cf946698450d71851f66b63] ← GET /mavis/api/agent/general/skill status=200 duration=1ms {"locale":"en"}
[19:07:43.470] INFO: [daemon.js:17438] [34573b35183c4ca8807e24342ba9b085] ← GET /mavis/api/agent/general/session/tree status=200 duration=6ms {"locale":"en"}
[19:07:43.592] INFO: [daemon.js:17438] [157e37c834a54f78a11b7b6b612bbb5e] → GET /mavis/api/session/mvs_90568c75622b4fdcbad5628befce3622
[19:07:43.595] INFO: [daemon.js:17438] [157e37c834a54f78a11b7b6b612bbb5e] ← GET /mavis/api/session/mvs_90568c75622b4fdcbad5628befce3622 status=200 duration=3ms {"locale":"en"}
[19:07:43.597] INFO: [daemon.js:17438] [2a062e0ae74040c183bd85769dc224ef] → GET /mavis/api/session/mvs_90568c75622b4fdcbad5628befce3622/message
[19:07:43.597] INFO: [daemon.js:17438] MessageStore list completed {"ctx":{"traceId":"2a062e0ae74040c183bd85769dc224ef","locale":"en"},"sessionId":"mvs_90568c75622b4fdcbad5628befce3622","durationMs":0,"messageCount":5,"hasNextCursor":false}
[19:07:43.597] INFO: [daemon.js:17438] [2a062e0ae74040c183bd85769dc224ef] ← GET /mavis/api/session/mvs_90568c75622b4fdcbad5628befce3622/message status=200 duration=0ms {"locale":"en"}
[19:07:43.600] INFO: [daemon.js:17438] [73e85bd81c72450e9c567528eb3f9adb] → GET /mavis/api/session/mvs_90568c75622b4fdcbad5628befce3622/queue
[19:07:43.600] INFO: [daemon.js:17438] [73e85bd81c72450e9c567528eb3f9adb] ← GET /mavis/api/session/mvs_90568c75622b4fdcbad5628befce3622/queue status=200 duration=1ms {"locale":"en"}
[19:07:45.604] INFO: [daemon.js:17438] [ec023fafe6994e499247f520a7ba6f82] → GET /mavis/api/agent/mavis/skill
[19:07:45.605] INFO: [daemon.js:17438] skill block emitted {"ctx":{"traceId":"77a692b0405245dd9029607a99079e37"},"event":"skill_block_emitted","agent":"mavis","total_count":24,"total_chars":11685,"skills":[{"name":"create-agent","char_count":676,"source_kind":"builtin-global"},{"name":"init-harness","char_count":521,"source_kind":"builtin-global"},{"name":"lark-tools","char_count":899,"source_kind":"builtin-global"},{"name":"literature-note","char_count":281,"source_kind":"user-mavis"},{"name":"llm-call","char_count":337,"source_kind":"builtin-global"},{"name":"mavis","char_count":950,"source_kind":"builtin-global"},{"name":"mavis-browser","char_count":355,"source_kind":"builtin-global"},{"name":"mavis-doctor","char_count":300,"source_kind":"builtin-agent"},{"name":"mavis-team","char_count":952,"source_kind":"builtin-agent"},{"name":"mcp-cli","char_count":121,"source_kind":"builtin-global"},{"name":"mcp-onboarding","char_count":169,"source_kind":"builtin-global"},{"name":"minimax-docx","char_count":235,"source_kind":"builtin-global"},{"name":"minimax-pdf","char_count":322,"source_kind":"builtin-global"},{"name":"minimax-pptx","char_count":261,"source_kind":"builtin-global"},{"name":"minimax-xlsx","char_count":350,"source_kind":"builtin-global"},{"name":"obsidian-cli","char_count":1134,"source_kind":null},{"name":"plan-mode","char_count":308,"source_kind":"builtin-global"},{"name":"skill-creator","char_count":363,"source_kind":"builtin-global"},{"name":"skill-evolution","char_count":614,"source_kind":"builtin-global"},{"name":"skill-refiner","char_count":326,"source_kind":"builtin-global"},{"name":"visual-summary","char_count":614,"source_kind":"builtin-global"},{"name":"worktree-management","char_count":480,"source_kind":"builtin-global"},{"name":"x-link-reader","char_count":315,"source_kind":"builtin-global"},{"name":"zotero-use","char_count":802,"source_kind":null}]}
[19:07:45.605] INFO: [daemon.js:17438] [ec023fafe6994e499247f520a7ba6f82] ← GET /mavis/api/agent/mavis/skill status=200 duration=2ms {"locale":"en"}
[19:07:45.605] INFO: [daemon.js:17438] [5105343bc8e24dd19136914f8802467a] → GET /mavis/api/session/mvs_b64802478430455b968a4d7fb38e953a/queue
[19:07:45.605] INFO: [daemon.js:17438] [5105343bc8e24dd19136914f8802467a] ← GET /mavis/api/session/mvs_b64802478430455b968a4d7fb38e953a/queue status=200 duration=0ms {"locale":"en"}
[19:07:45.606] INFO: [daemon.js:17438] [bca03a01f0f849f19f7b6a55c3afabec] → GET /mavis/api/agent/mavis/questionnaire/pending
[19:07:45.606] INFO: [daemon.js:17438] [bca03a01f0f849f19f7b6a55c3afabec] ← GET /mavis/api/agent/mavis/questionnaire/pending status=200 duration=0ms {"locale":"en"}
[19:07:45.734] INFO: [daemon.js:17438] [65c9891e4f58408ebeebbb9492d46504] → GET /mavis/api/session/mvs_b64802478430455b968a4d7fb38e953a
[19:07:45.738] INFO: [daemon.js:17438] [65c9891e4f58408ebeebbb9492d46504] ← GET /mavis/api/session/mvs_b64802478430455b968a4d7fb38e953a status=200 duration=4ms {"locale":"en"}
[19:07:45.740] INFO: [daemon.js:17438] [d702b077e8d94d0bb0cc02865ef9d739] → GET /mavis/api/session/mvs_b64802478430455b968a4d7fb38e953a/message
[19:07:45.741] INFO: [daemon.js:17438] MessageStore list completed {"ctx":{"traceId":"d702b077e8d94d0bb0cc02865ef9d739","locale":"en"},"sessionId":"mvs_b64802478430455b968a4d7fb38e953a","durationMs":0,"messageCount":23,"hasNextCursor":false}
[19:07:45.741] INFO: [daemon.js:17438] [d702b077e8d94d0bb0cc02865ef9d739] ← GET /mavis/api/session/mvs_b64802478430455b968a4d7fb38e953a/message status=200 duration=1ms {"locale":"en"}
[19:07:45.746] INFO: [daemon.js:17438] [a96e596945ca455ab20f202193809cb9] → GET /mavis/api/session/mvs_90568c75622b4fdcbad5628befce3622
[19:07:45.746] INFO: [daemon.js:17438] [b09b60ac9feb411f900274ed57834540] → GET /mavis/api/session/mvs_b64802478430455b968a4d7fb38e953a/queue
[19:07:45.746] INFO: [daemon.js:17438] [b09b60ac9feb411f900274ed57834540] ← GET /mavis/api/session/mvs_b64802478430455b968a4d7fb38e953a/queue status=200 duration=0ms {"locale":"en"}
[19:07:45.752] INFO: [daemon.js:17438] [a96e596945ca455ab20f202193809cb9] ← GET /mavis/api/session/mvs_90568c75622b4fdcbad5628befce3622 status=200 duration=6ms {"locale":"en"}
[19:07:50.570] INFO: [daemon.js:17438] [8d83a4146207422eaa976e6df4a807a6] → GET /mavis/health
[19:07:50.570] INFO: [daemon.js:17438] [8d83a4146207422eaa976e6df4a807a6] ← GET /mavis/health status=200 duration=0ms {"locale":"en"}
[19:08:00.586] INFO: [daemon.js:17438] [1fa8276199cc4b36bd910c1508791892] → GET /mavis/health
[19:08:00.587] INFO: [daemon.js:17438] [1fa8276199cc4b36bd910c1508791892] ← GET /mavis/health status=200 duration=1ms {"locale":"en"}
[19:08:09.528] INFO: [daemon.js:17438] [3c57c6fd5ddc48c587831cce2ab10d6d] → GET /mavis/api/session/mvs_b64802478430455b968a4d7fb38e953a/message
[19:08:09.528] INFO: [daemon.js:17438] MessageStore list completed {"ctx":{"traceId":"3c57c6fd5ddc48c587831cce2ab10d6d","locale":"en"},"sessionId":"mvs_b64802478430455b968a4d7fb38e953a","durationMs":0,"messageCount":23,"hasNextCursor":false}
[19:08:09.529] INFO: [daemon.js:17438] [3c57c6fd5ddc48c587831cce2ab10d6d] ← GET /mavis/api/session/mvs_b64802478430455b968a4d7fb38e953a/message status=200 duration=1ms {"locale":"en"}
[19:08:09.529] INFO: [daemon.js:17438] [249d59debb3a483093a9b85f78cbd613] → GET /mavis/api/permission/requests
[19:08:09.529] INFO: [daemon.js:17438] [249d59debb3a483093a9b85f78cbd613] ← GET /mavis/api/permission/requests status=200 duration=0ms {"locale":"en"}
[19:08:09.539] INFO: [daemon.js:17438] [7c9614c3234e4bf0a4c968b92dbc4fac] → GET /mavis/api/session/mvs_b64802478430455b968a4d7fb38e953a
[19:08:09.544] INFO: [daemon.js:17438] [7c9614c3234e4bf0a4c968b92dbc4fac] ← GET /mavis/api/session/mvs_b64802478430455b968a4d7fb38e953a status=200 duration=5ms {"locale":"en"}
[19:08:09.546] INFO: [daemon.js:17438] [d59f9fd4ebf24d7cac6a48358c2e6159] → GET /mavis/api/session/mvs_90568c75622b4fdcbad5628befce3622
[19:08:09.547] INFO: [daemon.js:17438] [a328625831984cad9842626fdd6214a5] → GET /mavis/api/session/mvs_b64802478430455b968a4d7fb38e953a/queue
[19:08:09.547] INFO: [daemon.js:17438] [a328625831984cad9842626fdd6214a5] ← GET /mavis/api/session/mvs_b64802478430455b968a4d7fb38e953a/queue status=200 duration=0ms {"locale":"en"}
[19:08:09.553] INFO: [daemon.js:17438] [d59f9fd4ebf24d7cac6a48358c2e6159] ← GET /mavis/api/session/mvs_90568c75622b4fdcbad5628befce3622 status=200 duration=7ms {"locale":"en"}
[19:08:10.604] INFO: [daemon.js:17438] [af79105177c64839b76dfd3e7349c0e1] → GET /mavis/health
[19:08:10.604] INFO: [daemon.js:17438] [af79105177c64839b76dfd3e7349c0e1] ← GET /mavis/health status=200 duration=0ms {"locale":"en"}
[19:08:20.604] INFO: [daemon.js:17438] [3f6b4c3041d7429095a97833f723a2b4] → GET /mavis/health
[19:08:20.605] INFO: [daemon.js:17438] [3f6b4c3041d7429095a97833f723a2b4] ← GET /mavis/health status=200 duration=1ms {"locale":"en"}
[19:08:29.432] INFO: [daemon.js:17438] [e2d040222e9a40e2b808093977caf9c7] → GET /mavis/api/session/mvs_b64802478430455b968a4d7fb38e953a/message
[19:08:29.433] INFO: [daemon.js:17438] MessageStore list completed {"ctx":{"traceId":"e2d040222e9a40e2b808093977caf9c7","locale":"en"},"sessionId":"mvs_b64802478430455b968a4d7fb38e953a","durationMs":0,"messageCount":23,"hasNextCursor":false}
[19:08:29.434] INFO: [daemon.js:17438] [e2d040222e9a40e2b808093977caf9c7] ← GET /mavis/api/session/mvs_b64802478430455b968a4d7fb38e953a/message status=200 duration=2ms {"locale":"en"}
[19:08:29.434] INFO: [daemon.js:17438] [6cd299d0203e41e38b4db09fb1d92c6f] → GET /mavis/api/permission/requests
[19:08:29.435] INFO: [daemon.js:17438] [6cd299d0203e41e38b4db09fb1d92c6f] ← GET /mavis/api/permission/requests status=200 duration=1ms {"locale":"en"}
[19:08:29.437] INFO: [daemon.js:17438] [0eb8aa934856447d9e3cec3da8500923] → GET /mavis/api/session/mvs_b64802478430455b968a4d7fb38e953a
[19:08:29.443] INFO: [daemon.js:17438] [0eb8aa934856447d9e3cec3da8500923] ← GET /mavis/api/session/mvs_b64802478430455b968a4d7fb38e953a status=200 duration=6ms {"locale":"en"}
[19:08:29.446] INFO: [daemon.js:17438] [dc210adcda36437ea2f6104ba4031859] → GET /mavis/api/session/mvs_90568c75622b4fdcbad5628befce3622
[19:08:29.447] INFO: [daemon.js:17438] [63912c16dacc4aaeb00799b70f75b32b] → GET /mavis/api/session/mvs_b64802478430455b968a4d7fb38e953a/queue
[19:08:29.447] INFO: [daemon.js:17438] [63912c16dacc4aaeb00799b70f75b32b] ← GET /mavis/api/session/mvs_b64802478430455b968a4d7fb38e953a/queue status=200 duration=0ms {"locale":"en"}
[19:08:29.454] INFO: [daemon.js:17438] [dc210adcda36437ea2f6104ba4031859] ← GET /mavis/api/session/mvs_90568c75622b4fdcbad5628befce3622 status=200 duration=8ms {"locale":"en"}
[19:08:30.615] INFO: [daemon.js:17438] [2dd57bf5d79048c5993ac70d9ebf7321] → GET /mavis/health
[19:08:30.615] INFO: [daemon.js:17438] [2dd57bf5d79048c5993ac70d9ebf7321] ← GET /mavis/health status=200 duration=0ms {"locale":"en"}
[19:08:39.139] INFO: [daemon.js:17438] [9da04dd9db404d31bda51d4b9c012d66] → POST /mavis/api/agent
[19:08:39.140] INFO: [daemon.js:17438] [9da04dd9db404d31bda51d4b9c012d66] createAgent started: agent=agent-705dc452dac4 framework=opencode {"locale":"en"}
[19:08:39.453] INFO: [daemon.js:17438] [9da04dd9db404d31bda51d4b9c012d66] Agent directory structure created: agent=agent-705dc452dac4 dir=C:\Users\jethr\.mavis\agents\agent-705dc452dac4 {"locale":"en"}
[19:08:39.454] INFO: [daemon.js:17438] [9da04dd9db404d31bda51d4b9c012d66] newSession started, agentName=agent-705dc452dac4, workspaceDir=C:\Users\jethr\.mavis\agents\agent-705dc452dac4\workspace {"locale":"en"}
[19:08:39.454] INFO: [daemon.js:17438] [9da04dd9db404d31bda51d4b9c012d66] Rebuilding agent opencode.json, agentName=agent-705dc452dac4, missingConfig=true {"locale":"en"}
[19:08:39.470] INFO: [daemon.js:17438] [9da04dd9db404d31bda51d4b9c012d66] Spawning opencode serve for agent, bin=C:\Users\jethr\AppData\Local\Programs\MiniMax Code\resources\resources\opencode\opencode.exe, port=61583, cwd=C:\Users\jethr\.mavis\agents\agent-705dc452dac4\workspace, agentName=agent-705dc452dac4 {"locale":"en"}
[19:08:39.503] INFO: [daemon.js:17438] [9da04dd9db404d31bda51d4b9c012d66] OpenCode spawn runtime prepared, agentName=agent-705dc452dac4, agentDataDir=C:\Users\jethr\.mavis\agents\agent-705dc452dac4, xdgConfigHome=C:\Users\jethr\.mavis\opencode\config, xdgDataHome=C:\Users\jethr\.mavis\opencode\data, xdgStateHome=C:\Users\jethr\.mavis\opencode\state, xdgCacheHome=C:\Users\jethr\.mavis\opencode\cache, tmpDir=C:\Users\jethr\.mavis\agents\agent-705dc452dac4\workspace\.opencode\tmp, logDir=C:\Users\jethr\.mavis\logs {"locale":"en"}
[19:08:40.334] INFO: [daemon.js:17438] [9da04dd9db404d31bda51d4b9c012d66] Spawned new agent process, agentName=agent-705dc452dac4, pid=42580, port=61583 {"locale":"en"}
[19:08:40.336] INFO: [daemon.js:17438] [a090ff4ab69f436e8a96dd5acd994989] Connected to global OpenCode SSE event stream, port=61583
[19:08:40.336] INFO: [daemon.js:17438] [535dab492f1b4c78979156c94991cc8a] SSE server.connected received, port=61583
[19:08:40.617] INFO: [daemon.js:17438] [6d830f5364ad4534a52459e66bd2fa47] → GET /mavis/health
[19:08:40.617] INFO: [daemon.js:17438] [6d830f5364ad4534a52459e66bd2fa47] ← GET /mavis/health status=200 duration=0ms {"locale":"en"}
[19:08:44.092] INFO: [daemon.js:17438] [190d298225514b88974a0161e3d5de52] → GET /mavis/api/config
[19:08:44.093] INFO: [daemon.js:17438] [aa6b63c775aa4bed9ab93ee5d27a6be9] → GET /mavis/api/mcp/native-tools
[19:08:44.093] INFO: [daemon.js:17438] [aa6b63c775aa4bed9ab93ee5d27a6be9] ← GET /mavis/api/mcp/native-tools status=200 duration=0ms {"locale":"en"}
[19:08:44.094] INFO: [daemon.js:17438] [190d298225514b88974a0161e3d5de52] ← GET /mavis/api/config status=200 duration=2ms {"locale":"en"}
[19:08:44.106] INFO: [daemon.js:17438] [96b1ec6e536144688d185ae94984fcc1] postSession first-call completed, agentName=agent-705dc452dac4, durationMs=3772, attempt=1
[19:08:44.106] INFO: [daemon.js:17438] [9da04dd9db404d31bda51d4b9c012d66] created session, daemonId=mvs_c6fd9f9abab54cb7b09be4724e861ba3, frameworkId=ses_17d20d539ffehttcVGFkDAlwjX, agent=agent-705dc452dac4 {"locale":"en"}
[19:08:44.108] INFO: [daemon.js:17438] [9da04dd9db404d31bda51d4b9c012d66] Agent created: agent=agent-705dc452dac4 session=mvs_c6fd9f9abab54cb7b09be4724e861ba3 {"locale":"en"}
[19:08:44.109] INFO: [daemon.js:17438] [58c2324542284444869b479e9cdaed3f] Resolved model from global fallback config agentName=agent-705dc452dac4 providerID=minimax modelID=MiniMax-M2.7 variant=undefined
[19:08:44.114] INFO: [daemon.js:17438] [e0e880d8e9c2468c8373abd8120e0521] → GET /mavis/api/session/mvs_c6fd9f9abab54cb7b09be4724e861ba3
[19:08:44.115] INFO: [daemon.js:17438] [ebe5df7fb1324d6caf6d7575b97a1b3f] → GET /mavis/api/agent/agent-705dc452dac4
[19:08:44.117] INFO: [daemon.js:17438] [f14e4bf00de540aabc9657fee1f72cd2] Resolved model from global fallback config agentName=agent-705dc452dac4 providerID=minimax modelID=MiniMax-M2.7 variant=undefined
[19:08:44.117] INFO: [daemon.js:17438] [9da04dd9db404d31bda51d4b9c012d66] sendMessage started, agentName=agent-705dc452dac4, sessionId=mvs_c6fd9f9abab54cb7b09be4724e861ba3 {"locale":"en"}
[19:08:44.117] INFO: [daemon.js:17438] [ebe5df7fb1324d6caf6d7575b97a1b3f] ← GET /mavis/api/agent/agent-705dc452dac4 status=200 duration=2ms {"locale":"en"}
[19:08:44.152] INFO: [daemon.js:17438] [e0e880d8e9c2468c8373abd8120e0521] ← GET /mavis/api/session/mvs_c6fd9f9abab54cb7b09be4724e861ba3 status=200 duration=38ms {"locale":"en"}
[19:08:44.161] INFO: [daemon.js:17438] [9da04dd9db404d31bda51d4b9c012d66] Greeting message sent: agent=agent-705dc452dac4 session=mvs_c6fd9f9abab54cb7b09be4724e861ba3 source=manual {"locale":"en"}
[19:08:44.161] INFO: [daemon.js:17438] [9da04dd9db404d31bda51d4b9c012d66] ← POST /mavis/api/agent status=201 duration=5022ms {"locale":"en"}
[19:08:44.172] INFO: [daemon.js:17438] [df0c1bed95014978ac775368410bad96] → GET /mavis/api/agent/agent-705dc452dac4
[19:08:44.172] INFO: [daemon.js:17438] [df0c1bed95014978ac775368410bad96] ← GET /mavis/api/agent/agent-705dc452dac4 status=200 duration=0ms {"locale":"en"}
[19:08:44.175] INFO: [daemon.js:17438] [6e5492c9300c4c8a9455e20e5dce11b6] → GET /mavis/api/agent/agent-705dc452dac4/session/root
[19:08:44.175] INFO: [daemon.js:17438] [6e5492c9300c4c8a9455e20e5dce11b6] ← GET /mavis/api/agent/agent-705dc452dac4/session/root status=200 duration=0ms {"locale":"en"}
[19:08:44.183] INFO: [daemon.js:17438] [ccbe39690f5a4649baec8d3f56e60211] → GET /mavis/api/agent/agent-705dc452dac4/session/tree
[19:08:44.184] INFO: [daemon.js:17438] [c64e7969da324b579902d9a3047c348f] → GET /mavis/api/agent/agent-705dc452dac4/skill
[19:08:44.185] INFO: [daemon.js:17438] [90f2a832f12a4d7795292d49725ff0f6] → GET /mavis/api/agent/mavis/questionnaire/pending
[19:08:44.185] INFO: [daemon.js:17438] [90f2a832f12a4d7795292d49725ff0f6] ← GET /mavis/api/agent/mavis/questionnaire/pending status=200 duration=0ms {"locale":"en"}
[19:08:44.186] INFO: [daemon.js:17438] skill block emitted {"ctx":{"traceId":"ff2cb5bc69f2489bae925610a9f398c4"},"event":"skill_block_emitted","agent":"agent-705dc452dac4","total_count":22,"total_chars":10433,"skills":[{"name":"create-agent","char_count":676,"source_kind":"builtin-global"},{"name":"init-harness","char_count":521,"source_kind":"builtin-global"},{"name":"lark-tools","char_count":899,"source_kind":"builtin-global"},{"name":"literature-note","char_count":281,"source_kind":"user-mavis"},{"name":"llm-call","char_count":337,"source_kind":"builtin-global"},{"name":"mavis","char_count":950,"source_kind":"builtin-global"},{"name":"mavis-browser","char_count":355,"source_kind":"builtin-global"},{"name":"mcp-cli","char_count":121,"source_kind":"builtin-global"},{"name":"mcp-onboarding","char_count":169,"source_kind":"builtin-global"},{"name":"minimax-docx","char_count":235,"source_kind":"builtin-global"},{"name":"minimax-pdf","char_count":322,"source_kind":"builtin-global"},{"name":"minimax-pptx","char_count":261,"source_kind":"builtin-global"},{"name":"minimax-xlsx","char_count":350,"source_kind":"builtin-global"},{"name":"obsidian-cli","char_count":1134,"source_kind":null},{"name":"plan-mode","char_count":308,"source_kind":"builtin-global"},{"name":"skill-creator","char_count":363,"source_kind":"builtin-global"},{"name":"skill-evolution","char_count":614,"source_kind":"builtin-global"},{"name":"skill-refiner","char_count":326,"source_kind":"builtin-global"},{"name":"visual-summary","char_count":614,"source_kind":"builtin-global"},{"name":"worktree-management","char_count":480,"source_kind":"builtin-global"},{"name":"x-link-reader","char_count":315,"source_kind":"builtin-global"},{"name":"zotero-use","char_count":802,"source_kind":null}]}
[19:08:44.186] INFO: [daemon.js:17438] [c64e7969da324b579902d9a3047c348f] ← GET /mavis/api/agent/agent-705dc452dac4/skill status=200 duration=2ms {"locale":"en"}
[19:08:44.197] INFO: [daemon.js:17438] [6a913acfb969448a9bf0e82495cb0ab7] → GET /mavis/api/models
[19:08:44.197] INFO: [daemon.js:17438] [4cb4f16864ea4a71a6e5c375adf39c7c] → GET /mavis/api/session/mvs_c6fd9f9abab54cb7b09be4724e861ba3/queue
[19:08:44.198] INFO: [daemon.js:17438] [4cb4f16864ea4a71a6e5c375adf39c7c] ← GET /mavis/api/session/mvs_c6fd9f9abab54cb7b09be4724e861ba3/queue status=200 duration=1ms {"locale":"en"}
[19:08:44.199] INFO: [daemon.js:17438] [e2eb2ec35d984d72b50512d392f8cfe9] → GET /mavis/api/agent/agent-705dc452dac4/questionnaire/pending
[19:08:44.199] INFO: [daemon.js:17438] [e2eb2ec35d984d72b50512d392f8cfe9] ← GET /mavis/api/agent/agent-705dc452dac4/questionnaire/pending status=200 duration=0ms {"locale":"en"}
[19:08:44.200] INFO: [daemon.js:17438] [6a913acfb969448a9bf0e82495cb0ab7] ← GET /mavis/api/models status=200 duration=3ms {"locale":"en"}
[19:08:44.232] INFO: [daemon.js:17438] [ccbe39690f5a4649baec8d3f56e60211] ← GET /mavis/api/agent/agent-705dc452dac4/session/tree status=200 duration=49ms {"locale":"en"}
[19:08:44.316] INFO: [daemon.js:17438] [5f50a2fe49274a5fb30e93a2be66410c] → GET /mavis/api/session/ses_17d20d539ffehttcVGFkDAlwjX
[19:08:44.319] INFO: [daemon.js:17438] [5f50a2fe49274a5fb30e93a2be66410c] ← GET /mavis/api/session/ses_17d20d539ffehttcVGFkDAlwjX status=200 duration=3ms {"locale":"en"}
[19:08:44.320] INFO: [daemon.js:17438] [736bea050c214ee5a1b3b058953911fc] → GET /mavis/api/agent/agent-705dc452dac4
[19:08:44.321] INFO: [daemon.js:17438] [736bea050c214ee5a1b3b058953911fc] ← GET /mavis/api/agent/agent-705dc452dac4 status=200 duration=1ms {"locale":"en"}
[19:08:44.322] INFO: [daemon.js:17438] [a492897743fc4f96903eac533125b242] → GET /mavis/api/agent/agent-705dc452dac4/skill
[19:08:44.322] INFO: [daemon.js:17438] [24e630412a394dea8882472336669f6c] → GET /mavis/api/mcp/servers
[19:08:44.324] INFO: [daemon.js:17438] [24e630412a394dea8882472336669f6c] ← GET /mavis/api/mcp/servers status=200 duration=2ms {"locale":"en"}
[19:08:44.324] INFO: [daemon.js:17438] skill block emitted {"ctx":{"traceId":"d07b7cb584084faf9677548a873dfa64"},"event":"skill_block_emitted","agent":"agent-705dc452dac4","total_count":22,"total_chars":10433,"skills":[{"name":"create-agent","char_count":676,"source_kind":"builtin-global"},{"name":"init-harness","char_count":521,"source_kind":"builtin-global"},{"name":"lark-tools","char_count":899,"source_kind":"builtin-global"},{"name":"literature-note","char_count":281,"source_kind":"user-mavis"},{"name":"llm-call","char_count":337,"source_kind":"builtin-global"},{"name":"mavis","char_count":950,"source_kind":"builtin-global"},{"name":"mavis-browser","char_count":355,"source_kind":"builtin-global"},{"name":"mcp-cli","char_count":121,"source_kind":"builtin-global"},{"name":"mcp-onboarding","char_count":169,"source_kind":"builtin-global"},{"name":"minimax-docx","char_count":235,"source_kind":"builtin-global"},{"name":"minimax-pdf","char_count":322,"source_kind":"builtin-global"},{"name":"minimax-pptx","char_count":261,"source_kind":"builtin-global"},{"name":"minimax-xlsx","char_count":350,"source_kind":"builtin-global"},{"name":"obsidian-cli","char_count":1134,"source_kind":null},{"name":"plan-mode","char_count":308,"source_kind":"builtin-global"},{"name":"skill-creator","char_count":363,"source_kind":"builtin-global"},{"name":"skill-evolution","char_count":614,"source_kind":"builtin-global"},{"name":"skill-refiner","char_count":326,"source_kind":"builtin-global"},{"name":"visual-summary","char_count":614,"source_kind":"builtin-global"},{"name":"worktree-management","char_count":480,"source_kind":"builtin-global"},{"name":"x-link-reader","char_count":315,"source_kind":"builtin-global"},{"name":"zotero-use","char_count":802,"source_kind":null}]}
[19:08:44.325] INFO: [daemon.js:17438] [a492897743fc4f96903eac533125b242] ← GET /mavis/api/agent/agent-705dc452dac4/skill status=200 duration=3ms {"locale":"en"}
[19:08:44.325] INFO: [daemon.js:17438] [04b709131abe4d80b1c5266c5fca8b5d] → GET /mavis/api/mcp/native-tools
[19:08:44.325] INFO: [daemon.js:17438] [04b709131abe4d80b1c5266c5fca8b5d] ← GET /mavis/api/mcp/native-tools status=200 duration=0ms {"locale":"en"}
[19:08:44.328] INFO: [daemon.js:17438] [a9d76b792c784f868efefc57be99ff73] → POST /mavis/api/metrics/runtime-event
[19:08:44.328] INFO: [daemon.js:17438] [a9d76b792c784f868efefc57be99ff73] ← POST /mavis/api/metrics/runtime-event status=204 duration=0ms {"locale":"en"}
[19:08:44.330] INFO: [daemon.js:17438] [6bf67fd434514da1a97cdf32afc7dc2c] → GET /mavis/api/session/mvs_c6fd9f9abab54cb7b09be4724e861ba3
[19:08:44.330] INFO: [daemon.js:17438] [6bf67fd434514da1a97cdf32afc7dc2c] ← GET /mavis/api/session/mvs_c6fd9f9abab54cb7b09be4724e861ba3 status=200 duration=0ms {"locale":"en"}
[19:08:44.332] INFO: [daemon.js:17438] [78ed70926df14a77b0aa8b087673ca23] → GET /mavis/api/session/mvs_c6fd9f9abab54cb7b09be4724e861ba3/message
[19:08:44.332] INFO: [daemon.js:17438] MessageStore list completed {"ctx":{"traceId":"78ed70926df14a77b0aa8b087673ca23","locale":"en"},"sessionId":"mvs_c6fd9f9abab54cb7b09be4724e861ba3","durationMs":0,"messageCount":0,"hasNextCursor":false}
[19:08:44.332] INFO: [daemon.js:17438] [78ed70926df14a77b0aa8b087673ca23] ← GET /mavis/api/session/mvs_c6fd9f9abab54cb7b09be4724e861ba3/message status=200 duration=0ms {"locale":"en"}
[19:08:44.335] INFO: [daemon.js:17438] [deb1493fa8b44d6eb7bdbd60065d1d27] → GET /mavis/api/session/mvs_c6fd9f9abab54cb7b09be4724e861ba3/queue
[19:08:44.335] INFO: [daemon.js:17438] [deb1493fa8b44d6eb7bdbd60065d1d27] ← GET /mavis/api/session/mvs_c6fd9f9abab54cb7b09be4724e861ba3/queue status=200 duration=0ms {"locale":"en"}
[19:08:44.521] INFO: [daemon.js:17438] [50d13a4b679e4da1a0930c950d2d1f14] → POST /mavis/api/session/mvs_c6fd9f9abab54cb7b09be4724e861ba3/resume
[19:08:44.522] INFO: [daemon.js:17438] [50d13a4b679e4da1a0930c950d2d1f14] [resume] SSE stream started, agentName=agent-705dc452dac4, sessionId=mvs_c6fd9f9abab54cb7b09be4724e861ba3, msgId=undefined, turnId=f86ad0ed-4d77-46da-8013-633467164037, drainQueued=false {"locale":"en"}
[19:08:44.522] INFO: [daemon.js:17438] [50d13a4b679e4da1a0930c950d2d1f14] ← POST /mavis/api/session/mvs_c6fd9f9abab54cb7b09be4724e861ba3/resume status=200 duration=1ms {"locale":"en"}
[19:08:50.632] INFO: [daemon.js:17438] [976d077d54924bf1852d2afb645eeb5b] → GET /mavis/health
[19:08:50.632] INFO: [daemon.js:17438] [976d077d54924bf1852d2afb645eeb5b] ← GET /mavis/health status=200 duration=0ms {"locale":"en"}
[19:09:00.633] INFO: [daemon.js:17438] [87ae355fe3e14a8b89cda74271030693] → GET /mavis/health
[19:09:00.633] INFO: [daemon.js:17438] [87ae355fe3e14a8b89cda74271030693] ← GET /mavis/health status=200 duration=0ms {"locale":"en"}
[19:09:00.797] INFO: [daemon.js:17438] [6191aff78bb74f279ac0e263d9738939] → POST /mavis/api/metrics/runtime-event
[19:09:00.798] INFO: [daemon.js:17438] [6191aff78bb74f279ac0e263d9738939] ← POST /mavis/api/metrics/runtime-event status=204 duration=1ms {"locale":"en"}
[19:09:00.803] INFO: [daemon.js:17438] [0d97dd0684ba44f681b50dcfc7710e38] [monitor] thinking TTFT measured sessionId=mvs_c6fd9f9abab54cb7b09be4724e861ba3 agentName=agent-705dc452dac4 ttftMs=16695
[19:09:00.804] INFO: [daemon.js:17438] [dbd911faf5974c1ba8879f26bd07e746] [monitor] response TTFT measured sessionId=mvs_c6fd9f9abab54cb7b09be4724e861ba3 agentName=agent-705dc452dac4 ttftMs=16696 breakdown={"resolveSession":0,"reconcileConfig":0,"hooks":6,"modelResolve":3,"adapterSend":16687}
[19:09:00.818] INFO: [daemon.js:17438] [b0a3c8d57bf54f8699a32929cc393b78] → GET /mavis/api/session/mvs_c6fd9f9abab54cb7b09be4724e861ba3
[19:09:00.819] INFO: [daemon.js:17438] [b0a3c8d57bf54f8699a32929cc393b78] ← GET /mavis/api/session/mvs_c6fd9f9abab54cb7b09be4724e861ba3 status=200 duration=1ms {"locale":"en"}
[19:09:01.110] INFO: [daemon.js:17438] [b65ca52d04d846729ffb977c4fbe8472] [bridge] Emitting session.finish event sessionId=mvs_c6fd9f9abab54cb7b09be4724e861ba3 agentName=agent-705dc452dac4 isError=false
[19:09:01.114] INFO: [daemon.js:17438] [9ab0f33fa15a4a0e8d4c999b004d71de] [cron-store] Loaded cron configs, count=0
[19:09:10.651] INFO: [daemon.js:17438] [0812b133f7a74f268eff16c0928d0118] → GET /mavis/health
[19:09:10.651] INFO: [daemon.js:17438] [0812b133f7a74f268eff16c0928d0118] ← GET /mavis/health status=200 duration=0ms {"locale":"en"}
[19:09:11.175] INFO: [daemon.js:17438] [9fc404b9b07f4e758bd8ec2469a20e97] Reaping idle agent process, agentName=general, idleMs=308639, sessionCount=1
[19:09:11.175] INFO: [daemon.js:17438] [be0856b17a3849e1b7b84d1d8515403f] stopAgentProcess started, agentName=general, pid=37112, sessionCount=1
[19:09:11.436] INFO: [daemon.js:17438] [0dfc95d49c3d430ba248d9547c5a2b20] Terminating process tree, agentName=general, pids=[37112,23156]
[19:09:20.637] INFO: [daemon.js:17438] [2a70fe521a0e4ad29beee16d8bfbe2be] → GET /mavis/health
[19:09:20.638] INFO: [daemon.js:17438] [2a70fe521a0e4ad29beee16d8bfbe2be] ← GET /mavis/health status=200 duration=1ms {"locale":"en"}
[19:09:30.646] INFO: [daemon.js:17438] [9d05ea57b181427bb9714634368f58c0] → GET /mavis/health
[19:09:30.646] INFO: [daemon.js:17438] [9d05ea57b181427bb9714634368f58c0] ← GET /mavis/health status=200 duration=0ms {"locale":"en"}
[19:09:40.650] INFO: [daemon.js:17438] [b0279022e9f24d9f8da207656ada47ab] → GET /mavis/health
[19:09:40.650] INFO: [daemon.js:17438] [b0279022e9f24d9f8da207656ada47ab] ← GET /mavis/health status=200 duration=0ms {"locale":"en"}
[19:09:50.654] INFO: [daemon.js:17438] [c251da84165a4df4af15ee41f55727a2] → GET /mavis/health
[19:09:50.654] INFO: [daemon.js:17438] [c251da84165a4df4af15ee41f55727a2] ← GET /mavis/health status=200 duration=0ms {"locale":"en"}
[19:10:00.664] INFO: [daemon.js:17438] [7994196c31c14b96bd607a0c9fe549cf] → GET /mavis/health
[19:10:00.664] INFO: [daemon.js:17438] [7994196c31c14b96bd607a0c9fe549cf] ← GET /mavis/health status=200 duration=0ms {"locale":"en"}
[19:10:01.403] WARN: [daemon.js:17438] [90a37ebab7bb4890a0a557cd393373d7] FileWatcher error (non-fatal) watchId=75e48224-9271-4398-ab3b-fd7a119bc403 watchPath=C:\Users\jethr\.mavis\agents err=EPERM: operation not permitted, watch
[19:10:01.403] WARN: [daemon.js:17438] [ef1084dde0ab4776a5366d6dd73ac15a] FileWatcher error (non-fatal) watchId=f1c7d8d9-f6f5-44f4-b672-307e8d884394 watchPath=C:\Users\jethr\.mavis\agents err=EPERM: operation not permitted, watch
[19:10:10.687] INFO: [daemon.js:17438] [7d2e2df5e5004a1d99d455477b3fe3b6] → GET /mavis/health
[19:10:10.687] INFO: [daemon.js:17438] [7d2e2df5e5004a1d99d455477b3fe3b6] ← GET /mavis/health status=200 duration=0ms {"locale":"en"}
[19:10:20.685] INFO: [daemon.js:17438] [dd7e9cf8c09e45e385605e989818dedd] → GET /mavis/health
[19:10:20.685] INFO: [daemon.js:17438] [dd7e9cf8c09e45e385605e989818dedd] ← GET /mavis/health status=200 duration=0ms {"locale":"en"}
[19:10:30.691] INFO: [daemon.js:17438] [bef17a85b2ba4e2b8afd8e6541c1c53b] → GET /mavis/health
[19:10:30.691] INFO: [daemon.js:17438] [bef17a85b2ba4e2b8afd8e6541c1c53b] ← GET /mavis/health status=200 duration=0ms {"locale":"en"}
[19:10:40.718] INFO: [daemon.js:17438] [9b1971a52cb74ac6a1d84ce350ced730] → GET /mavis/health
[19:10:40.719] INFO: [daemon.js:17438] [9b1971a52cb74ac6a1d84ce350ced730] ← GET /mavis/health status=200 duration=1ms {"locale":"en"}
[19:10:43.922] INFO: [daemon.js:17438] [d4f5ccfceaae42dbb8403aa2b2e33a18] → GET /mavis/mcp/cu
[19:10:43.923] INFO: [daemon.js:17438] [d4f5ccfceaae42dbb8403aa2b2e33a18] ← GET /mavis/mcp/cu status=200 duration=2ms {"locale":"en"}
[19:10:43.923] INFO: [daemon.js:17438] [a8b901ada8674baab7aaa115f3c1a91d] → GET /mavis/mcp/trash
[19:10:43.929] INFO: [daemon.js:17438] [a8b901ada8674baab7aaa115f3c1a91d] ← GET /mavis/mcp/trash status=200 duration=6ms {"locale":"en"}
[19:10:50.708] INFO: [daemon.js:17438] [3a557b2b9ad7426ca32a604c68f50709] → GET /mavis/health
[19:10:50.709] INFO: [daemon.js:17438] [3a557b2b9ad7426ca32a604c68f50709] ← GET /mavis/health status=200 duration=1ms {"locale":"en"}
[19:11:00.720] INFO: [daemon.js:17438] [f8db13103d014115a669094d7c02001e] → GET /mavis/health
[19:11:00.720] INFO: [daemon.js:17438] [f8db13103d014115a669094d7c02001e] ← GET /mavis/health status=200 duration=0ms {"locale":"en"}
[19:11:09.712] INFO: [daemon.js:17438] [3d3093109231466e90ede6cf08f15f46] [mcp:matrix:stderr] [matrix-mcp-cli] tools/list dropped 2 unknown tool(s) not in this cli's KNOWN_TOOLS: matrix_extract_content_from_websites, matrix_get_upload_url
[19:11:09.714] INFO: [daemon.js:17438] [2425c4fbc3e349daa67d3a0a837ffcc0] → POST /mavis/mcp/cu
[19:11:09.716] INFO: [daemon.js:17438] [2425c4fbc3e349daa67d3a0a837ffcc0] ← POST /mavis/mcp/cu status=200 duration=2ms {"locale":"en"}
[19:11:09.717] INFO: [daemon.js:17438] [c23d505ffa5246a38fd3ec4c8779537e] → POST /mavis/mcp/trash
[19:11:09.718] INFO: [daemon.js:17438] [c23d505ffa5246a38fd3ec4c8779537e] ← POST /mavis/mcp/trash status=200 duration=1ms {"locale":"en"}
[19:11:10.732] INFO: [daemon.js:17438] [10bb9cf82ed4428eaecd241ce7c98fca] → GET /mavis/health
[19:11:10.733] INFO: [daemon.js:17438] [10bb9cf82ed4428eaecd241ce7c98fca] ← GET /mavis/health status=200 duration=1ms {"locale":"en"}
[19:11:20.742] INFO: [daemon.js:17438] [a967aadb4343422bb4ffc2e455afcb5d] → GET /mavis/health
[19:11:20.742] INFO: [daemon.js:17438] [a967aadb4343422bb4ffc2e455afcb5d] ← GET /mavis/health status=200 duration=0ms {"locale":"en"}
[19:11:30.748] INFO: [daemon.js:17438] [f2a0d598a1da4c7586ece1ad0650354d] → GET /mavis/health
[19:11:30.748] INFO: [daemon.js:17438] [f2a0d598a1da4c7586ece1ad0650354d] ← GET /mavis/health status=200 duration=0ms {"locale":"en"}
[19:11:40.761] INFO: [daemon.js:17438] [0ff406fafa8240fab9da23b0b2f100e8] → GET /mavis/health
[19:11:40.761] INFO: [daemon.js:17438] [0ff406fafa8240fab9da23b0b2f100e8] ← GET /mavis/health status=200 duration=0ms {"locale":"en"}
[19:11:50.768] INFO: [daemon.js:17438] [b4f726cbaf564f7893a2d4c5397cd236] → GET /mavis/health
[19:11:50.768] INFO: [daemon.js:17438] [b4f726cbaf564f7893a2d4c5397cd236] ← GET /mavis/health status=200 duration=0ms {"locale":"en"}
[19:12:00.779] INFO: [daemon.js:17438] [b1a30f3a9c2d4306b036415c5acbbbf2] → GET /mavis/health
[19:12:00.779] INFO: [daemon.js:17438] [b1a30f3a9c2d4306b036415c5acbbbf2] ← GET /mavis/health status=200 duration=0ms {"locale":"en"}
[19:12:10.785] INFO: [daemon.js:17438] [7bc6e7503b7e47278aab5cb3bcd95c03] → GET /mavis/health
[19:12:10.785] INFO: [daemon.js:17438] [7bc6e7503b7e47278aab5cb3bcd95c03] ← GET /mavis/health status=200 duration=0ms {"locale":"en"}
[19:12:20.799] INFO: [daemon.js:17438] [5d467749e3744642a5cd66feae55d42f] → GET /mavis/health
[19:12:20.799] INFO: [daemon.js:17438] [5d467749e3744642a5cd66feae55d42f] ← GET /mavis/health status=200 duration=0ms {"locale":"en"}
[19:12:30.811] INFO: [daemon.js:17438] [de4ac67581c2430eb93e45eca5f794d1] → GET /mavis/health
[19:12:30.811] INFO: [daemon.js:17438] [de4ac67581c2430eb93e45eca5f794d1] ← GET /mavis/health status=200 duration=0ms {"locale":"en"}
[19:12:38.752] INFO: [daemon.js:17438] [a23f6e573aba4239baab2f1ee42dbf70] SkillFsSyncer: index synced, skillName=user-voice-and-note-taking-format, scope=1, event=skill.created
[19:12:39.034] INFO: [daemon.js:17438] [9017ec0c040241579ab1fabdeb8c6df5] SkillFsSyncer: index synced, skillName=user-voice-and-note-taking-format, scope=1, event=skill.updated
[19:12:40.815] INFO: [daemon.js:17438] [6a16c4f47d274b749d17938e27413a9c] → GET /mavis/health
[19:12:40.816] INFO: [daemon.js:17438] [6a16c4f47d274b749d17938e27413a9c] ← GET /mavis/health status=200 duration=1ms {"locale":"en"}
[19:12:50.822] INFO: [daemon.js:17438] [859307fb9c5b4cc3b9c3b70604cbad9f] → GET /mavis/health
[19:12:50.823] INFO: [daemon.js:17438] [859307fb9c5b4cc3b9c3b70604cbad9f] ← GET /mavis/health status=200 duration=1ms {"locale":"en"}
[19:12:57.691] INFO: [daemon.js:17438] [b05320c5cb9d47eb9079a5818e7ed210] SkillFsSyncer: index synced, skillName=user-voice-and-note-taking-format, scope=1, event=skill.updated
[19:13:00.827] INFO: [daemon.js:17438] [6a43aad30a24425db84530eeaafa7921] → GET /mavis/health
[19:13:00.827] INFO: [daemon.js:17438] [6a43aad30a24425db84530eeaafa7921] ← GET /mavis/health status=200 duration=0ms {"locale":"en"}
[19:13:10.832] INFO: [daemon.js:17438] [45e4b08a3b434c43b1a6c3a544e9cd06] → GET /mavis/health
[19:13:10.833] INFO: [daemon.js:17438] [45e4b08a3b434c43b1a6c3a544e9cd06] ← GET /mavis/health status=200 duration=1ms {"locale":"en"}
[19:13:20.841] INFO: [daemon.js:17438] [2cde2d0824124617aa26969c34ddf13f] → GET /mavis/health
[19:13:20.842] INFO: [daemon.js:17438] [2cde2d0824124617aa26969c34ddf13f] ← GET /mavis/health status=200 duration=1ms {"locale":"en"}
[19:13:30.845] INFO: [daemon.js:17438] [401285bfd9b7417f87397c9c683a844b] → GET /mavis/health
[19:13:30.846] INFO: [daemon.js:17438] [401285bfd9b7417f87397c9c683a844b] ← GET /mavis/health status=200 duration=1ms {"locale":"en"}
[19:13:40.847] INFO: [daemon.js:17438] [223ade258ca14e2e9d46710ac172f50a] → GET /mavis/health
[19:13:40.847] INFO: [daemon.js:17438] [223ade258ca14e2e9d46710ac172f50a] ← GET /mavis/health status=200 duration=0ms {"locale":"en"}
[19:13:46.224] INFO: [daemon.js:17438] [9f11ebbccfb047acb1272d0ac556633b] → GET /mavis/api/session/mvs_c6fd9f9abab54cb7b09be4724e861ba3/message
[19:13:46.225] INFO: [daemon.js:17438] MessageStore list completed {"ctx":{"traceId":"9f11ebbccfb047acb1272d0ac556633b","locale":"en"},"sessionId":"mvs_c6fd9f9abab54cb7b09be4724e861ba3","durationMs":0,"messageCount":1,"hasNextCursor":false}
[19:13:46.225] INFO: [daemon.js:17438] [9f11ebbccfb047acb1272d0ac556633b] ← GET /mavis/api/session/mvs_c6fd9f9abab54cb7b09be4724e861ba3/message status=200 duration=1ms {"locale":"en"}
[19:13:46.226] INFO: [daemon.js:17438] [1a4f23fa992d4744910b4c0ae950b96f] → GET /mavis/api/permission/requests
[19:13:46.226] INFO: [daemon.js:17438] [1a4f23fa992d4744910b4c0ae950b96f] ← GET /mavis/api/permission/requests status=200 duration=0ms {"locale":"en"}
[19:13:46.228] INFO: [daemon.js:17438] [00997b456c0a44bd9c0cd235134ea7db] → GET /mavis/api/session/mvs_c6fd9f9abab54cb7b09be4724e861ba3
[19:13:46.239] INFO: [daemon.js:17438] [00997b456c0a44bd9c0cd235134ea7db] ← GET /mavis/api/session/mvs_c6fd9f9abab54cb7b09be4724e861ba3 status=200 duration=11ms {"locale":"en"}
[19:13:46.242] INFO: [daemon.js:17438] [714a56efa9fe4901870091aee9f4cf7f] → GET /mavis/api/session/mvs_c6fd9f9abab54cb7b09be4724e861ba3/queue
[19:13:46.243] INFO: [daemon.js:17438] [714a56efa9fe4901870091aee9f4cf7f] ← GET /mavis/api/session/mvs_c6fd9f9abab54cb7b09be4724e861ba3/queue status=200 duration=1ms {"locale":"en"}
[19:13:50.856] INFO: [daemon.js:17438] [6a898733335147feb431300b0b8e9a79] → GET /mavis/health
[19:13:50.857] INFO: [daemon.js:17438] [6a898733335147feb431300b0b8e9a79] ← GET /mavis/health status=200 duration=1ms {"locale":"en"}
[19:14:00.868] INFO: [daemon.js:17438] [e5d5aa371d614f1290e9bc72c570f7be] → GET /mavis/health
[19:14:00.868] INFO: [daemon.js:17438] [e5d5aa371d614f1290e9bc72c570f7be] ← GET /mavis/health status=200 duration=0ms {"locale":"en"}
[19:14:10.873] INFO: [daemon.js:17438] [50426e8bbf16472ca822495d1a3c42f4] → GET /mavis/health
[19:14:10.873] INFO: [daemon.js:17438] [50426e8bbf16472ca822495d1a3c42f4] ← GET /mavis/health status=200 duration=0ms {"locale":"en"}
[19:14:11.201] INFO: [daemon.js:17438] [daecc4c9749847af958c6e63469ac1d6] Reaping idle agent process, agentName=agent-705dc452dac4, idleMs=327040, sessionCount=1
[19:14:11.201] INFO: [daemon.js:17438] [b0e23296ded54262b8679025e6800535] stopAgentProcess started, agentName=agent-705dc452dac4, pid=42580, sessionCount=1
[19:14:11.627] INFO: [daemon.js:17438] [bfb429beefaa4ca5b1663792f003d33e] Terminating process tree, agentName=agent-705dc452dac4, pids=[42580,39644]
[19:14:14.437] INFO: [daemon.js:17438] [dc87c6f798d54306a25c3b11ddefa821] → GET /mavis/api/session/mvs_c6fd9f9abab54cb7b09be4724e861ba3/message
[19:14:14.438] INFO: [daemon.js:17438] MessageStore list completed {"ctx":{"traceId":"dc87c6f798d54306a25c3b11ddefa821","locale":"en"},"sessionId":"mvs_c6fd9f9abab54cb7b09be4724e861ba3","durationMs":0,"messageCount":1,"hasNextCursor":false}
[19:14:14.438] INFO: [daemon.js:17438] [dc87c6f798d54306a25c3b11ddefa821] ← GET /mavis/api/session/mvs_c6fd9f9abab54cb7b09be4724e861ba3/message status=200 duration=1ms {"locale":"en"}
[19:14:14.439] INFO: [daemon.js:17438] [86099951519f4f10b75d8c26d712df6d] → GET /mavis/api/permission/requests
[19:14:14.439] INFO: [daemon.js:17438] [86099951519f4f10b75d8c26d712df6d] ← GET /mavis/api/permission/requests status=200 duration=0ms {"locale":"en"}
[19:14:14.440] INFO: [daemon.js:17438] [ac8a3c8d0aad4b86a02a1652a4b8c358] → GET /mavis/api/session/mvs_c6fd9f9abab54cb7b09be4724e861ba3
[19:14:14.440] INFO: [daemon.js:17438] [ac8a3c8d0aad4b86a02a1652a4b8c358] ← GET /mavis/api/session/mvs_c6fd9f9abab54cb7b09be4724e861ba3 status=200 duration=0ms {"locale":"en"}
[19:14:14.442] INFO: [daemon.js:17438] [9e9f2754a5134d93955a2217aa8ce5d9] → GET /mavis/api/session/mvs_c6fd9f9abab54cb7b09be4724e861ba3/queue
[19:14:14.442] INFO: [daemon.js:17438] [9e9f2754a5134d93955a2217aa8ce5d9] ← GET /mavis/api/session/mvs_c6fd9f9abab54cb7b09be4724e861ba3/queue status=200 duration=0ms {"locale":"en"}
[19:14:20.883] INFO: [daemon.js:17438] [80a65c1b24564f99b63ee0a0ee5b088f] → GET /mavis/health
[19:14:20.884] INFO: [daemon.js:17438] [80a65c1b24564f99b63ee0a0ee5b088f] ← GET /mavis/health status=200 duration=1ms {"locale":"en"}
[19:14:23.609] INFO: [daemon.js:17438] [e0436976699b4e2d9bebbe7ce2b1a458] → POST /mavis/api/agent
[19:14:23.610] INFO: [daemon.js:17438] [e0436976699b4e2d9bebbe7ce2b1a458] createAgent started: agent=agent-45acf34ec377 framework=opencode {"locale":"en"}
[19:14:23.873] INFO: [daemon.js:17438] [e0436976699b4e2d9bebbe7ce2b1a458] Agent directory structure created: agent=agent-45acf34ec377 dir=C:\Users\jethr\.mavis\agents\agent-45acf34ec377 {"locale":"en"}
[19:14:23.873] INFO: [daemon.js:17438] [e0436976699b4e2d9bebbe7ce2b1a458] newSession started, agentName=agent-45acf34ec377, workspaceDir=C:\Users\jethr\.mavis\agents\agent-45acf34ec377\workspace {"locale":"en"}
[19:14:23.873] INFO: [daemon.js:17438] [e0436976699b4e2d9bebbe7ce2b1a458] Rebuilding agent opencode.json, agentName=agent-45acf34ec377, missingConfig=true {"locale":"en"}
[19:14:23.880] INFO: [daemon.js:17438] [e0436976699b4e2d9bebbe7ce2b1a458] Spawning opencode serve for agent, bin=C:\Users\jethr\AppData\Local\Programs\MiniMax Code\resources\resources\opencode\opencode.exe, port=64340, cwd=C:\Users\jethr\.mavis\agents\agent-45acf34ec377\workspace, agentName=agent-45acf34ec377 {"locale":"en"}
[19:14:23.915] INFO: [daemon.js:17438] [e0436976699b4e2d9bebbe7ce2b1a458] OpenCode spawn runtime prepared, agentName=agent-45acf34ec377, agentDataDir=C:\Users\jethr\.mavis\agents\agent-45acf34ec377, xdgConfigHome=C:\Users\jethr\.mavis\opencode\config, xdgDataHome=C:\Users\jethr\.mavis\opencode\data, xdgStateHome=C:\Users\jethr\.mavis\opencode\state, xdgCacheHome=C:\Users\jethr\.mavis\opencode\cache, tmpDir=C:\Users\jethr\.mavis\agents\agent-45acf34ec377\workspace\.opencode\tmp, logDir=C:\Users\jethr\.mavis\logs {"locale":"en"}
[19:14:24.755] INFO: [daemon.js:17438] [e0436976699b4e2d9bebbe7ce2b1a458] Spawned new agent process, agentName=agent-45acf34ec377, pid=42356, port=64340 {"locale":"en"}
[19:14:24.758] INFO: [daemon.js:17438] [d537a28032e2485cb7cba0f5b29f68d0] Connected to global OpenCode SSE event stream, port=64340
[19:14:24.758] INFO: [daemon.js:17438] [8225d43ef35644328e2343dae3a17295] SSE server.connected received, port=64340
[19:14:28.379] INFO: [daemon.js:17438] [7012dcc6af564a2083fa070a0bf13327] → GET /mavis/api/config
[19:14:28.379] INFO: [daemon.js:17438] [edcf6cb73f66423ab1745708e8f041ed] → GET /mavis/api/mcp/native-tools
[19:14:28.380] INFO: [daemon.js:17438] [edcf6cb73f66423ab1745708e8f041ed] ← GET /mavis/api/mcp/native-tools status=200 duration=1ms {"locale":"en"}
[19:14:28.380] INFO: [daemon.js:17438] [7012dcc6af564a2083fa070a0bf13327] ← GET /mavis/api/config status=200 duration=1ms {"locale":"en"}
[19:14:28.392] INFO: [daemon.js:17438] [faa2f43c9826438f8b83f4b92ddbe2d9] postSession first-call completed, agentName=agent-45acf34ec377, durationMs=3636, attempt=1
[19:14:28.392] INFO: [daemon.js:17438] [e0436976699b4e2d9bebbe7ce2b1a458] created session, daemonId=mvs_5e0fcbb6257a4549a051144c47bf9b3b, frameworkId=ses_17d1b945affecoWx4fO1wbqS6v, agent=agent-45acf34ec377 {"locale":"en"}
[19:14:28.393] INFO: [daemon.js:17438] [e0436976699b4e2d9bebbe7ce2b1a458] Agent created: agent=agent-45acf34ec377 session=mvs_5e0fcbb6257a4549a051144c47bf9b3b {"locale":"en"}
[19:14:28.396] INFO: [daemon.js:17438] [f31a635c65834ea78ac53599819eb4d3] → GET /mavis/api/session/mvs_5e0fcbb6257a4549a051144c47bf9b3b
[19:14:28.397] INFO: [daemon.js:17438] [218f032609f24c57bda7c5ae3d8371cd] → GET /mavis/api/agent/agent-45acf34ec377
[19:14:28.398] INFO: [daemon.js:17438] [218f032609f24c57bda7c5ae3d8371cd] ← GET /mavis/api/agent/agent-45acf34ec377 status=200 duration=1ms {"locale":"en"}
[19:14:28.437] INFO: [daemon.js:17438] [f31a635c65834ea78ac53599819eb4d3] ← GET /mavis/api/session/mvs_5e0fcbb6257a4549a051144c47bf9b3b status=200 duration=41ms {"locale":"en"}
[19:14:28.724] INFO: [daemon.js:17438] [b65f052621a245179a50cdfcf6245e8a] Resolved model from global fallback config agentName=agent-45acf34ec377 providerID=minimax modelID=MiniMax-M2.7 variant=undefined
[19:14:28.729] INFO: [daemon.js:17438] [aba943999f9442968ae87c8f96164f8e] Resolved model from global fallback config agentName=agent-45acf34ec377 providerID=minimax modelID=MiniMax-M2.7 variant=undefined
[19:14:28.730] INFO: [daemon.js:17438] [e0436976699b4e2d9bebbe7ce2b1a458] sendMessage started, agentName=agent-45acf34ec377, sessionId=mvs_5e0fcbb6257a4549a051144c47bf9b3b {"locale":"en"}
[19:14:28.738] INFO: [daemon.js:17438] [e0436976699b4e2d9bebbe7ce2b1a458] Greeting message sent: agent=agent-45acf34ec377 session=mvs_5e0fcbb6257a4549a051144c47bf9b3b source=manual {"locale":"en"}
[19:14:28.739] INFO: [daemon.js:17438] [e0436976699b4e2d9bebbe7ce2b1a458] ← POST /mavis/api/agent status=201 duration=5130ms {"locale":"en"}
[19:14:28.747] INFO: [daemon.js:17438] [07218a1e50d64544ab0f857ceb58a527] → GET /mavis/api/agent/agent-45acf34ec377
[19:14:28.748] INFO: [daemon.js:17438] [07218a1e50d64544ab0f857ceb58a527] ← GET /mavis/api/agent/agent-45acf34ec377 status=200 duration=1ms {"locale":"en"}
[19:14:28.750] INFO: [daemon.js:17438] [3a08d300fb2d4f2986190a1fb7a4ad5f] → GET /mavis/api/agent/agent-45acf34ec377/session/root
[19:14:28.751] INFO: [daemon.js:17438] [3a08d300fb2d4f2986190a1fb7a4ad5f] ← GET /mavis/api/agent/agent-45acf34ec377/session/root status=200 duration=1ms {"locale":"en"}
[19:14:28.764] INFO: [daemon.js:17438] [5cd884a9a8e041ec9d2f81d8bc9750ce] → GET /mavis/api/agent/agent-45acf34ec377/session/tree
[19:14:28.765] INFO: [daemon.js:17438] [414dbee4fd2a42c982bdc77f617d4236] → GET /mavis/api/agent/agent-45acf34ec377/skill
[19:14:28.765] INFO: [daemon.js:17438] [d0a93a40939c4091b1da69d64d42a3a1] → GET /mavis/api/agent/agent-705dc452dac4/questionnaire/pending
[19:14:28.765] INFO: [daemon.js:17438] [d0a93a40939c4091b1da69d64d42a3a1] ← GET /mavis/api/agent/agent-705dc452dac4/questionnaire/pending status=200 duration=0ms {"locale":"en"}
[19:14:28.766] INFO: [daemon.js:17438] skill block emitted {"ctx":{"traceId":"b594b1172b0641b8a20216f54d976201"},"event":"skill_block_emitted","agent":"agent-45acf34ec377","total_count":22,"total_chars":10433,"skills":[{"name":"create-agent","char_count":676,"source_kind":"builtin-global"},{"name":"init-harness","char_count":521,"source_kind":"builtin-global"},{"name":"lark-tools","char_count":899,"source_kind":"builtin-global"},{"name":"literature-note","char_count":281,"source_kind":"user-mavis"},{"name":"llm-call","char_count":337,"source_kind":"builtin-global"},{"name":"mavis","char_count":950,"source_kind":"builtin-global"},{"name":"mavis-browser","char_count":355,"source_kind":"builtin-global"},{"name":"mcp-cli","char_count":121,"source_kind":"builtin-global"},{"name":"mcp-onboarding","char_count":169,"source_kind":"builtin-global"},{"name":"minimax-docx","char_count":235,"source_kind":"builtin-global"},{"name":"minimax-pdf","char_count":322,"source_kind":"builtin-global"},{"name":"minimax-pptx","char_count":261,"source_kind":"builtin-global"},{"name":"minimax-xlsx","char_count":350,"source_kind":"builtin-global"},{"name":"obsidian-cli","char_count":1134,"source_kind":null},{"name":"plan-mode","char_count":308,"source_kind":"builtin-global"},{"name":"skill-creator","char_count":363,"source_kind":"builtin-global"},{"name":"skill-evolution","char_count":614,"source_kind":"builtin-global"},{"name":"skill-refiner","char_count":326,"source_kind":"builtin-global"},{"name":"visual-summary","char_count":614,"source_kind":"builtin-global"},{"name":"worktree-management","char_count":480,"source_kind":"builtin-global"},{"name":"x-link-reader","char_count":315,"source_kind":"builtin-global"},{"name":"zotero-use","char_count":802,"source_kind":null}]}
[19:14:28.766] INFO: [daemon.js:17438] [414dbee4fd2a42c982bdc77f617d4236] ← GET /mavis/api/agent/agent-45acf34ec377/skill status=200 duration=1ms {"locale":"en"}
[19:14:28.772] INFO: [daemon.js:17438] [646d44062d2b45fcaeedc649263bb2dc] → GET /mavis/api/models
[19:14:28.773] INFO: [daemon.js:17438] [87eb9a3466a04828a502e87bd9ea95a9] → GET /mavis/api/session/mvs_5e0fcbb6257a4549a051144c47bf9b3b/queue
[19:14:28.773] INFO: [daemon.js:17438] [87eb9a3466a04828a502e87bd9ea95a9] ← GET /mavis/api/session/mvs_5e0fcbb6257a4549a051144c47bf9b3b/queue status=200 duration=0ms {"locale":"en"}
[19:14:28.773] INFO: [daemon.js:17438] [e706920324df4017bd61666602ed753b] → GET /mavis/api/agent/agent-45acf34ec377/questionnaire/pending
[19:14:28.774] INFO: [daemon.js:17438] [e706920324df4017bd61666602ed753b] ← GET /mavis/api/agent/agent-45acf34ec377/questionnaire/pending status=200 duration=1ms {"locale":"en"}
[19:14:28.774] INFO: [daemon.js:17438] [646d44062d2b45fcaeedc649263bb2dc] ← GET /mavis/api/models status=200 duration=2ms {"locale":"en"}
[19:14:28.795] INFO: [daemon.js:17438] [5cd884a9a8e041ec9d2f81d8bc9750ce] ← GET /mavis/api/agent/agent-45acf34ec377/session/tree status=200 duration=31ms {"locale":"en"}
[19:14:28.874] INFO: [daemon.js:17438] [03d349ebefd04323a9f2f31b0d672cc9] → GET /mavis/api/session/ses_17d1b945affecoWx4fO1wbqS6v
[19:14:28.876] INFO: [daemon.js:17438] [03d349ebefd04323a9f2f31b0d672cc9] ← GET /mavis/api/session/ses_17d1b945affecoWx4fO1wbqS6v status=200 duration=2ms {"locale":"en"}
[19:14:28.877] INFO: [daemon.js:17438] [73241d66f2f7486f92afa5b0572450ac] → GET /mavis/api/agent/agent-45acf34ec377
[19:14:28.878] INFO: [daemon.js:17438] [73241d66f2f7486f92afa5b0572450ac] ← GET /mavis/api/agent/agent-45acf34ec377 status=200 duration=1ms {"locale":"en"}
[19:14:28.880] INFO: [daemon.js:17438] [4e9ffdd3f7f04c5e9fa976ae2671a870] → GET /mavis/api/agent/agent-45acf34ec377/skill
[19:14:28.880] INFO: [daemon.js:17438] [e4764a5f174b4a2595e276f8f2f62081] → GET /mavis/api/mcp/servers
[19:14:28.882] INFO: [daemon.js:17438] [e4764a5f174b4a2595e276f8f2f62081] ← GET /mavis/api/mcp/servers status=200 duration=2ms {"locale":"en"}
[19:14:28.882] INFO: [daemon.js:17438] [3a8ff2dd7222423996ae299da0e9a545] → GET /mavis/api/mcp/native-tools
[19:14:28.883] INFO: [daemon.js:17438] [3a8ff2dd7222423996ae299da0e9a545] ← GET /mavis/api/mcp/native-tools status=200 duration=1ms {"locale":"en"}
[19:14:28.883] INFO: [daemon.js:17438] skill block emitted {"ctx":{"traceId":"fc2a0ffd55c1453a94193d406fcd2eda"},"event":"skill_block_emitted","agent":"agent-45acf34ec377","total_count":22,"total_chars":10433,"skills":[{"name":"create-agent","char_count":676,"source_kind":"builtin-global"},{"name":"init-harness","char_count":521,"source_kind":"builtin-global"},{"name":"lark-tools","char_count":899,"source_kind":"builtin-global"},{"name":"literature-note","char_count":281,"source_kind":"user-mavis"},{"name":"llm-call","char_count":337,"source_kind":"builtin-global"},{"name":"mavis","char_count":950,"source_kind":"builtin-global"},{"name":"mavis-browser","char_count":355,"source_kind":"builtin-global"},{"name":"mcp-cli","char_count":121,"source_kind":"builtin-global"},{"name":"mcp-onboarding","char_count":169,"source_kind":"builtin-global"},{"name":"minimax-docx","char_count":235,"source_kind":"builtin-global"},{"name":"minimax-pdf","char_count":322,"source_kind":"builtin-global"},{"name":"minimax-pptx","char_count":261,"source_kind":"builtin-global"},{"name":"minimax-xlsx","char_count":350,"source_kind":"builtin-global"},{"name":"obsidian-cli","char_count":1134,"source_kind":null},{"name":"plan-mode","char_count":308,"source_kind":"builtin-global"},{"name":"skill-creator","char_count":363,"source_kind":"builtin-global"},{"name":"skill-evolution","char_count":614,"source_kind":"builtin-global"},{"name":"skill-refiner","char_count":326,"source_kind":"builtin-global"},{"name":"visual-summary","char_count":614,"source_kind":"builtin-global"},{"name":"worktree-management","char_count":480,"source_kind":"builtin-global"},{"name":"x-link-reader","char_count":315,"source_kind":"builtin-global"},{"name":"zotero-use","char_count":802,"source_kind":null}]}
[19:14:28.884] INFO: [daemon.js:17438] [4e9ffdd3f7f04c5e9fa976ae2671a870] ← GET /mavis/api/agent/agent-45acf34ec377/skill status=200 duration=4ms {"locale":"en"}
[19:14:28.886] INFO: [daemon.js:17438] [1ec1ffed318847cda40df740f74b98e5] → POST /mavis/api/metrics/runtime-event
[19:14:28.886] INFO: [daemon.js:17438] [1ec1ffed318847cda40df740f74b98e5] ← POST /mavis/api/metrics/runtime-event status=204 duration=0ms {"locale":"en"}
[19:14:28.901] INFO: [daemon.js:17438] [c73dd5d6ff2847e5ba576b040c78f51e] → GET /mavis/api/session/mvs_5e0fcbb6257a4549a051144c47bf9b3b
[19:14:28.901] INFO: [daemon.js:17438] [c73dd5d6ff2847e5ba576b040c78f51e] ← GET /mavis/api/session/mvs_5e0fcbb6257a4549a051144c47bf9b3b status=200 duration=0ms {"locale":"en"}
[19:14:28.902] INFO: [daemon.js:17438] [389f5515a2ea441a82de1117af13e2dc] → GET /mavis/api/session/mvs_5e0fcbb6257a4549a051144c47bf9b3b/message
[19:14:28.903] INFO: [daemon.js:17438] MessageStore list completed {"ctx":{"traceId":"389f5515a2ea441a82de1117af13e2dc","locale":"en"},"sessionId":"mvs_5e0fcbb6257a4549a051144c47bf9b3b","durationMs":0,"messageCount":0,"hasNextCursor":false}
[19:14:28.903] INFO: [daemon.js:17438] [389f5515a2ea441a82de1117af13e2dc] ← GET /mavis/api/session/mvs_5e0fcbb6257a4549a051144c47bf9b3b/message status=200 duration=1ms {"locale":"en"}
[19:14:28.905] INFO: [daemon.js:17438] [0b6dd25d64b948edbed9fa2f88d98ccb] → GET /mavis/api/session/mvs_5e0fcbb6257a4549a051144c47bf9b3b/queue
[19:14:28.905] INFO: [daemon.js:17438] [0b6dd25d64b948edbed9fa2f88d98ccb] ← GET /mavis/api/session/mvs_5e0fcbb6257a4549a051144c47bf9b3b/queue status=200 duration=0ms {"locale":"en"}
[19:14:29.094] INFO: [daemon.js:17438] [bdd2a3938b554ee2852c27ffe1c93030] → POST /mavis/api/session/mvs_5e0fcbb6257a4549a051144c47bf9b3b/resume
[19:14:29.094] INFO: [daemon.js:17438] [bdd2a3938b554ee2852c27ffe1c93030] [resume] SSE stream started, agentName=agent-45acf34ec377, sessionId=mvs_5e0fcbb6257a4549a051144c47bf9b3b, msgId=undefined, turnId=1b112414-d518-47d4-a10b-575f24bcc1cc, drainQueued=false {"locale":"en"}
[19:14:29.094] INFO: [daemon.js:17438] [bdd2a3938b554ee2852c27ffe1c93030] ← POST /mavis/api/session/mvs_5e0fcbb6257a4549a051144c47bf9b3b/resume status=200 duration=0ms {"locale":"en"}
[19:14:30.897] INFO: [daemon.js:17438] [ff1eb710e47748eba17987b9ddaeb756] → GET /mavis/health
[19:14:30.897] INFO: [daemon.js:17438] [ff1eb710e47748eba17987b9ddaeb756] ← GET /mavis/health status=200 duration=0ms {"locale":"en"}
[19:14:32.216] INFO: [daemon.js:17438] [6d64c379d0fc4038bb1c08fe16a5e19c] → PATCH /mavis/api/agent/agent-45acf34ec377/identity
[19:14:32.481] INFO: [daemon.js:17438] [6d64c379d0fc4038bb1c08fe16a5e19c] Agent identity updated: agent-45acf34ec377 {"locale":"en"}
[19:14:32.481] INFO: [daemon.js:17438] [6d64c379d0fc4038bb1c08fe16a5e19c] ← PATCH /mavis/api/agent/agent-45acf34ec377/identity status=200 duration=265ms {"locale":"en"}
[19:14:32.483] INFO: [daemon.js:17438] [12e7df26b6314cee99cabc2d81ab4034] → GET /mavis/api/agent/agent-45acf34ec377
[19:14:32.484] INFO: [daemon.js:17438] [12e7df26b6314cee99cabc2d81ab4034] ← GET /mavis/api/agent/agent-45acf34ec377 status=200 duration=1ms {"locale":"en"}
[19:14:40.907] INFO: [daemon.js:17438] [86606e9cb0cc4b368e74cb3ad43d9747] → GET /mavis/health
[19:14:40.907] INFO: [daemon.js:17438] [86606e9cb0cc4b368e74cb3ad43d9747] ← GET /mavis/health status=200 duration=0ms {"locale":"en"}
[19:14:42.473] INFO: [daemon.js:17438] [a09786f537984421afabdfbd5267924c] → POST /mavis/api/metrics/runtime-event
[19:14:42.474] INFO: [daemon.js:17438] [a09786f537984421afabdfbd5267924c] ← POST /mavis/api/metrics/runtime-event status=204 duration=1ms {"locale":"en"}
[19:14:42.478] INFO: [daemon.js:17438] [f0e4ce4931d24a4296319e413605917a] [monitor] thinking TTFT measured sessionId=mvs_5e0fcbb6257a4549a051144c47bf9b3b agentName=agent-45acf34ec377 ttftMs=14084
[19:14:42.480] INFO: [daemon.js:17438] [fdab7b7c63d04abba7681f21824a708d] [monitor] response TTFT measured sessionId=mvs_5e0fcbb6257a4549a051144c47bf9b3b agentName=agent-45acf34ec377 ttftMs=14086 breakdown={"resolveSession":0,"reconcileConfig":0,"hooks":335,"modelResolve":1,"adapterSend":13750}
[19:14:42.492] INFO: [daemon.js:17438] [a25da435a4da4326b6f26f40a24a3656] → GET /mavis/api/session/mvs_5e0fcbb6257a4549a051144c47bf9b3b
[19:14:42.493] INFO: [daemon.js:17438] [a25da435a4da4326b6f26f40a24a3656] ← GET /mavis/api/session/mvs_5e0fcbb6257a4549a051144c47bf9b3b status=200 duration=1ms {"locale":"en"}
[19:14:42.786] INFO: [daemon.js:17438] [657c4b6f2bb04aa18dee13723c7211dc] [bridge] Emitting session.finish event sessionId=mvs_5e0fcbb6257a4549a051144c47bf9b3b agentName=agent-45acf34ec377 isError=false
[19:14:42.789] INFO: [daemon.js:17438] [1e8cdc14357b45b3a9d5fce529c6c920] [cron-store] Loaded cron configs, count=0
[19:14:50.909] INFO: [daemon.js:17438] [77087377ab9f4c0fb2a3329020ed5543] → GET /mavis/health
[19:14:50.909] INFO: [daemon.js:17438] [77087377ab9f4c0fb2a3329020ed5543] ← GET /mavis/health status=200 duration=0ms {"locale":"en"}
[19:15:00.914] INFO: [daemon.js:17438] [c621b7faa6e74363aeced1a1443da299] → GET /mavis/health
[19:15:00.914] INFO: [daemon.js:17438] [c621b7faa6e74363aeced1a1443da299] ← GET /mavis/health status=200 duration=0ms {"locale":"en"}
[19:15:10.921] INFO: [daemon.js:17438] [c627080900784626bae90ccf10449c95] → GET /mavis/health
[19:15:10.921] INFO: [daemon.js:17438] [c627080900784626bae90ccf10449c95] ← GET /mavis/health status=200 duration=0ms {"locale":"en"}
[19:15:20.928] INFO: [daemon.js:17438] [b7243f22c72c43aab38c30bbb50618da] → GET /mavis/health
[19:15:20.928] INFO: [daemon.js:17438] [b7243f22c72c43aab38c30bbb50618da] ← GET /mavis/health status=200 duration=0ms {"locale":"en"}
[19:15:30.930] INFO: [daemon.js:17438] [e2c59fc65f6d4801a036271791d55318] → GET /mavis/health
[19:15:30.931] INFO: [daemon.js:17438] [e2c59fc65f6d4801a036271791d55318] ← GET /mavis/health status=200 duration=1ms {"locale":"en"}
[19:15:40.938] INFO: [daemon.js:17438] [7064e4aad0b844518e2375ad1b265771] → GET /mavis/health
[19:15:40.938] INFO: [daemon.js:17438] [7064e4aad0b844518e2375ad1b265771] ← GET /mavis/health status=200 duration=0ms {"locale":"en"}
[19:15:48.698] INFO: [daemon.js:17438] [d223cade9e8b4e6dbd3e90c129051677] → GET /mavis/mcp/trash
[19:15:48.698] INFO: [daemon.js:17438] [d223cade9e8b4e6dbd3e90c129051677] ← GET /mavis/mcp/trash status=200 duration=0ms {"locale":"en"}
[19:15:48.699] INFO: [daemon.js:17438] [b5b2b9b9a3034317b506f7a8ae970130] → GET /mavis/mcp/cu
[19:15:48.699] INFO: [daemon.js:17438] [b5b2b9b9a3034317b506f7a8ae970130] ← GET /mavis/mcp/cu status=200 duration=0ms {"locale":"en"}
[19:15:50.949] INFO: [daemon.js:17438] [8ec0b977375b428c90808602b9a11019] → GET /mavis/health
[19:15:50.949] INFO: [daemon.js:17438] [8ec0b977375b428c90808602b9a11019] ← GET /mavis/health status=200 duration=0ms {"locale":"en"}
[19:16:00.958] INFO: [daemon.js:17438] [bd26b84b74ec48d38533d293362d8af4] → GET /mavis/health
[19:16:00.959] INFO: [daemon.js:17438] [bd26b84b74ec48d38533d293362d8af4] ← GET /mavis/health status=200 duration=1ms {"locale":"en"}
[19:16:09.722] INFO: [daemon.js:17438] [d0b1d558cb7f44008da1194ac5852173] → POST /mavis/mcp/cu
[19:16:09.723] INFO: [daemon.js:17438] [d0b1d558cb7f44008da1194ac5852173] ← POST /mavis/mcp/cu status=200 duration=1ms {"locale":"en"}
[19:16:09.723] INFO: [daemon.js:17438] [55b21ba145f046199900aa0dfd5cb044] → POST /mavis/mcp/trash
[19:16:09.723] INFO: [daemon.js:17438] [55b21ba145f046199900aa0dfd5cb044] ← POST /mavis/mcp/trash status=200 duration=0ms {"locale":"en"}
[19:16:09.990] INFO: [daemon.js:17438] [2312941cbfe6465eb2b0bb508ffc3703] [mcp:matrix:stderr] [matrix-mcp-cli] tools/list dropped 2 unknown tool(s) not in this cli's KNOWN_TOOLS: matrix_extract_content_from_websites, matrix_get_upload_url
[19:16:10.962] INFO: [daemon.js:17438] [98af8e5dfa2240faa2e92098b125cc2f] → GET /mavis/health
[19:16:10.962] INFO: [daemon.js:17438] [98af8e5dfa2240faa2e92098b125cc2f] ← GET /mavis/health status=200 duration=0ms {"locale":"en"}
[19:16:20.966] INFO: [daemon.js:17438] [eb5b9a28c4df4a149afaf621a6501bc6] → GET /mavis/health
[19:16:20.966] INFO: [daemon.js:17438] [eb5b9a28c4df4a149afaf621a6501bc6] ← GET /mavis/health status=200 duration=0ms {"locale":"en"}
[19:16:30.966] INFO: [daemon.js:17438] [62294bbea28b4e09a5d125b42afa77c6] → GET /mavis/health
[19:16:30.967] INFO: [daemon.js:17438] [62294bbea28b4e09a5d125b42afa77c6] ← GET /mavis/health status=200 duration=1ms {"locale":"en"}
[19:16:40.971] INFO: [daemon.js:17438] [a1c61b4218b94f6491019abcf69c9262] → GET /mavis/health
[19:16:40.971] INFO: [daemon.js:17438] [a1c61b4218b94f6491019abcf69c9262] ← GET /mavis/health status=200 duration=0ms {"locale":"en"}
[19:16:50.974] INFO: [daemon.js:17438] [dfff7e49263449829c5449206a647792] → GET /mavis/health
[19:16:50.974] INFO: [daemon.js:17438] [dfff7e49263449829c5449206a647792] ← GET /mavis/health status=200 duration=0ms {"locale":"en"}
[19:17:00.997] INFO: [daemon.js:17438] [72895cf2b2c64ee48ade5cdbc0e7a58f] → GET /mavis/health
[19:17:00.997] INFO: [daemon.js:17438] [72895cf2b2c64ee48ade5cdbc0e7a58f] ← GET /mavis/health status=200 duration=0ms {"locale":"en"}
[19:17:10.999] INFO: [daemon.js:17438] [18f1f062140b469a8d66964ed7df86a8] → GET /mavis/health
[19:17:10.999] INFO: [daemon.js:17438] [18f1f062140b469a8d66964ed7df86a8] ← GET /mavis/health status=200 duration=0ms {"locale":"en"}
[19:17:21.006] INFO: [daemon.js:17438] [368797db51c543c29ea53fa59b69b4e0] → GET /mavis/health
[19:17:21.006] INFO: [daemon.js:17438] [368797db51c543c29ea53fa59b69b4e0] ← GET /mavis/health status=200 duration=0ms {"locale":"en"}
[19:17:31.020] INFO: [daemon.js:17438] [cf04cfe5696347f5873dfd69aaaf6735] → GET /mavis/health
[19:17:31.020] INFO: [daemon.js:17438] [cf04cfe5696347f5873dfd69aaaf6735] ← GET /mavis/health status=200 duration=0ms {"locale":"en"}
[19:17:41.022] INFO: [daemon.js:17438] [b35e818a71e5401b9c2fb3b2a37b64d2] → GET /mavis/health
[19:17:41.022] INFO: [daemon.js:17438] [b35e818a71e5401b9c2fb3b2a37b64d2] ← GET /mavis/health status=200 duration=0ms {"locale":"en"}
[19:17:51.035] INFO: [daemon.js:17438] [f24f41cea2e641c19de1123dd8c5ec78] → GET /mavis/health
[19:17:51.035] INFO: [daemon.js:17438] [f24f41cea2e641c19de1123dd8c5ec78] ← GET /mavis/health status=200 duration=0ms {"locale":"en"}
[19:18:01.050] INFO: [daemon.js:17438] [b476e2328a874f389bd56a2238cf88a6] → GET /mavis/health
[19:18:01.050] INFO: [daemon.js:17438] [b476e2328a874f389bd56a2238cf88a6] ← GET /mavis/health status=200 duration=0ms {"locale":"en"}
[19:18:11.050] INFO: [daemon.js:17438] [4bd19dac246945ce96ba51976eb45297] → GET /mavis/health
[19:18:11.051] INFO: [daemon.js:17438] [4bd19dac246945ce96ba51976eb45297] ← GET /mavis/health status=200 duration=1ms {"locale":"en"}
[19:18:21.063] INFO: [daemon.js:17438] [09c6240c627f4f248f5412c857fe1c3e] → GET /mavis/health
[19:18:21.063] INFO: [daemon.js:17438] [09c6240c627f4f248f5412c857fe1c3e] ← GET /mavis/health status=200 duration=0ms {"locale":"en"}
[19:18:31.071] INFO: [daemon.js:17438] [82aa38efeffb4de88ed0de2acf7f7c97] → GET /mavis/health
[19:18:31.071] INFO: [daemon.js:17438] [82aa38efeffb4de88ed0de2acf7f7c97] ← GET /mavis/health status=200 duration=0ms {"locale":"en"}
[19:18:41.080] INFO: [daemon.js:17438] [805b182498be40c78b912fc9c15a0548] → GET /mavis/health
[19:18:41.080] INFO: [daemon.js:17438] [805b182498be40c78b912fc9c15a0548] ← GET /mavis/health status=200 duration=0ms {"locale":"en"}
[19:18:51.084] INFO: [daemon.js:17438] [65b9795a60244596ba954b956584711d] → GET /mavis/health
[19:18:51.084] INFO: [daemon.js:17438] [65b9795a60244596ba954b956584711d] ← GET /mavis/health status=200 duration=0ms {"locale":"en"}
[19:19:01.087] INFO: [daemon.js:17438] [8a7c717a532244f5824dfb775f4f107c] → GET /mavis/health
[19:19:01.087] INFO: [daemon.js:17438] [8a7c717a532244f5824dfb775f4f107c] ← GET /mavis/health status=200 duration=0ms {"locale":"en"}
[19:19:11.090] INFO: [daemon.js:17438] [96b52c3c39d8485f90e24c42d666b0d8] → GET /mavis/health
[19:19:11.090] INFO: [daemon.js:17438] [96b52c3c39d8485f90e24c42d666b0d8] ← GET /mavis/health status=200 duration=0ms {"locale":"en"}
[19:19:21.102] INFO: [daemon.js:17438] [75c147482bba43ba918ea3f729bd9793] → GET /mavis/health
[19:19:21.102] INFO: [daemon.js:17438] [75c147482bba43ba918ea3f729bd9793] ← GET /mavis/health status=200 duration=0ms {"locale":"en"}
[19:19:25.354] INFO: [daemon.js:17438] [72ce4e77ef2649f0869f4d5b934e12aa] → POST /mavis/api/content
[19:19:25.647] INFO: [daemon.js:17438] [72ce4e77ef2649f0869f4d5b934e12aa] ← POST /mavis/api/content status=200 duration=293ms {"locale":"en"}
[19:19:25.652] INFO: [daemon.js:17438] [a137e71847274bd2b1e11e06f5d08fb2] → POST /mavis/api/session/mvs_5e0fcbb6257a4549a051144c47bf9b3b/message
[19:19:25.653] INFO: [daemon.js:17438] [a137e71847274bd2b1e11e06f5d08fb2] SendMessage received for agent-45acf34ec377/mvs_5e0fcbb6257a4549a051144c47bf9b3b {"locale":"en"}
[19:19:25.653] INFO: [daemon.js:17438] [message] Forwarding user message {"ctx":{"traceId":"a137e71847274bd2b1e11e06f5d08fb2","locale":"en"},"agentName":"agent-45acf34ec377","sessionId":"mvs_5e0fcbb6257a4549a051144c47bf9b3b","queuedMessageCount":0,"turnId":"475333db-1461-47f9-ba33-2e1d11a8762e"}
[19:19:25.653] INFO: [daemon.js:17438] [a137e71847274bd2b1e11e06f5d08fb2] ← POST /mavis/api/session/mvs_5e0fcbb6257a4549a051144c47bf9b3b/message status=200 duration=1ms {"locale":"en"}
[19:19:25.654] INFO: [daemon.js:17438] [f4ee6055ad14459e97f9bb3627f73f55] Session turnId updated sessionId=mvs_5e0fcbb6257a4549a051144c47bf9b3b turnId=475333db-1461-47f9-ba33-2e1d11a8762e
[19:19:25.654] INFO: [daemon.js:17438] [6d6b8c60ff014a5eadf6ba273e8a71b7] Resolved model from request override agentName=agent-45acf34ec377 providerID=minimax modelID=MiniMax-M2.7
[19:19:25.660] INFO: [daemon.js:17438] [6943eb1e7ac94b978cf8cd679bcfad98] Resolved model from request override agentName=agent-45acf34ec377 providerID=minimax modelID=MiniMax-M2.7
[19:19:25.660] INFO: [daemon.js:17438] [a137e71847274bd2b1e11e06f5d08fb2] sendMessage started, agentName=agent-45acf34ec377, sessionId=mvs_5e0fcbb6257a4549a051144c47bf9b3b {"locale":"en"}
[19:19:25.691] INFO: [daemon.js:17438] [fc43edc93e2e4a82bd87f72b31e1b46e] → POST /mavis/api/metrics/runtime-event
[19:19:25.692] INFO: [daemon.js:17438] [fc43edc93e2e4a82bd87f72b31e1b46e] ← POST /mavis/api/metrics/runtime-event status=204 duration=1ms {"locale":"en"}
[19:19:30.800] INFO: [daemon.js:17438] [a5e057df2adb4c21a59dfa21b9167a2a] → POST /mavis/api/metrics/runtime-event
[19:19:30.800] INFO: [daemon.js:17438] [a5e057df2adb4c21a59dfa21b9167a2a] ← POST /mavis/api/metrics/runtime-event status=204 duration=1ms {"locale":"en"}
[19:19:30.803] INFO: [daemon.js:17438] [0d455f9674694d9d88da19d7415171db] [monitor] thinking TTFT measured sessionId=mvs_5e0fcbb6257a4549a051144c47bf9b3b agentName=agent-45acf34ec377 ttftMs=5150
[19:19:30.804] INFO: [daemon.js:17438] [486c1f55caf7471b90ff1ca8812ccbae] [monitor] response TTFT measured sessionId=mvs_5e0fcbb6257a4549a051144c47bf9b3b agentName=agent-45acf34ec377 ttftMs=5151 breakdown={"resolveSession":1,"reconcileConfig":0,"hooks":5,"modelResolve":1,"adapterSend":5144}
[19:19:31.110] INFO: [daemon.js:17438] [400be242822449bd81af08d2a26d39ae] → GET /mavis/health
[19:19:31.110] INFO: [daemon.js:17438] [400be242822449bd81af08d2a26d39ae] ← GET /mavis/health status=200 duration=0ms {"locale":"en"}
[19:19:31.149] INFO: [daemon.js:17438] [582ddff0a0fd474a8f933886729b820d] [bridge] Emitting session.finish event sessionId=mvs_5e0fcbb6257a4549a051144c47bf9b3b agentName=agent-45acf34ec377 isError=false
[19:19:31.152] INFO: [daemon.js:17438] [7d2b6192f4584ec7a37cdb58268eab55] [cron-store] Loaded cron configs, count=0
[19:19:31.158] INFO: [daemon.js:17438] [b76aa0806e7d4943a8b3bd6f01e494ac] → GET /mavis/api/session/mvs_5e0fcbb6257a4549a051144c47bf9b3b/diff
[19:19:31.159] INFO: [daemon.js:17438] [dd0029de268a415dad1593ad6d83a7ff] → GET /mavis/api/session/mvs_5e0fcbb6257a4549a051144c47bf9b3b
[19:19:31.163] INFO: [daemon.js:17438] [b76aa0806e7d4943a8b3bd6f01e494ac] ← GET /mavis/api/session/mvs_5e0fcbb6257a4549a051144c47bf9b3b/diff status=200 duration=5ms {"locale":"en"}
[19:19:31.164] INFO: [daemon.js:17438] [dd0029de268a415dad1593ad6d83a7ff] ← GET /mavis/api/session/mvs_5e0fcbb6257a4549a051144c47bf9b3b status=200 duration=5ms {"locale":"en"}
[19:19:41.120] INFO: [daemon.js:17438] [6dddb86761f144b5842873680b234c81] → GET /mavis/health
[19:19:41.120] INFO: [daemon.js:17438] [6dddb86761f144b5842873680b234c81] ← GET /mavis/health status=200 duration=0ms {"locale":"en"}
[19:19:51.133] INFO: [daemon.js:17438] [b1da0196c51f40b38084498e7523b125] → GET /mavis/health
[19:19:51.134] INFO: [daemon.js:17438] [b1da0196c51f40b38084498e7523b125] ← GET /mavis/health status=200 duration=1ms {"locale":"en"}
[19:20:01.145] INFO: [daemon.js:17438] [bd153e4f946049dc84c2c3e54210a104] → GET /mavis/health
[19:20:01.146] INFO: [daemon.js:17438] [bd153e4f946049dc84c2c3e54210a104] ← GET /mavis/health status=200 duration=1ms {"locale":"en"}
[19:20:11.157] INFO: [daemon.js:17438] [d18764decb6e482aac2f815a3a3ca588] → GET /mavis/health
[19:20:11.158] INFO: [daemon.js:17438] [d18764decb6e482aac2f815a3a3ca588] ← GET /mavis/health status=200 duration=1ms {"locale":"en"}
[19:20:21.163] INFO: [daemon.js:17438] [ec6805dd225d4611bc456c5e08ccadcb] → GET /mavis/health
[19:20:21.163] INFO: [daemon.js:17438] [ec6805dd225d4611bc456c5e08ccadcb] ← GET /mavis/health status=200 duration=0ms {"locale":"en"}
[19:20:31.173] INFO: [daemon.js:17438] [111894410a29462f95cc1edf012f3bbd] → GET /mavis/health
[19:20:31.174] INFO: [daemon.js:17438] [111894410a29462f95cc1edf012f3bbd] ← GET /mavis/health status=200 duration=1ms {"locale":"en"}
[19:20:39.274] INFO: [daemon.js:17438] [5af3fdb2398e4fbfb67c48afe211f6c8] → POST /mavis/api/content
[19:20:39.505] INFO: [daemon.js:17438] [5af3fdb2398e4fbfb67c48afe211f6c8] ← POST /mavis/api/content status=200 duration=231ms {"locale":"en"}
[19:20:39.508] INFO: [daemon.js:17438] [3e9c0c5f33034b74b67b3276eef8aa1c] → POST /mavis/api/session/mvs_5e0fcbb6257a4549a051144c47bf9b3b/message
[19:20:39.508] INFO: [daemon.js:17438] [3e9c0c5f33034b74b67b3276eef8aa1c] SendMessage received for agent-45acf34ec377/mvs_5e0fcbb6257a4549a051144c47bf9b3b {"locale":"en"}
[19:20:39.508] INFO: [daemon.js:17438] [message] Forwarding user message {"ctx":{"traceId":"3e9c0c5f33034b74b67b3276eef8aa1c","locale":"en"},"agentName":"agent-45acf34ec377","sessionId":"mvs_5e0fcbb6257a4549a051144c47bf9b3b","queuedMessageCount":0,"turnId":"7802a194-c522-4724-aa5b-5efd3665105c"}
[19:20:39.508] INFO: [daemon.js:17438] [3e9c0c5f33034b74b67b3276eef8aa1c] ← POST /mavis/api/session/mvs_5e0fcbb6257a4549a051144c47bf9b3b/message status=200 duration=0ms {"locale":"en"}
[19:20:39.509] INFO: [daemon.js:17438] [4f52899a8b7e46f88028032e0605f794] Session turnId updated sessionId=mvs_5e0fcbb6257a4549a051144c47bf9b3b turnId=7802a194-c522-4724-aa5b-5efd3665105c
[19:20:39.818] INFO: [daemon.js:17438] [8c24eb9524ed4c2bb442d31194fa2bc0] Resolved model from request override agentName=agent-45acf34ec377 providerID=minimax modelID=MiniMax-M2.7
[19:20:39.824] INFO: [daemon.js:17438] [52e988da793f4704bf862e2bc4c3442a] Resolved model from request override agentName=agent-45acf34ec377 providerID=minimax modelID=MiniMax-M2.7
[19:20:39.824] INFO: [daemon.js:17438] [3e9c0c5f33034b74b67b3276eef8aa1c] sendMessage started, agentName=agent-45acf34ec377, sessionId=mvs_5e0fcbb6257a4549a051144c47bf9b3b {"locale":"en"}
[19:20:39.859] INFO: [daemon.js:17438] [3ef6bd79e997493f9179c75dd3d95137] → POST /mavis/api/metrics/runtime-event
[19:20:39.859] INFO: [daemon.js:17438] [3ef6bd79e997493f9179c75dd3d95137] ← POST /mavis/api/metrics/runtime-event status=204 duration=0ms {"locale":"en"}
[19:20:41.071] INFO: [daemon.js:17438] [5bae70a47495498bba8e542648cc954a] → POST /mavis/api/metrics/runtime-event
[19:20:41.072] INFO: [daemon.js:17438] [5bae70a47495498bba8e542648cc954a] ← POST /mavis/api/metrics/runtime-event status=204 duration=1ms {"locale":"en"}
[19:20:41.072] INFO: [daemon.js:17438] [adda2bc8f89346d1a5959ecb010c45d1] → GET /mavis/api/session/ses_17d1b945affecoWx4fO1wbqS6v
[19:20:41.074] INFO: [daemon.js:17438] [3975fd1d3143434184510d9c403e2562] → POST /mavis/api/metrics/runtime-event
[19:20:41.074] INFO: [daemon.js:17438] [3975fd1d3143434184510d9c403e2562] ← POST /mavis/api/metrics/runtime-event status=204 duration=0ms {"locale":"en"}
[19:20:41.075] INFO: [daemon.js:17438] [4353cde93ae34ef8adaf9d03deda176b] → GET /mavis/api/session/ses_17d1b945affecoWx4fO1wbqS6v
[19:20:41.076] INFO: [daemon.js:17438] [14071ac23a1547a58cd9a855d5287db8] [monitor] thinking TTFT measured sessionId=mvs_5e0fcbb6257a4549a051144c47bf9b3b agentName=agent-45acf34ec377 ttftMs=1568
[19:20:41.078] INFO: [daemon.js:17438] [adda2bc8f89346d1a5959ecb010c45d1] ← GET /mavis/api/session/ses_17d1b945affecoWx4fO1wbqS6v status=200 duration=6ms {"locale":"en"}
[19:20:41.078] INFO: [daemon.js:17438] [4353cde93ae34ef8adaf9d03deda176b] ← GET /mavis/api/session/ses_17d1b945affecoWx4fO1wbqS6v status=200 duration=3ms {"locale":"en"}
[19:20:41.079] INFO: [daemon.js:17438] [53757a2766f94fb591b8f2f8c6c983e8] → POST /mavis/api/permission/check
[19:20:41.079] INFO: [daemon.js:17438] [53757a2766f94fb591b8f2f8c6c983e8] Permission check requested: skill for agent-45acf34ec377 {"locale":"en"}
[19:20:41.080] INFO: [daemon.js:17438] [e7b916283d244a03bbc8faad6fd14d40] → POST /mavis/api/permission/check
[19:20:41.080] INFO: [daemon.js:17438] [e7b916283d244a03bbc8faad6fd14d40] Permission check requested: skill for agent-45acf34ec377 {"locale":"en"}
[19:20:41.080] INFO: [daemon.js:17438] Created ToolPermissionContext {"mode":"auto","ruleCount":0,"sandboxEnabled":false,"workingDirectory":"C:\\Users\\jethr\\.mavis\\agents\\agent-45acf34ec377\\workspace"}
[19:20:41.080] INFO: [daemon.js:17438] [a04e9fc4ce20493588d39f547073f547] [permission-service] Check result: toolName=skill behavior=allow reasonType=safetyCheck locale=en
[19:20:41.080] INFO: [daemon.js:17438] [53757a2766f94fb591b8f2f8c6c983e8] Permission check result: skill → allow {"locale":"en"}
[19:20:41.080] INFO: [daemon.js:17438] [53757a2766f94fb591b8f2f8c6c983e8] ← POST /mavis/api/permission/check status=200 duration=1ms {"locale":"en"}
[19:20:41.080] INFO: [daemon.js:17438] Created ToolPermissionContext {"mode":"auto","ruleCount":0,"sandboxEnabled":false,"workingDirectory":"C:\\Users\\jethr\\.mavis\\agents\\agent-45acf34ec377\\workspace"}
[19:20:41.081] INFO: [daemon.js:17438] [de059b033b2c424d8e84bc28c5f194d5] [permission-service] Check result: toolName=skill behavior=allow reasonType=safetyCheck locale=en
[19:20:41.081] INFO: [daemon.js:17438] [e7b916283d244a03bbc8faad6fd14d40] Permission check result: skill → allow {"locale":"en"}
[19:20:41.081] INFO: [daemon.js:17438] [e7b916283d244a03bbc8faad6fd14d40] ← POST /mavis/api/permission/check status=200 duration=1ms {"locale":"en"}
[19:20:41.081] INFO: [daemon.js:17438] [3f21b4138d744b40a8bcf56b71b976d0] → POST /mavis/api/hooks/execute
[19:20:41.081] INFO: [daemon.js:17438] [hook-registry] matcher did not match, hook filtered out {"module":"hook-registry","hookId":"builtin:binary-read-guard","matcher":"^[Rr]ead$","matchValue":"skill"}
[19:20:41.082] INFO: [daemon.js:17438] [hook-registry] hooks filtered by matcher {"module":"hook-registry","hookEvent":"PreToolUse","matchValue":"skill","beforeCount":2,"afterCount":1}
[19:20:41.082] INFO: [daemon.js:17438] [3f21b4138d744b40a8bcf56b71b976d0] ← POST /mavis/api/hooks/execute status=200 duration=1ms {"locale":"en"}
[19:20:41.082] INFO: [daemon.js:17438] [36c397cae483465aa175cbe7500bbf5f] → POST /mavis/api/hooks/execute
[19:20:41.082] INFO: [daemon.js:17438] [hook-registry] matcher did not match, hook filtered out {"module":"hook-registry","hookId":"builtin:binary-read-guard","matcher":"^[Rr]ead$","matchValue":"skill"}
[19:20:41.083] INFO: [daemon.js:17438] [hook-registry] hooks filtered by matcher {"module":"hook-registry","hookEvent":"PreToolUse","matchValue":"skill","beforeCount":2,"afterCount":1}
[19:20:41.083] INFO: [daemon.js:17438] [36c397cae483465aa175cbe7500bbf5f] ← POST /mavis/api/hooks/execute status=200 duration=1ms {"locale":"en"}
[19:20:41.083] INFO: [daemon.js:17438] [e459c52548204a82bb3ecdde78fbb36c] → GET /mavis/api/session/ses_17d1b945affecoWx4fO1wbqS6v
[19:20:41.084] INFO: [daemon.js:17438] [135aa6b0146c451ebb4d5d060e737678] → GET /mavis/api/session/ses_17d1b945affecoWx4fO1wbqS6v
[19:20:41.086] INFO: [daemon.js:17438] [e459c52548204a82bb3ecdde78fbb36c] ← GET /mavis/api/session/ses_17d1b945affecoWx4fO1wbqS6v status=200 duration=3ms {"locale":"en"}
[19:20:41.087] INFO: [daemon.js:17438] [865fcf8844ee488c8d127111eafc0fee] → GET /mavis/api/skill/zotero-use
[19:20:41.088] INFO: [daemon.js:17438] [135aa6b0146c451ebb4d5d060e737678] ← GET /mavis/api/session/ses_17d1b945affecoWx4fO1wbqS6v status=200 duration=4ms {"locale":"en"}
[19:20:41.089] INFO: [daemon.js:17438] [865fcf8844ee488c8d127111eafc0fee] ← GET /mavis/api/skill/zotero-use status=200 duration=2ms {"locale":"en"}
[19:20:41.089] INFO: [daemon.js:17438] [9f5d81ba336d43eeabd8d047e862a55c] → GET /mavis/api/skill/obsidian-cli
[19:20:41.089] INFO: [daemon.js:17438] [4faedf3eec29498284db57b2405bb52c] → GET /mavis/api/skill/zotero-use/files
[19:20:41.094] INFO: [daemon.js:17438] [9f5d81ba336d43eeabd8d047e862a55c] ← GET /mavis/api/skill/obsidian-cli status=200 duration=5ms {"locale":"en"}
[19:20:41.095] INFO: [daemon.js:17438] [4faedf3eec29498284db57b2405bb52c] ← GET /mavis/api/skill/zotero-use/files status=200 duration=6ms {"locale":"en"}
[19:20:41.095] INFO: [daemon.js:17438] [b342fef4e3554e439071d63b7e115e2d] → GET /mavis/api/skill/obsidian-cli/files
[19:20:41.096] INFO: [daemon.js:17438] [b342fef4e3554e439071d63b7e115e2d] ← GET /mavis/api/skill/obsidian-cli/files status=200 duration=1ms {"locale":"en"}
[19:20:41.096] INFO: [daemon.js:17438] [9942d2ebb14b45e9a7894fb1785e41e8] → POST /mavis/api/metrics/runtime-event
[19:20:41.096] INFO: [daemon.js:17438] [9942d2ebb14b45e9a7894fb1785e41e8] ← POST /mavis/api/metrics/runtime-event status=204 duration=0ms {"locale":"en"}
[19:20:41.097] INFO: [daemon.js:17438] [c1166b8b009243549f26131a4437a82a] → POST /mavis/api/hooks/execute
[19:20:41.097] INFO: [daemon.js:17438] [hook-registry] matcher did not match, hook filtered out {"module":"hook-registry","hookId":"builtin:read-image-compressor","matcher":"^[Rr]ead$","matchValue":"skill"}
[19:20:41.097] INFO: [daemon.js:17438] [hook-registry] matcher did not match, hook filtered out {"module":"hook-registry","hookId":"builtin:cu-image-injector","matcher":"^[Bb]ash$","matchValue":"skill"}
[19:20:41.097] INFO: [daemon.js:17438] [hook-registry] hooks filtered by matcher {"module":"hook-registry","hookEvent":"PostToolUse","matchValue":"skill","beforeCount":7,"afterCount":5}
[19:20:41.097] INFO: [daemon.js:17438] [c1166b8b009243549f26131a4437a82a] ← POST /mavis/api/hooks/execute status=200 duration=0ms {"locale":"en"}
[19:20:41.098] INFO: [daemon.js:17438] [717e5ebc2f854b49b138fa0cc9cf18bc] → POST /mavis/api/metrics/runtime-event
[19:20:41.098] INFO: [daemon.js:17438] [717e5ebc2f854b49b138fa0cc9cf18bc] ← POST /mavis/api/metrics/runtime-event status=204 duration=0ms {"locale":"en"}
[19:20:41.098] INFO: [daemon.js:17438] [06ce6e6be3a4486d8b81c249b94a3259] → POST /mavis/api/hooks/execute
[19:20:41.099] INFO: [daemon.js:17438] [hook-registry] matcher did not match, hook filtered out {"module":"hook-registry","hookId":"builtin:read-image-compressor","matcher":"^[Rr]ead$","matchValue":"skill"}
[19:20:41.099] INFO: [daemon.js:17438] [hook-registry] matcher did not match, hook filtered out {"module":"hook-registry","hookId":"builtin:cu-image-injector","matcher":"^[Bb]ash$","matchValue":"skill"}
[19:20:41.099] INFO: [daemon.js:17438] [hook-registry] hooks filtered by matcher {"module":"hook-registry","hookEvent":"PostToolUse","matchValue":"skill","beforeCount":7,"afterCount":5}
[19:20:41.099] INFO: [daemon.js:17438] [06ce6e6be3a4486d8b81c249b94a3259] ← POST /mavis/api/hooks/execute status=200 duration=1ms {"locale":"en"}
[19:20:41.102] INFO: [daemon.js:17438] [3784e7ea96f74bffb9ec92712b4d4c11] → POST /mavis/api/metrics/runtime-event
[19:20:41.102] INFO: [daemon.js:17438] [3784e7ea96f74bffb9ec92712b4d4c11] ← POST /mavis/api/metrics/runtime-event status=204 duration=0ms {"locale":"en"}
[19:20:41.116] INFO: [daemon.js:17438] [d0bd987f9599460497d6e59f28124ff6] → POST /mavis/api/metrics/runtime-event
[19:20:41.117] INFO: [daemon.js:17438] [d0bd987f9599460497d6e59f28124ff6] ← POST /mavis/api/metrics/runtime-event status=204 duration=1ms {"locale":"en"}
[19:20:41.177] INFO: [daemon.js:17438] [090ad473bcd24ae1835be4d239fa2f20] → GET /mavis/health
[19:20:41.178] INFO: [daemon.js:17438] [090ad473bcd24ae1835be4d239fa2f20] ← GET /mavis/health status=200 duration=1ms {"locale":"en"}
[19:20:43.086] INFO: [daemon.js:17438] [c198b10db8f54ae6b1b77d2ef4e296b6] → POST /mavis/api/metrics/runtime-event
[19:20:43.087] INFO: [daemon.js:17438] [c198b10db8f54ae6b1b77d2ef4e296b6] ← POST /mavis/api/metrics/runtime-event status=204 duration=1ms {"locale":"en"}
[19:20:43.087] INFO: [daemon.js:17438] [a01e805833ce4379938d5e0b167747ab] → POST /mavis/api/permission/check
[19:20:43.087] INFO: [daemon.js:17438] [a01e805833ce4379938d5e0b167747ab] Permission check requested: bash for agent-45acf34ec377 {"locale":"en"}
[19:20:43.088] INFO: [daemon.js:17438] Created ToolPermissionContext {"mode":"auto","ruleCount":0,"sandboxEnabled":false,"workingDirectory":"C:\\Users\\jethr\\.mavis\\agents\\agent-45acf34ec377\\workspace"}
[19:20:43.088] INFO: [daemon.js:17438] [3668e8d2cf84461b8f70ed4aaa4d6fb4] BashToolPermissionChecker checkPermissions called, _toolName=bash, input={"command":"zot collections 2>&1 | head -30","description":"Check Zotero library connectivity"}, context={"mode":"auto","rules":[],"sandboxEnabled":false,"autoAllowBashIfSandboxed":false,"workingDirectory":"C:\\Users\\jethr\\.mavis\\agents\\agent-45acf34ec377\\workspace","allowedWorkingPaths":[],"sandboxAllowPaths":[],"dataDir":"C:\\Users\\jethr\\.mavis","homeDir":"C:\\Users\\jethr","agentName":"agent-45acf34ec377","sessionId":"mvs_5e0fcbb6257a4549a051144c47bf9b3b","allowManagedPermissionRulesOnly":false,"interactiveTools":{}}
[19:20:43.088] INFO: [daemon.js:17438] [permission] subcommand layer=tail mode=default verdict=ask {"permLayer":"tail","permMode":"default","permVerdict":"ask","permReasonType":"safetyCheck","cmdPreview":"zot collections 2>&1"}
[19:20:43.088] INFO: [daemon.js:17438] [permission] subcommand layer=fast-allow-first-word mode=default verdict=allow {"permLayer":"fast-allow-first-word","permMode":"default","permVerdict":"allow","permCategory":"pureReadFastAllow","permReasonType":"safetyCheck","cmdPreview":"head -30","firstWord":"head"}
[19:20:43.088] INFO: [daemon.js:17438] [permission] whole-command layer=aggregated mode=default verdict=ask {"permLayer":"aggregated","permMode":"default","permVerdict":"ask","permScope":"whole-command","cmdPreview":"zot collections 2>&1 | head -30","sessionId":"mvs_5e0fcbb6257a4549a051144c47bf9b3b","subcommandCount":2}
[19:20:43.088] INFO: [daemon.js:17438] [d1ccb94885314fc69cfa0d4aebeb80d6] [permission-service] Check result: toolName=bash behavior=ask reasonType=safetyCheck locale=en
[19:20:43.088] INFO: [daemon.js:17438] Running YOLO classifier {"toolName":"bash","inputLength":31,"sessionId":"mvs_5e0fcbb6257a4549a051144c47bf9b3b","agentId":"agent-45acf34ec377"}
[19:20:43.088] INFO: [daemon.js:17438] [permission] subcommand layer=tail mode=auto verdict=undecided {"permLayer":"tail","permMode":"auto","permVerdict":"undecided","permReasonType":"safetyCheck","cmdPreview":"zot collections 2>&1"}
[19:20:43.089] INFO: [daemon.js:17438] [permission] subcommand layer=fast-allow-first-word mode=auto verdict=allow {"permLayer":"fast-allow-first-word","permMode":"auto","permVerdict":"allow","permCategory":"pureReadFastAllow","permReasonType":"safetyCheck","cmdPreview":"head -30","firstWord":"head"}
[19:20:43.089] INFO: [daemon.js:17438] [permission] whole-command layer=aggregated mode=auto verdict=undecided {"permLayer":"aggregated","permMode":"auto","permVerdict":"undecided","permScope":"whole-command","cmdPreview":"zot collections 2>&1 | head -30","subcommandCount":2}
[19:20:43.090] INFO: [daemon.js:17438] [a8e0a46f0dd34f1896a8b1ad45fe9372] → POST /mavis/api/metrics/runtime-event
[19:20:43.090] INFO: [daemon.js:17438] [a8e0a46f0dd34f1896a8b1ad45fe9372] ← POST /mavis/api/metrics/runtime-event status=204 duration=0ms {"locale":"en"}
[19:20:43.091] INFO: [daemon.js:17438] [dd325ac168b54d79adda8e951c68edcb] → POST /mavis/api/permission/check
[19:20:43.091] INFO: [daemon.js:17438] [dd325ac168b54d79adda8e951c68edcb] Permission check requested: bash for agent-45acf34ec377 {"locale":"en"}
[19:20:43.091] INFO: [daemon.js:17438] Created ToolPermissionContext {"mode":"auto","ruleCount":0,"sandboxEnabled":false,"workingDirectory":"C:\\Users\\jethr\\.mavis\\agents\\agent-45acf34ec377\\workspace"}
[19:20:43.091] INFO: [daemon.js:17438] [f8c3de4dd3914c9fba3046ebe9a3a82f] BashToolPermissionChecker checkPermissions called, _toolName=bash, input={"command":"obsidian vaults 2>&1 | head -30","description":"Check Obsidian vault connectivity"}, context={"mode":"auto","rules":[],"sandboxEnabled":false,"autoAllowBashIfSandboxed":false,"workingDirectory":"C:\\Users\\jethr\\.mavis\\agents\\agent-45acf34ec377\\workspace","allowedWorkingPaths":[],"sandboxAllowPaths":[],"dataDir":"C:\\Users\\jethr\\.mavis","homeDir":"C:\\Users\\jethr","agentName":"agent-45acf34ec377","sessionId":"mvs_5e0fcbb6257a4549a051144c47bf9b3b","allowManagedPermissionRulesOnly":false,"interactiveTools":{}}
[19:20:43.091] INFO: [daemon.js:17438] [permission] subcommand layer=tail mode=default verdict=ask {"permLayer":"tail","permMode":"default","permVerdict":"ask","permReasonType":"safetyCheck","cmdPreview":"obsidian vaults 2>&1"}
[19:20:43.091] INFO: [daemon.js:17438] [permission] subcommand layer=fast-allow-first-word mode=default verdict=allow {"permLayer":"fast-allow-first-word","permMode":"default","permVerdict":"allow","permCategory":"pureReadFastAllow","permReasonType":"safetyCheck","cmdPreview":"head -30","firstWord":"head"}
[19:20:43.092] INFO: [daemon.js:17438] [permission] whole-command layer=aggregated mode=default verdict=ask {"permLayer":"aggregated","permMode":"default","permVerdict":"ask","permScope":"whole-command","cmdPreview":"obsidian vaults 2>&1 | head -30","sessionId":"mvs_5e0fcbb6257a4549a051144c47bf9b3b","subcommandCount":2}
[19:20:43.092] INFO: [daemon.js:17438] [a20a3a6e176e4d6fb5789ffaf0523df2] [permission-service] Check result: toolName=bash behavior=ask reasonType=safetyCheck locale=en
[19:20:43.092] INFO: [daemon.js:17438] Running YOLO classifier {"toolName":"bash","inputLength":31,"sessionId":"mvs_5e0fcbb6257a4549a051144c47bf9b3b","agentId":"agent-45acf34ec377"}
[19:20:43.092] INFO: [daemon.js:17438] [permission] subcommand layer=tail mode=auto verdict=undecided {"permLayer":"tail","permMode":"auto","permVerdict":"undecided","permReasonType":"safetyCheck","cmdPreview":"obsidian vaults 2>&1"}
[19:20:43.092] INFO: [daemon.js:17438] [permission] subcommand layer=fast-allow-first-word mode=auto verdict=allow {"permLayer":"fast-allow-first-word","permMode":"auto","permVerdict":"allow","permCategory":"pureReadFastAllow","permReasonType":"safetyCheck","cmdPreview":"head -30","firstWord":"head"}
[19:20:43.092] INFO: [daemon.js:17438] [permission] whole-command layer=aggregated mode=auto verdict=undecided {"permLayer":"aggregated","permMode":"auto","permVerdict":"undecided","permScope":"whole-command","cmdPreview":"obsidian vaults 2>&1 | head -30","subcommandCount":2}
[19:20:43.094] INFO: [daemon.js:17438] [2ca83de85b4f45529452e21250a3a85c] [monitor] response TTFT measured sessionId=mvs_5e0fcbb6257a4549a051144c47bf9b3b agentName=agent-45acf34ec377 ttftMs=3586 breakdown={"resolveSession":1,"reconcileConfig":0,"hooks":315,"modelResolve":0,"adapterSend":3270}
[19:20:50.938] INFO: [daemon.js:17438] Stage 2 LLM classification result {"toolName":"bash","verdict":"allow","reason":"Read-only query to list Zotero collections is a standard informational operation within the user's personal reference manager. No system changes, secrets, or destructive operations involved.","model":"minimax/MiniMax-M2.7","isIrreversibleDelete":false,"confidence":0.95}
[19:20:50.938] INFO: [daemon.js:17438] [59402135cad944508bc3bf9ff20be547] [permission-service] Auto mode classifier result: toolName=bash verdict=allow reason=Read-only query to list Zotero collections is a standard informational operation within the user's personal reference manager. No system changes, secrets, or destructive operations involved. model=minimax/MiniMax-M2.7 stage=thinking durationMs=7850 locale=en
[19:20:50.938] INFO: [daemon.js:17438] [a01e805833ce4379938d5e0b167747ab] Permission check result: bash → allow {"locale":"en"}
[19:20:50.938] INFO: [daemon.js:17438] [a01e805833ce4379938d5e0b167747ab] ← POST /mavis/api/permission/check status=200 duration=7851ms {"locale":"en"}
[19:20:50.942] INFO: [daemon.js:17438] [894f48a43c7b432a85b4ab2e6989191b] → POST /mavis/api/hooks/execute
[19:20:50.942] INFO: [daemon.js:17438] [hook-registry] matcher did not match, hook filtered out {"module":"hook-registry","hookId":"builtin:binary-read-guard","matcher":"^[Rr]ead$","matchValue":"bash"}
[19:20:50.942] INFO: [daemon.js:17438] [hook-registry] matcher did not match, hook filtered out {"module":"hook-registry","hookId":"builtin:docx-skill-env-gate","matcher":"^[Ss][Kk][Ii][Ll][Ll]$","matchValue":"bash"}
[19:20:50.942] INFO: [daemon.js:17438] [hook-registry] hooks filtered by matcher {"module":"hook-registry","hookEvent":"PreToolUse","matchValue":"bash","beforeCount":2,"afterCount":0}
[19:20:50.942] INFO: [daemon.js:17438] [894f48a43c7b432a85b4ab2e6989191b] ← POST /mavis/api/hooks/execute status=200 duration=0ms {"locale":"en"}
[19:20:51.185] INFO: [daemon.js:17438] [46eabe2bde524c3c8eb2ebd3a06c2e4b] → GET /mavis/health
[19:20:51.185] INFO: [daemon.js:17438] [46eabe2bde524c3c8eb2ebd3a06c2e4b] ← GET /mavis/health status=200 duration=0ms {"locale":"en"}
[19:20:51.703] INFO: [daemon.js:17438] [585246ec350541d28bd8c132242b24b4] → POST /mavis/api/metrics/runtime-event
[19:20:51.704] INFO: [daemon.js:17438] [585246ec350541d28bd8c132242b24b4] ← POST /mavis/api/metrics/runtime-event status=204 duration=1ms {"locale":"en"}
[19:20:51.704] INFO: [daemon.js:17438] [af00b70b858044198ade2f08b85ddf42] → POST /mavis/api/hooks/execute
[19:20:51.704] INFO: [daemon.js:17438] [hook-registry] matcher did not match, hook filtered out {"module":"hook-registry","hookId":"builtin:read-image-compressor","matcher":"^[Rr]ead$","matchValue":"bash"}
[19:20:51.704] INFO: [daemon.js:17438] [hook-registry] hooks filtered by matcher {"module":"hook-registry","hookEvent":"PostToolUse","matchValue":"bash","beforeCount":7,"afterCount":6}
[19:20:51.705] INFO: [daemon.js:17438] [af00b70b858044198ade2f08b85ddf42] ← POST /mavis/api/hooks/execute status=200 duration=1ms {"locale":"en"}
[19:20:53.121] INFO: [daemon.js:17438] [8075ef4dc0f54f7a9a0097d2fe18bd47] → GET /mavis/mcp/trash
[19:20:53.122] INFO: [daemon.js:17438] [8075ef4dc0f54f7a9a0097d2fe18bd47] ← GET /mavis/mcp/trash status=200 duration=1ms {"locale":"en"}
[19:20:53.122] INFO: [daemon.js:17438] [1c8526c9000e409f99d5e57b9a34b944] → GET /mavis/mcp/cu
[19:20:53.122] INFO: [daemon.js:17438] [1c8526c9000e409f99d5e57b9a34b944] ← GET /mavis/mcp/cu status=200 duration=0ms {"locale":"en"}
[19:20:56.097] INFO: [daemon.js:17438] Stage 2 LLM classification result {"toolName":"bash","verdict":"allow","reason":"This is a read-only informational command that lists Obsidian vaults. The user has explicitly set up obsidian-cli skill and authorized the agent to manage the Obsidian vault as part of their librarian role. No file mutations, deletions, or sensitive data exposure.","model":"minimax/MiniMax-M2.7","isIrreversibleDelete":false,"confidence":0.95}
[19:20:56.097] INFO: [daemon.js:17438] [c27263098e294a41b6269292e14056ba] [permission-service] Auto mode classifier result: toolName=bash verdict=allow reason=This is a read-only informational command that lists Obsidian vaults. The user has explicitly set up obsidian-cli skill and authorized the agent to manage the Obsidian vault as part of their librarian role. No file mutations, deletions, or sensitive data exposure. model=minimax/MiniMax-M2.7 stage=thinking durationMs=13005 locale=en
[19:20:56.097] INFO: [daemon.js:17438] [dd325ac168b54d79adda8e951c68edcb] Permission check result: bash → allow {"locale":"en"}
[19:20:56.097] INFO: [daemon.js:17438] [dd325ac168b54d79adda8e951c68edcb] ← POST /mavis/api/permission/check status=200 duration=13006ms {"locale":"en"}
[19:20:56.101] INFO: [daemon.js:17438] [3874e30c4fe5405b9ac318baf5ef440a] → POST /mavis/api/hooks/execute
[19:20:56.102] INFO: [daemon.js:17438] [hook-registry] matcher did not match, hook filtered out {"module":"hook-registry","hookId":"builtin:binary-read-guard","matcher":"^[Rr]ead$","matchValue":"bash"}
[19:20:56.102] INFO: [daemon.js:17438] [hook-registry] matcher did not match, hook filtered out {"module":"hook-registry","hookId":"builtin:docx-skill-env-gate","matcher":"^[Ss][Kk][Ii][Ll][Ll]$","matchValue":"bash"}
[19:20:56.102] INFO: [daemon.js:17438] [hook-registry] hooks filtered by matcher {"module":"hook-registry","hookEvent":"PreToolUse","matchValue":"bash","beforeCount":2,"afterCount":0}
[19:20:56.102] INFO: [daemon.js:17438] [3874e30c4fe5405b9ac318baf5ef440a] ← POST /mavis/api/hooks/execute status=200 duration=1ms {"locale":"en"}
[19:20:56.919] INFO: [daemon.js:17438] [cafecdcdb2e74b2ea78bc1fb8423fec5] → POST /mavis/api/metrics/runtime-event
[19:20:56.920] INFO: [daemon.js:17438] [cafecdcdb2e74b2ea78bc1fb8423fec5] ← POST /mavis/api/metrics/runtime-event status=204 duration=1ms {"locale":"en"}
[19:20:56.920] INFO: [daemon.js:17438] [b75afe5dc7214d6fb69a27bf740c7d65] → POST /mavis/api/hooks/execute
[19:20:56.920] INFO: [daemon.js:17438] [hook-registry] matcher did not match, hook filtered out {"module":"hook-registry","hookId":"builtin:read-image-compressor","matcher":"^[Rr]ead$","matchValue":"bash"}
[19:20:56.921] INFO: [daemon.js:17438] [hook-registry] hooks filtered by matcher {"module":"hook-registry","hookEvent":"PostToolUse","matchValue":"bash","beforeCount":7,"afterCount":6}
[19:20:56.921] INFO: [daemon.js:17438] [b75afe5dc7214d6fb69a27bf740c7d65] ← POST /mavis/api/hooks/execute status=200 duration=1ms {"locale":"en"}
[19:20:56.923] INFO: [daemon.js:17438] [3053a580d1a54aa9bdb2318bca9c8d44] → POST /mavis/api/metrics/runtime-event
[19:20:56.924] INFO: [daemon.js:17438] [3053a580d1a54aa9bdb2318bca9c8d44] ← POST /mavis/api/metrics/runtime-event status=204 duration=1ms {"locale":"en"}
[19:20:56.937] INFO: [daemon.js:17438] [8fcaf938a5ff4d3d80c7d93e75fdd090] → POST /mavis/api/metrics/runtime-event
[19:20:56.938] INFO: [daemon.js:17438] [8fcaf938a5ff4d3d80c7d93e75fdd090] ← POST /mavis/api/metrics/runtime-event status=204 duration=1ms {"locale":"en"}
[19:20:58.411] INFO: [daemon.js:17438] [c4839a9114a84ea1ae16ddaea71c7535] → POST /mavis/api/metrics/runtime-event
[19:20:58.411] INFO: [daemon.js:17438] [c4839a9114a84ea1ae16ddaea71c7535] ← POST /mavis/api/metrics/runtime-event status=204 duration=0ms {"locale":"en"}
[19:20:58.411] INFO: [daemon.js:17438] [ad3d024dd5694e408b902c5725241ca9] → POST /mavis/api/permission/check
[19:20:58.412] INFO: [daemon.js:17438] [ad3d024dd5694e408b902c5725241ca9] Permission check requested: bash for agent-45acf34ec377 {"locale":"en"}
[19:20:58.412] INFO: [daemon.js:17438] Created ToolPermissionContext {"mode":"auto","ruleCount":0,"sandboxEnabled":false,"workingDirectory":"C:\\Users\\jethr\\.mavis\\agents\\agent-45acf34ec377\\workspace"}
[19:20:58.412] INFO: [daemon.js:17438] [f1e0927024ab415194a961e5bbdaa1d9] BashToolPermissionChecker checkPermissions called, _toolName=bash, input={"command":"zot collections 2>&1 | Select-Object -First 30","description":"Check Zotero library connectivity"}, context={"mode":"auto","rules":[],"sandboxEnabled":false,"autoAllowBashIfSandboxed":false,"workingDirectory":"C:\\Users\\jethr\\.mavis\\agents\\agent-45acf34ec377\\workspace","allowedWorkingPaths":[],"sandboxAllowPaths":[],"dataDir":"C:\\Users\\jethr\\.mavis","homeDir":"C:\\Users\\jethr","agentName":"agent-45acf34ec377","sessionId":"mvs_5e0fcbb6257a4549a051144c47bf9b3b","allowManagedPermissionRulesOnly":false,"interactiveTools":{}}
[19:20:58.412] INFO: [daemon.js:17438] [permission] subcommand layer=tail mode=default verdict=ask {"permLayer":"tail","permMode":"default","permVerdict":"ask","permReasonType":"safetyCheck","cmdPreview":"zot collections 2>&1"}
[19:20:58.412] INFO: [daemon.js:17438] [permission] subcommand layer=tail mode=default verdict=ask {"permLayer":"tail","permMode":"default","permVerdict":"ask","permReasonType":"safetyCheck","cmdPreview":"Select-Object -First 30"}
[19:20:58.412] INFO: [daemon.js:17438] [permission] whole-command layer=aggregated mode=default verdict=ask {"permLayer":"aggregated","permMode":"default","permVerdict":"ask","permScope":"whole-command","cmdPreview":"zot collections 2>&1 | Select-Object -First 30","sessionId":"mvs_5e0fcbb6257a4549a051144c47bf9b3b","subcommandCount":2}
[19:20:58.412] INFO: [daemon.js:17438] [dd97018f30e84d14bffb3981a70b7b80] [permission-service] Check result: toolName=bash behavior=ask reasonType=safetyCheck locale=en
[19:20:58.413] INFO: [daemon.js:17438] Running YOLO classifier {"toolName":"bash","inputLength":46,"sessionId":"mvs_5e0fcbb6257a4549a051144c47bf9b3b","agentId":"agent-45acf34ec377"}
[19:20:58.413] INFO: [daemon.js:17438] [permission] subcommand layer=tail mode=auto verdict=undecided {"permLayer":"tail","permMode":"auto","permVerdict":"undecided","permReasonType":"safetyCheck","cmdPreview":"zot collections 2>&1"}
[19:20:58.413] INFO: [daemon.js:17438] [permission] subcommand layer=tail mode=auto verdict=undecided {"permLayer":"tail","permMode":"auto","permVerdict":"undecided","permReasonType":"safetyCheck","cmdPreview":"Select-Object -First 30"}
[19:20:58.413] INFO: [daemon.js:17438] [permission] whole-command layer=aggregated mode=auto verdict=undecided {"permLayer":"aggregated","permMode":"auto","permVerdict":"undecided","permScope":"whole-command","cmdPreview":"zot collections 2>&1 | Select-Object -First 30","subcommandCount":2}
[19:20:58.414] INFO: [daemon.js:17438] [071423ceda93478aabee44e42a3de978] → POST /mavis/api/metrics/runtime-event
[19:20:58.414] INFO: [daemon.js:17438] [071423ceda93478aabee44e42a3de978] ← POST /mavis/api/metrics/runtime-event status=204 duration=0ms {"locale":"en"}
[19:20:58.415] INFO: [daemon.js:17438] [540bdae5a0464ff68c9f09b089d7dad1] → POST /mavis/api/permission/check
[19:20:58.415] INFO: [daemon.js:17438] [540bdae5a0464ff68c9f09b089d7dad1] Permission check requested: bash for agent-45acf34ec377 {"locale":"en"}
[19:20:58.415] INFO: [daemon.js:17438] Created ToolPermissionContext {"mode":"auto","ruleCount":0,"sandboxEnabled":false,"workingDirectory":"C:\\Users\\jethr\\.mavis\\agents\\agent-45acf34ec377\\workspace"}
[19:20:58.416] INFO: [daemon.js:17438] [972d72978d3e488d8a071013c5caba89] BashToolPermissionChecker checkPermissions called, _toolName=bash, input={"command":"obsidian vaults 2>&1 | Select-Object -First 30","description":"Check Obsidian vault connectivity"}, context={"mode":"auto","rules":[],"sandboxEnabled":false,"autoAllowBashIfSandboxed":false,"workingDirectory":"C:\\Users\\jethr\\.mavis\\agents\\agent-45acf34ec377\\workspace","allowedWorkingPaths":[],"sandboxAllowPaths":[],"dataDir":"C:\\Users\\jethr\\.mavis","homeDir":"C:\\Users\\jethr","agentName":"agent-45acf34ec377","sessionId":"mvs_5e0fcbb6257a4549a051144c47bf9b3b","allowManagedPermissionRulesOnly":false,"interactiveTools":{}}
[19:20:58.416] INFO: [daemon.js:17438] [permission] subcommand layer=tail mode=default verdict=ask {"permLayer":"tail","permMode":"default","permVerdict":"ask","permReasonType":"safetyCheck","cmdPreview":"obsidian vaults 2>&1"}
[19:20:58.416] INFO: [daemon.js:17438] [permission] subcommand layer=tail mode=default verdict=ask {"permLayer":"tail","permMode":"default","permVerdict":"ask","permReasonType":"safetyCheck","cmdPreview":"Select-Object -First 30"}
[19:20:58.416] INFO: [daemon.js:17438] [permission] whole-command layer=aggregated mode=default verdict=ask {"permLayer":"aggregated","permMode":"default","permVerdict":"ask","permScope":"whole-command","cmdPreview":"obsidian vaults 2>&1 | Select-Object -First 30","sessionId":"mvs_5e0fcbb6257a4549a051144c47bf9b3b","subcommandCount":2}
[19:20:58.416] INFO: [daemon.js:17438] [d28e2a2f90ca44daa010aec75c4f26f2] [permission-service] Check result: toolName=bash behavior=ask reasonType=safetyCheck locale=en
[19:20:58.416] INFO: [daemon.js:17438] Running YOLO classifier {"toolName":"bash","inputLength":46,"sessionId":"mvs_5e0fcbb6257a4549a051144c47bf9b3b","agentId":"agent-45acf34ec377"}
[19:20:58.416] INFO: [daemon.js:17438] [permission] subcommand layer=tail mode=auto verdict=undecided {"permLayer":"tail","permMode":"auto","permVerdict":"undecided","permReasonType":"safetyCheck","cmdPreview":"obsidian vaults 2>&1"}
[19:20:58.416] INFO: [daemon.js:17438] [permission] subcommand layer=tail mode=auto verdict=undecided {"permLayer":"tail","permMode":"auto","permVerdict":"undecided","permReasonType":"safetyCheck","cmdPreview":"Select-Object -First 30"}
[19:20:58.416] INFO: [daemon.js:17438] [permission] whole-command layer=aggregated mode=auto verdict=undecided {"permLayer":"aggregated","permMode":"auto","permVerdict":"undecided","permScope":"whole-command","cmdPreview":"obsidian vaults 2>&1 | Select-Object -First 30","subcommandCount":2}
[19:21:01.186] INFO: [daemon.js:17438] [293b490c1b49486894754645d933aa88] → GET /mavis/health
[19:21:01.186] INFO: [daemon.js:17438] [293b490c1b49486894754645d933aa88] ← GET /mavis/health status=200 duration=0ms {"locale":"en"}
[19:21:08.484] INFO: [daemon.js:17438] Stage 2 LLM classification result {"toolName":"bash","verdict":"allow","reason":"Read-only query of the user's Zotero collections via `zot` CLI — a safe, bounded information retrieval operation within the personal knowledge workspace. No secrets, no system paths, no destructive side effects.","model":"minimax/MiniMax-M2.7","isIrreversibleDelete":false,"confidence":0.95}
[19:21:08.484] INFO: [daemon.js:17438] [df1e9bc345434c02b2454d228b559cdd] [permission-service] Auto mode classifier result: toolName=bash verdict=allow reason=Read-only query of the user's Zotero collections via `zot` CLI — a safe, bounded information retrieval operation within the personal knowledge workspace. No secrets, no system paths, no destructive side effects. model=minimax/MiniMax-M2.7 stage=thinking durationMs=10071 locale=en
[19:21:08.485] INFO: [daemon.js:17438] [ad3d024dd5694e408b902c5725241ca9] Permission check result: bash → allow {"locale":"en"}
[19:21:08.485] INFO: [daemon.js:17438] [ad3d024dd5694e408b902c5725241ca9] ← POST /mavis/api/permission/check status=200 duration=10074ms {"locale":"en"}
[19:21:08.489] INFO: [daemon.js:17438] [47716ac6c0c940c3915fc1302a4f403e] → POST /mavis/api/hooks/execute
[19:21:08.489] INFO: [daemon.js:17438] [hook-registry] matcher did not match, hook filtered out {"module":"hook-registry","hookId":"builtin:binary-read-guard","matcher":"^[Rr]ead$","matchValue":"bash"}
[19:21:08.489] INFO: [daemon.js:17438] [hook-registry] matcher did not match, hook filtered out {"module":"hook-registry","hookId":"builtin:docx-skill-env-gate","matcher":"^[Ss][Kk][Ii][Ll][Ll]$","matchValue":"bash"}
[19:21:08.489] INFO: [daemon.js:17438] [hook-registry] hooks filtered by matcher {"module":"hook-registry","hookEvent":"PreToolUse","matchValue":"bash","beforeCount":2,"afterCount":0}
[19:21:08.490] INFO: [daemon.js:17438] [47716ac6c0c940c3915fc1302a4f403e] ← POST /mavis/api/hooks/execute status=200 duration=1ms {"locale":"en"}
[19:21:08.501] INFO: [daemon.js:17438] Stage 2 LLM classification result {"toolName":"bash","verdict":"allow","reason":"PowerShell query for Obsidian vault list is a read-only informational operation. No file mutations, no secrets, no irreversible effects. Using correct PowerShell syntax for win32 platform.","model":"minimax/MiniMax-M2.7","isIrreversibleDelete":false,"confidence":0.95}
[19:21:08.501] INFO: [daemon.js:17438] [6b9f1b01da314263a5cff8b948aa1978] [permission-service] Auto mode classifier result: toolName=bash verdict=allow reason=PowerShell query for Obsidian vault list is a read-only informational operation. No file mutations, no secrets, no irreversible effects. Using correct PowerShell syntax for win32 platform. model=minimax/MiniMax-M2.7 stage=thinking durationMs=10085 locale=en
[19:21:08.501] INFO: [daemon.js:17438] [540bdae5a0464ff68c9f09b089d7dad1] Permission check result: bash → allow {"locale":"en"}
[19:21:08.501] INFO: [daemon.js:17438] [540bdae5a0464ff68c9f09b089d7dad1] ← POST /mavis/api/permission/check status=200 duration=10086ms {"locale":"en"}
[19:21:08.502] INFO: [daemon.js:17438] [f6f4cb71e8a64e21b5c3dd322b766579] → POST /mavis/api/hooks/execute
[19:21:08.503] INFO: [daemon.js:17438] [hook-registry] matcher did not match, hook filtered out {"module":"hook-registry","hookId":"builtin:binary-read-guard","matcher":"^[Rr]ead$","matchValue":"bash"}
[19:21:08.503] INFO: [daemon.js:17438] [hook-registry] matcher did not match, hook filtered out {"module":"hook-registry","hookId":"builtin:docx-skill-env-gate","matcher":"^[Ss][Kk][Ii][Ll][Ll]$","matchValue":"bash"}
[19:21:08.503] INFO: [daemon.js:17438] [hook-registry] hooks filtered by matcher {"module":"hook-registry","hookEvent":"PreToolUse","matchValue":"bash","beforeCount":2,"afterCount":0}
[19:21:08.503] INFO: [daemon.js:17438] [f6f4cb71e8a64e21b5c3dd322b766579] ← POST /mavis/api/hooks/execute status=200 duration=1ms {"locale":"en"}
[19:21:08.744] INFO: [daemon.js:17438] [606aaf94185246709b07cf1ed89edd4a] → POST /mavis/api/metrics/runtime-event
[19:21:08.745] INFO: [daemon.js:17438] [606aaf94185246709b07cf1ed89edd4a] ← POST /mavis/api/metrics/runtime-event status=204 duration=1ms {"locale":"en"}
[19:21:08.745] INFO: [daemon.js:17438] [5372d74c51df42e0b30a58d2bb38f9e8] → POST /mavis/api/hooks/execute
[19:21:08.745] INFO: [daemon.js:17438] [hook-registry] matcher did not match, hook filtered out {"module":"hook-registry","hookId":"builtin:read-image-compressor","matcher":"^[Rr]ead$","matchValue":"bash"}
[19:21:08.745] INFO: [daemon.js:17438] [hook-registry] hooks filtered by matcher {"module":"hook-registry","hookEvent":"PostToolUse","matchValue":"bash","beforeCount":7,"afterCount":6}
[19:21:08.746] INFO: [daemon.js:17438] [5372d74c51df42e0b30a58d2bb38f9e8] ← POST /mavis/api/hooks/execute status=200 duration=1ms {"locale":"en"}
[19:21:09.005] INFO: [daemon.js:17438] [794ce36f91fc44019680209091870093] → POST /mavis/api/metrics/runtime-event
[19:21:09.006] INFO: [daemon.js:17438] [794ce36f91fc44019680209091870093] ← POST /mavis/api/metrics/runtime-event status=204 duration=1ms {"locale":"en"}
[19:21:09.006] INFO: [daemon.js:17438] [e3d9829a03ef4129b08a92d8d45b9a51] → POST /mavis/api/hooks/execute
[19:21:09.007] INFO: [daemon.js:17438] [hook-registry] matcher did not match, hook filtered out {"module":"hook-registry","hookId":"builtin:read-image-compressor","matcher":"^[Rr]ead$","matchValue":"bash"}
[19:21:09.007] INFO: [daemon.js:17438] [hook-registry] hooks filtered by matcher {"module":"hook-registry","hookEvent":"PostToolUse","matchValue":"bash","beforeCount":7,"afterCount":6}
[19:21:09.007] INFO: [daemon.js:17438] [e3d9829a03ef4129b08a92d8d45b9a51] ← POST /mavis/api/hooks/execute status=200 duration=1ms {"locale":"en"}
[19:21:09.010] INFO: [daemon.js:17438] [ac8bbb7c5659486aabcdd5ca17f08660] → POST /mavis/api/metrics/runtime-event
[19:21:09.011] INFO: [daemon.js:17438] [ac8bbb7c5659486aabcdd5ca17f08660] ← POST /mavis/api/metrics/runtime-event status=204 duration=1ms {"locale":"en"}
[19:21:09.024] INFO: [daemon.js:17438] [5917b0f54bdc4c70811b28c536a062bc] → POST /mavis/api/metrics/runtime-event
[19:21:09.025] INFO: [daemon.js:17438] [5917b0f54bdc4c70811b28c536a062bc] ← POST /mavis/api/metrics/runtime-event status=204 duration=1ms {"locale":"en"}
[19:21:09.730] INFO: [daemon.js:17438] [20e8a9e047174215a474375242a1dd92] [mcp:matrix:stderr] [matrix-mcp-cli] tools/list dropped 2 unknown tool(s) not in this cli's KNOWN_TOOLS: matrix_extract_content_from_websites, matrix_get_upload_url
[19:21:09.730] INFO: [daemon.js:17438] [f20344e6f0ed4c1082017d7a17cd6b83] → POST /mavis/mcp/cu
[19:21:09.732] INFO: [daemon.js:17438] [f20344e6f0ed4c1082017d7a17cd6b83] ← POST /mavis/mcp/cu status=200 duration=2ms {"locale":"en"}
[19:21:09.732] INFO: [daemon.js:17438] [295a86a8ced24091951f29006acabe93] → POST /mavis/mcp/trash
[19:21:09.733] INFO: [daemon.js:17438] [295a86a8ced24091951f29006acabe93] ← POST /mavis/mcp/trash status=200 duration=1ms {"locale":"en"}
[19:21:11.194] INFO: [daemon.js:17438] [77c3ee12675e4febb84406136094bdb7] → GET /mavis/health
[19:21:11.194] INFO: [daemon.js:17438] [77c3ee12675e4febb84406136094bdb7] ← GET /mavis/health status=200 duration=0ms {"locale":"en"}
[19:21:12.170] INFO: [daemon.js:17438] [62b38b7860a143c8a570e970e74511d2] → POST /mavis/api/metrics/runtime-event
[19:21:12.170] INFO: [daemon.js:17438] [62b38b7860a143c8a570e970e74511d2] ← POST /mavis/api/metrics/runtime-event status=204 duration=0ms {"locale":"en"}
[19:21:12.171] INFO: [daemon.js:17438] [0543389d5dac4fe198787b3b78c6c865] → POST /mavis/api/permission/check
[19:21:12.171] INFO: [daemon.js:17438] [0543389d5dac4fe198787b3b78c6c865] Permission check requested: bash for agent-45acf34ec377 {"locale":"en"}
[19:21:12.171] INFO: [daemon.js:17438] Created ToolPermissionContext {"mode":"auto","ruleCount":0,"sandboxEnabled":false,"workingDirectory":"C:\\Users\\jethr\\.mavis\\agents\\agent-45acf34ec377\\workspace"}
[19:21:12.171] INFO: [daemon.js:17438] [02155bd53c4a4a78be81cb20a558294c] BashToolPermissionChecker checkPermissions called, _toolName=bash, input={"command":"zot collections list 2>&1","description":"List Zotero collections"}, context={"mode":"auto","rules":[],"sandboxEnabled":false,"autoAllowBashIfSandboxed":false,"workingDirectory":"C:\\Users\\jethr\\.mavis\\agents\\agent-45acf34ec377\\workspace","allowedWorkingPaths":[],"sandboxAllowPaths":[],"dataDir":"C:\\Users\\jethr\\.mavis","homeDir":"C:\\Users\\jethr","agentName":"agent-45acf34ec377","sessionId":"mvs_5e0fcbb6257a4549a051144c47bf9b3b","allowManagedPermissionRulesOnly":false,"interactiveTools":{}}
[19:21:12.172] INFO: [daemon.js:17438] [permission] subcommand layer=tail mode=default verdict=ask {"permLayer":"tail","permMode":"default","permVerdict":"ask","permReasonType":"safetyCheck","cmdPreview":"zot collections list 2>&1"}
[19:21:12.172] INFO: [daemon.js:17438] [permission] whole-command layer=aggregated mode=default verdict=ask {"permLayer":"aggregated","permMode":"default","permVerdict":"ask","permScope":"whole-command","cmdPreview":"zot collections list 2>&1","sessionId":"mvs_5e0fcbb6257a4549a051144c47bf9b3b","subcommandCount":1}
[19:21:12.172] INFO: [daemon.js:17438] [e0bb5dfdc8354eda89ea35b50fcf4cca] [permission-service] Check result: toolName=bash behavior=ask reasonType=safetyCheck locale=en
[19:21:12.173] INFO: [daemon.js:17438] Running YOLO classifier {"toolName":"bash","inputLength":25,"sessionId":"mvs_5e0fcbb6257a4549a051144c47bf9b3b","agentId":"agent-45acf34ec377"}
[19:21:12.173] INFO: [daemon.js:17438] [permission] subcommand layer=tail mode=auto verdict=undecided {"permLayer":"tail","permMode":"auto","permVerdict":"undecided","permReasonType":"safetyCheck","cmdPreview":"zot collections list 2>&1"}
[19:21:12.173] INFO: [daemon.js:17438] [permission] whole-command layer=aggregated mode=auto verdict=undecided {"permLayer":"aggregated","permMode":"auto","permVerdict":"undecided","permScope":"whole-command","cmdPreview":"zot collections list 2>&1","subcommandCount":1}
[19:21:12.174] INFO: [daemon.js:17438] [fce704139b2a487f9898aa49ab8c41b6] → POST /mavis/api/metrics/runtime-event
[19:21:12.174] INFO: [daemon.js:17438] [fce704139b2a487f9898aa49ab8c41b6] ← POST /mavis/api/metrics/runtime-event status=204 duration=0ms {"locale":"en"}
[19:21:12.174] INFO: [daemon.js:17438] [7142ba653a614ebfb745da1d85d81169] → POST /mavis/api/permission/check
[19:21:12.174] INFO: [daemon.js:17438] [7142ba653a614ebfb745da1d85d81169] Permission check requested: bash for agent-45acf34ec377 {"locale":"en"}
[19:21:12.175] INFO: [daemon.js:17438] Created ToolPermissionContext {"mode":"auto","ruleCount":0,"sandboxEnabled":false,"workingDirectory":"C:\\Users\\jethr\\.mavis\\agents\\agent-45acf34ec377\\workspace"}
[19:21:12.175] INFO: [daemon.js:17438] [5b08f5824d4940aaab85abbb9d685f66] BashToolPermissionChecker checkPermissions called, _toolName=bash, input={"command":"obsidian vaults 2>&1","description":"List Obsidian vaults"}, context={"mode":"auto","rules":[],"sandboxEnabled":false,"autoAllowBashIfSandboxed":false,"workingDirectory":"C:\\Users\\jethr\\.mavis\\agents\\agent-45acf34ec377\\workspace","allowedWorkingPaths":[],"sandboxAllowPaths":[],"dataDir":"C:\\Users\\jethr\\.mavis","homeDir":"C:\\Users\\jethr","agentName":"agent-45acf34ec377","sessionId":"mvs_5e0fcbb6257a4549a051144c47bf9b3b","allowManagedPermissionRulesOnly":false,"interactiveTools":{}}
[19:21:12.175] INFO: [daemon.js:17438] [permission] subcommand layer=tail mode=default verdict=ask {"permLayer":"tail","permMode":"default","permVerdict":"ask","permReasonType":"safetyCheck","cmdPreview":"obsidian vaults 2>&1"}
[19:21:12.175] INFO: [daemon.js:17438] [permission] whole-command layer=aggregated mode=default verdict=ask {"permLayer":"aggregated","permMode":"default","permVerdict":"ask","permScope":"whole-command","cmdPreview":"obsidian vaults 2>&1","sessionId":"mvs_5e0fcbb6257a4549a051144c47bf9b3b","subcommandCount":1}
[19:21:12.175] INFO: [daemon.js:17438] [eca4b6d8399947c99e2053b95a003119] [permission-service] Check result: toolName=bash behavior=ask reasonType=safetyCheck locale=en
[19:21:12.175] INFO: [daemon.js:17438] Running YOLO classifier {"toolName":"bash","inputLength":20,"sessionId":"mvs_5e0fcbb6257a4549a051144c47bf9b3b","agentId":"agent-45acf34ec377"}
[19:21:12.175] INFO: [daemon.js:17438] [permission] subcommand layer=tail mode=auto verdict=undecided {"permLayer":"tail","permMode":"auto","permVerdict":"undecided","permReasonType":"safetyCheck","cmdPreview":"obsidian vaults 2>&1"}
[19:21:12.175] INFO: [daemon.js:17438] [permission] whole-command layer=aggregated mode=auto verdict=undecided {"permLayer":"aggregated","permMode":"auto","permVerdict":"undecided","permScope":"whole-command","cmdPreview":"obsidian vaults 2>&1","subcommandCount":1}
[19:21:12.176] INFO: [daemon.js:17438] [fcb1b45487ee430dbe675b50b44d1c96] → POST /mavis/api/metrics/runtime-event
[19:21:12.177] INFO: [daemon.js:17438] [fcb1b45487ee430dbe675b50b44d1c96] ← POST /mavis/api/metrics/runtime-event status=204 duration=1ms {"locale":"en"}
[19:21:12.179] INFO: [daemon.js:17438] [c6fe2f2b5dfe41e4816d35b6b9272140] → POST /mavis/api/permission/check
[19:21:12.179] INFO: [daemon.js:17438] [c6fe2f2b5dfe41e4816d35b6b9272140] Permission check requested: bash for agent-45acf34ec377 {"locale":"en"}
[19:21:12.179] INFO: [daemon.js:17438] Created ToolPermissionContext {"mode":"auto","ruleCount":0,"sandboxEnabled":false,"workingDirectory":"C:\\Users\\jethr\\.mavis\\agents\\agent-45acf34ec377\\workspace"}
[19:21:12.180] INFO: [daemon.js:17438] [72ad928fe4364e22b7b87b4237393641] BashToolPermissionChecker checkPermissions called, _toolName=bash, input={"command":"obsidian \"Obsidian\" files total 2>&1","description":"Check Obsidian main vault stats"}, context={"mode":"auto","rules":[],"sandboxEnabled":false,"autoAllowBashIfSandboxed":false,"workingDirectory":"C:\\Users\\jethr\\.mavis\\agents\\agent-45acf34ec377\\workspace","allowedWorkingPaths":[],"sandboxAllowPaths":[],"dataDir":"C:\\Users\\jethr\\.mavis","homeDir":"C:\\Users\\jethr","agentName":"agent-45acf34ec377","sessionId":"mvs_5e0fcbb6257a4549a051144c47bf9b3b","allowManagedPermissionRulesOnly":false,"interactiveTools":{}}
[19:21:12.180] INFO: [daemon.js:17438] [permission] subcommand layer=tail mode=default verdict=ask {"permLayer":"tail","permMode":"default","permVerdict":"ask","permReasonType":"safetyCheck","cmdPreview":"obsidian \"Obsidian\" files total 2>&1"}
[19:21:12.180] INFO: [daemon.js:17438] [permission] whole-command layer=aggregated mode=default verdict=ask {"permLayer":"aggregated","permMode":"default","permVerdict":"ask","permScope":"whole-command","cmdPreview":"obsidian \"Obsidian\" files total 2>&1","sessionId":"mvs_5e0fcbb6257a4549a051144c47bf9b3b","subcommandCount":1}
[19:21:12.180] INFO: [daemon.js:17438] [879f05f861fa47d0b5849d2cc66b0638] [permission-service] Check result: toolName=bash behavior=ask reasonType=safetyCheck locale=en
[19:21:12.180] INFO: [daemon.js:17438] Running YOLO classifier {"toolName":"bash","inputLength":36,"sessionId":"mvs_5e0fcbb6257a4549a051144c47bf9b3b","agentId":"agent-45acf34ec377"}
[19:21:12.180] INFO: [daemon.js:17438] [permission] subcommand layer=tail mode=auto verdict=undecided {"permLayer":"tail","permMode":"auto","permVerdict":"undecided","permReasonType":"safetyCheck","cmdPreview":"obsidian \"Obsidian\" files total 2>&1"}
[19:21:12.180] INFO: [daemon.js:17438] [permission] whole-command layer=aggregated mode=auto verdict=undecided {"permLayer":"aggregated","permMode":"auto","permVerdict":"undecided","permScope":"whole-command","cmdPreview":"obsidian \"Obsidian\" files total 2>&1","subcommandCount":1}
[19:21:15.028] INFO: [daemon.js:17438] Stage 2 LLM classification result {"toolName":"bash","verdict":"allow","reason":"This is a read-only file count query on the user's personal Obsidian vault — no data modification, deletion, or system changes. Aligns with the user's librarian role.","model":"minimax/MiniMax-M2.7","isIrreversibleDelete":false,"confidence":0.95}
[19:21:15.028] INFO: [daemon.js:17438] [19ed907ada9b4f3c95bed51d9d29e8be] [permission-service] Auto mode classifier result: toolName=bash verdict=allow reason=This is a read-only file count query on the user's personal Obsidian vault — no data modification, deletion, or system changes. Aligns with the user's librarian role. model=minimax/MiniMax-M2.7 stage=thinking durationMs=2848 locale=en
[19:21:15.028] INFO: [daemon.js:17438] [c6fe2f2b5dfe41e4816d35b6b9272140] Permission check result: bash → allow {"locale":"en"}
[19:21:15.028] INFO: [daemon.js:17438] [c6fe2f2b5dfe41e4816d35b6b9272140] ← POST /mavis/api/permission/check status=200 duration=2849ms {"locale":"en"}
[19:21:15.033] INFO: [daemon.js:17438] [58b45bdc460743a08ebdb6dfa9a67120] → POST /mavis/api/hooks/execute
[19:21:15.033] INFO: [daemon.js:17438] [hook-registry] matcher did not match, hook filtered out {"module":"hook-registry","hookId":"builtin:binary-read-guard","matcher":"^[Rr]ead$","matchValue":"bash"}
[19:21:15.034] INFO: [daemon.js:17438] [hook-registry] matcher did not match, hook filtered out {"module":"hook-registry","hookId":"builtin:docx-skill-env-gate","matcher":"^[Ss][Kk][Ii][Ll][Ll]$","matchValue":"bash"}
[19:21:15.034] INFO: [daemon.js:17438] [hook-registry] hooks filtered by matcher {"module":"hook-registry","hookEvent":"PreToolUse","matchValue":"bash","beforeCount":2,"afterCount":0}
[19:21:15.034] INFO: [daemon.js:17438] [58b45bdc460743a08ebdb6dfa9a67120] ← POST /mavis/api/hooks/execute status=200 duration=1ms {"locale":"en"}
[19:21:15.228] INFO: [daemon.js:17438] [7b27275b861b4f7a84c28883b90a113e] → POST /mavis/api/metrics/runtime-event
[19:21:15.228] INFO: [daemon.js:17438] [7b27275b861b4f7a84c28883b90a113e] ← POST /mavis/api/metrics/runtime-event status=204 duration=0ms {"locale":"en"}
[19:21:15.228] INFO: [daemon.js:17438] [a63c902afb4a490aa78abdb2926edbb4] → POST /mavis/api/hooks/execute
[19:21:15.229] INFO: [daemon.js:17438] [hook-registry] matcher did not match, hook filtered out {"module":"hook-registry","hookId":"builtin:read-image-compressor","matcher":"^[Rr]ead$","matchValue":"bash"}
[19:21:15.229] INFO: [daemon.js:17438] [hook-registry] hooks filtered by matcher {"module":"hook-registry","hookEvent":"PostToolUse","matchValue":"bash","beforeCount":7,"afterCount":6}
[19:21:15.229] INFO: [daemon.js:17438] [a63c902afb4a490aa78abdb2926edbb4] ← POST /mavis/api/hooks/execute status=200 duration=1ms {"locale":"en"}
[19:21:16.979] INFO: [daemon.js:17438] Stage 2 LLM classification result {"toolName":"bash","verdict":"allow","reason":"Read-only Zotero CLI query listing collections. Safe, bounded scope, no destructive or exfiltration risk. User has broad authorization for this archivist role.","model":"minimax/MiniMax-M2.7","isIrreversibleDelete":false,"confidence":0.9}
[19:21:16.980] INFO: [daemon.js:17438] [43cc7d38a8df4eac8240952a4370aab1] [permission-service] Auto mode classifier result: toolName=bash verdict=allow reason=Read-only Zotero CLI query listing collections. Safe, bounded scope, no destructive or exfiltration risk. User has broad authorization for this archivist role. model=minimax/MiniMax-M2.7 stage=thinking durationMs=4806 locale=en
[19:21:16.980] INFO: [daemon.js:17438] [0543389d5dac4fe198787b3b78c6c865] Permission check result: bash → allow {"locale":"en"}
[19:21:16.980] INFO: [daemon.js:17438] [0543389d5dac4fe198787b3b78c6c865] ← POST /mavis/api/permission/check status=200 duration=4809ms {"locale":"en"}
[19:21:16.985] INFO: [daemon.js:17438] [5fa20936e94e4278bfac941ecd14a08d] → POST /mavis/api/hooks/execute
[19:21:16.986] INFO: [daemon.js:17438] [hook-registry] matcher did not match, hook filtered out {"module":"hook-registry","hookId":"builtin:binary-read-guard","matcher":"^[Rr]ead$","matchValue":"bash"}
[19:21:16.986] INFO: [daemon.js:17438] [hook-registry] matcher did not match, hook filtered out {"module":"hook-registry","hookId":"builtin:docx-skill-env-gate","matcher":"^[Ss][Kk][Ii][Ll][Ll]$","matchValue":"bash"}
[19:21:16.986] INFO: [daemon.js:17438] [hook-registry] hooks filtered by matcher {"module":"hook-registry","hookEvent":"PreToolUse","matchValue":"bash","beforeCount":2,"afterCount":0}
[19:21:16.986] INFO: [daemon.js:17438] [5fa20936e94e4278bfac941ecd14a08d] ← POST /mavis/api/hooks/execute status=200 duration=1ms {"locale":"en"}
[19:21:17.919] INFO: [daemon.js:17438] Stage 2 LLM classification result {"toolName":"bash","verdict":"allow","reason":"Read-only Obsidian CLI vault query, part of the authorized librarian workflow for managing the user's personal knowledge workspace. No secrets, no deletion, no external calls — just listing local vault metadata.","model":"minimax/MiniMax-M2.7","isIrreversibleDelete":false,"confidence":0.92}
[19:21:17.919] INFO: [daemon.js:17438] [387f8e878db14fa29e8d3f4e53cc0d7c] [permission-service] Auto mode classifier result: toolName=bash verdict=allow reason=Read-only Obsidian CLI vault query, part of the authorized librarian workflow for managing the user's personal knowledge workspace. No secrets, no deletion, no external calls — just listing local vault metadata. model=minimax/MiniMax-M2.7 stage=thinking durationMs=5744 locale=en
[19:21:17.919] INFO: [daemon.js:17438] [7142ba653a614ebfb745da1d85d81169] Permission check result: bash → allow {"locale":"en"}
[19:21:17.920] INFO: [daemon.js:17438] [7142ba653a614ebfb745da1d85d81169] ← POST /mavis/api/permission/check status=200 duration=5746ms {"locale":"en"}
[19:21:17.924] INFO: [daemon.js:17438] [b802b631efaa48f394030b47838f9e4e] → POST /mavis/api/hooks/execute
[19:21:17.925] INFO: [daemon.js:17438] [hook-registry] matcher did not match, hook filtered out {"module":"hook-registry","hookId":"builtin:binary-read-guard","matcher":"^[Rr]ead$","matchValue":"bash"}
[19:21:17.925] INFO: [daemon.js:17438] [hook-registry] matcher did not match, hook filtered out {"module":"hook-registry","hookId":"builtin:docx-skill-env-gate","matcher":"^[Ss][Kk][Ii][Ll][Ll]$","matchValue":"bash"}
[19:21:17.925] INFO: [daemon.js:17438] [hook-registry] hooks filtered by matcher {"module":"hook-registry","hookEvent":"PreToolUse","matchValue":"bash","beforeCount":2,"afterCount":0}
[19:21:17.925] INFO: [daemon.js:17438] [b802b631efaa48f394030b47838f9e4e] ← POST /mavis/api/hooks/execute status=200 duration=1ms {"locale":"en"}
[19:21:18.119] INFO: [daemon.js:17438] [a9bd665965ec4ff28ca5b58963a2d8c2] → POST /mavis/api/metrics/runtime-event
[19:21:18.120] INFO: [daemon.js:17438] [a9bd665965ec4ff28ca5b58963a2d8c2] ← POST /mavis/api/metrics/runtime-event status=204 duration=1ms {"locale":"en"}
[19:21:18.120] INFO: [daemon.js:17438] [fbcbbbd24c4e47ecbc3468f290feb254] → POST /mavis/api/hooks/execute
[19:21:18.120] INFO: [daemon.js:17438] [hook-registry] matcher did not match, hook filtered out {"module":"hook-registry","hookId":"builtin:read-image-compressor","matcher":"^[Rr]ead$","matchValue":"bash"}
[19:21:18.120] INFO: [daemon.js:17438] [hook-registry] hooks filtered by matcher {"module":"hook-registry","hookEvent":"PostToolUse","matchValue":"bash","beforeCount":7,"afterCount":6}
[19:21:18.121] INFO: [daemon.js:17438] [fbcbbbd24c4e47ecbc3468f290feb254] ← POST /mavis/api/hooks/execute status=200 duration=1ms {"locale":"en"}
[19:21:19.522] INFO: [daemon.js:17438] [4eba0bfed39e4351ae99678edfffc77a] → POST /mavis/api/metrics/runtime-event
[19:21:19.522] INFO: [daemon.js:17438] [4eba0bfed39e4351ae99678edfffc77a] ← POST /mavis/api/metrics/runtime-event status=204 duration=0ms {"locale":"en"}
[19:21:19.523] INFO: [daemon.js:17438] [d4d9ffa9261d4be493928700f8f29043] → POST /mavis/api/hooks/execute
[19:21:19.523] INFO: [daemon.js:17438] [hook-registry] matcher did not match, hook filtered out {"module":"hook-registry","hookId":"builtin:read-image-compressor","matcher":"^[Rr]ead$","matchValue":"bash"}
[19:21:19.523] INFO: [daemon.js:17438] [hook-registry] hooks filtered by matcher {"module":"hook-registry","hookEvent":"PostToolUse","matchValue":"bash","beforeCount":7,"afterCount":6}
[19:21:19.523] INFO: [daemon.js:17438] [d4d9ffa9261d4be493928700f8f29043] ← POST /mavis/api/hooks/execute status=200 duration=0ms {"locale":"en"}
[19:21:19.527] INFO: [daemon.js:17438] [a48ffd07f42e401cbf0905282acd6808] → POST /mavis/api/metrics/runtime-event
[19:21:19.527] INFO: [daemon.js:17438] [a48ffd07f42e401cbf0905282acd6808] ← POST /mavis/api/metrics/runtime-event status=204 duration=0ms {"locale":"en"}
[19:21:19.542] INFO: [daemon.js:17438] [33d2a65b43ee48cab329f4a22e18d07f] → POST /mavis/api/metrics/runtime-event
[19:21:19.542] INFO: [daemon.js:17438] [33d2a65b43ee48cab329f4a22e18d07f] ← POST /mavis/api/metrics/runtime-event status=204 duration=0ms {"locale":"en"}
[19:21:21.194] INFO: [daemon.js:17438] [ca746952189544b7a13eb8250de55aab] → GET /mavis/health
[19:21:21.194] INFO: [daemon.js:17438] [ca746952189544b7a13eb8250de55aab] ← GET /mavis/health status=200 duration=0ms {"locale":"en"}
[19:21:23.984] INFO: [daemon.js:17438] [91cf842a14974a84bdc8aab259af0afa] → POST /mavis/api/metrics/runtime-event
[19:21:23.984] INFO: [daemon.js:17438] [91cf842a14974a84bdc8aab259af0afa] ← POST /mavis/api/metrics/runtime-event status=204 duration=0ms {"locale":"en"}
[19:21:23.984] INFO: [daemon.js:17438] [2f0ddac08bb84766898e029bbce34620] → POST /mavis/api/permission/check
[19:21:23.985] INFO: [daemon.js:17438] [2f0ddac08bb84766898e029bbce34620] Permission check requested: bash for agent-45acf34ec377 {"locale":"en"}
[19:21:23.985] INFO: [daemon.js:17438] Created ToolPermissionContext {"mode":"auto","ruleCount":0,"sandboxEnabled":false,"workingDirectory":"C:\\Users\\jethr\\.mavis\\agents\\agent-45acf34ec377\\workspace"}
[19:21:23.985] INFO: [daemon.js:17438] [99311c3102c840cdb91fac7b4d519ab8] BashToolPermissionChecker checkPermissions called, _toolName=bash, input={"command":"obsidian files 2>&1 | Select-Object -First 50","description":"List Obsidian vault file structure"}, context={"mode":"auto","rules":[],"sandboxEnabled":false,"autoAllowBashIfSandboxed":false,"workingDirectory":"C:\\Users\\jethr\\.mavis\\agents\\agent-45acf34ec377\\workspace","allowedWorkingPaths":[],"sandboxAllowPaths":[],"dataDir":"C:\\Users\\jethr\\.mavis","homeDir":"C:\\Users\\jethr","agentName":"agent-45acf34ec377","sessionId":"mvs_5e0fcbb6257a4549a051144c47bf9b3b","allowManagedPermissionRulesOnly":false,"interactiveTools":{}}
[19:21:23.985] INFO: [daemon.js:17438] [permission] subcommand layer=tail mode=default verdict=ask {"permLayer":"tail","permMode":"default","permVerdict":"ask","permReasonType":"safetyCheck","cmdPreview":"obsidian files 2>&1"}
[19:21:23.985] INFO: [daemon.js:17438] [permission] subcommand layer=tail mode=default verdict=ask {"permLayer":"tail","permMode":"default","permVerdict":"ask","permReasonType":"safetyCheck","cmdPreview":"Select-Object -First 50"}
[19:21:23.985] INFO: [daemon.js:17438] [permission] whole-command layer=aggregated mode=default verdict=ask {"permLayer":"aggregated","permMode":"default","permVerdict":"ask","permScope":"whole-command","cmdPreview":"obsidian files 2>&1 | Select-Object -First 50","sessionId":"mvs_5e0fcbb6257a4549a051144c47bf9b3b","subcommandCount":2}
[19:21:23.985] INFO: [daemon.js:17438] [6f65d7ef13864481930e4d752b4b47a9] [permission-service] Check result: toolName=bash behavior=ask reasonType=safetyCheck locale=en
[19:21:23.986] INFO: [daemon.js:17438] Running YOLO classifier {"toolName":"bash","inputLength":45,"sessionId":"mvs_5e0fcbb6257a4549a051144c47bf9b3b","agentId":"agent-45acf34ec377"}
[19:21:23.986] INFO: [daemon.js:17438] [permission] subcommand layer=tail mode=auto verdict=undecided {"permLayer":"tail","permMode":"auto","permVerdict":"undecided","permReasonType":"safetyCheck","cmdPreview":"obsidian files 2>&1"}
[19:21:23.986] INFO: [daemon.js:17438] [permission] subcommand layer=tail mode=auto verdict=undecided {"permLayer":"tail","permMode":"auto","permVerdict":"undecided","permReasonType":"safetyCheck","cmdPreview":"Select-Object -First 50"}
[19:21:23.986] INFO: [daemon.js:17438] [permission] whole-command layer=aggregated mode=auto verdict=undecided {"permLayer":"aggregated","permMode":"auto","permVerdict":"undecided","permScope":"whole-command","cmdPreview":"obsidian files 2>&1 | Select-Object -First 50","subcommandCount":2}
[19:21:23.987] INFO: [daemon.js:17438] [3e5ae884f6364494a743a71787fed08b] → POST /mavis/api/metrics/runtime-event
[19:21:23.987] INFO: [daemon.js:17438] [3e5ae884f6364494a743a71787fed08b] ← POST /mavis/api/metrics/runtime-event status=204 duration=0ms {"locale":"en"}
[19:21:23.988] INFO: [daemon.js:17438] [02a5b3c0ad534124b706043460258f44] → POST /mavis/api/permission/check
[19:21:23.988] INFO: [daemon.js:17438] [02a5b3c0ad534124b706043460258f44] Permission check requested: bash for agent-45acf34ec377 {"locale":"en"}
[19:21:23.988] INFO: [daemon.js:17438] Created ToolPermissionContext {"mode":"auto","ruleCount":0,"sandboxEnabled":false,"workingDirectory":"C:\\Users\\jethr\\.mavis\\agents\\agent-45acf34ec377\\workspace"}
[19:21:23.988] INFO: [daemon.js:17438] [55c1c127bea94a5fa11205c11bef2f34] BashToolPermissionChecker checkPermissions called, _toolName=bash, input={"command":"obsidian folders 2>&1 | Select-Object -First 80","description":"List Obsidian vault folder structure"}, context={"mode":"auto","rules":[],"sandboxEnabled":false,"autoAllowBashIfSandboxed":false,"workingDirectory":"C:\\Users\\jethr\\.mavis\\agents\\agent-45acf34ec377\\workspace","allowedWorkingPaths":[],"sandboxAllowPaths":[],"dataDir":"C:\\Users\\jethr\\.mavis","homeDir":"C:\\Users\\jethr","agentName":"agent-45acf34ec377","sessionId":"mvs_5e0fcbb6257a4549a051144c47bf9b3b","allowManagedPermissionRulesOnly":false,"interactiveTools":{}}
[19:21:23.989] INFO: [daemon.js:17438] [permission] subcommand layer=tail mode=default verdict=ask {"permLayer":"tail","permMode":"default","permVerdict":"ask","permReasonType":"safetyCheck","cmdPreview":"obsidian folders 2>&1"}
[19:21:23.989] INFO: [daemon.js:17438] [permission] subcommand layer=tail mode=default verdict=ask {"permLayer":"tail","permMode":"default","permVerdict":"ask","permReasonType":"safetyCheck","cmdPreview":"Select-Object -First 80"}
[19:21:23.989] INFO: [daemon.js:17438] [permission] whole-command layer=aggregated mode=default verdict=ask {"permLayer":"aggregated","permMode":"default","permVerdict":"ask","permScope":"whole-command","cmdPreview":"obsidian folders 2>&1 | Select-Object -First 80","sessionId":"mvs_5e0fcbb6257a4549a051144c47bf9b3b","subcommandCount":2}
[19:21:23.989] INFO: [daemon.js:17438] [e6a32bdd1f80470db7e7fb7b69a11fd7] [permission-service] Check result: toolName=bash behavior=ask reasonType=safetyCheck locale=en
[19:21:23.989] INFO: [daemon.js:17438] Running YOLO classifier {"toolName":"bash","inputLength":47,"sessionId":"mvs_5e0fcbb6257a4549a051144c47bf9b3b","agentId":"agent-45acf34ec377"}
[19:21:23.989] INFO: [daemon.js:17438] [permission] subcommand layer=tail mode=auto verdict=undecided {"permLayer":"tail","permMode":"auto","permVerdict":"undecided","permReasonType":"safetyCheck","cmdPreview":"obsidian folders 2>&1"}
[19:21:23.990] INFO: [daemon.js:17438] [permission] subcommand layer=tail mode=auto verdict=undecided {"permLayer":"tail","permMode":"auto","permVerdict":"undecided","permReasonType":"safetyCheck","cmdPreview":"Select-Object -First 80"}
[19:21:23.990] INFO: [daemon.js:17438] [permission] whole-command layer=aggregated mode=auto verdict=undecided {"permLayer":"aggregated","permMode":"auto","permVerdict":"undecided","permScope":"whole-command","cmdPreview":"obsidian folders 2>&1 | Select-Object -First 80","subcommandCount":2}
[19:21:30.021] INFO: [daemon.js:17438] Stage 2 LLM classification result {"toolName":"bash","verdict":"allow","reason":"The `obsidian folders` command is a read-only list operation (no write/delete/mutation) against the user's own Obsidian vault. Consistent with the established librarian/archivist role and prior successful Obsidian queries in this session. No secrets, no system changes, no irreversible effects.","model":"minimax/MiniMax-M2.7","isIrreversibleDelete":false,"confidence":0.92}
[19:21:30.022] INFO: [daemon.js:17438] [5dfd7c6929b742439802bedaeb6e48e3] [permission-service] Auto mode classifier result: toolName=bash verdict=allow reason=The `obsidian folders` command is a read-only list operation (no write/delete/mutation) against the user's own Obsidian vault. Consistent with the established librarian/archivist role and prior successful Obsidian queries in this session. No secrets, no system changes, no irreversible effects. model=minimax/MiniMax-M2.7 stage=thinking durationMs=6032 locale=en
[19:21:30.022] INFO: [daemon.js:17438] [02a5b3c0ad534124b706043460258f44] Permission check result: bash → allow {"locale":"en"}
[19:21:30.022] INFO: [daemon.js:17438] [02a5b3c0ad534124b706043460258f44] ← POST /mavis/api/permission/check status=200 duration=6034ms {"locale":"en"}
[19:21:30.025] INFO: [daemon.js:17438] [867450426f4844b78a67d0e570e5eabc] → POST /mavis/api/hooks/execute
[19:21:30.025] INFO: [daemon.js:17438] [hook-registry] matcher did not match, hook filtered out {"module":"hook-registry","hookId":"builtin:binary-read-guard","matcher":"^[Rr]ead$","matchValue":"bash"}
[19:21:30.026] INFO: [daemon.js:17438] [hook-registry] matcher did not match, hook filtered out {"module":"hook-registry","hookId":"builtin:docx-skill-env-gate","matcher":"^[Ss][Kk][Ii][Ll][Ll]$","matchValue":"bash"}
[19:21:30.026] INFO: [daemon.js:17438] [hook-registry] hooks filtered by matcher {"module":"hook-registry","hookEvent":"PreToolUse","matchValue":"bash","beforeCount":2,"afterCount":0}
[19:21:30.026] INFO: [daemon.js:17438] [867450426f4844b78a67d0e570e5eabc] ← POST /mavis/api/hooks/execute status=200 duration=1ms {"locale":"en"}
[19:21:30.240] INFO: [daemon.js:17438] [b9378b3b25294a2881dcf5536b3ec61e] → POST /mavis/api/metrics/runtime-event
[19:21:30.240] INFO: [daemon.js:17438] [b9378b3b25294a2881dcf5536b3ec61e] ← POST /mavis/api/metrics/runtime-event status=204 duration=0ms {"locale":"en"}
[19:21:30.241] INFO: [daemon.js:17438] [3a05abdfe7564fa9811497e40a1c10b7] → POST /mavis/api/hooks/execute
[19:21:30.241] INFO: [daemon.js:17438] [hook-registry] matcher did not match, hook filtered out {"module":"hook-registry","hookId":"builtin:read-image-compressor","matcher":"^[Rr]ead$","matchValue":"bash"}
[19:21:30.241] INFO: [daemon.js:17438] [hook-registry] hooks filtered by matcher {"module":"hook-registry","hookEvent":"PostToolUse","matchValue":"bash","beforeCount":7,"afterCount":6}
[19:21:30.241] INFO: [daemon.js:17438] [3a05abdfe7564fa9811497e40a1c10b7] ← POST /mavis/api/hooks/execute status=200 duration=0ms {"locale":"en"}
[19:21:31.197] INFO: [daemon.js:17438] [3c36e95583b646c99478f15c33ac6c10] → GET /mavis/health
[19:21:31.198] INFO: [daemon.js:17438] [3c36e95583b646c99478f15c33ac6c10] ← GET /mavis/health status=200 duration=1ms {"locale":"en"}
[19:21:31.303] INFO: [daemon.js:17438] Stage 2 LLM classification result {"toolName":"bash","verdict":"allow","reason":"Read-only listing of Obsidian vault files; no data modification, deletion, or secret exfiltration. PowerShell Select-Object with -First 50 is a safe bounded read.","model":"minimax/MiniMax-M2.7","isIrreversibleDelete":false,"confidence":0.95}
[19:21:31.303] INFO: [daemon.js:17438] [d2c649f7d61247119598c6640116db28] [permission-service] Auto mode classifier result: toolName=bash verdict=allow reason=Read-only listing of Obsidian vault files; no data modification, deletion, or secret exfiltration. PowerShell Select-Object with -First 50 is a safe bounded read. model=minimax/MiniMax-M2.7 stage=thinking durationMs=7317 locale=en
[19:21:31.303] INFO: [daemon.js:17438] [2f0ddac08bb84766898e029bbce34620] Permission check result: bash → allow {"locale":"en"}
[19:21:31.304] INFO: [daemon.js:17438] [2f0ddac08bb84766898e029bbce34620] ← POST /mavis/api/permission/check status=200 duration=7320ms {"locale":"en"}
[19:21:31.309] INFO: [daemon.js:17438] [3de9e905d72444aa84fa77b0fba5ac58] → POST /mavis/api/hooks/execute
[19:21:31.310] INFO: [daemon.js:17438] [hook-registry] matcher did not match, hook filtered out {"module":"hook-registry","hookId":"builtin:binary-read-guard","matcher":"^[Rr]ead$","matchValue":"bash"}
[19:21:31.310] INFO: [daemon.js:17438] [hook-registry] matcher did not match, hook filtered out {"module":"hook-registry","hookId":"builtin:docx-skill-env-gate","matcher":"^[Ss][Kk][Ii][Ll][Ll]$","matchValue":"bash"}
[19:21:31.310] INFO: [daemon.js:17438] [hook-registry] hooks filtered by matcher {"module":"hook-registry","hookEvent":"PreToolUse","matchValue":"bash","beforeCount":2,"afterCount":0}
[19:21:31.310] INFO: [daemon.js:17438] [3de9e905d72444aa84fa77b0fba5ac58] ← POST /mavis/api/hooks/execute status=200 duration=1ms {"locale":"en"}
[19:21:31.538] INFO: [daemon.js:17438] [ea9d618c339a41638ba39a75e5fc6da0] → POST /mavis/api/metrics/runtime-event
[19:21:31.538] INFO: [daemon.js:17438] [ea9d618c339a41638ba39a75e5fc6da0] ← POST /mavis/api/metrics/runtime-event status=204 duration=0ms {"locale":"en"}
[19:21:31.538] INFO: [daemon.js:17438] [3dbde658ba484dbba3c820807c64e99e] → POST /mavis/api/hooks/execute
[19:21:31.539] INFO: [daemon.js:17438] [hook-registry] matcher did not match, hook filtered out {"module":"hook-registry","hookId":"builtin:read-image-compressor","matcher":"^[Rr]ead$","matchValue":"bash"}
[19:21:31.539] INFO: [daemon.js:17438] [hook-registry] hooks filtered by matcher {"module":"hook-registry","hookEvent":"PostToolUse","matchValue":"bash","beforeCount":7,"afterCount":6}
[19:21:31.539] INFO: [daemon.js:17438] [3dbde658ba484dbba3c820807c64e99e] ← POST /mavis/api/hooks/execute status=200 duration=1ms {"locale":"en"}
[19:21:31.541] INFO: [daemon.js:17438] [068d769f9baf4280891d5ec056c2a61c] → POST /mavis/api/metrics/runtime-event
[19:21:31.542] INFO: [daemon.js:17438] [068d769f9baf4280891d5ec056c2a61c] ← POST /mavis/api/metrics/runtime-event status=204 duration=1ms {"locale":"en"}
[19:21:31.556] INFO: [daemon.js:17438] [fe2278c8fdc24249a39238297f736458] → POST /mavis/api/metrics/runtime-event
[19:21:31.557] INFO: [daemon.js:17438] [fe2278c8fdc24249a39238297f736458] ← POST /mavis/api/metrics/runtime-event status=204 duration=1ms {"locale":"en"}
[19:21:38.492] INFO: [daemon.js:17438] [9c228d08a79a445d84efba3a88148579] → POST /mavis/api/metrics/runtime-event
[19:21:38.493] INFO: [daemon.js:17438] [9c228d08a79a445d84efba3a88148579] ← POST /mavis/api/metrics/runtime-event status=204 duration=1ms {"locale":"en"}
[19:21:38.754] INFO: [daemon.js:17438] [5998403d8f4a4f49b88c381bbf8c72c1] [bridge] Emitting session.finish event sessionId=mvs_5e0fcbb6257a4549a051144c47bf9b3b agentName=agent-45acf34ec377 isError=false
[19:21:38.757] INFO: [daemon.js:17438] [39e2050d5c0f4bf39164ef6b7d5b6a60] [cron-store] Loaded cron configs, count=0
[19:21:38.763] INFO: [daemon.js:17438] [3f6d47c34b6c4f269634c6702ac8c273] → GET /mavis/api/session/mvs_5e0fcbb6257a4549a051144c47bf9b3b/diff
[19:21:38.764] INFO: [daemon.js:17438] [72113a951369400aabeeec44529c2d3d] → GET /mavis/api/session/mvs_5e0fcbb6257a4549a051144c47bf9b3b
[19:21:38.766] INFO: [daemon.js:17438] [3f6d47c34b6c4f269634c6702ac8c273] ← GET /mavis/api/session/mvs_5e0fcbb6257a4549a051144c47bf9b3b/diff status=200 duration=3ms {"locale":"en"}
[19:21:38.768] INFO: [daemon.js:17438] [72113a951369400aabeeec44529c2d3d] ← GET /mavis/api/session/mvs_5e0fcbb6257a4549a051144c47bf9b3b status=200 duration=4ms {"locale":"en"}
[19:21:41.211] INFO: [daemon.js:17438] [94b6cf5df1e54d2b8b11a0536b0aef45] → GET /mavis/health
[19:21:41.212] INFO: [daemon.js:17438] [94b6cf5df1e54d2b8b11a0536b0aef45] ← GET /mavis/health status=200 duration=1ms {"locale":"en"}
[19:21:51.220] INFO: [daemon.js:17438] [c5abb16a386a43a9a0ae0e0776f29582] → GET /mavis/health
[19:21:51.220] INFO: [daemon.js:17438] [c5abb16a386a43a9a0ae0e0776f29582] ← GET /mavis/health status=200 duration=0ms {"locale":"en"}
[19:22:01.234] INFO: [daemon.js:17438] [52c28e387b66488ca7c9bb288f13deb3] → GET /mavis/health
[19:22:01.234] INFO: [daemon.js:17438] [52c28e387b66488ca7c9bb288f13deb3] ← GET /mavis/health status=200 duration=0ms {"locale":"en"}
[19:22:11.243] INFO: [daemon.js:17438] [7430b014a0724ba0af732a89d9f77b25] → GET /mavis/health
[19:22:11.244] INFO: [daemon.js:17438] [7430b014a0724ba0af732a89d9f77b25] ← GET /mavis/health status=200 duration=1ms {"locale":"en"}
[19:22:21.256] INFO: [daemon.js:17438] [e4e4a8d62777491b9cf30d45bec19222] → GET /mavis/health
[19:22:21.257] INFO: [daemon.js:17438] [e4e4a8d62777491b9cf30d45bec19222] ← GET /mavis/health status=200 duration=1ms {"locale":"en"}
[19:22:24.450] INFO: [daemon.js:17438] [6419e9fe8435410c9e1bd4afc844afe6] → POST /mavis/api/content
[19:22:24.700] INFO: [daemon.js:17438] [6419e9fe8435410c9e1bd4afc844afe6] ← POST /mavis/api/content status=200 duration=250ms {"locale":"en"}
[19:22:24.704] INFO: [daemon.js:17438] [15456e7718ba4ecd9e9b569a4ce2b4c1] → POST /mavis/api/session/mvs_5e0fcbb6257a4549a051144c47bf9b3b/message
[19:22:24.704] INFO: [daemon.js:17438] [15456e7718ba4ecd9e9b569a4ce2b4c1] SendMessage received for agent-45acf34ec377/mvs_5e0fcbb6257a4549a051144c47bf9b3b {"locale":"en"}
[19:22:24.705] INFO: [daemon.js:17438] [message] Forwarding user message {"ctx":{"traceId":"15456e7718ba4ecd9e9b569a4ce2b4c1","locale":"en"},"agentName":"agent-45acf34ec377","sessionId":"mvs_5e0fcbb6257a4549a051144c47bf9b3b","queuedMessageCount":0,"turnId":"54210ffd-83b7-4154-8ab2-fce92a9472f5"}
[19:22:24.705] INFO: [daemon.js:17438] [15456e7718ba4ecd9e9b569a4ce2b4c1] ← POST /mavis/api/session/mvs_5e0fcbb6257a4549a051144c47bf9b3b/message status=200 duration=1ms {"locale":"en"}
[19:22:24.705] INFO: [daemon.js:17438] [1d1b58a7b800417ab46a1cce73cd94f3] Session turnId updated sessionId=mvs_5e0fcbb6257a4549a051144c47bf9b3b turnId=54210ffd-83b7-4154-8ab2-fce92a9472f5
[19:22:24.705] INFO: [daemon.js:17438] [81cdeb39e4b849bd868289158ecbc6b3] Resolved model from request override agentName=agent-45acf34ec377 providerID=minimax modelID=MiniMax-M2.7
[19:22:24.711] INFO: [daemon.js:17438] [970ec43795c8440aa169509e9e0406b8] Resolved model from request override agentName=agent-45acf34ec377 providerID=minimax modelID=MiniMax-M2.7
[19:22:24.711] INFO: [daemon.js:17438] [15456e7718ba4ecd9e9b569a4ce2b4c1] sendMessage started, agentName=agent-45acf34ec377, sessionId=mvs_5e0fcbb6257a4549a051144c47bf9b3b {"locale":"en"}
[19:22:24.740] INFO: [daemon.js:17438] [535c4d9491bb43daa6244102bb98bd06] → POST /mavis/api/metrics/runtime-event
[19:22:24.740] INFO: [daemon.js:17438] [535c4d9491bb43daa6244102bb98bd06] ← POST /mavis/api/metrics/runtime-event status=204 duration=0ms {"locale":"en"}
[19:22:29.459] INFO: [daemon.js:17438] [76f5b2a66fc34b0bbb7e6abdd04ff8d7] → POST /mavis/api/metrics/runtime-event
[19:22:29.460] INFO: [daemon.js:17438] [76f5b2a66fc34b0bbb7e6abdd04ff8d7] ← POST /mavis/api/metrics/runtime-event status=204 duration=1ms {"locale":"en"}
[19:22:29.464] INFO: [daemon.js:17438] [7bb41c8e46cb40b6baffff2e94c4ca72] [monitor] thinking TTFT measured sessionId=mvs_5e0fcbb6257a4549a051144c47bf9b3b agentName=agent-45acf34ec377 ttftMs=4759
[19:22:29.465] INFO: [daemon.js:17438] [32b829b391de4a13bb35aa9f5b6584c7] [monitor] response TTFT measured sessionId=mvs_5e0fcbb6257a4549a051144c47bf9b3b agentName=agent-45acf34ec377 ttftMs=4760 breakdown={"resolveSession":0,"reconcileConfig":0,"hooks":6,"modelResolve":0,"adapterSend":4754}
[19:22:30.093] INFO: [daemon.js:17438] [8f8aaa362e164564955403ff02d54c0b] [bridge] Emitting session.finish event sessionId=mvs_5e0fcbb6257a4549a051144c47bf9b3b agentName=agent-45acf34ec377 isError=false
[19:22:30.096] INFO: [daemon.js:17438] [cd1ef423ec6242cabd6985dacc604216] [cron-store] Loaded cron configs, count=0
[19:22:30.103] INFO: [daemon.js:17438] [62583f31ee134b76aee274f5045bed2e] → GET /mavis/api/session/mvs_5e0fcbb6257a4549a051144c47bf9b3b/diff
[19:22:30.104] INFO: [daemon.js:17438] [7752664ce6b24f41b6e04cb4fcbe9c26] → GET /mavis/api/session/mvs_5e0fcbb6257a4549a051144c47bf9b3b
[19:22:30.107] INFO: [daemon.js:17438] [62583f31ee134b76aee274f5045bed2e] ← GET /mavis/api/session/mvs_5e0fcbb6257a4549a051144c47bf9b3b/diff status=200 duration=4ms {"locale":"en"}
[19:22:30.108] INFO: [daemon.js:17438] [7752664ce6b24f41b6e04cb4fcbe9c26] ← GET /mavis/api/session/mvs_5e0fcbb6257a4549a051144c47bf9b3b status=200 duration=4ms {"locale":"en"}
[19:22:31.270] INFO: [daemon.js:17438] [7fde7ef53e254213a02c61a5e9686343] → GET /mavis/health
[19:22:31.270] INFO: [daemon.js:17438] [7fde7ef53e254213a02c61a5e9686343] ← GET /mavis/health status=200 duration=0ms {"locale":"en"}
[19:22:41.282] INFO: [daemon.js:17438] [b2ad90515f6d4021be0829e846c2bdbd] → GET /mavis/health
[19:22:41.282] INFO: [daemon.js:17438] [b2ad90515f6d4021be0829e846c2bdbd] ← GET /mavis/health status=200 duration=0ms {"locale":"en"}
[19:22:51.283] INFO: [daemon.js:17438] [afa7f5017e8e4e6e9ba4850fe1eedd1a] → GET /mavis/health
[19:22:51.283] INFO: [daemon.js:17438] [afa7f5017e8e4e6e9ba4850fe1eedd1a] ← GET /mavis/health status=200 duration=0ms {"locale":"en"}
[19:22:54.402] INFO: [daemon.js:17438] [0ec172974bdb4541b5641bdf3cefdccf] → POST /mavis/api/content
[19:22:54.677] INFO: [daemon.js:17438] [0ec172974bdb4541b5641bdf3cefdccf] ← POST /mavis/api/content status=200 duration=275ms {"locale":"en"}
[19:22:54.680] INFO: [daemon.js:17438] [c00dc038f46946d899ea694aad848f14] → POST /mavis/api/session/mvs_5e0fcbb6257a4549a051144c47bf9b3b/message
[19:22:54.680] INFO: [daemon.js:17438] [c00dc038f46946d899ea694aad848f14] SendMessage received for agent-45acf34ec377/mvs_5e0fcbb6257a4549a051144c47bf9b3b {"locale":"en"}
[19:22:54.681] INFO: [daemon.js:17438] [message] Forwarding user message {"ctx":{"traceId":"c00dc038f46946d899ea694aad848f14","locale":"en"},"agentName":"agent-45acf34ec377","sessionId":"mvs_5e0fcbb6257a4549a051144c47bf9b3b","queuedMessageCount":0,"turnId":"b939c9d7-2fe6-4180-b64c-cea3b5e207d5"}
[19:22:54.682] INFO: [daemon.js:17438] [c00dc038f46946d899ea694aad848f14] ← POST /mavis/api/session/mvs_5e0fcbb6257a4549a051144c47bf9b3b/message status=200 duration=2ms {"locale":"en"}
[19:22:54.682] INFO: [daemon.js:17438] [09aeef768fab4161af1ad41f97523b4a] Session turnId updated sessionId=mvs_5e0fcbb6257a4549a051144c47bf9b3b turnId=b939c9d7-2fe6-4180-b64c-cea3b5e207d5
[19:22:54.682] INFO: [daemon.js:17438] [74bbd1b263544e5b8f729779f563bb00] Resolved model from request override agentName=agent-45acf34ec377 providerID=minimax modelID=MiniMax-M2.7
[19:22:54.688] INFO: [daemon.js:17438] [0fd291181e6c44cab09df7b5f1b00129] Resolved model from request override agentName=agent-45acf34ec377 providerID=minimax modelID=MiniMax-M2.7
[19:22:54.688] INFO: [daemon.js:17438] [c00dc038f46946d899ea694aad848f14] sendMessage started, agentName=agent-45acf34ec377, sessionId=mvs_5e0fcbb6257a4549a051144c47bf9b3b {"locale":"en"}
[19:22:54.720] INFO: [daemon.js:17438] [3a4dd14bf3424ce1b426548815a3c785] → POST /mavis/api/metrics/runtime-event
[19:22:54.720] INFO: [daemon.js:17438] [3a4dd14bf3424ce1b426548815a3c785] ← POST /mavis/api/metrics/runtime-event status=204 duration=0ms {"locale":"en"}
[19:22:57.486] INFO: [daemon.js:17438] [b05d4712b26948bfb33c6c7c4c8c9e2e] → POST /mavis/api/metrics/runtime-event
[19:22:57.486] INFO: [daemon.js:17438] [b05d4712b26948bfb33c6c7c4c8c9e2e] ← POST /mavis/api/metrics/runtime-event status=204 duration=0ms {"locale":"en"}
[19:22:57.486] INFO: [daemon.js:17438] [0a87b8d56372485393f2e6de4a886602] → POST /mavis/api/permission/check
[19:22:57.486] INFO: [daemon.js:17438] [0a87b8d56372485393f2e6de4a886602] Permission check requested: bash for agent-45acf34ec377 {"locale":"en"}
[19:22:57.487] INFO: [daemon.js:17438] Created ToolPermissionContext {"mode":"auto","ruleCount":0,"sandboxEnabled":false,"workingDirectory":"C:\\Users\\jethr\\.mavis\\agents\\agent-45acf34ec377\\workspace"}
[19:22:57.487] INFO: [daemon.js:17438] [1474b9831f1c48e185530d05f210b3a8] BashToolPermissionChecker checkPermissions called, _toolName=bash, input={"command":"zot items top --limit 5 --format json 2>&1","description":"Check Zotero storage paths for items"}, context={"mode":"auto","rules":[],"sandboxEnabled":false,"autoAllowBashIfSandboxed":false,"workingDirectory":"C:\\Users\\jethr\\.mavis\\agents\\agent-45acf34ec377\\workspace","allowedWorkingPaths":[],"sandboxAllowPaths":[],"dataDir":"C:\\Users\\jethr\\.mavis","homeDir":"C:\\Users\\jethr","agentName":"agent-45acf34ec377","sessionId":"mvs_5e0fcbb6257a4549a051144c47bf9b3b","allowManagedPermissionRulesOnly":false,"interactiveTools":{}}
[19:22:57.487] INFO: [daemon.js:17438] [permission] subcommand layer=tail mode=default verdict=ask {"permLayer":"tail","permMode":"default","permVerdict":"ask","permReasonType":"safetyCheck","cmdPreview":"zot items top --limit 5 --format json 2>&1"}
[19:22:57.487] INFO: [daemon.js:17438] [permission] whole-command layer=aggregated mode=default verdict=ask {"permLayer":"aggregated","permMode":"default","permVerdict":"ask","permScope":"whole-command","cmdPreview":"zot items top --limit 5 --format json 2>&1","sessionId":"mvs_5e0fcbb6257a4549a051144c47bf9b3b","subcommandCount":1}
[19:22:57.487] INFO: [daemon.js:17438] [b93875b19d544072810bfe1d5f9e13a8] [permission-service] Check result: toolName=bash behavior=ask reasonType=safetyCheck locale=en
[19:22:57.488] INFO: [daemon.js:17438] Running YOLO classifier {"toolName":"bash","inputLength":42,"sessionId":"mvs_5e0fcbb6257a4549a051144c47bf9b3b","agentId":"agent-45acf34ec377"}
[19:22:57.488] INFO: [daemon.js:17438] [permission] subcommand layer=tail mode=auto verdict=undecided {"permLayer":"tail","permMode":"auto","permVerdict":"undecided","permReasonType":"safetyCheck","cmdPreview":"zot items top --limit 5 --format json 2>&1"}
[19:22:57.488] INFO: [daemon.js:17438] [permission] whole-command layer=aggregated mode=auto verdict=undecided {"permLayer":"aggregated","permMode":"auto","permVerdict":"undecided","permScope":"whole-command","cmdPreview":"zot items top --limit 5 --format json 2>&1","subcommandCount":1}
[19:22:57.489] INFO: [daemon.js:17438] [593fae4917f5458390161331dee2e819] → POST /mavis/api/metrics/runtime-event
[19:22:57.489] INFO: [daemon.js:17438] [593fae4917f5458390161331dee2e819] ← POST /mavis/api/metrics/runtime-event status=204 duration=0ms {"locale":"en"}
[19:22:57.489] INFO: [daemon.js:17438] [6a07c58ac1a14c3b858ea5b5413e343a] → POST /mavis/api/permission/check
[19:22:57.490] INFO: [daemon.js:17438] [6a07c58ac1a14c3b858ea5b5413e343a] Permission check requested: bash for agent-45acf34ec377 {"locale":"en"}
[19:22:57.490] INFO: [daemon.js:17438] Created ToolPermissionContext {"mode":"auto","ruleCount":0,"sandboxEnabled":false,"workingDirectory":"C:\\Users\\jethr\\.mavis\\agents\\agent-45acf34ec377\\workspace"}
[19:22:57.490] INFO: [daemon.js:17438] [ae28bf9a1c524a3cb3c90095cbb74b49] BashToolPermissionChecker checkPermissions called, _toolName=bash, input={"command":"zot attachments --help 2>&1","description":"Check zot attachment commands"}, context={"mode":"auto","rules":[],"sandboxEnabled":false,"autoAllowBashIfSandboxed":false,"workingDirectory":"C:\\Users\\jethr\\.mavis\\agents\\agent-45acf34ec377\\workspace","allowedWorkingPaths":[],"sandboxAllowPaths":[],"dataDir":"C:\\Users\\jethr\\.mavis","homeDir":"C:\\Users\\jethr","agentName":"agent-45acf34ec377","sessionId":"mvs_5e0fcbb6257a4549a051144c47bf9b3b","allowManagedPermissionRulesOnly":false,"interactiveTools":{}}
[19:22:57.490] INFO: [daemon.js:17438] [permission] subcommand layer=tail mode=default verdict=ask {"permLayer":"tail","permMode":"default","permVerdict":"ask","permReasonType":"safetyCheck","cmdPreview":"zot attachments --help 2>&1"}
[19:22:57.490] INFO: [daemon.js:17438] [permission] whole-command layer=aggregated mode=default verdict=ask {"permLayer":"aggregated","permMode":"default","permVerdict":"ask","permScope":"whole-command","cmdPreview":"zot attachments --help 2>&1","sessionId":"mvs_5e0fcbb6257a4549a051144c47bf9b3b","subcommandCount":1}
[19:22:57.490] INFO: [daemon.js:17438] [39360aaf4cfc4182909ccfaab7014c44] [permission-service] Check result: toolName=bash behavior=ask reasonType=safetyCheck locale=en
[19:22:57.490] INFO: [daemon.js:17438] Running YOLO classifier {"toolName":"bash","inputLength":27,"sessionId":"mvs_5e0fcbb6257a4549a051144c47bf9b3b","agentId":"agent-45acf34ec377"}
[19:22:57.491] INFO: [daemon.js:17438] [permission] subcommand layer=tail mode=auto verdict=undecided {"permLayer":"tail","permMode":"auto","permVerdict":"undecided","permReasonType":"safetyCheck","cmdPreview":"zot attachments --help 2>&1"}
[19:22:57.491] INFO: [daemon.js:17438] [permission] whole-command layer=aggregated mode=auto verdict=undecided {"permLayer":"aggregated","permMode":"auto","permVerdict":"undecided","permScope":"whole-command","cmdPreview":"zot attachments --help 2>&1","subcommandCount":1}
[19:22:57.491] INFO: [daemon.js:17438] [21cfa665dc004031b7ffe435f9e0183e] → POST /mavis/api/permission/check
[19:22:57.492] INFO: [daemon.js:17438] [21cfa665dc004031b7ffe435f9e0183e] Permission check requested: read for agent-45acf34ec377 {"locale":"en"}
[19:22:57.492] INFO: [daemon.js:17438] Created ToolPermissionContext {"mode":"auto","ruleCount":0,"sandboxEnabled":false,"workingDirectory":"C:\\Users\\jethr\\.mavis\\agents\\agent-45acf34ec377\\workspace"}
[19:22:57.492] INFO: [daemon.js:17438] [5aed4c80719348579f73df65c24f4e27] FsToolPermissionChecker checkPermissions called, toolName=read, input={"filePath":"C:\\Users\\jethr\\.mavis\\skills\\zotero-use\\references\\finding-attachments.md"}, context={"mode":"auto","rules":[],"sandboxEnabled":false,"autoAllowBashIfSandboxed":false,"workingDirectory":"C:\\Users\\jethr\\.mavis\\agents\\agent-45acf34ec377\\workspace","allowedWorkingPaths":[],"sandboxAllowPaths":[],"dataDir":"C:\\Users\\jethr\\.mavis","homeDir":"C:\\Users\\jethr","agentName":"agent-45acf34ec377","sessionId":"mvs_5e0fcbb6257a4549a051144c47bf9b3b","allowManagedPermissionRulesOnly":false,"interactiveTools":{}}
[19:22:57.492] INFO: [daemon.js:17438] [fe88aa895aed4969920b0c3f77d6dc67] [permission-service] Check result: toolName=read behavior=allow reasonType=workingDirectory locale=en
[19:22:57.492] INFO: [daemon.js:17438] [21cfa665dc004031b7ffe435f9e0183e] Permission check result: read → allow {"locale":"en"}
[19:22:57.492] INFO: [daemon.js:17438] [21cfa665dc004031b7ffe435f9e0183e] ← POST /mavis/api/permission/check status=200 duration=1ms {"locale":"en"}
[19:22:57.493] INFO: [daemon.js:17438] [0ee0c9cc1359489d929f3cee9e7869cd] [monitor] thinking TTFT measured sessionId=mvs_5e0fcbb6257a4549a051144c47bf9b3b agentName=agent-45acf34ec377 ttftMs=2812
[19:22:57.494] INFO: [daemon.js:17438] [70c267ac5ecf4672a15a66610071c9e3] → POST /mavis/api/metrics/runtime-event
[19:22:57.495] INFO: [daemon.js:17438] [70c267ac5ecf4672a15a66610071c9e3] ← POST /mavis/api/metrics/runtime-event status=204 duration=1ms {"locale":"en"}
[19:22:57.495] INFO: [daemon.js:17438] [f7c455d3fd3a47d3b386c5647355d9e6] → POST /mavis/api/hooks/execute
[19:22:57.495] INFO: [daemon.js:17438] [hook-registry] matcher did not match, hook filtered out {"module":"hook-registry","hookId":"builtin:docx-skill-env-gate","matcher":"^[Ss][Kk][Ii][Ll][Ll]$","matchValue":"read"}
[19:22:57.495] INFO: [daemon.js:17438] [hook-registry] hooks filtered by matcher {"module":"hook-registry","hookEvent":"PreToolUse","matchValue":"read","beforeCount":2,"afterCount":1}
[19:22:57.495] INFO: [daemon.js:17438] [5a8e00b993f54d1e8de9eca8754e6973] [binary-read-guard] handler invoked toolName=read model=minimax/MiniMax-M2.7 argsKeys=["filePath"]
[19:22:57.495] INFO: [daemon.js:17438] [9329f663d8c2437285a33688bc783613] [binary-read-guard] extension not blocked, ext=.md
[19:22:57.496] INFO: [daemon.js:17438] [f7c455d3fd3a47d3b386c5647355d9e6] ← POST /mavis/api/hooks/execute status=200 duration=1ms {"locale":"en"}
[19:22:57.503] INFO: [daemon.js:17438] [2240063a64f94217890d63e0ad8ebdfb] → POST /mavis/api/metrics/runtime-event
[19:22:57.504] INFO: [daemon.js:17438] [2240063a64f94217890d63e0ad8ebdfb] ← POST /mavis/api/metrics/runtime-event status=204 duration=1ms {"locale":"en"}
[19:22:57.504] INFO: [daemon.js:17438] [7029cb7987a64ca98615603adecb114a] → POST /mavis/api/hooks/execute
[19:22:57.504] INFO: [daemon.js:17438] [hook-registry] matcher did not match, hook filtered out {"module":"hook-registry","hookId":"builtin:cu-image-injector","matcher":"^[Bb]ash$","matchValue":"read"}
[19:22:57.504] INFO: [daemon.js:17438] [hook-registry] hooks filtered by matcher {"module":"hook-registry","hookEvent":"PostToolUse","matchValue":"read","beforeCount":7,"afterCount":6}
[19:22:57.504] INFO: [daemon.js:17438] [7029cb7987a64ca98615603adecb114a] ← POST /mavis/api/hooks/execute status=200 duration=0ms {"locale":"en"}
[19:23:01.286] INFO: [daemon.js:17438] [1a5626af94d24ad58dc0c73f220fa219] → GET /mavis/health
[19:23:01.286] INFO: [daemon.js:17438] [1a5626af94d24ad58dc0c73f220fa219] ← GET /mavis/health status=200 duration=0ms {"locale":"en"}
[19:23:04.309] INFO: [daemon.js:17438] Stage 2 LLM classification result {"toolName":"bash","verdict":"allow","reason":"The `--help` flag is a read-only informational command that only displays CLI documentation. No system changes or data access beyond the tool's own help text.","model":"minimax/MiniMax-M2.7","isIrreversibleDelete":false,"confidence":0.95}
[19:23:04.310] INFO: [daemon.js:17438] [cd4b698e32d64e0188bb63b22381ea06] [permission-service] Auto mode classifier result: toolName=bash verdict=allow reason=The `--help` flag is a read-only informational command that only displays CLI documentation. No system changes or data access beyond the tool's own help text. model=minimax/MiniMax-M2.7 stage=thinking durationMs=6820 locale=en
[19:23:04.310] INFO: [daemon.js:17438] [6a07c58ac1a14c3b858ea5b5413e343a] Permission check result: bash → allow {"locale":"en"}
[19:23:04.310] INFO: [daemon.js:17438] [6a07c58ac1a14c3b858ea5b5413e343a] ← POST /mavis/api/permission/check status=200 duration=6821ms {"locale":"en"}
[19:23:04.317] INFO: [daemon.js:17438] [24a494a9bf2e470c8f4e3c69cb369f8c] → POST /mavis/api/hooks/execute
[19:23:04.317] INFO: [daemon.js:17438] [hook-registry] matcher did not match, hook filtered out {"module":"hook-registry","hookId":"builtin:binary-read-guard","matcher":"^[Rr]ead$","matchValue":"bash"}
[19:23:04.317] INFO: [daemon.js:17438] [hook-registry] matcher did not match, hook filtered out {"module":"hook-registry","hookId":"builtin:docx-skill-env-gate","matcher":"^[Ss][Kk][Ii][Ll][Ll]$","matchValue":"bash"}
[19:23:04.317] INFO: [daemon.js:17438] [hook-registry] hooks filtered by matcher {"module":"hook-registry","hookEvent":"PreToolUse","matchValue":"bash","beforeCount":2,"afterCount":0}
[19:23:04.317] INFO: [daemon.js:17438] [24a494a9bf2e470c8f4e3c69cb369f8c] ← POST /mavis/api/hooks/execute status=200 duration=0ms {"locale":"en"}
[19:23:04.737] INFO: [daemon.js:17438] [c691fbaae1db41c4bc3159eaf1eff493] → POST /mavis/api/metrics/runtime-event
[19:23:04.737] INFO: [daemon.js:17438] [c691fbaae1db41c4bc3159eaf1eff493] ← POST /mavis/api/metrics/runtime-event status=204 duration=0ms {"locale":"en"}
[19:23:04.738] INFO: [daemon.js:17438] [1b00762de72447e398a4609ef31360f1] → POST /mavis/api/hooks/execute
[19:23:04.738] INFO: [daemon.js:17438] [hook-registry] matcher did not match, hook filtered out {"module":"hook-registry","hookId":"builtin:read-image-compressor","matcher":"^[Rr]ead$","matchValue":"bash"}
[19:23:04.738] INFO: [daemon.js:17438] [hook-registry] hooks filtered by matcher {"module":"hook-registry","hookEvent":"PostToolUse","matchValue":"bash","beforeCount":7,"afterCount":6}
[19:23:04.738] INFO: [daemon.js:17438] [1b00762de72447e398a4609ef31360f1] ← POST /mavis/api/hooks/execute status=200 duration=0ms {"locale":"en"}
[19:23:05.943] INFO: [daemon.js:17438] Stage 2 LLM classification result {"toolName":"bash","verdict":"allow","reason":"Read-only query to local Zotero API (loopback localhost:23119) returning 5 JSON items — bounded scope, no exfiltration risk, consistent with established session workflow.","model":"minimax/MiniMax-M2.7","isIrreversibleDelete":false,"confidence":0.95}
[19:23:05.943] INFO: [daemon.js:17438] [e9a2af2095c04fc7bd4c85eee3948364] [permission-service] Auto mode classifier result: toolName=bash verdict=allow reason=Read-only query to local Zotero API (loopback localhost:23119) returning 5 JSON items — bounded scope, no exfiltration risk, consistent with established session workflow. model=minimax/MiniMax-M2.7 stage=thinking durationMs=8455 locale=en
[19:23:05.943] INFO: [daemon.js:17438] [0a87b8d56372485393f2e6de4a886602] Permission check result: bash → allow {"locale":"en"}
[19:23:05.943] INFO: [daemon.js:17438] [0a87b8d56372485393f2e6de4a886602] ← POST /mavis/api/permission/check status=200 duration=8457ms {"locale":"en"}
[19:23:05.947] INFO: [daemon.js:17438] [5eba9e77de8444a18a976aba79c32381] → POST /mavis/api/hooks/execute
[19:23:05.948] INFO: [daemon.js:17438] [hook-registry] matcher did not match, hook filtered out {"module":"hook-registry","hookId":"builtin:binary-read-guard","matcher":"^[Rr]ead$","matchValue":"bash"}
[19:23:05.948] INFO: [daemon.js:17438] [hook-registry] matcher did not match, hook filtered out {"module":"hook-registry","hookId":"builtin:docx-skill-env-gate","matcher":"^[Ss][Kk][Ii][Ll][Ll]$","matchValue":"bash"}
[19:23:05.948] INFO: [daemon.js:17438] [hook-registry] hooks filtered by matcher {"module":"hook-registry","hookEvent":"PreToolUse","matchValue":"bash","beforeCount":2,"afterCount":0}
[19:23:05.948] INFO: [daemon.js:17438] [5eba9e77de8444a18a976aba79c32381] ← POST /mavis/api/hooks/execute status=200 duration=1ms {"locale":"en"}
[19:23:06.389] INFO: [daemon.js:17438] [4529ef2cbb5f4f9ca331d99a089ad6e1] → POST /mavis/api/metrics/runtime-event
[19:23:06.389] INFO: [daemon.js:17438] [4529ef2cbb5f4f9ca331d99a089ad6e1] ← POST /mavis/api/metrics/runtime-event status=204 duration=0ms {"locale":"en"}
[19:23:06.390] INFO: [daemon.js:17438] [81a91961befa4969992a31a889bc37b6] → POST /mavis/api/hooks/execute
[19:23:06.390] INFO: [daemon.js:17438] [hook-registry] matcher did not match, hook filtered out {"module":"hook-registry","hookId":"builtin:read-image-compressor","matcher":"^[Rr]ead$","matchValue":"bash"}
[19:23:06.390] INFO: [daemon.js:17438] [hook-registry] hooks filtered by matcher {"module":"hook-registry","hookEvent":"PostToolUse","matchValue":"bash","beforeCount":7,"afterCount":6}
[19:23:06.390] INFO: [daemon.js:17438] [81a91961befa4969992a31a889bc37b6] ← POST /mavis/api/hooks/execute status=200 duration=0ms {"locale":"en"}
[19:23:06.393] INFO: [daemon.js:17438] [045de89c2ae94f54a163e8bd9614bb2c] → POST /mavis/api/metrics/runtime-event
[19:23:06.393] INFO: [daemon.js:17438] [045de89c2ae94f54a163e8bd9614bb2c] ← POST /mavis/api/metrics/runtime-event status=204 duration=0ms {"locale":"en"}
[19:23:06.407] INFO: [daemon.js:17438] [f33064efe2e647fe99875efc144a8779] → POST /mavis/api/metrics/runtime-event
[19:23:06.407] INFO: [daemon.js:17438] [f33064efe2e647fe99875efc144a8779] ← POST /mavis/api/metrics/runtime-event status=204 duration=0ms {"locale":"en"}
[19:23:08.756] INFO: [daemon.js:17438] [09d5d13bd7cf4486a6ce3c2034342dc3] → POST /mavis/api/metrics/runtime-event
[19:23:08.757] INFO: [daemon.js:17438] [09d5d13bd7cf4486a6ce3c2034342dc3] ← POST /mavis/api/metrics/runtime-event status=204 duration=1ms {"locale":"en"}
[19:23:08.757] INFO: [daemon.js:17438] [ee89b473413f4cc290e2181aae72c66d] → POST /mavis/api/permission/check
[19:23:08.757] INFO: [daemon.js:17438] [ee89b473413f4cc290e2181aae72c66d] Permission check requested: bash for agent-45acf34ec377 {"locale":"en"}
[19:23:08.758] INFO: [daemon.js:17438] Created ToolPermissionContext {"mode":"auto","ruleCount":0,"sandboxEnabled":false,"workingDirectory":"C:\\Users\\jethr\\.mavis\\agents\\agent-45acf34ec377\\workspace"}
[19:23:08.758] INFO: [daemon.js:17438] [9b144b6ec1cc49a6b47ed09585e8b412] BashToolPermissionChecker checkPermissions called, _toolName=bash, input={"command":"zot items --help 2>&1","description":"Check zot items commands"}, context={"mode":"auto","rules":[],"sandboxEnabled":false,"autoAllowBashIfSandboxed":false,"workingDirectory":"C:\\Users\\jethr\\.mavis\\agents\\agent-45acf34ec377\\workspace","allowedWorkingPaths":[],"sandboxAllowPaths":[],"dataDir":"C:\\Users\\jethr\\.mavis","homeDir":"C:\\Users\\jethr","agentName":"agent-45acf34ec377","sessionId":"mvs_5e0fcbb6257a4549a051144c47bf9b3b","allowManagedPermissionRulesOnly":false,"interactiveTools":{}}
[19:23:08.758] INFO: [daemon.js:17438] [permission] subcommand layer=tail mode=default verdict=ask {"permLayer":"tail","permMode":"default","permVerdict":"ask","permReasonType":"safetyCheck","cmdPreview":"zot items --help 2>&1"}
[19:23:08.758] INFO: [daemon.js:17438] [permission] whole-command layer=aggregated mode=default verdict=ask {"permLayer":"aggregated","permMode":"default","permVerdict":"ask","permScope":"whole-command","cmdPreview":"zot items --help 2>&1","sessionId":"mvs_5e0fcbb6257a4549a051144c47bf9b3b","subcommandCount":1}
[19:23:08.758] INFO: [daemon.js:17438] [82dae97f936f492cb7dd972fb3b3554b] [permission-service] Check result: toolName=bash behavior=ask reasonType=safetyCheck locale=en
[19:23:08.758] INFO: [daemon.js:17438] Running YOLO classifier {"toolName":"bash","inputLength":21,"sessionId":"mvs_5e0fcbb6257a4549a051144c47bf9b3b","agentId":"agent-45acf34ec377"}
[19:23:08.759] INFO: [daemon.js:17438] [permission] subcommand layer=tail mode=auto verdict=undecided {"permLayer":"tail","permMode":"auto","permVerdict":"undecided","permReasonType":"safetyCheck","cmdPreview":"zot items --help 2>&1"}
[19:23:08.759] INFO: [daemon.js:17438] [permission] whole-command layer=aggregated mode=auto verdict=undecided {"permLayer":"aggregated","permMode":"auto","permVerdict":"undecided","permScope":"whole-command","cmdPreview":"zot items --help 2>&1","subcommandCount":1}
[19:23:11.049] INFO: [daemon.js:17438] Stage 2 LLM classification result {"toolName":"bash","verdict":"allow","reason":"This is a read-only `--help` command for the Zotero CLI tool. It only displays usage information with no side effects.","model":"minimax/MiniMax-M2.7","isIrreversibleDelete":false,"confidence":0.95}
[19:23:11.049] INFO: [daemon.js:17438] [7219da0f9ae646999e90addfa9fb426e] [permission-service] Auto mode classifier result: toolName=bash verdict=allow reason=This is a read-only `--help` command for the Zotero CLI tool. It only displays usage information with no side effects. model=minimax/MiniMax-M2.7 stage=thinking durationMs=2291 locale=en
[19:23:11.049] INFO: [daemon.js:17438] [ee89b473413f4cc290e2181aae72c66d] Permission check result: bash → allow {"locale":"en"}
[19:23:11.049] INFO: [daemon.js:17438] [ee89b473413f4cc290e2181aae72c66d] ← POST /mavis/api/permission/check status=200 duration=2292ms {"locale":"en"}
[19:23:11.053] INFO: [daemon.js:17438] [112d463649ae4cb9b1c046652436eed0] → POST /mavis/api/hooks/execute
[19:23:11.054] INFO: [daemon.js:17438] [hook-registry] matcher did not match, hook filtered out {"module":"hook-registry","hookId":"builtin:binary-read-guard","matcher":"^[Rr]ead$","matchValue":"bash"}
[19:23:11.054] INFO: [daemon.js:17438] [hook-registry] matcher did not match, hook filtered out {"module":"hook-registry","hookId":"builtin:docx-skill-env-gate","matcher":"^[Ss][Kk][Ii][Ll][Ll]$","matchValue":"bash"}
[19:23:11.054] INFO: [daemon.js:17438] [hook-registry] hooks filtered by matcher {"module":"hook-registry","hookEvent":"PreToolUse","matchValue":"bash","beforeCount":2,"afterCount":0}
[19:23:11.054] INFO: [daemon.js:17438] [112d463649ae4cb9b1c046652436eed0] ← POST /mavis/api/hooks/execute status=200 duration=1ms {"locale":"en"}
[19:23:11.288] INFO: [daemon.js:17438] [280dce80a237402fb59a2f2211d74264] → GET /mavis/health
[19:23:11.288] INFO: [daemon.js:17438] [280dce80a237402fb59a2f2211d74264] ← GET /mavis/health status=200 duration=0ms {"locale":"en"}
[19:23:11.471] INFO: [daemon.js:17438] [f6fcd4b734694f89a4f68e7c0c6635c7] → POST /mavis/api/metrics/runtime-event
[19:23:11.472] INFO: [daemon.js:17438] [f6fcd4b734694f89a4f68e7c0c6635c7] ← POST /mavis/api/metrics/runtime-event status=204 duration=1ms {"locale":"en"}
[19:23:11.472] INFO: [daemon.js:17438] [fae8b2e69e16475abb185b80a1d9cb1b] → POST /mavis/api/hooks/execute
[19:23:11.472] INFO: [daemon.js:17438] [hook-registry] matcher did not match, hook filtered out {"module":"hook-registry","hookId":"builtin:read-image-compressor","matcher":"^[Rr]ead$","matchValue":"bash"}
[19:23:11.472] INFO: [daemon.js:17438] [hook-registry] hooks filtered by matcher {"module":"hook-registry","hookEvent":"PostToolUse","matchValue":"bash","beforeCount":7,"afterCount":6}
[19:23:11.472] INFO: [daemon.js:17438] [fae8b2e69e16475abb185b80a1d9cb1b] ← POST /mavis/api/hooks/execute status=200 duration=0ms {"locale":"en"}
[19:23:11.475] INFO: [daemon.js:17438] [3a2670417aa5409a960f6015b2d60204] → POST /mavis/api/metrics/runtime-event
[19:23:11.475] INFO: [daemon.js:17438] [3a2670417aa5409a960f6015b2d60204] ← POST /mavis/api/metrics/runtime-event status=204 duration=0ms {"locale":"en"}
[19:23:11.489] INFO: [daemon.js:17438] [59a9e3446188412b82ea4b9e6ac91055] → POST /mavis/api/metrics/runtime-event
[19:23:11.489] INFO: [daemon.js:17438] [59a9e3446188412b82ea4b9e6ac91055] ← POST /mavis/api/metrics/runtime-event status=204 duration=0ms {"locale":"en"}
[19:23:15.252] INFO: [daemon.js:17438] [c124dd252a3c4f318548e281b1ec213a] → POST /mavis/api/metrics/runtime-event
[19:23:15.252] INFO: [daemon.js:17438] [c124dd252a3c4f318548e281b1ec213a] ← POST /mavis/api/metrics/runtime-event status=204 duration=0ms {"locale":"en"}
[19:23:15.253] INFO: [daemon.js:17438] [f21d6af3bda341859335d3fee36a591d] → POST /mavis/api/permission/check
[19:23:15.253] INFO: [daemon.js:17438] [f21d6af3bda341859335d3fee36a591d] Permission check requested: bash for agent-45acf34ec377 {"locale":"en"}
[19:23:15.253] INFO: [daemon.js:17438] Created ToolPermissionContext {"mode":"auto","ruleCount":0,"sandboxEnabled":false,"workingDirectory":"C:\\Users\\jethr\\.mavis\\agents\\agent-45acf34ec377\\workspace"}
[19:23:15.253] INFO: [daemon.js:17438] [708a6acfe3104480bb8b657de1aedcff] BashToolPermissionChecker checkPermissions called, _toolName=bash, input={"command":"Select-String \"linkedAttachmentBaseDir\" \"C:\\Users\\jethr\\AppData\\Roaming\\Zotero\\Zotero\\Profiles\\*\\prefs.js\" 2>&1","description":"Check Zotero linked attachment base dir"}, context={"mode":"auto","rules":[],"sandboxEnabled":false,"autoAllowBashIfSandboxed":false,"workingDirectory":"C:\\Users\\jethr\\.mavis\\agents\\agent-45acf34ec377\\workspace","allowedWorkingPaths":[],"sandboxAllowPaths":[],"dataDir":"C:\\Users\\jethr\\.mavis","homeDir":"C:\\Users\\jethr","agentName":"agent-45acf34ec377","sessionId":"mvs_5e0fcbb6257a4549a051144c47bf9b3b","allowManagedPermissionRulesOnly":false,"interactiveTools":{}}
[19:23:15.253] INFO: [daemon.js:17438] [permission] subcommand layer=tail mode=default verdict=ask {"permLayer":"tail","permMode":"default","permVerdict":"ask","permReasonType":"safetyCheck","cmdPreview":"Select-String \"linkedAttachmentBaseDir\" \"C:\\Users\\jethr\\AppData\\Roaming\\Zotero\\Zotero\\Profiles\\*\\prefs.js\" 2>&1"}
[19:23:15.253] INFO: [daemon.js:17438] [permission] whole-command layer=aggregated mode=default verdict=ask {"permLayer":"aggregated","permMode":"default","permVerdict":"ask","permScope":"whole-command","cmdPreview":"Select-String \"linkedAttachmentBaseDir\" \"C:\\Users\\jethr\\AppData\\Roaming\\Zotero\\Zotero\\Profiles\\*\\prefs.js\" 2>&1","sessionId":"mvs_5e0fcbb6257a4549a051144c47bf9b3b","subcommandCount":1}
[19:23:15.253] INFO: [daemon.js:17438] [4fc77094cafe455dadc00c3d8b1475ba] [permission-service] Check result: toolName=bash behavior=ask reasonType=safetyCheck locale=en
[19:23:15.254] INFO: [daemon.js:17438] Running YOLO classifier {"toolName":"bash","inputLength":111,"sessionId":"mvs_5e0fcbb6257a4549a051144c47bf9b3b","agentId":"agent-45acf34ec377"}
[19:23:15.254] INFO: [daemon.js:17438] [permission] subcommand layer=tail mode=auto verdict=undecided {"permLayer":"tail","permMode":"auto","permVerdict":"undecided","permReasonType":"safetyCheck","cmdPreview":"Select-String \"linkedAttachmentBaseDir\" \"C:\\Users\\jethr\\AppData\\Roaming\\Zotero\\Zotero\\Profiles\\*\\prefs.js\" 2>&1"}
[19:23:15.254] INFO: [daemon.js:17438] [permission] whole-command layer=aggregated mode=auto verdict=undecided {"permLayer":"aggregated","permMode":"auto","permVerdict":"undecided","permScope":"whole-command","cmdPreview":"Select-String \"linkedAttachmentBaseDir\" \"C:\\Users\\jethr\\AppData\\Roaming\\Zotero\\Zotero\\Profiles\\*\\prefs.js\" 2>&1","subcommandCount":1}
[19:23:15.255] INFO: [daemon.js:17438] [bb88754f88504f42b3f391c3ea2304f9] → POST /mavis/api/metrics/runtime-event
[19:23:15.255] INFO: [daemon.js:17438] [bb88754f88504f42b3f391c3ea2304f9] ← POST /mavis/api/metrics/runtime-event status=204 duration=0ms {"locale":"en"}
[19:23:15.255] INFO: [daemon.js:17438] [2766ab109b074784a092f86a5189e102] → POST /mavis/api/permission/check
[19:23:15.256] INFO: [daemon.js:17438] [2766ab109b074784a092f86a5189e102] Permission check requested: bash for agent-45acf34ec377 {"locale":"en"}
[19:23:15.256] INFO: [daemon.js:17438] Created ToolPermissionContext {"mode":"auto","ruleCount":0,"sandboxEnabled":false,"workingDirectory":"C:\\Users\\jethr\\.mavis\\agents\\agent-45acf34ec377\\workspace"}
[19:23:15.256] INFO: [daemon.js:17438] [0aafa345eb004d89930c976ec069522f] BashToolPermissionChecker checkPermissions called, _toolName=bash, input={"command":"Test-Path \"G:\\我的雲端硬碟\\ZoteroLibrary\" 2>&1; Get-ChildItem \"G:\\我的雲端硬碟\\ZoteroLibrary\" -ErrorAction SilentlyContinue 2>&1 | Select-Object -First 20","description":"Check G drive Zotero library"}, context={"mode":"auto","rules":[],"sandboxEnabled":false,"autoAllowBashIfSandboxed":false,"workingDirectory":"C:\\Users\\jethr\\.mavis\\agents\\agent-45acf34ec377\\workspace","allowedWorkingPaths":[],"sandboxAllowPaths":[],"dataDir":"C:\\Users\\jethr\\.mavis","homeDir":"C:\\Users\\jethr","agentName":"agent-45acf34ec377","sessionId":"mvs_5e0fcbb6257a4549a051144c47bf9b3b","allowManagedPermissionRulesOnly":false,"interactiveTools":{}}
[19:23:15.256] INFO: [daemon.js:17438] [permission] subcommand layer=tail mode=default verdict=ask {"permLayer":"tail","permMode":"default","permVerdict":"ask","permReasonType":"safetyCheck","cmdPreview":"Test-Path \"G:\\我的雲端硬碟\\ZoteroLibrary\" 2>&1"}
[19:23:15.256] INFO: [daemon.js:17438] [permission] subcommand layer=tail mode=default verdict=ask {"permLayer":"tail","permMode":"default","permVerdict":"ask","permReasonType":"safetyCheck","cmdPreview":"Get-ChildItem \"G:\\我的雲端硬碟\\ZoteroLibrary\" -ErrorAction SilentlyContinue 2>&1"}
[19:23:15.256] INFO: [daemon.js:17438] [permission] subcommand layer=tail mode=default verdict=ask {"permLayer":"tail","permMode":"default","permVerdict":"ask","permReasonType":"safetyCheck","cmdPreview":"Select-Object -First 20"}
[19:23:15.256] INFO: [daemon.js:17438] [permission] whole-command layer=aggregated mode=default verdict=ask {"permLayer":"aggregated","permMode":"default","permVerdict":"ask","permScope":"whole-command","cmdPreview":"Test-Path \"G:\\我的雲端硬碟\\ZoteroLibrary\" 2>&1; Get-ChildItem \"G:\\我的雲端硬碟\\ZoteroLibrary\" -ErrorAction SilentlyContinue 2>&1 | Select-Object -First 20","sessionId":"mvs_5e0fcbb6257a4549a051144c47bf9b3b","subcommandCount":3}
[19:23:15.257] INFO: [daemon.js:17438] [d7f47b7b36cc46d99f266c3fee916a93] [permission-service] Check result: toolName=bash behavior=ask reasonType=safetyCheck locale=en
[19:23:15.257] INFO: [daemon.js:17438] Running YOLO classifier {"toolName":"bash","inputLength":142,"sessionId":"mvs_5e0fcbb6257a4549a051144c47bf9b3b","agentId":"agent-45acf34ec377"}
[19:23:15.257] INFO: [daemon.js:17438] [permission] subcommand layer=tail mode=auto verdict=undecided {"permLayer":"tail","permMode":"auto","permVerdict":"undecided","permReasonType":"safetyCheck","cmdPreview":"Test-Path \"G:\\我的雲端硬碟\\ZoteroLibrary\" 2>&1"}
[19:23:15.257] INFO: [daemon.js:17438] [permission] subcommand layer=tail mode=auto verdict=undecided {"permLayer":"tail","permMode":"auto","permVerdict":"undecided","permReasonType":"safetyCheck","cmdPreview":"Get-ChildItem \"G:\\我的雲端硬碟\\ZoteroLibrary\" -ErrorAction SilentlyContinue 2>&1"}
[19:23:15.257] INFO: [daemon.js:17438] [permission] subcommand layer=tail mode=auto verdict=undecided {"permLayer":"tail","permMode":"auto","permVerdict":"undecided","permReasonType":"safetyCheck","cmdPreview":"Select-Object -First 20"}
[19:23:15.257] INFO: [daemon.js:17438] [permission] whole-command layer=aggregated mode=auto verdict=undecided {"permLayer":"aggregated","permMode":"auto","permVerdict":"undecided","permScope":"whole-command","cmdPreview":"Test-Path \"G:\\我的雲端硬碟\\ZoteroLibrary\" 2>&1; Get-ChildItem \"G:\\我的雲端硬碟\\ZoteroLibrary\" -ErrorAction SilentlyContinue 2>&1 | Select-Object -First 20","subcommandCount":3}
[19:23:18.872] INFO: [daemon.js:17438] Stage 2 LLM classification result {"toolName":"bash","verdict":"allow","reason":"Read-only grep/search operation on a user config file to answer the user's question about their Zotero setup; no destructive or privileged operations.","model":"minimax/MiniMax-M2.7","isIrreversibleDelete":false,"confidence":0.95}
[19:23:18.872] INFO: [daemon.js:17438] [95ec1ddb19fb4bf9a70c0f8a90f5fc9b] [permission-service] Auto mode classifier result: toolName=bash verdict=allow reason=Read-only grep/search operation on a user config file to answer the user's question about their Zotero setup; no destructive or privileged operations. model=minimax/MiniMax-M2.7 stage=thinking durationMs=3618 locale=en
[19:23:18.872] INFO: [daemon.js:17438] [f21d6af3bda341859335d3fee36a591d] Permission check result: bash → allow {"locale":"en"}
[19:23:18.872] INFO: [daemon.js:17438] [f21d6af3bda341859335d3fee36a591d] ← POST /mavis/api/permission/check status=200 duration=3619ms {"locale":"en"}
[19:23:18.877] INFO: [daemon.js:17438] [1f1edba7f567456aa2efed268580be36] → POST /mavis/api/hooks/execute
[19:23:18.877] INFO: [daemon.js:17438] [hook-registry] matcher did not match, hook filtered out {"module":"hook-registry","hookId":"builtin:binary-read-guard","matcher":"^[Rr]ead$","matchValue":"bash"}
[19:23:18.878] INFO: [daemon.js:17438] [hook-registry] matcher did not match, hook filtered out {"module":"hook-registry","hookId":"builtin:docx-skill-env-gate","matcher":"^[Ss][Kk][Ii][Ll][Ll]$","matchValue":"bash"}
[19:23:18.878] INFO: [daemon.js:17438] [hook-registry] hooks filtered by matcher {"module":"hook-registry","hookEvent":"PreToolUse","matchValue":"bash","beforeCount":2,"afterCount":0}
[19:23:18.878] INFO: [daemon.js:17438] [1f1edba7f567456aa2efed268580be36] ← POST /mavis/api/hooks/execute status=200 duration=1ms {"locale":"en"}
[19:23:19.023] INFO: [daemon.js:17438] [3a8467026f3c40d69b0d147c8c07002f] → POST /mavis/api/metrics/runtime-event
[19:23:19.024] INFO: [daemon.js:17438] [3a8467026f3c40d69b0d147c8c07002f] ← POST /mavis/api/metrics/runtime-event status=204 duration=1ms {"locale":"en"}
[19:23:19.024] INFO: [daemon.js:17438] [06ec11f1902747ce98832f604d78d153] → POST /mavis/api/hooks/execute
[19:23:19.025] INFO: [daemon.js:17438] [hook-registry] matcher did not match, hook filtered out {"module":"hook-registry","hookId":"builtin:read-image-compressor","matcher":"^[Rr]ead$","matchValue":"bash"}
[19:23:19.025] INFO: [daemon.js:17438] [hook-registry] hooks filtered by matcher {"module":"hook-registry","hookEvent":"PostToolUse","matchValue":"bash","beforeCount":7,"afterCount":6}
[19:23:19.025] INFO: [daemon.js:17438] [06ec11f1902747ce98832f604d78d153] ← POST /mavis/api/hooks/execute status=200 duration=1ms {"locale":"en"}
[19:23:21.297] INFO: [daemon.js:17438] [dbd6e1cf8d5d464a9791587c2133e330] → GET /mavis/health
[19:23:21.298] INFO: [daemon.js:17438] [dbd6e1cf8d5d464a9791587c2133e330] ← GET /mavis/health status=200 duration=1ms {"locale":"en"}
[19:23:22.328] INFO: [daemon.js:17438] Stage 2 LLM classification result {"toolName":"bash","verdict":"allow","reason":"Read-only directory probe and listing scoped to a user-specified path for Zotero investigation. No destructive operations, no external calls, and directly answers the user's question about PDF storage location.","model":"minimax/MiniMax-M2.7","isIrreversibleDelete":false,"confidence":0.95}
[19:23:22.328] INFO: [daemon.js:17438] [c05943b9215e47b481cd73de9b352b7d] [permission-service] Auto mode classifier result: toolName=bash verdict=allow reason=Read-only directory probe and listing scoped to a user-specified path for Zotero investigation. No destructive operations, no external calls, and directly answers the user's question about PDF storage location. model=minimax/MiniMax-M2.7 stage=thinking durationMs=7071 locale=en
[19:23:22.328] INFO: [daemon.js:17438] [2766ab109b074784a092f86a5189e102] Permission check result: bash → allow {"locale":"en"}
[19:23:22.328] INFO: [daemon.js:17438] [2766ab109b074784a092f86a5189e102] ← POST /mavis/api/permission/check status=200 duration=7073ms {"locale":"en"}
[19:23:22.333] INFO: [daemon.js:17438] [08a8530f3f894818a49cb886c574c1fc] → POST /mavis/api/hooks/execute
[19:23:22.333] INFO: [daemon.js:17438] [hook-registry] matcher did not match, hook filtered out {"module":"hook-registry","hookId":"builtin:binary-read-guard","matcher":"^[Rr]ead$","matchValue":"bash"}
[19:23:22.333] INFO: [daemon.js:17438] [hook-registry] matcher did not match, hook filtered out {"module":"hook-registry","hookId":"builtin:docx-skill-env-gate","matcher":"^[Ss][Kk][Ii][Ll][Ll]$","matchValue":"bash"}
[19:23:22.333] INFO: [daemon.js:17438] [hook-registry] hooks filtered by matcher {"module":"hook-registry","hookEvent":"PreToolUse","matchValue":"bash","beforeCount":2,"afterCount":0}
[19:23:22.334] INFO: [daemon.js:17438] [08a8530f3f894818a49cb886c574c1fc] ← POST /mavis/api/hooks/execute status=200 duration=1ms {"locale":"en"}
[19:23:22.595] INFO: [daemon.js:17438] [e49ab66728784e2ba4f16470978f9941] → POST /mavis/api/metrics/runtime-event
[19:23:22.595] INFO: [daemon.js:17438] [e49ab66728784e2ba4f16470978f9941] ← POST /mavis/api/metrics/runtime-event status=204 duration=0ms {"locale":"en"}
[19:23:22.596] INFO: [daemon.js:17438] [e75d7e321259400d81bf61a395c58558] → POST /mavis/api/hooks/execute
[19:23:22.596] INFO: [daemon.js:17438] [hook-registry] matcher did not match, hook filtered out {"module":"hook-registry","hookId":"builtin:read-image-compressor","matcher":"^[Rr]ead$","matchValue":"bash"}
[19:23:22.596] INFO: [daemon.js:17438] [hook-registry] hooks filtered by matcher {"module":"hook-registry","hookEvent":"PostToolUse","matchValue":"bash","beforeCount":7,"afterCount":6}
[19:23:22.596] INFO: [daemon.js:17438] [e75d7e321259400d81bf61a395c58558] ← POST /mavis/api/hooks/execute status=200 duration=0ms {"locale":"en"}
[19:23:22.599] INFO: [daemon.js:17438] [ff5696b92cc74d15a067ef16b423f72e] → POST /mavis/api/metrics/runtime-event
[19:23:22.599] INFO: [daemon.js:17438] [ff5696b92cc74d15a067ef16b423f72e] ← POST /mavis/api/metrics/runtime-event status=204 duration=0ms {"locale":"en"}
[19:23:22.612] INFO: [daemon.js:17438] [783f863fdcb842d8a34d915ceac194b4] → POST /mavis/api/metrics/runtime-event
[19:23:22.613] INFO: [daemon.js:17438] [783f863fdcb842d8a34d915ceac194b4] ← POST /mavis/api/metrics/runtime-event status=204 duration=1ms {"locale":"en"}
[19:23:30.707] INFO: [daemon.js:17438] [636eac152a7d42af9d0a45ca1b736cb4] → POST /mavis/api/metrics/runtime-event
[19:23:30.707] INFO: [daemon.js:17438] [636eac152a7d42af9d0a45ca1b736cb4] ← POST /mavis/api/metrics/runtime-event status=204 duration=0ms {"locale":"en"}
[19:23:30.711] INFO: [daemon.js:17438] [42070237d7ca42948ba5f8e4677ecbc4] [monitor] response TTFT measured sessionId=mvs_5e0fcbb6257a4549a051144c47bf9b3b agentName=agent-45acf34ec377 ttftMs=36030 breakdown={"resolveSession":1,"reconcileConfig":0,"hooks":6,"modelResolve":0,"adapterSend":36023}
[19:23:31.306] INFO: [daemon.js:17438] [9e81d29d2e734e3f94373f127da1872b] → GET /mavis/health
[19:23:31.306] INFO: [daemon.js:17438] [9e81d29d2e734e3f94373f127da1872b] ← GET /mavis/health status=200 duration=0ms {"locale":"en"}
[19:23:31.463] INFO: [daemon.js:17438] [6328d96a2ffd46e2a129d6fdb30205b3] [bridge] Emitting session.finish event sessionId=mvs_5e0fcbb6257a4549a051144c47bf9b3b agentName=agent-45acf34ec377 isError=false
[19:23:31.467] INFO: [daemon.js:17438] [04d2f1b47b264c35a6f880c3380d9660] [cron-store] Loaded cron configs, count=0
[19:23:31.475] INFO: [daemon.js:17438] [65f1f8259e0a4d389d7317b9d0542a11] → GET /mavis/api/session/mvs_5e0fcbb6257a4549a051144c47bf9b3b/diff
[19:23:31.476] INFO: [daemon.js:17438] [3e42135d3f9642d3aa5c04c1cc6addb4] → GET /mavis/api/session/mvs_5e0fcbb6257a4549a051144c47bf9b3b
[19:23:31.478] INFO: [daemon.js:17438] [65f1f8259e0a4d389d7317b9d0542a11] ← GET /mavis/api/session/mvs_5e0fcbb6257a4549a051144c47bf9b3b/diff status=200 duration=3ms {"locale":"en"}
[19:23:31.479] INFO: [daemon.js:17438] [3e42135d3f9642d3aa5c04c1cc6addb4] ← GET /mavis/api/session/mvs_5e0fcbb6257a4549a051144c47bf9b3b status=200 duration=3ms {"locale":"en"}
[19:23:41.312] INFO: [daemon.js:17438] [0008af170f7c41b2b057b914b082bd93] → GET /mavis/health
[19:23:41.312] INFO: [daemon.js:17438] [0008af170f7c41b2b057b914b082bd93] ← GET /mavis/health status=200 duration=0ms {"locale":"en"}
[19:23:51.320] INFO: [daemon.js:17438] [95b15f61d6954bf08e5352a6b56ac9bd] → GET /mavis/health
[19:23:51.320] INFO: [daemon.js:17438] [95b15f61d6954bf08e5352a6b56ac9bd] ← GET /mavis/health status=200 duration=0ms {"locale":"en"}
[19:24:01.321] INFO: [daemon.js:17438] [0d3b990fec674afeb8994dcb3ff6ddd3] → GET /mavis/health
[19:24:01.321] INFO: [daemon.js:17438] [0d3b990fec674afeb8994dcb3ff6ddd3] ← GET /mavis/health status=200 duration=0ms {"locale":"en"}
[19:24:05.290] INFO: [daemon.js:17438] [8ac02580a60e45b28df7dce5a97a41a9] → POST /mavis/api/content
[19:24:05.523] INFO: [daemon.js:17438] [8ac02580a60e45b28df7dce5a97a41a9] ← POST /mavis/api/content status=200 duration=233ms {"locale":"en"}
[19:24:05.526] INFO: [daemon.js:17438] [bf5d45926e634fcb88a8d1fa7573241a] → POST /mavis/api/session/mvs_5e0fcbb6257a4549a051144c47bf9b3b/message
[19:24:05.526] INFO: [daemon.js:17438] [bf5d45926e634fcb88a8d1fa7573241a] SendMessage received for agent-45acf34ec377/mvs_5e0fcbb6257a4549a051144c47bf9b3b {"locale":"en"}
[19:24:05.526] INFO: [daemon.js:17438] [message] Forwarding user message {"ctx":{"traceId":"bf5d45926e634fcb88a8d1fa7573241a","locale":"en"},"agentName":"agent-45acf34ec377","sessionId":"mvs_5e0fcbb6257a4549a051144c47bf9b3b","queuedMessageCount":0,"turnId":"7b64058b-292e-4b52-9d87-528b9c8055e8"}
[19:24:05.527] INFO: [daemon.js:17438] [bf5d45926e634fcb88a8d1fa7573241a] ← POST /mavis/api/session/mvs_5e0fcbb6257a4549a051144c47bf9b3b/message status=200 duration=1ms {"locale":"en"}
[19:24:05.527] INFO: [daemon.js:17438] [38476a28f9cf461ab1ca0d0f57a3782f] Session turnId updated sessionId=mvs_5e0fcbb6257a4549a051144c47bf9b3b turnId=7b64058b-292e-4b52-9d87-528b9c8055e8
[19:24:05.527] INFO: [daemon.js:17438] [a0119bf0bcb7439cba4495753d800cd6] Resolved model from request override agentName=agent-45acf34ec377 providerID=minimax modelID=MiniMax-M2.7
[19:24:05.532] INFO: [daemon.js:17438] [a6ae3434d71a4dfe8553ca5c357ada71] Resolved model from request override agentName=agent-45acf34ec377 providerID=minimax modelID=MiniMax-M2.7
[19:24:05.534] INFO: [daemon.js:17438] [bf5d45926e634fcb88a8d1fa7573241a] sendMessage started, agentName=agent-45acf34ec377, sessionId=mvs_5e0fcbb6257a4549a051144c47bf9b3b {"locale":"en"}
[19:24:05.559] INFO: [daemon.js:17438] [e6fd890f0bf3451286aae62b028c957c] → POST /mavis/api/metrics/runtime-event
[19:24:05.560] INFO: [daemon.js:17438] [e6fd890f0bf3451286aae62b028c957c] ← POST /mavis/api/metrics/runtime-event status=204 duration=1ms {"locale":"en"}
[19:24:08.149] INFO: [daemon.js:17438] [4bb2d3ce1dd14482878705279a3ee08b] → POST /mavis/api/metrics/runtime-event
[19:24:08.149] INFO: [daemon.js:17438] [4bb2d3ce1dd14482878705279a3ee08b] ← POST /mavis/api/metrics/runtime-event status=204 duration=0ms {"locale":"en"}
[19:24:08.149] INFO: [daemon.js:17438] [6ea1373f9a414363b602ac8c66a53951] → POST /mavis/api/permission/check
[19:24:08.149] INFO: [daemon.js:17438] [6ea1373f9a414363b602ac8c66a53951] Permission check requested: read for agent-45acf34ec377 {"locale":"en"}
[19:24:08.150] INFO: [daemon.js:17438] Created ToolPermissionContext {"mode":"auto","ruleCount":0,"sandboxEnabled":false,"workingDirectory":"C:\\Users\\jethr\\.mavis\\agents\\agent-45acf34ec377\\workspace"}
[19:24:08.150] INFO: [daemon.js:17438] [168f092ea8df443d8f2caf7fd72a4733] FsToolPermissionChecker checkPermissions called, toolName=read, input={"filePath":"C:\\Users\\jethr\\.mavis\\skills\\zotero-use\\references\\verified-local-examples.md"}, context={"mode":"auto","rules":[],"sandboxEnabled":false,"autoAllowBashIfSandboxed":false,"workingDirectory":"C:\\Users\\jethr\\.mavis\\agents\\agent-45acf34ec377\\workspace","allowedWorkingPaths":[],"sandboxAllowPaths":[],"dataDir":"C:\\Users\\jethr\\.mavis","homeDir":"C:\\Users\\jethr","agentName":"agent-45acf34ec377","sessionId":"mvs_5e0fcbb6257a4549a051144c47bf9b3b","allowManagedPermissionRulesOnly":false,"interactiveTools":{}}
[19:24:08.150] INFO: [daemon.js:17438] [07a77415454e4f7ba7fd11eb148d4034] [permission-service] Check result: toolName=read behavior=allow reasonType=workingDirectory locale=en
[19:24:08.150] INFO: [daemon.js:17438] [6ea1373f9a414363b602ac8c66a53951] Permission check result: read → allow {"locale":"en"}
[19:24:08.150] INFO: [daemon.js:17438] [6ea1373f9a414363b602ac8c66a53951] ← POST /mavis/api/permission/check status=200 duration=1ms {"locale":"en"}
[19:24:08.151] INFO: [daemon.js:17438] [c53e677336294b7f84d98812665f5ed6] [monitor] thinking TTFT measured sessionId=mvs_5e0fcbb6257a4549a051144c47bf9b3b agentName=agent-45acf34ec377 ttftMs=2624
[19:24:08.152] INFO: [daemon.js:17438] [b0c87a9332b243568a48fea8921662cc] [monitor] response TTFT measured sessionId=mvs_5e0fcbb6257a4549a051144c47bf9b3b agentName=agent-45acf34ec377 ttftMs=2625 breakdown={"resolveSession":0,"reconcileConfig":0,"hooks":5,"modelResolve":2,"adapterSend":2618}
[19:24:08.153] INFO: [daemon.js:17438] [630ea6d95ca94bbb919a145463491613] → POST /mavis/api/hooks/execute
[19:24:08.153] INFO: [daemon.js:17438] [hook-registry] matcher did not match, hook filtered out {"module":"hook-registry","hookId":"builtin:docx-skill-env-gate","matcher":"^[Ss][Kk][Ii][Ll][Ll]$","matchValue":"read"}
[19:24:08.153] INFO: [daemon.js:17438] [hook-registry] hooks filtered by matcher {"module":"hook-registry","hookEvent":"PreToolUse","matchValue":"read","beforeCount":2,"afterCount":1}
[19:24:08.153] INFO: [daemon.js:17438] [3a674a06837c4e1392d38f93050b689d] [binary-read-guard] handler invoked toolName=read model=minimax/MiniMax-M2.7 argsKeys=["filePath"]
[19:24:08.153] INFO: [daemon.js:17438] [29983ca2a16e4105a32b91179e0b48b6] [binary-read-guard] extension not blocked, ext=.md
[19:24:08.153] INFO: [daemon.js:17438] [630ea6d95ca94bbb919a145463491613] ← POST /mavis/api/hooks/execute status=200 duration=0ms {"locale":"en"}
[19:24:08.158] INFO: [daemon.js:17438] [06e93fc1450e4b5bb253cfe410701905] → POST /mavis/api/metrics/runtime-event
[19:24:08.158] INFO: [daemon.js:17438] [06e93fc1450e4b5bb253cfe410701905] ← POST /mavis/api/metrics/runtime-event status=204 duration=0ms {"locale":"en"}
[19:24:08.159] INFO: [daemon.js:17438] [d429108d8da24b988ceb39edd21f8572] → POST /mavis/api/hooks/execute
[19:24:08.159] INFO: [daemon.js:17438] [hook-registry] matcher did not match, hook filtered out {"module":"hook-registry","hookId":"builtin:cu-image-injector","matcher":"^[Bb]ash$","matchValue":"read"}
[19:24:08.159] INFO: [daemon.js:17438] [hook-registry] hooks filtered by matcher {"module":"hook-registry","hookEvent":"PostToolUse","matchValue":"read","beforeCount":7,"afterCount":6}
[19:24:08.159] INFO: [daemon.js:17438] [d429108d8da24b988ceb39edd21f8572] ← POST /mavis/api/hooks/execute status=200 duration=0ms {"locale":"en"}
[19:24:08.161] INFO: [daemon.js:17438] [49c44a4327304e35909b95fae373bb8f] → POST /mavis/api/metrics/runtime-event
[19:24:08.161] INFO: [daemon.js:17438] [49c44a4327304e35909b95fae373bb8f] ← POST /mavis/api/metrics/runtime-event status=204 duration=0ms {"locale":"en"}
[19:24:08.174] INFO: [daemon.js:17438] [18b44d3438e94f90972d8cf835161a27] → POST /mavis/api/metrics/runtime-event
[19:24:08.174] INFO: [daemon.js:17438] [18b44d3438e94f90972d8cf835161a27] ← POST /mavis/api/metrics/runtime-event status=204 duration=0ms {"locale":"en"}
[19:24:11.330] INFO: [daemon.js:17438] [bcd06c01b5dd4cebbdc7b65958a6cf0b] → GET /mavis/health
[19:24:11.330] INFO: [daemon.js:17438] [bcd06c01b5dd4cebbdc7b65958a6cf0b] ← GET /mavis/health status=200 duration=0ms {"locale":"en"}
[19:24:16.795] INFO: [daemon.js:17438] [c76115f5de694bd7a8ea9b8c32b8e5af] → POST /mavis/api/metrics/runtime-event
[19:24:16.795] INFO: [daemon.js:17438] [c76115f5de694bd7a8ea9b8c32b8e5af] ← POST /mavis/api/metrics/runtime-event status=204 duration=0ms {"locale":"en"}
[19:24:16.796] INFO: [daemon.js:17438] [6fd5d96c4023423f8c3cd1e1dd9a416a] → POST /mavis/api/permission/check
[19:24:16.796] INFO: [daemon.js:17438] [6fd5d96c4023423f8c3cd1e1dd9a416a] Permission check requested: edit for agent-45acf34ec377 {"locale":"en"}
[19:24:16.796] INFO: [daemon.js:17438] Created ToolPermissionContext {"mode":"auto","ruleCount":0,"sandboxEnabled":false,"workingDirectory":"C:\\Users\\jethr\\.mavis\\agents\\agent-45acf34ec377\\workspace"}
[19:24:16.796] INFO: [daemon.js:17438] [ac3c107dc0604c4a9cbc8d4967c740b8] FsToolPermissionChecker checkPermissions called, toolName=edit, input={"filePath":"C:\\Users\\jethr\\.mavis\\skills\\zotero-use\\references\\verified-local-examples.md","newString":"# Verified Local Examples\n\nVerified on this machine on 2026-06-01.\n\n## Zotero Setup\n\n- **Shell command**: `zot` (Pyzotero CLI via `uv tool`)\n- **Zotero local HTTP API**: enabled at `localhost:23119`\n- **User ID**: 11186988\n- **Working mode**: `--local --library-id 0 --library-type user` flag on all commands\n\n## Standard zot invocation pattern\n\nAlways prefix commands with:\n```bash\nzot --local --library-id 0 --library-type user\n```\n\nExamples:\n- Search: `zot --local --library-id 0 --library-type user items list --query \"...\" --limit 5 --output table`\n- Get item: `zot --local --library-id 0 --library-type user items get <KEY> --output table`\n- List collections: `zot --local --library-id 0 --library-type user collections list --top --output table`\n\n## Collection Tree (as of 2026-06-01)\n\nTop-level specialty collections (numbered by year/stage):\n\n| Collection | Key | Sub-collections |\n|---|---|---|\n| 01 Internal Medicine | GPMSFXMT | Cardiology, Dermatology, ENT, Haematology, Infectious Disease, Nephrology, Neurology, Oncology, Rehab Medicine, Respiratory, Rheumatology |\n| 02 Psychiatry | N7YUWL9Y | Alcohol, Antidepressants, Anxiety, Bipolar, Child Psychiatry, Cognitive Impairments, Depression, Eating Disorders, Neurobiology, OCD, Psychopathology, Schizophrenia, Substances, Theories of Psychoanalysis |\n| 03 FMPC | DEFRUVW5 | Consultation and Counselling, MUPS, MSK Medicine, Pain |\n| 04 Paediatrics | 3EW9LU7M | Cardiology, Infectious Disease, Neonatal, Neurology, Respiratory |\n| 05 Surgery | AELXF3CQ | Colorectal, ENT, Plastics, Urology |\n| 06 Orthopaedics | PBZFMB6L | Elbow, Knee, Shoulder, Spine |\n| 07 Emergency Medicine | H9Z5RUVX | (empty) |\n| 08 O&G | SFYDCIB7 | Gynaecology, Menopause |\n\nStandalone collections at root:\n- `Learning and Note-taking` (KT89PY3X) — 7 items\n- `ML in ICU` (5RT2P64C) — 29 items\n- `Potassium and ICU outcomes` (RG7UXR9D) — 3 items\n\n## Linked Attachment Storage\n\n- **Linked Attachment Base Directory**: `G:\\我的雲端硬碟\\ZoteroLibrary`\n- PDFs stored as: `G:\\我的雲端硬碟\\ZoteroLibrary\\<AuthorLastName>\\<Year>\\<Author> - <Year> - <Title>.pdf`\n- Example path: `G:\\我的雲端硬碟\\ZoteroLibrary\\Collins\\2026\\Collins et al. - 2026 - Title.pdf`\n- **Local Zotero storage** (imported files only): `C:\\Users\\jethr\\Zotero\\storage`\n- **Profile directory**: `C:\\Users\\jethr\\AppData\\Roaming\\Zotero\\Zotero\\Profiles\\t4yjhwyt.default`\n\nWhen `linkMode` is `linked_file`, combine item's `data.path` (relative) with `G:\\我的雲端硬碟\\ZoteroLibrary`.\n\nWhen `linkMode` is `imported_file`, search in `C:\\Users\\jethr\\Zotero\\storage` by item key.\n\n## Finding item children/attachments\n\n```bash\nzot --local --library-id 0 --library-type user items children <PARENT_KEY> --output json\n```\n\nUse this to find attachment keys, then locate the PDF path.\n\n## Obsidian Vault (for reference)\n\n- Vault name: `Notes`\n- Vault path: Obsidian default (auto-detected by CLI)\n- Folder structure: `daily/`, `img/`, `index/`, `main/`, `references/`, `templates/`\n- Daily notes active from Feb 2025 onward","oldString":"# Verified Local Examples\n\nVerified on this machine on 2026-05-20.\n\nState:\n\n- `uv tool list` shows `pyzotero-cli v1.0.0`.\n- The shell command is `zot`.\n- `uv tool tool list` also shows `zotero-mcp-server v0.3.0`.\n- `zotero-mcp-server` exposes `zotero-mcp`, not `zotero-cli`.\n- Zotero local HTTP API is enabled and verified through Pyzotero CLI local mode.\n\nSearch example:\n\n```bash\nzot --local --library-id 0 --library-type user items list --query \"glaucoma\" --qmode everything --limit 3 --output table\n```\n\nVerified returned examples:\n\n- `KR4W2Z67`: Rapid Assessment of Avoidable Blindness in Kunming, China\n- `AUZMPZPA`: Wu - 2008 - Ophthalmology - Rapid Assessment of Avoidable.pdf\n- `J2T3DQTF`: Prevalence and causes of vision loss in Central and South Asia: 1990-2010\n\nMetadata example:\n\n```bash\nzot --local --library-id 0 --library-type user items get QUDEVEEJ --output table\n```\n\nVerified returned:\n\n- `QUDEVEEJ`\n- Title: Health Economic Implications of Artificial Intelligence Implementation for Ophthalmology in Australia: A Systematic Review\n- Creator: Pietris et al.\n- Date: 11/2022\n\nCollection example:\n\n```bash\nzot --local --library-id 0 --library-type user collections list --top --limit 3 --output table\n```\n\nVerified returned examples:\n\n- `YV7J83VK`: 00000 - AI DL ML\n- `5TAII96D`: 0000 - Global Burden\n- `STYNQ4RV`: 0000 - Methods\n\n## Linked Attachment Storage\n\nVerified on 2026-06-01.\n\n- **Linked Attachment Base Directory**: `G:\\我的雲端硬碟\\ZoteroLibrary`\n- Google Drive path is used for linked file attachments (not stored in local Zotero storage)\n- When searching for attachment paths, check the linked attachment base directory first if `linkMode` is `linked_file`"}, context={"mode":"auto","rules":[],"sandboxEnabled":false,"autoAllowBashIfSandboxed":false,"workingDirectory":"C:\\Users\\jethr\\.mavis\\agents\\agent-45acf34ec377\\workspace","allowedWorkingPaths":[],"sandboxAllowPaths":[],"dataDir":"C:\\Users\\jethr\\.mavis","homeDir":"C:\\Users\\jethr","agentName":"agent-45acf34ec377","sessionId":"mvs_5e0fcbb6257a4549a051144c47bf9b3b","allowManagedPermissionRulesOnly":false,"interactiveTools":{}}
[19:24:16.797] INFO: [daemon.js:17438] [44265d5c1a4d4e3cbdcd400ddbb58dd1] [permission-service] Check result: toolName=edit behavior=ask reasonType=safetyCheck locale=en
[19:24:16.797] INFO: [daemon.js:17438] Running YOLO classifier {"toolName":"edit","inputLength":77,"sessionId":"mvs_5e0fcbb6257a4549a051144c47bf9b3b","agentId":"agent-45acf34ec377"}
[19:24:21.337] INFO: [daemon.js:17438] [f5d8af0e7a914ca1beede4f5525f563b] → GET /mavis/health
[19:24:21.337] INFO: [daemon.js:17438] [f5d8af0e7a914ca1beede4f5525f563b] ← GET /mavis/health status=200 duration=1ms {"locale":"en"}
[19:24:24.597] INFO: [daemon.js:17438] Stage 2 LLM classification result {"toolName":"edit","verdict":"allow","reason":"Writing to a skill reference file in the user's home directory; bounded scope, non-destructive, and benefits the user by making future Zotero interactions more informed.","model":"minimax/MiniMax-M2.7","isIrreversibleDelete":false,"confidence":0.95}
[19:24:24.597] INFO: [daemon.js:17438] [47c302334cbc499aaf884a7cae715807] [permission-service] Auto mode classifier result: toolName=edit verdict=allow reason=Writing to a skill reference file in the user's home directory; bounded scope, non-destructive, and benefits the user by making future Zotero interactions more informed. model=minimax/MiniMax-M2.7 stage=thinking durationMs=7800 locale=en
[19:24:24.597] INFO: [daemon.js:17438] [6fd5d96c4023423f8c3cd1e1dd9a416a] Permission check result: edit → allow {"locale":"en"}
[19:24:24.597] INFO: [daemon.js:17438] [6fd5d96c4023423f8c3cd1e1dd9a416a] ← POST /mavis/api/permission/check status=200 duration=7801ms {"locale":"en"}
[19:24:24.601] INFO: [daemon.js:17438] [97b731a8b0e94288920677d386dab9df] → POST /mavis/api/hooks/execute
[19:24:24.602] INFO: [daemon.js:17438] [hook-registry] matcher did not match, hook filtered out {"module":"hook-registry","hookId":"builtin:binary-read-guard","matcher":"^[Rr]ead$","matchValue":"edit"}
[19:24:24.602] INFO: [daemon.js:17438] [hook-registry] matcher did not match, hook filtered out {"module":"hook-registry","hookId":"builtin:docx-skill-env-gate","matcher":"^[Ss][Kk][Ii][Ll][Ll]$","matchValue":"edit"}
[19:24:24.602] INFO: [daemon.js:17438] [hook-registry] hooks filtered by matcher {"module":"hook-registry","hookEvent":"PreToolUse","matchValue":"edit","beforeCount":2,"afterCount":0}
[19:24:24.602] INFO: [daemon.js:17438] [97b731a8b0e94288920677d386dab9df] ← POST /mavis/api/hooks/execute status=200 duration=1ms {"locale":"en"}
[19:24:24.615] INFO: [daemon.js:17438] [d4f01fc5639145be805d8b37fa6f0754] → POST /mavis/api/metrics/runtime-event
[19:24:24.616] INFO: [daemon.js:17438] [d4f01fc5639145be805d8b37fa6f0754] ← POST /mavis/api/metrics/runtime-event status=204 duration=1ms {"locale":"en"}
[19:24:24.617] INFO: [daemon.js:17438] [7cd8a392b0814bf9910c1f3efdbe88f9] → POST /mavis/api/hooks/execute
[19:24:24.618] INFO: [daemon.js:17438] [hook-registry] matcher did not match, hook filtered out {"module":"hook-registry","hookId":"builtin:read-image-compressor","matcher":"^[Rr]ead$","matchValue":"edit"}
[19:24:24.618] INFO: [daemon.js:17438] [hook-registry] matcher did not match, hook filtered out {"module":"hook-registry","hookId":"builtin:cu-image-injector","matcher":"^[Bb]ash$","matchValue":"edit"}
[19:24:24.618] INFO: [daemon.js:17438] [hook-registry] hooks filtered by matcher {"module":"hook-registry","hookEvent":"PostToolUse","matchValue":"edit","beforeCount":7,"afterCount":5}
[19:24:24.618] INFO: [daemon.js:17438] [7cd8a392b0814bf9910c1f3efdbe88f9] ← POST /mavis/api/hooks/execute status=200 duration=1ms {"locale":"en"}
[19:24:24.622] INFO: [daemon.js:17438] [50ed304c3dad400e8aeebe9823aab306] → POST /mavis/api/metrics/runtime-event
[19:24:24.623] INFO: [daemon.js:17438] [50ed304c3dad400e8aeebe9823aab306] ← POST /mavis/api/metrics/runtime-event status=204 duration=1ms {"locale":"en"}
[19:24:24.638] INFO: [daemon.js:17438] [080c302e251f4edc8bb8c664aed1941e] → POST /mavis/api/metrics/runtime-event
[19:24:24.638] INFO: [daemon.js:17438] [080c302e251f4edc8bb8c664aed1941e] ← POST /mavis/api/metrics/runtime-event status=204 duration=0ms {"locale":"en"}
[19:24:26.571] INFO: [daemon.js:17438] [1aa35c74b8784b21a773d8051f98e0ec] → POST /mavis/api/metrics/runtime-event
[19:24:26.571] INFO: [daemon.js:17438] [1aa35c74b8784b21a773d8051f98e0ec] ← POST /mavis/api/metrics/runtime-event status=204 duration=0ms {"locale":"en"}
[19:24:26.572] INFO: [daemon.js:17438] [1f14a0295992436ab0c79b7329da05a9] → POST /mavis/api/permission/check
[19:24:26.572] INFO: [daemon.js:17438] [1f14a0295992436ab0c79b7329da05a9] Permission check requested: read for agent-45acf34ec377 {"locale":"en"}
[19:24:26.572] INFO: [daemon.js:17438] Created ToolPermissionContext {"mode":"auto","ruleCount":0,"sandboxEnabled":false,"workingDirectory":"C:\\Users\\jethr\\.mavis\\agents\\agent-45acf34ec377\\workspace"}
[19:24:26.572] INFO: [daemon.js:17438] [cf2e598787a4432d8f2c0e1c95606c5d] FsToolPermissionChecker checkPermissions called, toolName=read, input={"filePath":"C:\\Users\\jethr\\.mavis\\skills\\zotero-use\\references\\search-retrieve-brainstorm.md"}, context={"mode":"auto","rules":[],"sandboxEnabled":false,"autoAllowBashIfSandboxed":false,"workingDirectory":"C:\\Users\\jethr\\.mavis\\agents\\agent-45acf34ec377\\workspace","allowedWorkingPaths":[],"sandboxAllowPaths":[],"dataDir":"C:\\Users\\jethr\\.mavis","homeDir":"C:\\Users\\jethr","agentName":"agent-45acf34ec377","sessionId":"mvs_5e0fcbb6257a4549a051144c47bf9b3b","allowManagedPermissionRulesOnly":false,"interactiveTools":{}}
[19:24:26.572] INFO: [daemon.js:17438] [1397bd61321249948d7ed5bd678101e9] [permission-service] Check result: toolName=read behavior=allow reasonType=workingDirectory locale=en
[19:24:26.572] INFO: [daemon.js:17438] [1f14a0295992436ab0c79b7329da05a9] Permission check result: read → allow {"locale":"en"}
[19:24:26.573] INFO: [daemon.js:17438] [1f14a0295992436ab0c79b7329da05a9] ← POST /mavis/api/permission/check status=200 duration=1ms {"locale":"en"}
[19:24:26.574] INFO: [daemon.js:17438] [b4d71ef9ee5e4067b96936a04320a5ef] → POST /mavis/api/hooks/execute
[19:24:26.575] INFO: [daemon.js:17438] [hook-registry] matcher did not match, hook filtered out {"module":"hook-registry","hookId":"builtin:docx-skill-env-gate","matcher":"^[Ss][Kk][Ii][Ll][Ll]$","matchValue":"read"}
[19:24:26.575] INFO: [daemon.js:17438] [hook-registry] hooks filtered by matcher {"module":"hook-registry","hookEvent":"PreToolUse","matchValue":"read","beforeCount":2,"afterCount":1}
[19:24:26.575] INFO: [daemon.js:17438] [9b416079370f42b08bef3a7e980191be] [binary-read-guard] handler invoked toolName=read model=minimax/MiniMax-M2.7 argsKeys=["filePath"]
[19:24:26.575] INFO: [daemon.js:17438] [cea9e45ebe3b4144ac9aea5aa0e0504d] [binary-read-guard] extension not blocked, ext=.md
[19:24:26.575] INFO: [daemon.js:17438] [b4d71ef9ee5e4067b96936a04320a5ef] ← POST /mavis/api/hooks/execute status=200 duration=1ms {"locale":"en"}
[19:24:26.580] INFO: [daemon.js:17438] [ae39df1204d049b1bbfe87119afa0eb3] → POST /mavis/api/metrics/runtime-event
[19:24:26.580] INFO: [daemon.js:17438] [ae39df1204d049b1bbfe87119afa0eb3] ← POST /mavis/api/metrics/runtime-event status=204 duration=0ms {"locale":"en"}
[19:24:26.580] INFO: [daemon.js:17438] [139f2881721644c89136776fef2986ac] → POST /mavis/api/hooks/execute
[19:24:26.581] INFO: [daemon.js:17438] [hook-registry] matcher did not match, hook filtered out {"module":"hook-registry","hookId":"builtin:cu-image-injector","matcher":"^[Bb]ash$","matchValue":"read"}
[19:24:26.581] INFO: [daemon.js:17438] [hook-registry] hooks filtered by matcher {"module":"hook-registry","hookEvent":"PostToolUse","matchValue":"read","beforeCount":7,"afterCount":6}
[19:24:26.581] INFO: [daemon.js:17438] [139f2881721644c89136776fef2986ac] ← POST /mavis/api/hooks/execute status=200 duration=1ms {"locale":"en"}
[19:24:26.583] INFO: [daemon.js:17438] [a46b8be26e824cc28c46edd457a7c926] → POST /mavis/api/metrics/runtime-event
[19:24:26.583] INFO: [daemon.js:17438] [a46b8be26e824cc28c46edd457a7c926] ← POST /mavis/api/metrics/runtime-event status=204 duration=0ms {"locale":"en"}
[19:24:26.595] INFO: [daemon.js:17438] [9e65023cf48d477a956e985dd85d936f] → POST /mavis/api/metrics/runtime-event
[19:24:26.595] INFO: [daemon.js:17438] [9e65023cf48d477a956e985dd85d936f] ← POST /mavis/api/metrics/runtime-event status=204 duration=0ms {"locale":"en"}
[19:24:29.187] INFO: [daemon.js:17438] [dbfc7c0d4b1743dc91ac39e3625d59e4] → POST /mavis/api/metrics/runtime-event
[19:24:29.188] INFO: [daemon.js:17438] [dbfc7c0d4b1743dc91ac39e3625d59e4] ← POST /mavis/api/metrics/runtime-event status=204 duration=1ms {"locale":"en"}
[19:24:29.188] INFO: [daemon.js:17438] [22acb99da3254d0d8ac409797bf4ab4b] → POST /mavis/api/permission/check
[19:24:29.188] INFO: [daemon.js:17438] [22acb99da3254d0d8ac409797bf4ab4b] Permission check requested: edit for agent-45acf34ec377 {"locale":"en"}
[19:24:29.189] INFO: [daemon.js:17438] Created ToolPermissionContext {"mode":"auto","ruleCount":0,"sandboxEnabled":false,"workingDirectory":"C:\\Users\\jethr\\.mavis\\agents\\agent-45acf34ec377\\workspace"}
[19:24:29.189] INFO: [daemon.js:17438] [58baf0d3bbf7403da527c62bd6633ec5] FsToolPermissionChecker checkPermissions called, toolName=edit, input={"filePath":"C:\\Users\\jethr\\.mavis\\skills\\zotero-use\\references\\finding-attachments.md","newString":"## Verified Local Setup\n\n- **Linked Attachment Base Directory**: `G:\\我的雲端硬碟\\ZoteroLibrary`\n- **Local Zotero storage**: `C:\\Users\\jethr\\Zotero\\storage`\n- **Profile directory**: `C:\\Users\\jethr\\AppData\\Roaming\\Zotero\\Zotero\\Profiles\\t4yjhwyt.default`\n- **User ID**: 11186988 (library type: user, library id: 0)","oldString":"## Verified Local Setup\n\n- **Linked Attachment Base Directory**: `G:\\我的雲端硬碟\\ZoteroLibrary`\n- **Local Zotero storage**: `C:\\Users\\jethr\\Zotero\\storage`\n- **Profile directory**: `C:\\Users\\jethr\\AppData\\Roaming\\Zotero\\Zotero\\Profiles\\t4yjhwyt.default`"}, context={"mode":"auto","rules":[],"sandboxEnabled":false,"autoAllowBashIfSandboxed":false,"workingDirectory":"C:\\Users\\jethr\\.mavis\\agents\\agent-45acf34ec377\\workspace","allowedWorkingPaths":[],"sandboxAllowPaths":[],"dataDir":"C:\\Users\\jethr\\.mavis","homeDir":"C:\\Users\\jethr","agentName":"agent-45acf34ec377","sessionId":"mvs_5e0fcbb6257a4549a051144c47bf9b3b","allowManagedPermissionRulesOnly":false,"interactiveTools":{}}
[19:24:29.189] INFO: [daemon.js:17438] [39226e8672e84e5ca60b85246b832ec8] [permission-service] Check result: toolName=edit behavior=ask reasonType=safetyCheck locale=en
[19:24:29.189] INFO: [daemon.js:17438] Running YOLO classifier {"toolName":"edit","inputLength":73,"sessionId":"mvs_5e0fcbb6257a4549a051144c47bf9b3b","agentId":"agent-45acf34ec377"}
[19:24:31.340] INFO: [daemon.js:17438] [d390fcf7426d4272925bd4d5e1ea8319] → GET /mavis/health
[19:24:31.340] INFO: [daemon.js:17438] [d390fcf7426d4272925bd4d5e1ea8319] ← GET /mavis/health status=200 duration=0ms {"locale":"en"}
[19:24:32.479] INFO: [daemon.js:17438] Stage 2 LLM classification result {"toolName":"edit","verdict":"allow","reason":"Editing a skill documentation file within the user's home directory, explicitly requested to improve future verbosity. No system changes, secrets, or irreversible operations involved.","model":"minimax/MiniMax-M2.7","isIrreversibleDelete":false,"confidence":0.95}
[19:24:32.479] INFO: [daemon.js:17438] [b51260d5b2bc4b8d9c454d9954d5691d] [permission-service] Auto mode classifier result: toolName=edit verdict=allow reason=Editing a skill documentation file within the user's home directory, explicitly requested to improve future verbosity. No system changes, secrets, or irreversible operations involved. model=minimax/MiniMax-M2.7 stage=thinking durationMs=3290 locale=en
[19:24:32.479] INFO: [daemon.js:17438] [22acb99da3254d0d8ac409797bf4ab4b] Permission check result: edit → allow {"locale":"en"}
[19:24:32.479] INFO: [daemon.js:17438] [22acb99da3254d0d8ac409797bf4ab4b] ← POST /mavis/api/permission/check status=200 duration=3291ms {"locale":"en"}
[19:24:32.483] INFO: [daemon.js:17438] [9f833b116d0a4acd85c90815ef6d219f] → POST /mavis/api/hooks/execute
[19:24:32.484] INFO: [daemon.js:17438] [hook-registry] matcher did not match, hook filtered out {"module":"hook-registry","hookId":"builtin:binary-read-guard","matcher":"^[Rr]ead$","matchValue":"edit"}
[19:24:32.484] INFO: [daemon.js:17438] [hook-registry] matcher did not match, hook filtered out {"module":"hook-registry","hookId":"builtin:docx-skill-env-gate","matcher":"^[Ss][Kk][Ii][Ll][Ll]$","matchValue":"edit"}
[19:24:32.484] INFO: [daemon.js:17438] [hook-registry] hooks filtered by matcher {"module":"hook-registry","hookEvent":"PreToolUse","matchValue":"edit","beforeCount":2,"afterCount":0}
[19:24:32.484] INFO: [daemon.js:17438] [9f833b116d0a4acd85c90815ef6d219f] ← POST /mavis/api/hooks/execute status=200 duration=1ms {"locale":"en"}
[19:24:32.488] INFO: [daemon.js:17438] [71860bb8ec6e4f639f267f91a16296c1] → POST /mavis/api/metrics/runtime-event
[19:24:32.489] INFO: [daemon.js:17438] [71860bb8ec6e4f639f267f91a16296c1] ← POST /mavis/api/metrics/runtime-event status=204 duration=1ms {"locale":"en"}
[19:24:32.489] INFO: [daemon.js:17438] [5e1a73d9689342dc844ef91e4fd8ec1f] → POST /mavis/api/hooks/execute
[19:24:32.489] INFO: [daemon.js:17438] [hook-registry] matcher did not match, hook filtered out {"module":"hook-registry","hookId":"builtin:read-image-compressor","matcher":"^[Rr]ead$","matchValue":"edit"}
[19:24:32.489] INFO: [daemon.js:17438] [hook-registry] matcher did not match, hook filtered out {"module":"hook-registry","hookId":"builtin:cu-image-injector","matcher":"^[Bb]ash$","matchValue":"edit"}
[19:24:32.489] INFO: [daemon.js:17438] [hook-registry] hooks filtered by matcher {"module":"hook-registry","hookEvent":"PostToolUse","matchValue":"edit","beforeCount":7,"afterCount":5}
[19:24:32.490] INFO: [daemon.js:17438] [5e1a73d9689342dc844ef91e4fd8ec1f] ← POST /mavis/api/hooks/execute status=200 duration=1ms {"locale":"en"}
[19:24:32.491] INFO: [daemon.js:17438] [280cdbc7f26e49c3be8e3ed02682909a] → POST /mavis/api/metrics/runtime-event
[19:24:32.492] INFO: [daemon.js:17438] [280cdbc7f26e49c3be8e3ed02682909a] ← POST /mavis/api/metrics/runtime-event status=204 duration=1ms {"locale":"en"}
[19:24:32.507] INFO: [daemon.js:17438] [aababc2871c84128875d06759ea99c8a] → POST /mavis/api/metrics/runtime-event
[19:24:32.507] INFO: [daemon.js:17438] [aababc2871c84128875d06759ea99c8a] ← POST /mavis/api/metrics/runtime-event status=204 duration=0ms {"locale":"en"}
[19:24:35.655] INFO: [daemon.js:17438] [22d35cb46e2d44a68d39d4ff69cb29c7] → POST /mavis/api/metrics/runtime-event
[19:24:35.655] INFO: [daemon.js:17438] [22d35cb46e2d44a68d39d4ff69cb29c7] ← POST /mavis/api/metrics/runtime-event status=204 duration=0ms {"locale":"en"}
[19:24:35.656] INFO: [daemon.js:17438] [4cc017a62fcf4cd4a8d00d20a62ab041] → POST /mavis/api/permission/check
[19:24:35.656] INFO: [daemon.js:17438] [4cc017a62fcf4cd4a8d00d20a62ab041] Permission check requested: read for agent-45acf34ec377 {"locale":"en"}
[19:24:35.656] INFO: [daemon.js:17438] Created ToolPermissionContext {"mode":"auto","ruleCount":0,"sandboxEnabled":false,"workingDirectory":"C:\\Users\\jethr\\.mavis\\agents\\agent-45acf34ec377\\workspace"}
[19:24:35.656] INFO: [daemon.js:17438] [a66b276ad0b64f9fad56e4ac53de4fc2] FsToolPermissionChecker checkPermissions called, toolName=read, input={"filePath":"C:\\Users\\jethr\\.mavis\\skills\\zotero-use\\SKILL.md"}, context={"mode":"auto","rules":[],"sandboxEnabled":false,"autoAllowBashIfSandboxed":false,"workingDirectory":"C:\\Users\\jethr\\.mavis\\agents\\agent-45acf34ec377\\workspace","allowedWorkingPaths":[],"sandboxAllowPaths":[],"dataDir":"C:\\Users\\jethr\\.mavis","homeDir":"C:\\Users\\jethr","agentName":"agent-45acf34ec377","sessionId":"mvs_5e0fcbb6257a4549a051144c47bf9b3b","allowManagedPermissionRulesOnly":false,"interactiveTools":{}}
[19:24:35.656] INFO: [daemon.js:17438] [e71b4d2c459440ea96429cc52f32020d] [permission-service] Check result: toolName=read behavior=allow reasonType=workingDirectory locale=en
[19:24:35.656] INFO: [daemon.js:17438] [4cc017a62fcf4cd4a8d00d20a62ab041] Permission check result: read → allow {"locale":"en"}
[19:24:35.656] INFO: [daemon.js:17438] [4cc017a62fcf4cd4a8d00d20a62ab041] ← POST /mavis/api/permission/check status=200 duration=0ms {"locale":"en"}
[19:24:35.659] INFO: [daemon.js:17438] [b7d0fc9023f747ffaadbdfe6953321ad] → POST /mavis/api/hooks/execute
[19:24:35.659] INFO: [daemon.js:17438] [hook-registry] matcher did not match, hook filtered out {"module":"hook-registry","hookId":"builtin:docx-skill-env-gate","matcher":"^[Ss][Kk][Ii][Ll][Ll]$","matchValue":"read"}
[19:24:35.659] INFO: [daemon.js:17438] [hook-registry] hooks filtered by matcher {"module":"hook-registry","hookEvent":"PreToolUse","matchValue":"read","beforeCount":2,"afterCount":1}
[19:24:35.659] INFO: [daemon.js:17438] [89ada2657dd64af9ba41b5e2287d66f4] [binary-read-guard] handler invoked toolName=read model=minimax/MiniMax-M2.7 argsKeys=["filePath"]
[19:24:35.660] INFO: [daemon.js:17438] [b828600e8ad8479aa9a284a164a17aba] [binary-read-guard] extension not blocked, ext=.md
[19:24:35.660] INFO: [daemon.js:17438] [b7d0fc9023f747ffaadbdfe6953321ad] ← POST /mavis/api/hooks/execute status=200 duration=1ms {"locale":"en"}
[19:24:35.664] INFO: [daemon.js:17438] [65925cc888094a3bacbf4606fdb52f5c] → POST /mavis/api/metrics/runtime-event
[19:24:35.664] INFO: [daemon.js:17438] [65925cc888094a3bacbf4606fdb52f5c] ← POST /mavis/api/metrics/runtime-event status=204 duration=0ms {"locale":"en"}
[19:24:35.664] INFO: [daemon.js:17438] [1b2cbcc6df5c42cfbd193f55e277321e] → POST /mavis/api/hooks/execute
[19:24:35.665] INFO: [daemon.js:17438] [hook-registry] matcher did not match, hook filtered out {"module":"hook-registry","hookId":"builtin:cu-image-injector","matcher":"^[Bb]ash$","matchValue":"read"}
[19:24:35.665] INFO: [daemon.js:17438] [hook-registry] hooks filtered by matcher {"module":"hook-registry","hookEvent":"PostToolUse","matchValue":"read","beforeCount":7,"afterCount":6}
[19:24:35.665] INFO: [daemon.js:17438] [1b2cbcc6df5c42cfbd193f55e277321e] ← POST /mavis/api/hooks/execute status=200 duration=1ms {"locale":"en"}
[19:24:35.667] INFO: [daemon.js:17438] [e460f00d939549799df8002645c87aab] → POST /mavis/api/metrics/runtime-event
[19:24:35.667] INFO: [daemon.js:17438] [e460f00d939549799df8002645c87aab] ← POST /mavis/api/metrics/runtime-event status=204 duration=0ms {"locale":"en"}
[19:24:35.679] INFO: [daemon.js:17438] [3c7e57d8525a43c3880e114e1b834c57] → POST /mavis/api/metrics/runtime-event
[19:24:35.679] INFO: [daemon.js:17438] [3c7e57d8525a43c3880e114e1b834c57] ← POST /mavis/api/metrics/runtime-event status=204 duration=0ms {"locale":"en"}
[19:24:41.352] INFO: [daemon.js:17438] [46b11b60894540d9b28f56aeb7dbda33] → GET /mavis/health
[19:24:41.352] INFO: [daemon.js:17438] [46b11b60894540d9b28f56aeb7dbda33] ← GET /mavis/health status=200 duration=0ms {"locale":"en"}
[19:24:41.739] INFO: [daemon.js:17438] [525fdcc62b104c798e0feaf19917f1e1] → POST /mavis/api/metrics/runtime-event
[19:24:41.739] INFO: [daemon.js:17438] [525fdcc62b104c798e0feaf19917f1e1] ← POST /mavis/api/metrics/runtime-event status=204 duration=0ms {"locale":"en"}
[19:24:41.997] INFO: [daemon.js:17438] [62a88d5fe4fb48f8bbd7968ab5d1cd4a] [bridge] Emitting session.finish event sessionId=mvs_5e0fcbb6257a4549a051144c47bf9b3b agentName=agent-45acf34ec377 isError=false
[19:24:42.000] INFO: [daemon.js:17438] [7d348eb37aec4567bdc2a67bb2916418] [cron-store] Loaded cron configs, count=0
[19:24:42.010] INFO: [daemon.js:17438] [a878686aac5e454aaf9784d455fd466d] → GET /mavis/api/session/mvs_5e0fcbb6257a4549a051144c47bf9b3b/diff
[19:24:42.011] INFO: [daemon.js:17438] [70a3b204be3c4fdea12186d5d4c2c8be] → GET /mavis/api/session/mvs_5e0fcbb6257a4549a051144c47bf9b3b
[19:24:42.013] INFO: [daemon.js:17438] [a878686aac5e454aaf9784d455fd466d] ← GET /mavis/api/session/mvs_5e0fcbb6257a4549a051144c47bf9b3b/diff status=200 duration=3ms {"locale":"en"}
[19:24:42.014] INFO: [daemon.js:17438] [70a3b204be3c4fdea12186d5d4c2c8be] ← GET /mavis/api/session/mvs_5e0fcbb6257a4549a051144c47bf9b3b status=200 duration=3ms {"locale":"en"}
[19:24:51.365] INFO: [daemon.js:17438] [e913279592ff4edda3b59ffd78b538b6] → GET /mavis/health
[19:24:51.365] INFO: [daemon.js:17438] [e913279592ff4edda3b59ffd78b538b6] ← GET /mavis/health status=200 duration=0ms {"locale":"en"}
[19:24:53.970] INFO: [daemon.js:17438] [5c80dd7b113442be973accf61e47ac11] → POST /mavis/api/content
[19:24:54.232] INFO: [daemon.js:17438] [5c80dd7b113442be973accf61e47ac11] ← POST /mavis/api/content status=200 duration=262ms {"locale":"en"}
[19:24:54.236] INFO: [daemon.js:17438] [a2f990e7e99e4d3e9939be3ec7ac73b6] → POST /mavis/api/session/mvs_5e0fcbb6257a4549a051144c47bf9b3b/message
[19:24:54.236] INFO: [daemon.js:17438] [a2f990e7e99e4d3e9939be3ec7ac73b6] SendMessage received for agent-45acf34ec377/mvs_5e0fcbb6257a4549a051144c47bf9b3b {"locale":"en"}
[19:24:54.236] INFO: [daemon.js:17438] [message] Forwarding user message {"ctx":{"traceId":"a2f990e7e99e4d3e9939be3ec7ac73b6","locale":"en"},"agentName":"agent-45acf34ec377","sessionId":"mvs_5e0fcbb6257a4549a051144c47bf9b3b","queuedMessageCount":0,"turnId":"0a7a18bc-8ed2-4554-8830-d1f4e3c44f08"}
[19:24:54.236] INFO: [daemon.js:17438] [a2f990e7e99e4d3e9939be3ec7ac73b6] ← POST /mavis/api/session/mvs_5e0fcbb6257a4549a051144c47bf9b3b/message status=200 duration=0ms {"locale":"en"}
[19:24:54.237] INFO: [daemon.js:17438] [aa92512a399a4826b5273a2cd999dd28] Session turnId updated sessionId=mvs_5e0fcbb6257a4549a051144c47bf9b3b turnId=0a7a18bc-8ed2-4554-8830-d1f4e3c44f08
[19:24:54.237] INFO: [daemon.js:17438] [7fcf79fd67c94087903e4c560de71260] Resolved model from request override agentName=agent-45acf34ec377 providerID=minimax modelID=MiniMax-M2.7
[19:24:54.242] INFO: [daemon.js:17438] [f1d60e0cdb544f63af9e19c31ee186f8] Resolved model from request override agentName=agent-45acf34ec377 providerID=minimax modelID=MiniMax-M2.7
[19:24:54.242] INFO: [daemon.js:17438] [a2f990e7e99e4d3e9939be3ec7ac73b6] sendMessage started, agentName=agent-45acf34ec377, sessionId=mvs_5e0fcbb6257a4549a051144c47bf9b3b {"locale":"en"}
[19:24:54.275] INFO: [daemon.js:17438] [05000936e9b142c19376c05eaa40961b] → POST /mavis/api/metrics/runtime-event
[19:24:54.275] INFO: [daemon.js:17438] [05000936e9b142c19376c05eaa40961b] ← POST /mavis/api/metrics/runtime-event status=204 duration=0ms {"locale":"en"}
[19:24:56.812] INFO: [daemon.js:17438] [17ad87de57bd439980e05276ef932d45] → POST /mavis/api/metrics/runtime-event
[19:24:56.812] INFO: [daemon.js:17438] [17ad87de57bd439980e05276ef932d45] ← POST /mavis/api/metrics/runtime-event status=204 duration=0ms {"locale":"en"}
[19:24:56.818] INFO: [daemon.js:17438] [c9e463ea2d9040989dea5d120035b40a] [monitor] thinking TTFT measured sessionId=mvs_5e0fcbb6257a4549a051144c47bf9b3b agentName=agent-45acf34ec377 ttftMs=2582
[19:24:56.819] INFO: [daemon.js:17438] [babe48d1bcc64c1f9dfb021a9729ca41] [monitor] response TTFT measured sessionId=mvs_5e0fcbb6257a4549a051144c47bf9b3b agentName=agent-45acf34ec377 ttftMs=2583 breakdown={"resolveSession":1,"reconcileConfig":0,"hooks":5,"modelResolve":0,"adapterSend":2577}
[19:24:57.083] INFO: [daemon.js:17438] [14f12ebf8dc24dd1aaa42a6dd81253c6] [bridge] Emitting session.finish event sessionId=mvs_5e0fcbb6257a4549a051144c47bf9b3b agentName=agent-45acf34ec377 isError=false
[19:24:57.086] INFO: [daemon.js:17438] [253cd8c6cd0549c1b762ec08f33a91e8] [cron-store] Loaded cron configs, count=0
[19:24:57.093] INFO: [daemon.js:17438] [587747144b7c4215978fe8f10496bfbb] → GET /mavis/api/session/mvs_5e0fcbb6257a4549a051144c47bf9b3b/diff
[19:24:57.094] INFO: [daemon.js:17438] [2a02180682214192875f373d3357c5b5] → GET /mavis/api/session/mvs_5e0fcbb6257a4549a051144c47bf9b3b
[19:24:57.096] INFO: [daemon.js:17438] [587747144b7c4215978fe8f10496bfbb] ← GET /mavis/api/session/mvs_5e0fcbb6257a4549a051144c47bf9b3b/diff status=200 duration=3ms {"locale":"en"}
[19:24:57.097] INFO: [daemon.js:17438] [2a02180682214192875f373d3357c5b5] ← GET /mavis/api/session/mvs_5e0fcbb6257a4549a051144c47bf9b3b status=200 duration=3ms {"locale":"en"}
[19:25:01.374] INFO: [daemon.js:17438] [da020e1b31514f70836dea263c63ff48] → GET /mavis/health
[19:25:01.374] INFO: [daemon.js:17438] [da020e1b31514f70836dea263c63ff48] ← GET /mavis/health status=200 duration=0ms {"locale":"en"}
[19:25:11.383] INFO: [daemon.js:17438] [400f637183744b4597c949cc21666a31] → GET /mavis/health
[19:25:11.384] INFO: [daemon.js:17438] [400f637183744b4597c949cc21666a31] ← GET /mavis/health status=200 duration=1ms {"locale":"en"}
[19:25:21.388] INFO: [daemon.js:17438] [e17e17b2dfe24376a82efff2ce14990d] → GET /mavis/health
[19:25:21.388] INFO: [daemon.js:17438] [e17e17b2dfe24376a82efff2ce14990d] ← GET /mavis/health status=200 duration=0ms {"locale":"en"}
[19:25:22.386] INFO: [daemon.js:17438] [3b25f2f29eb84602be37c96398a74a36] → POST /mavis/api/content
[19:25:22.643] INFO: [daemon.js:17438] [3b25f2f29eb84602be37c96398a74a36] ← POST /mavis/api/content status=200 duration=257ms {"locale":"en"}
[19:25:22.646] INFO: [daemon.js:17438] [802730d253c44399b9c69d9a052566e2] → POST /mavis/api/session/mvs_5e0fcbb6257a4549a051144c47bf9b3b/message
[19:25:22.647] INFO: [daemon.js:17438] [802730d253c44399b9c69d9a052566e2] SendMessage received for agent-45acf34ec377/mvs_5e0fcbb6257a4549a051144c47bf9b3b {"locale":"en"}
[19:25:22.647] INFO: [daemon.js:17438] [message] Forwarding user message {"ctx":{"traceId":"802730d253c44399b9c69d9a052566e2","locale":"en"},"agentName":"agent-45acf34ec377","sessionId":"mvs_5e0fcbb6257a4549a051144c47bf9b3b","queuedMessageCount":0,"turnId":"49a4e91f-50da-486f-afe3-a1e0c550a733"}
[19:25:22.647] INFO: [daemon.js:17438] [802730d253c44399b9c69d9a052566e2] ← POST /mavis/api/session/mvs_5e0fcbb6257a4549a051144c47bf9b3b/message status=200 duration=1ms {"locale":"en"}
[19:25:22.648] INFO: [daemon.js:17438] [b5bd08726bb2403ab304797a84a4bcdd] Session turnId updated sessionId=mvs_5e0fcbb6257a4549a051144c47bf9b3b turnId=49a4e91f-50da-486f-afe3-a1e0c550a733
[19:25:22.648] INFO: [daemon.js:17438] [8dae623988d646979d0bdc3e6ba23427] Resolved model from request override agentName=agent-45acf34ec377 providerID=minimax modelID=MiniMax-M2.7
[19:25:22.653] INFO: [daemon.js:17438] [c2be84f0d31149ddb8f5bad9d4536dd7] Resolved model from request override agentName=agent-45acf34ec377 providerID=minimax modelID=MiniMax-M2.7
[19:25:22.654] INFO: [daemon.js:17438] [802730d253c44399b9c69d9a052566e2] sendMessage started, agentName=agent-45acf34ec377, sessionId=mvs_5e0fcbb6257a4549a051144c47bf9b3b {"locale":"en"}
[19:25:22.680] INFO: [daemon.js:17438] [df26297f274f4b84a6220a96e76e522b] → POST /mavis/api/metrics/runtime-event
[19:25:22.680] INFO: [daemon.js:17438] [df26297f274f4b84a6220a96e76e522b] ← POST /mavis/api/metrics/runtime-event status=204 duration=0ms {"locale":"en"}
[19:25:23.935] INFO: [daemon.js:17438] [a1d0e366d52d4f60a87251fddfcd5bbd] → POST /mavis/api/metrics/runtime-event
[19:25:23.936] INFO: [daemon.js:17438] [a1d0e366d52d4f60a87251fddfcd5bbd] ← POST /mavis/api/metrics/runtime-event status=204 duration=1ms {"locale":"en"}
[19:25:23.941] INFO: [daemon.js:17438] [0b552dfc0fb8421cb99a21feb975f39e] [monitor] thinking TTFT measured sessionId=mvs_5e0fcbb6257a4549a051144c47bf9b3b agentName=agent-45acf34ec377 ttftMs=1294
[19:25:23.942] INFO: [daemon.js:17438] [6b3952137cca43c488149df32e4246c3] [monitor] response TTFT measured sessionId=mvs_5e0fcbb6257a4549a051144c47bf9b3b agentName=agent-45acf34ec377 ttftMs=1295 breakdown={"resolveSession":0,"reconcileConfig":1,"hooks":5,"modelResolve":1,"adapterSend":1288}
[19:25:24.218] INFO: [daemon.js:17438] [c470100b4d4849e9a8341e9f30fd9431] [bridge] Emitting session.finish event sessionId=mvs_5e0fcbb6257a4549a051144c47bf9b3b agentName=agent-45acf34ec377 isError=false
[19:25:24.220] INFO: [daemon.js:17438] [211cfd4cce234b78864b4c5bf5fd10d2] [cron-store] Loaded cron configs, count=0
[19:25:24.228] INFO: [daemon.js:17438] [42d47bc0644c4b3e9a884abf26f7a7a8] → GET /mavis/api/session/mvs_5e0fcbb6257a4549a051144c47bf9b3b/diff
[19:25:24.229] INFO: [daemon.js:17438] [e3ab3118afe5418185970dfa87db785a] → GET /mavis/api/session/mvs_5e0fcbb6257a4549a051144c47bf9b3b
[19:25:24.231] INFO: [daemon.js:17438] [42d47bc0644c4b3e9a884abf26f7a7a8] ← GET /mavis/api/session/mvs_5e0fcbb6257a4549a051144c47bf9b3b/diff status=200 duration=3ms {"locale":"en"}
[19:25:24.233] INFO: [daemon.js:17438] [e3ab3118afe5418185970dfa87db785a] ← GET /mavis/api/session/mvs_5e0fcbb6257a4549a051144c47bf9b3b status=200 duration=4ms {"locale":"en"}
[19:25:31.396] INFO: [daemon.js:17438] [256e1fc3b26b4278b1fc66247264a4a7] → GET /mavis/health
[19:25:31.396] INFO: [daemon.js:17438] [256e1fc3b26b4278b1fc66247264a4a7] ← GET /mavis/health status=200 duration=0ms {"locale":"en"}
[19:25:41.403] INFO: [daemon.js:17438] [982c4939c82f4d438510212e2eee3e97] → GET /mavis/health
[19:25:41.404] INFO: [daemon.js:17438] [982c4939c82f4d438510212e2eee3e97] ← GET /mavis/health status=200 duration=1ms {"locale":"en"}
[19:25:51.407] INFO: [daemon.js:17438] [7992094340624c36973f05c2bdc9aa0f] → GET /mavis/health
[19:25:51.407] INFO: [daemon.js:17438] [7992094340624c36973f05c2bdc9aa0f] ← GET /mavis/health status=200 duration=0ms {"locale":"en"}
[19:25:58.108] INFO: [daemon.js:17438] [fe2b0ab7d0e2408cbde2e10cb36ca56e] → GET /mavis/mcp/cu
[19:25:58.108] INFO: [daemon.js:17438] [fe2b0ab7d0e2408cbde2e10cb36ca56e] ← GET /mavis/mcp/cu status=200 duration=0ms {"locale":"en"}
[19:25:58.109] INFO: [daemon.js:17438] [d1ed694621bc427ab46efeba8c4ecfa0] → GET /mavis/mcp/trash
[19:25:58.109] INFO: [daemon.js:17438] [d1ed694621bc427ab46efeba8c4ecfa0] ← GET /mavis/mcp/trash status=200 duration=0ms {"locale":"en"}
[19:26:01.407] INFO: [daemon.js:17438] [24e2b729a79745098c51f7794043c818] → GET /mavis/health
[19:26:01.407] INFO: [daemon.js:17438] [24e2b729a79745098c51f7794043c818] ← GET /mavis/health status=200 duration=0ms {"locale":"en"}
[19:26:01.434] INFO: [daemon.js:17438] [4ccb64b7203144cc8096efd95863b308] → POST /mavis/api/content
[19:26:01.680] INFO: [daemon.js:17438] [4ccb64b7203144cc8096efd95863b308] ← POST /mavis/api/content status=200 duration=246ms {"locale":"en"}
[19:26:01.686] INFO: [daemon.js:17438] [749e6c1f99a74bfa9ed31cd54ae0cc8e] → POST /mavis/api/session/mvs_5e0fcbb6257a4549a051144c47bf9b3b/message
[19:26:01.686] INFO: [daemon.js:17438] [749e6c1f99a74bfa9ed31cd54ae0cc8e] SendMessage received for agent-45acf34ec377/mvs_5e0fcbb6257a4549a051144c47bf9b3b {"locale":"en"}
[19:26:01.687] INFO: [daemon.js:17438] [message] Forwarding user message {"ctx":{"traceId":"749e6c1f99a74bfa9ed31cd54ae0cc8e","locale":"en"},"agentName":"agent-45acf34ec377","sessionId":"mvs_5e0fcbb6257a4549a051144c47bf9b3b","queuedMessageCount":0,"turnId":"0fd3b4c6-f585-4bbe-8f67-78686f1ed395"}
[19:26:01.687] INFO: [daemon.js:17438] [749e6c1f99a74bfa9ed31cd54ae0cc8e] ← POST /mavis/api/session/mvs_5e0fcbb6257a4549a051144c47bf9b3b/message status=200 duration=1ms {"locale":"en"}
[19:26:01.687] INFO: [daemon.js:17438] [d4827d4526ce4ed0b33cb3ccd1995359] Session turnId updated sessionId=mvs_5e0fcbb6257a4549a051144c47bf9b3b turnId=0fd3b4c6-f585-4bbe-8f67-78686f1ed395
[19:26:02.091] INFO: [daemon.js:17438] [828151adf08d49c3ae771215db8b057c] Resolved model from request override agentName=agent-45acf34ec377 providerID=minimax modelID=MiniMax-M2.7
[19:26:02.096] INFO: [daemon.js:17438] [ddd5489240024ec49f3a48a24240800e] Resolved model from request override agentName=agent-45acf34ec377 providerID=minimax modelID=MiniMax-M2.7
[19:26:02.097] INFO: [daemon.js:17438] [749e6c1f99a74bfa9ed31cd54ae0cc8e] sendMessage started, agentName=agent-45acf34ec377, sessionId=mvs_5e0fcbb6257a4549a051144c47bf9b3b {"locale":"en"}
[19:26:02.139] INFO: [daemon.js:17438] [ff7a10b46cf94951941155e6600ea81e] → POST /mavis/api/metrics/runtime-event
[19:26:02.139] INFO: [daemon.js:17438] [ff7a10b46cf94951941155e6600ea81e] ← POST /mavis/api/metrics/runtime-event status=204 duration=0ms {"locale":"en"}
[19:26:08.771] INFO: [daemon.js:17438] [833e024c71dc40da9eac46f6f4396554] → POST /mavis/api/metrics/runtime-event
[19:26:08.772] INFO: [daemon.js:17438] [833e024c71dc40da9eac46f6f4396554] ← POST /mavis/api/metrics/runtime-event status=204 duration=1ms {"locale":"en"}
[19:26:08.772] INFO: [daemon.js:17438] [b3abaf82b76a4d149333155b9c5766df] → GET /mavis/api/session/ses_17d1b945affecoWx4fO1wbqS6v
[19:26:08.774] INFO: [daemon.js:17438] [35c1b1e14add471e957c548d86121241] [monitor] thinking TTFT measured sessionId=mvs_5e0fcbb6257a4549a051144c47bf9b3b agentName=agent-45acf34ec377 ttftMs=7086
[19:26:08.775] INFO: [daemon.js:17438] [b3abaf82b76a4d149333155b9c5766df] ← GET /mavis/api/session/ses_17d1b945affecoWx4fO1wbqS6v status=200 duration=3ms {"locale":"en"}
[19:26:08.776] INFO: [daemon.js:17438] [27e35ad2b8f64f6e8254b35a9b1096c0] → POST /mavis/api/permission/check
[19:26:08.776] INFO: [daemon.js:17438] [27e35ad2b8f64f6e8254b35a9b1096c0] Permission check requested: write for agent-45acf34ec377 {"locale":"en"}
[19:26:08.777] INFO: [daemon.js:17438] Created ToolPermissionContext {"mode":"auto","ruleCount":0,"sandboxEnabled":false,"workingDirectory":"C:\\Users\\jethr\\.mavis\\agents\\agent-45acf34ec377\\workspace"}
[19:26:08.777] INFO: [daemon.js:17438] [f01f2dd9ef3e463a9ce38b2693dbd733] FsToolPermissionChecker checkPermissions called, toolName=write, input={"content":"# Librarian Agent\n\n## Role\n\nCustodian, archivist, and navigator of the AI-augmented Zettelkasten.\n\nStorage is cheap, but connection is valuable. I do not generate new ideas or write prose — I ensure structural integrity, retrievability, and interconnectedness of the user's knowledge graph. I prevent the knowledge base from devolving into a digital junk drawer by enforcing strict organizational hygiene, managing metadata, and mapping conceptual relationships.\n\n## Core Responsibilities\n\n1. **Graph Navigation & Retrieval** — Expertly querying the reference manager and vault to find literature, notes, and concepts.\n2. **Metadata & Taxonomy Management** — Managing YAML frontmatter, aliases, and broad structural tags.\n3. **Collision Detection & Deduplication** — Ensuring atomic notes are not duplicated and that new ideas are synthesized with existing ones.\n4. **Reference Management** — Handling citations, BibTeX data, PDFs, and source material tracking.\n\n## Collaborating Agents\n\n### Researcher Agent (The Thinker)\nQueries me to find existing literature, retrieve past notes on a topic, or verify if a specific concept has already been explored.\n\n**My protocol:** Provide exhaustive summaries of related existing notes, highlighting gaps in the current knowledge graph that the Researcher needs to fill.\n\n### Writer Agent (The Articulator)\nQueries me before saving a new note to check for filename collisions, verify directory routing, and request backlink/tag suggestions.\n\n**My protocol:** Return the exact safe file path, a unique Zettel ID (if applicable), standardized tags, and a list of 3–5 highly relevant existing notes the Writer should link to.\n\n## Operational Rules\n\n### 1. Links Over Tags\n\n- **Strict tagging:** Never create highly specific long-tail tags (e.g. `#causes-of-falls-in-elderly`). Tags must be broad, hierarchical, and categorical (e.g. `#medicine/geriatrics`, `#epistemology`, `#status/fleeting`).\n- **Promote wikilinks:** If a concept is specific, it should be a `[[wikilink]]` to another note, not a tag.\n\n### 2. Deduplication & Collision Checks\n\nBefore the Writer saves a new Permanent Note, search the vault for semantic similarity and title matches. If a note on the exact same atomic concept exists, flag it immediately. Instruct the Researcher/Writer to update or branch the existing note rather than create a duplicate.\n\n### 3. Metadata & Frontmatter Standards\n\nEvery note generated or updated must contain standardized YAML frontmatter. Required fields:\n- `aliases` — alternative names for the concept\n- `tags` — broad categorical tags\n- `source` — citation or link to the Reference Manager\n- `status` — e.g. `seedling`, `evergreen`, `literature`, `moc`\n- `created` / `updated` — timestamps\n\n### 4. Graph Maintenance (Active Curation)\n\n- **Orphan detection:** Identify orphaned notes (notes with no backlinks) and suggest conceptual connections.\n- **MOC generation:** When 5+ notes revolve around a tight theme, suggest creation of a Map of Content to index them.\n- **No deletions:** Never delete a user's note. If a note is obsolete or redundant, change its status to `#status/archived` and flag it for review.\n\n### 5. Reference Manager Integration\n\nWhen queried about literature, pull accurate metadata (Authors, Year, Title, DOI) and format citations per the user's preferred style. Every Literature Note must be explicitly linked back to its source material in the Reference Manager.\n\n## System Access\n\n- **Zotero**: Pyzotero CLI (`zot`) via `--local --library-id 0 --library-type user`. Linked Attachment Base: `G:\\我的雲端硬碟\\ZoteroLibrary`. Local storage: `C:\\Users\\jethr\\Zotero\\storage`.\n- **Obsidian**: Obsidian CLI (`obsidian`) — vault \"Notes\". Prerequisite: Obsidian desktop app running with CLI enabled.\n- See skill `zotero-use` and `obsidian-cli` for full command reference.\n\n## Local Setup (verified 2026-06-01)\n\nZotero collection tree:\n- `01 Internal Medicine` (GPMSFXMT) — Cardiology, Dermatology, ENT, Haematology, ID, Nephrology, Neuro, Oncology, Rehab, Respiratory, Rheumatology\n- `02 Psychiatry` (N7YUWL9Y) — mood disorders, psychosis, OCD, anxiety, bipolar, eating disorders, child psychiatry, neurobiology, psychoanalysis\n- `03 FMPC` (DEFRUVW5) — MUPS, pain, MSK, consultation\n- `04 Paediatrics` (3EW9LU7M)\n- `05 Surgery` (AELXF3CQ)\n- `06 Orthopaedics` (PBZFMB6L)\n- `07 Emergency Medicine` (H9Z5RUVX)\n- `08 O&G` (SFYDCIB7)\n- Standalone: `Learning and Note-taking`, `ML in ICU`, `Potassium and ICU outcomes`\n\nObsidian vault structure: `daily/`, `img/`, `index/`, `main/`, `references/`, `templates/`","filePath":"C:\\Users\\jethr\\.mavis\\agents\\agent-45acf34ec377\\agent.md"}, context={"mode":"auto","rules":[],"sandboxEnabled":false,"autoAllowBashIfSandboxed":false,"workingDirectory":"C:\\Users\\jethr\\.mavis\\agents\\agent-45acf34ec377\\workspace","allowedWorkingPaths":[],"sandboxAllowPaths":[],"dataDir":"C:\\Users\\jethr\\.mavis","homeDir":"C:\\Users\\jethr","agentName":"agent-45acf34ec377","sessionId":"mvs_5e0fcbb6257a4549a051144c47bf9b3b","allowManagedPermissionRulesOnly":false,"interactiveTools":{}}
[19:26:08.777] INFO: [daemon.js:17438] [421d0c61c9df426b80981af45d78fba8] [permission-service] Check result: toolName=write behavior=ask reasonType=safetyCheck locale=en
[19:26:08.777] INFO: [daemon.js:17438] Running YOLO classifier {"toolName":"write","inputLength":56,"sessionId":"mvs_5e0fcbb6257a4549a051144c47bf9b3b","agentId":"agent-45acf34ec377"}
[19:26:09.731] INFO: [daemon.js:17438] [a0d6bff8a39a4a9cb64c286d4319fbaf] → POST /mavis/mcp/cu
[19:26:09.733] INFO: [daemon.js:17438] [a0d6bff8a39a4a9cb64c286d4319fbaf] ← POST /mavis/mcp/cu status=200 duration=2ms {"locale":"en"}
[19:26:09.733] INFO: [daemon.js:17438] [86b5c4043165485dac1e71d0c2528cf0] → POST /mavis/mcp/trash
[19:26:09.734] INFO: [daemon.js:17438] [86b5c4043165485dac1e71d0c2528cf0] ← POST /mavis/mcp/trash status=200 duration=1ms {"locale":"en"}
[19:26:09.962] INFO: [daemon.js:17438] [39a0fb7dcc444c1dbddb4eba031d6f02] [mcp:matrix:stderr] [matrix-mcp-cli] tools/list dropped 2 unknown tool(s) not in this cli's KNOWN_TOOLS: matrix_extract_content_from_websites, matrix_get_upload_url
[19:26:11.409] INFO: [daemon.js:17438] [b4309c492148415094fd6a8cecf53e6f] → GET /mavis/health
[19:26:11.409] INFO: [daemon.js:17438] [b4309c492148415094fd6a8cecf53e6f] ← GET /mavis/health status=200 duration=0ms {"locale":"en"}
[19:26:18.142] INFO: [daemon.js:17438] Stage 2 LLM classification result {"toolName":"write","verdict":"allow","reason":"Writing an agent persona file to the workspace directory is a standard, bounded operation with no destructive or system-wide side effects.","model":"minimax/MiniMax-M2.7","isIrreversibleDelete":false,"confidence":0.95}
[19:26:18.142] INFO: [daemon.js:17438] [96ccdf9c95c848aa887fc93f32c4bf8d] [permission-service] Auto mode classifier result: toolName=write verdict=allow reason=Writing an agent persona file to the workspace directory is a standard, bounded operation with no destructive or system-wide side effects. model=minimax/MiniMax-M2.7 stage=thinking durationMs=9365 locale=en
[19:26:18.142] INFO: [daemon.js:17438] [27e35ad2b8f64f6e8254b35a9b1096c0] Permission check result: write → allow {"locale":"en"}
[19:26:18.142] INFO: [daemon.js:17438] [27e35ad2b8f64f6e8254b35a9b1096c0] ← POST /mavis/api/permission/check status=200 duration=9366ms {"locale":"en"}
[19:26:18.148] INFO: [daemon.js:17438] [64a19dfcf6c14d208f5c35405460c042] → POST /mavis/api/hooks/execute
[19:26:18.149] INFO: [daemon.js:17438] [hook-registry] matcher did not match, hook filtered out {"module":"hook-registry","hookId":"builtin:binary-read-guard","matcher":"^[Rr]ead$","matchValue":"write"}
[19:26:18.149] INFO: [daemon.js:17438] [hook-registry] matcher did not match, hook filtered out {"module":"hook-registry","hookId":"builtin:docx-skill-env-gate","matcher":"^[Ss][Kk][Ii][Ll][Ll]$","matchValue":"write"}
[19:26:18.149] INFO: [daemon.js:17438] [hook-registry] hooks filtered by matcher {"module":"hook-registry","hookEvent":"PreToolUse","matchValue":"write","beforeCount":2,"afterCount":0}
[19:26:18.149] INFO: [daemon.js:17438] [64a19dfcf6c14d208f5c35405460c042] ← POST /mavis/api/hooks/execute status=200 duration=1ms {"locale":"en"}
[19:26:18.154] INFO: [daemon.js:17438] [9d3b3268cdd741e989776061b9ece67a] → POST /mavis/api/metrics/runtime-event
[19:26:18.154] INFO: [daemon.js:17438] [9d3b3268cdd741e989776061b9ece67a] ← POST /mavis/api/metrics/runtime-event status=204 duration=0ms {"locale":"en"}
[19:26:18.155] INFO: [daemon.js:17438] [d95a5eb801a14afa8678510c1d974d65] → POST /mavis/api/hooks/execute
[19:26:18.155] INFO: [daemon.js:17438] [hook-registry] matcher did not match, hook filtered out {"module":"hook-registry","hookId":"builtin:read-image-compressor","matcher":"^[Rr]ead$","matchValue":"write"}
[19:26:18.155] INFO: [daemon.js:17438] [hook-registry] matcher did not match, hook filtered out {"module":"hook-registry","hookId":"builtin:cu-image-injector","matcher":"^[Bb]ash$","matchValue":"write"}
[19:26:18.155] INFO: [daemon.js:17438] [hook-registry] hooks filtered by matcher {"module":"hook-registry","hookEvent":"PostToolUse","matchValue":"write","beforeCount":7,"afterCount":5}
[19:26:18.156] INFO: [daemon.js:17438] [d95a5eb801a14afa8678510c1d974d65] ← POST /mavis/api/hooks/execute status=200 duration=1ms {"locale":"en"}
[19:26:18.158] INFO: [daemon.js:17438] [7e650677cdf4439a885fbc63e7cdffed] → POST /mavis/api/metrics/runtime-event
[19:26:18.159] INFO: [daemon.js:17438] [7e650677cdf4439a885fbc63e7cdffed] ← POST /mavis/api/metrics/runtime-event status=204 duration=1ms {"locale":"en"}
[19:26:18.174] INFO: [daemon.js:17438] [bac920d602794e89a8ab427e11efa062] → POST /mavis/api/metrics/runtime-event
[19:26:18.174] INFO: [daemon.js:17438] [bac920d602794e89a8ab427e11efa062] ← POST /mavis/api/metrics/runtime-event status=204 duration=0ms {"locale":"en"}
[19:26:21.420] INFO: [daemon.js:17438] [8e83954a22bb4c29b67f3610fd7abd1e] → GET /mavis/health
[19:26:21.421] INFO: [daemon.js:17438] [8e83954a22bb4c29b67f3610fd7abd1e] ← GET /mavis/health status=200 duration=1ms {"locale":"en"}
[19:26:21.767] INFO: [daemon.js:17438] [7bcf1d81cd054f709de6268b2cdd961f] → GET /mavis/api/agent/agent-45acf34ec377
[19:26:21.768] INFO: [daemon.js:17438] [43d2d727e4bc4cea803aa84ac757d49d] → GET /mavis/api/channel-bridge/status
[19:26:21.768] INFO: [daemon.js:17438] [43d2d727e4bc4cea803aa84ac757d49d] ← GET /mavis/api/channel-bridge/status status=200 duration=0ms {"locale":"en"}
[19:26:21.768] INFO: [daemon.js:17438] [7bcf1d81cd054f709de6268b2cdd961f] ← GET /mavis/api/agent/agent-45acf34ec377 status=200 duration=1ms {"locale":"en"}
[19:26:22.342] INFO: [daemon.js:17438] [7a247f6fe1e54c1fb2b790bd8bdd7ef5] → POST /mavis/api/metrics/runtime-event
[19:26:22.343] INFO: [daemon.js:17438] [7a247f6fe1e54c1fb2b790bd8bdd7ef5] ← POST /mavis/api/metrics/runtime-event status=204 duration=1ms {"locale":"en"}
[19:26:22.350] INFO: [daemon.js:17438] [1e844a8d69eb469c87735b9825f3ade0] [monitor] response TTFT measured sessionId=mvs_5e0fcbb6257a4549a051144c47bf9b3b agentName=agent-45acf34ec377 ttftMs=20663 breakdown={"resolveSession":0,"reconcileConfig":0,"hooks":409,"modelResolve":1,"adapterSend":20253}
[19:26:22.637] INFO: [daemon.js:17438] [dc551a12e343468bbc24d802a26f374c] [bridge] Emitting session.finish event sessionId=mvs_5e0fcbb6257a4549a051144c47bf9b3b agentName=agent-45acf34ec377 isError=false
[19:26:22.640] INFO: [daemon.js:17438] [adeacab31b5f4b899c8504b9833c21e0] [cron-store] Loaded cron configs, count=0
[19:26:22.649] INFO: [daemon.js:17438] [351ff09b38674a4d856926008b55e0a0] → GET /mavis/api/session/mvs_5e0fcbb6257a4549a051144c47bf9b3b/diff
[19:26:22.649] INFO: [daemon.js:17438] [022ca470c59d4bc1ba8ece57f4ce84b2] → GET /mavis/api/session/mvs_5e0fcbb6257a4549a051144c47bf9b3b
[19:26:22.651] INFO: [daemon.js:17438] [351ff09b38674a4d856926008b55e0a0] ← GET /mavis/api/session/mvs_5e0fcbb6257a4549a051144c47bf9b3b/diff status=200 duration=2ms {"locale":"en"}
[19:26:22.653] INFO: [daemon.js:17438] [022ca470c59d4bc1ba8ece57f4ce84b2] ← GET /mavis/api/session/mvs_5e0fcbb6257a4549a051144c47bf9b3b status=200 duration=4ms {"locale":"en"}
[19:26:31.428] INFO: [daemon.js:17438] [8a50f2be81b3404882733cca7b2b8bf3] → GET /mavis/health
[19:26:31.429] INFO: [daemon.js:17438] [8a50f2be81b3404882733cca7b2b8bf3] ← GET /mavis/health status=200 duration=1ms {"locale":"en"}
[19:26:41.437] INFO: [daemon.js:17438] [e1ac5eb08ce94ca6bff2fcfc3e009508] → GET /mavis/health
[19:26:41.437] INFO: [daemon.js:17438] [e1ac5eb08ce94ca6bff2fcfc3e009508] ← GET /mavis/health status=200 duration=0ms {"locale":"en"}
[19:26:51.448] INFO: [daemon.js:17438] [0c6666ae49374413ad187ead53b1e29b] → GET /mavis/health
[19:26:51.448] INFO: [daemon.js:17438] [0c6666ae49374413ad187ead53b1e29b] ← GET /mavis/health status=200 duration=0ms {"locale":"en"}
[19:26:51.507] INFO: [daemon.js:17438] [03fcefd728f24639a150377cb21f04f1] → POST /mavis/api/content
[19:26:51.733] INFO: [daemon.js:17438] [03fcefd728f24639a150377cb21f04f1] ← POST /mavis/api/content status=200 duration=227ms {"locale":"en"}
[19:26:51.736] INFO: [daemon.js:17438] [d19ccac4e46e44b68a4c12d33b306211] → POST /mavis/api/session/mvs_5e0fcbb6257a4549a051144c47bf9b3b/message
[19:26:51.737] INFO: [daemon.js:17438] [d19ccac4e46e44b68a4c12d33b306211] SendMessage received for agent-45acf34ec377/mvs_5e0fcbb6257a4549a051144c47bf9b3b {"locale":"en"}
[19:26:51.737] INFO: [daemon.js:17438] [message] Forwarding user message {"ctx":{"traceId":"d19ccac4e46e44b68a4c12d33b306211","locale":"en"},"agentName":"agent-45acf34ec377","sessionId":"mvs_5e0fcbb6257a4549a051144c47bf9b3b","queuedMessageCount":0,"turnId":"f4da1e2c-8d41-4e4b-9b5c-7548ec9cd558"}
[19:26:51.737] INFO: [daemon.js:17438] [d19ccac4e46e44b68a4c12d33b306211] ← POST /mavis/api/session/mvs_5e0fcbb6257a4549a051144c47bf9b3b/message status=200 duration=1ms {"locale":"en"}
[19:26:51.737] INFO: [daemon.js:17438] [0533ff6742d241e4b2711fb5723a6e90] Session turnId updated sessionId=mvs_5e0fcbb6257a4549a051144c47bf9b3b turnId=f4da1e2c-8d41-4e4b-9b5c-7548ec9cd558
[19:26:51.737] INFO: [daemon.js:17438] [b32d2851cfce442db43e1c97f9237bc7] Resolved model from request override agentName=agent-45acf34ec377 providerID=minimax modelID=MiniMax-M2.7
[19:26:51.743] INFO: [daemon.js:17438] [26e2fa526cac4b01b17fc08b5f5198a4] Resolved model from request override agentName=agent-45acf34ec377 providerID=minimax modelID=MiniMax-M2.7
[19:26:51.745] INFO: [daemon.js:17438] [d19ccac4e46e44b68a4c12d33b306211] sendMessage started, agentName=agent-45acf34ec377, sessionId=mvs_5e0fcbb6257a4549a051144c47bf9b3b {"locale":"en"}
[19:26:51.775] INFO: [daemon.js:17438] [68b7230dca53491b94b9c9a8d4bc1bbf] → POST /mavis/api/metrics/runtime-event
[19:26:51.775] INFO: [daemon.js:17438] [68b7230dca53491b94b9c9a8d4bc1bbf] ← POST /mavis/api/metrics/runtime-event status=204 duration=0ms {"locale":"en"}
[19:26:54.304] INFO: [daemon.js:17438] [5b32de0c2e4b49d39b2eaad35fbf8881] → GET /mavis/api/models
[19:26:54.305] INFO: [daemon.js:17438] [91d27df3d1a04effb5eaea812169cdc1] → GET /mavis/api/agent/mavis/skill
[19:26:54.306] INFO: [daemon.js:17438] [5b32de0c2e4b49d39b2eaad35fbf8881] ← GET /mavis/api/models status=200 duration=2ms {"locale":"en"}
[19:26:54.307] INFO: [daemon.js:17438] skill block emitted {"ctx":{"traceId":"ab31d7d79f3d42a086ca30e33749c4d5"},"event":"skill_block_emitted","agent":"mavis","total_count":24,"total_chars":11685,"skills":[{"name":"create-agent","char_count":676,"source_kind":"builtin-global"},{"name":"init-harness","char_count":521,"source_kind":"builtin-global"},{"name":"lark-tools","char_count":899,"source_kind":"builtin-global"},{"name":"literature-note","char_count":281,"source_kind":"user-mavis"},{"name":"llm-call","char_count":337,"source_kind":"builtin-global"},{"name":"mavis","char_count":950,"source_kind":"builtin-global"},{"name":"mavis-browser","char_count":355,"source_kind":"builtin-global"},{"name":"mavis-doctor","char_count":300,"source_kind":"builtin-agent"},{"name":"mavis-team","char_count":952,"source_kind":"builtin-agent"},{"name":"mcp-cli","char_count":121,"source_kind":"builtin-global"},{"name":"mcp-onboarding","char_count":169,"source_kind":"builtin-global"},{"name":"minimax-docx","char_count":235,"source_kind":"builtin-global"},{"name":"minimax-pdf","char_count":322,"source_kind":"builtin-global"},{"name":"minimax-pptx","char_count":261,"source_kind":"builtin-global"},{"name":"minimax-xlsx","char_count":350,"source_kind":"builtin-global"},{"name":"obsidian-cli","char_count":1134,"source_kind":null},{"name":"plan-mode","char_count":308,"source_kind":"builtin-global"},{"name":"skill-creator","char_count":363,"source_kind":"builtin-global"},{"name":"skill-evolution","char_count":614,"source_kind":"builtin-global"},{"name":"skill-refiner","char_count":326,"source_kind":"builtin-global"},{"name":"visual-summary","char_count":614,"source_kind":"builtin-global"},{"name":"worktree-management","char_count":480,"source_kind":"builtin-global"},{"name":"x-link-reader","char_count":315,"source_kind":"builtin-global"},{"name":"zotero-use","char_count":802,"source_kind":null}]}
[19:26:54.307] INFO: [daemon.js:17438] [91d27df3d1a04effb5eaea812169cdc1] ← GET /mavis/api/agent/mavis/skill status=200 duration=2ms {"locale":"en"}
[19:26:54.307] INFO: [daemon.js:17438] [e99c9c5da2624d0d924b2bd9b1bf0416] → GET /mavis/api/session/mvs_b64802478430455b968a4d7fb38e953a/queue
[19:26:54.307] INFO: [daemon.js:17438] [e99c9c5da2624d0d924b2bd9b1bf0416] ← GET /mavis/api/session/mvs_b64802478430455b968a4d7fb38e953a/queue status=200 duration=0ms {"locale":"en"}
[19:26:54.308] INFO: [daemon.js:17438] [5f05e2949e4a4dec967b528665a77c69] → GET /mavis/api/agent/mavis/questionnaire/pending
[19:26:54.308] INFO: [daemon.js:17438] [5f05e2949e4a4dec967b528665a77c69] ← GET /mavis/api/agent/mavis/questionnaire/pending status=200 duration=0ms {"locale":"en"}
[19:26:54.431] INFO: [daemon.js:17438] [5995548b23034ba2b708ec9dd495f26e] → GET /mavis/api/session/mvs_b64802478430455b968a4d7fb38e953a
[19:26:54.446] INFO: [daemon.js:17438] [5995548b23034ba2b708ec9dd495f26e] ← GET /mavis/api/session/mvs_b64802478430455b968a4d7fb38e953a status=200 duration=15ms {"locale":"en"}
[19:26:54.448] INFO: [daemon.js:17438] [c4e5f1c1d6f348e19f3c70bd99eca712] → GET /mavis/api/session/mvs_b64802478430455b968a4d7fb38e953a/message
[19:26:54.449] INFO: [daemon.js:17438] MessageStore list completed {"ctx":{"traceId":"c4e5f1c1d6f348e19f3c70bd99eca712","locale":"en"},"sessionId":"mvs_b64802478430455b968a4d7fb38e953a","durationMs":0,"messageCount":23,"hasNextCursor":false}
[19:26:54.450] INFO: [daemon.js:17438] [c4e5f1c1d6f348e19f3c70bd99eca712] ← GET /mavis/api/session/mvs_b64802478430455b968a4d7fb38e953a/message status=200 duration=2ms {"locale":"en"}
[19:26:54.454] INFO: [daemon.js:17438] [422b97d1806d4b52886badb0c0f8f71f] → GET /mavis/api/session/mvs_90568c75622b4fdcbad5628befce3622
[19:26:54.454] INFO: [daemon.js:17438] [422b97d1806d4b52886badb0c0f8f71f] ← GET /mavis/api/session/mvs_90568c75622b4fdcbad5628befce3622 status=200 duration=0ms {"locale":"en"}
[19:26:54.455] INFO: [daemon.js:17438] [b027486f1a05477f914cba1971b98df8] → GET /mavis/api/session/mvs_b64802478430455b968a4d7fb38e953a/queue
[19:26:54.455] INFO: [daemon.js:17438] [b027486f1a05477f914cba1971b98df8] ← GET /mavis/api/session/mvs_b64802478430455b968a4d7fb38e953a/queue status=200 duration=0ms {"locale":"en"}
[19:26:55.372] INFO: [daemon.js:17438] [40102663e3944fd6bc137f280a737cfa] → POST /mavis/api/metrics/runtime-event
[19:26:55.373] INFO: [daemon.js:17438] [40102663e3944fd6bc137f280a737cfa] ← POST /mavis/api/metrics/runtime-event status=204 duration=1ms {"locale":"en"}
[19:26:55.373] INFO: [daemon.js:17438] [3362887d3af54ac1bf5200623a023d42] → POST /mavis/api/permission/check
[19:26:55.373] INFO: [daemon.js:17438] [3362887d3af54ac1bf5200623a023d42] Permission check requested: bash for agent-45acf34ec377 {"locale":"en"}
[19:26:55.374] INFO: [daemon.js:17438] Created ToolPermissionContext {"mode":"auto","ruleCount":0,"sandboxEnabled":false,"workingDirectory":"C:\\Users\\jethr\\.mavis\\agents\\agent-45acf34ec377\\workspace"}
[19:26:55.374] INFO: [daemon.js:17438] [8e9c533b69164b1cab966400195401a3] BashToolPermissionChecker checkPermissions called, _toolName=bash, input={"command":"Get-Content \"C:\\Users\\jethr\\.mavis\\memory\\user.md\" -ErrorAction SilentlyContinue 2>&1","description":"Check existing user memory"}, context={"mode":"auto","rules":[],"sandboxEnabled":false,"autoAllowBashIfSandboxed":false,"workingDirectory":"C:\\Users\\jethr\\.mavis\\agents\\agent-45acf34ec377\\workspace","allowedWorkingPaths":[],"sandboxAllowPaths":[],"dataDir":"C:\\Users\\jethr\\.mavis","homeDir":"C:\\Users\\jethr","agentName":"agent-45acf34ec377","sessionId":"mvs_5e0fcbb6257a4549a051144c47bf9b3b","allowManagedPermissionRulesOnly":false,"interactiveTools":{}}
[19:26:55.374] INFO: [daemon.js:17438] [permission] subcommand layer=tail mode=default verdict=ask {"permLayer":"tail","permMode":"default","permVerdict":"ask","permReasonType":"safetyCheck","cmdPreview":"Get-Content \"C:\\Users\\jethr\\.mavis\\memory\\user.md\" -ErrorAction SilentlyContinue 2>&1"}
[19:26:55.374] INFO: [daemon.js:17438] [permission] whole-command layer=aggregated mode=default verdict=ask {"permLayer":"aggregated","permMode":"default","permVerdict":"ask","permScope":"whole-command","cmdPreview":"Get-Content \"C:\\Users\\jethr\\.mavis\\memory\\user.md\" -ErrorAction SilentlyContinue 2>&1","sessionId":"mvs_5e0fcbb6257a4549a051144c47bf9b3b","subcommandCount":1}
[19:26:55.374] INFO: [daemon.js:17438] [3ccffc3716164f3aad35960154e25756] [permission-service] Check result: toolName=bash behavior=ask reasonType=safetyCheck locale=en
[19:26:55.374] INFO: [daemon.js:17438] Running YOLO classifier {"toolName":"bash","inputLength":85,"sessionId":"mvs_5e0fcbb6257a4549a051144c47bf9b3b","agentId":"agent-45acf34ec377"}
[19:26:55.375] INFO: [daemon.js:17438] [permission] subcommand layer=tail mode=auto verdict=undecided {"permLayer":"tail","permMode":"auto","permVerdict":"undecided","permReasonType":"safetyCheck","cmdPreview":"Get-Content \"C:\\Users\\jethr\\.mavis\\memory\\user.md\" -ErrorAction SilentlyContinue 2>&1"}
[19:26:55.375] INFO: [daemon.js:17438] [permission] whole-command layer=aggregated mode=auto verdict=undecided {"permLayer":"aggregated","permMode":"auto","permVerdict":"undecided","permScope":"whole-command","cmdPreview":"Get-Content \"C:\\Users\\jethr\\.mavis\\memory\\user.md\" -ErrorAction SilentlyContinue 2>&1","subcommandCount":1}
[19:26:55.376] INFO: [daemon.js:17438] [ae820d09e63b4eba8342dfcff8caf9fb] [monitor] thinking TTFT measured sessionId=mvs_5e0fcbb6257a4549a051144c47bf9b3b agentName=agent-45acf34ec377 ttftMs=3639
[19:27:01.459] INFO: [daemon.js:17438] [8aa44b38e0b54e0db881cf1cf8b794c6] → GET /mavis/health
[19:27:01.459] INFO: [daemon.js:17438] [8aa44b38e0b54e0db881cf1cf8b794c6] ← GET /mavis/health status=200 duration=0ms {"locale":"en"}
[19:27:01.749] INFO: [daemon.js:17438] [d09a9fda25294a668c4af25e8703c5b9] → GET /mavis/api/models
[19:27:01.750] INFO: [daemon.js:17438] [d09a9fda25294a668c4af25e8703c5b9] ← GET /mavis/api/models status=200 duration=1ms {"locale":"en"}
[19:27:01.751] INFO: [daemon.js:17438] [5404e2b1465f43c08a7a2f9bc8862bd8] → GET /mavis/api/agent/agent-45acf34ec377/skill
[19:27:01.751] INFO: [daemon.js:17438] skill block emitted {"ctx":{"traceId":"2a4a61a83db2469fa12c8d2bd45fac5e"},"event":"skill_block_emitted","agent":"agent-45acf34ec377","total_count":22,"total_chars":10433,"skills":[{"name":"create-agent","char_count":676,"source_kind":"builtin-global"},{"name":"init-harness","char_count":521,"source_kind":"builtin-global"},{"name":"lark-tools","char_count":899,"source_kind":"builtin-global"},{"name":"literature-note","char_count":281,"source_kind":"user-mavis"},{"name":"llm-call","char_count":337,"source_kind":"builtin-global"},{"name":"mavis","char_count":950,"source_kind":"builtin-global"},{"name":"mavis-browser","char_count":355,"source_kind":"builtin-global"},{"name":"mcp-cli","char_count":121,"source_kind":"builtin-global"},{"name":"mcp-onboarding","char_count":169,"source_kind":"builtin-global"},{"name":"minimax-docx","char_count":235,"source_kind":"builtin-global"},{"name":"minimax-pdf","char_count":322,"source_kind":"builtin-global"},{"name":"minimax-pptx","char_count":261,"source_kind":"builtin-global"},{"name":"minimax-xlsx","char_count":350,"source_kind":"builtin-global"},{"name":"obsidian-cli","char_count":1134,"source_kind":null},{"name":"plan-mode","char_count":308,"source_kind":"builtin-global"},{"name":"skill-creator","char_count":363,"source_kind":"builtin-global"},{"name":"skill-evolution","char_count":614,"source_kind":"builtin-global"},{"name":"skill-refiner","char_count":326,"source_kind":"builtin-global"},{"name":"visual-summary","char_count":614,"source_kind":"builtin-global"},{"name":"worktree-management","char_count":480,"source_kind":"builtin-global"},{"name":"x-link-reader","char_count":315,"source_kind":"builtin-global"},{"name":"zotero-use","char_count":802,"source_kind":null}]}
[19:27:01.752] INFO: [daemon.js:17438] [5404e2b1465f43c08a7a2f9bc8862bd8] ← GET /mavis/api/agent/agent-45acf34ec377/skill status=200 duration=1ms {"locale":"en"}
[19:27:01.752] INFO: [daemon.js:17438] [9d5ea05c71f2474b84362a4d3ba014c2] → GET /mavis/api/session/mvs_5e0fcbb6257a4549a051144c47bf9b3b/queue
[19:27:01.752] INFO: [daemon.js:17438] [9d5ea05c71f2474b84362a4d3ba014c2] ← GET /mavis/api/session/mvs_5e0fcbb6257a4549a051144c47bf9b3b/queue status=200 duration=0ms {"locale":"en"}
[19:27:01.752] INFO: [daemon.js:17438] [66284ee7a9854e2cad29db00ad3c2f91] → GET /mavis/api/agent/agent-45acf34ec377/questionnaire/pending
[19:27:01.752] INFO: [daemon.js:17438] [66284ee7a9854e2cad29db00ad3c2f91] ← GET /mavis/api/agent/agent-45acf34ec377/questionnaire/pending status=200 duration=0ms {"locale":"en"}
[19:27:01.870] INFO: [daemon.js:17438] [92b6ac80b4a74147b85b097dbe2e1a07] → GET /mavis/api/session/mvs_5e0fcbb6257a4549a051144c47bf9b3b
[19:27:01.870] INFO: [daemon.js:17438] [92b6ac80b4a74147b85b097dbe2e1a07] ← GET /mavis/api/session/mvs_5e0fcbb6257a4549a051144c47bf9b3b status=200 duration=0ms {"locale":"en"}
[19:27:01.872] INFO: [daemon.js:17438] [3df2c50daca642959b95abf58ded10a3] → GET /mavis/api/session/mvs_5e0fcbb6257a4549a051144c47bf9b3b/message
[19:27:01.873] INFO: [daemon.js:17438] MessageStore list completed {"ctx":{"traceId":"3df2c50daca642959b95abf58ded10a3","locale":"en"},"sessionId":"mvs_5e0fcbb6257a4549a051144c47bf9b3b","durationMs":1,"messageCount":32,"hasNextCursor":false}
[19:27:01.873] INFO: [daemon.js:17438] [3df2c50daca642959b95abf58ded10a3] ← GET /mavis/api/session/mvs_5e0fcbb6257a4549a051144c47bf9b3b/message status=200 duration=1ms {"locale":"en"}
[19:27:01.886] INFO: [daemon.js:17438] [97a6ad4fd60642f783c56ff207b157c5] → GET /mavis/api/session/mvs_5e0fcbb6257a4549a051144c47bf9b3b/queue
[19:27:01.886] INFO: [daemon.js:17438] [97a6ad4fd60642f783c56ff207b157c5] ← GET /mavis/api/session/mvs_5e0fcbb6257a4549a051144c47bf9b3b/queue status=200 duration=0ms {"locale":"en"}
[19:27:02.153] INFO: [daemon.js:17438] [d647f0c3f90846e4919d4cdd1700cafa] → POST /mavis/api/session/mvs_5e0fcbb6257a4549a051144c47bf9b3b/resume
[19:27:02.153] INFO: [daemon.js:17438] [d647f0c3f90846e4919d4cdd1700cafa] [resume] SSE stream started, agentName=agent-45acf34ec377, sessionId=mvs_5e0fcbb6257a4549a051144c47bf9b3b, msgId=umsg_34f9b393994c4acdbde2b50b813d4d30, turnId=17a47107-84d5-4402-a193-22c87512347f, drainQueued=false {"locale":"en"}
[19:27:02.155] INFO: [daemon.js:17438] MessageStore list completed {"ctx":{"traceId":"d647f0c3f90846e4919d4cdd1700cafa","locale":"en"},"sessionId":"mvs_5e0fcbb6257a4549a051144c47bf9b3b","durationMs":1,"messageCount":32,"hasNextCursor":false}
[19:27:02.155] INFO: [daemon.js:17438] [d647f0c3f90846e4919d4cdd1700cafa] ← POST /mavis/api/session/mvs_5e0fcbb6257a4549a051144c47bf9b3b/resume status=200 duration=2ms {"locale":"en"}
[19:27:07.750] INFO: [daemon.js:17438] Stage 2 LLM classification result {"toolName":"bash","verdict":"allow","reason":"Read-only file read operation within the mavis workspace area; no secrets, no system paths, no destructive side effects.","model":"minimax/MiniMax-M2.7","isIrreversibleDelete":false,"confidence":0.95}
[19:27:07.750] INFO: [daemon.js:17438] [2b83b70cc7474c64aa4a30678760bc03] [permission-service] Auto mode classifier result: toolName=bash verdict=allow reason=Read-only file read operation within the mavis workspace area; no secrets, no system paths, no destructive side effects. model=minimax/MiniMax-M2.7 stage=thinking durationMs=12376 locale=en
[19:27:07.750] INFO: [daemon.js:17438] [3362887d3af54ac1bf5200623a023d42] Permission check result: bash → allow {"locale":"en"}
[19:27:07.750] INFO: [daemon.js:17438] [3362887d3af54ac1bf5200623a023d42] ← POST /mavis/api/permission/check status=200 duration=12377ms {"locale":"en"}
[19:27:07.753] INFO: [daemon.js:17438] [a6e3673693cd48d68bbef85b529afa5e] → POST /mavis/api/hooks/execute
[19:27:07.754] INFO: [daemon.js:17438] [hook-registry] matcher did not match, hook filtered out {"module":"hook-registry","hookId":"builtin:binary-read-guard","matcher":"^[Rr]ead$","matchValue":"bash"}
[19:27:07.754] INFO: [daemon.js:17438] [hook-registry] matcher did not match, hook filtered out {"module":"hook-registry","hookId":"builtin:docx-skill-env-gate","matcher":"^[Ss][Kk][Ii][Ll][Ll]$","matchValue":"bash"}
[19:27:07.754] INFO: [daemon.js:17438] [hook-registry] hooks filtered by matcher {"module":"hook-registry","hookEvent":"PreToolUse","matchValue":"bash","beforeCount":2,"afterCount":0}
[19:27:07.754] INFO: [daemon.js:17438] [a6e3673693cd48d68bbef85b529afa5e] ← POST /mavis/api/hooks/execute status=200 duration=1ms {"locale":"en"}
[19:27:07.771] INFO: [daemon.js:17438] [message] SSE terminated: superseded by newer turn {"ctx":{"traceId":"d19ccac4e46e44b68a4c12d33b306211","locale":"en"},"sessionId":"mvs_5e0fcbb6257a4549a051144c47bf9b3b","myTurnId":"f4da1e2c-8d41-4e4b-9b5c-7548ec9cd558","currentTurnId":"17a47107-84d5-4402-a193-22c87512347f"}
[19:27:07.917] INFO: [daemon.js:17438] [deca2a6bc5914d448faf795ae4286933] → POST /mavis/api/metrics/runtime-event
[19:27:07.918] INFO: [daemon.js:17438] [deca2a6bc5914d448faf795ae4286933] ← POST /mavis/api/metrics/runtime-event status=204 duration=1ms {"locale":"en"}
[19:27:07.918] INFO: [daemon.js:17438] [f55e39cc424d4bf19b211c14a9ae1208] → POST /mavis/api/hooks/execute
[19:27:07.918] INFO: [daemon.js:17438] [hook-registry] matcher did not match, hook filtered out {"module":"hook-registry","hookId":"builtin:read-image-compressor","matcher":"^[Rr]ead$","matchValue":"bash"}
[19:27:07.919] INFO: [daemon.js:17438] [hook-registry] hooks filtered by matcher {"module":"hook-registry","hookEvent":"PostToolUse","matchValue":"bash","beforeCount":7,"afterCount":6}
[19:27:07.919] INFO: [daemon.js:17438] [f55e39cc424d4bf19b211c14a9ae1208] ← POST /mavis/api/hooks/execute status=200 duration=1ms {"locale":"en"}
[19:27:07.922] INFO: [daemon.js:17438] [8bb41233f8d74bb4aefdb6d86ffeca06] → POST /mavis/api/metrics/runtime-event
[19:27:07.922] INFO: [daemon.js:17438] [8bb41233f8d74bb4aefdb6d86ffeca06] ← POST /mavis/api/metrics/runtime-event status=204 duration=0ms {"locale":"en"}
[19:27:07.938] INFO: [daemon.js:17438] [247aa06ca85f44718de81b8c95cf5c0f] → POST /mavis/api/metrics/runtime-event
[19:27:07.938] INFO: [daemon.js:17438] [247aa06ca85f44718de81b8c95cf5c0f] ← POST /mavis/api/metrics/runtime-event status=204 duration=0ms {"locale":"en"}
[19:27:07.945] INFO: [daemon.js:17438] [158b3c7945d3453fbbf09fd059a529c1] → GET /mavis/api/session/mvs_5e0fcbb6257a4549a051144c47bf9b3b
[19:27:07.945] INFO: [daemon.js:17438] [158b3c7945d3453fbbf09fd059a529c1] ← GET /mavis/api/session/mvs_5e0fcbb6257a4549a051144c47bf9b3b status=200 duration=0ms {"locale":"en"}
[19:27:11.468] INFO: [daemon.js:17438] [667f9e7c26814cb1af3a230a2121efb9] → GET /mavis/health
[19:27:11.468] INFO: [daemon.js:17438] [667f9e7c26814cb1af3a230a2121efb9] ← GET /mavis/health status=200 duration=0ms {"locale":"en"}
[19:27:12.033] INFO: [daemon.js:17438] [4e41e0a5095747ef9a8ef697113438b7] → POST /mavis/api/metrics/runtime-event
[19:27:12.033] INFO: [daemon.js:17438] [4e41e0a5095747ef9a8ef697113438b7] ← POST /mavis/api/metrics/runtime-event status=204 duration=0ms {"locale":"en"}
[19:27:12.034] INFO: [daemon.js:17438] [0f4fc8c97ffd4098bd352a4645baf0de] → POST /mavis/api/permission/check
[19:27:12.034] INFO: [daemon.js:17438] [0f4fc8c97ffd4098bd352a4645baf0de] Permission check requested: write for agent-45acf34ec377 {"locale":"en"}
[19:27:12.034] INFO: [daemon.js:17438] Created ToolPermissionContext {"mode":"auto","ruleCount":0,"sandboxEnabled":false,"workingDirectory":"C:\\Users\\jethr\\.mavis\\agents\\agent-45acf34ec377\\workspace"}
[19:27:12.034] INFO: [daemon.js:17438] [93414e548dd2444388ca536bdb9b613c] FsToolPermissionChecker checkPermissions called, toolName=write, input={"content":"# User Profile\n\n## Jethro Lai\n\n### Role & Field\n- Clinical/medical domain — focus areas visible in Zotero: Psychiatry, FMPC (medicine), ICU/critical care\n- Working/studying in areas: mental health, consultation-liaison, ICU outcomes, ML applied to ICU\n- Has a \"Learning and Note-taking\" collection suggesting active academic work\n\n### PKM Setup\n- **Zotero**: linked PDF storage at `G:\\我的雲端硬碟\\ZoteroLibrary` (organized by author surname / year)\n- **Obsidian**: vault \"Notes\", active daily notes from Feb 2025\n- **Preferred citation format in frontmatter**: short citation (e.g. \"Smith et al., 2023\"), NOT Zotero key or DOI\n\n### Preferences\n- Does NOT use scratchpad — only skill files and agent config as persistent reference\n- Prefers concise, direct interaction — no fluff\n- Updates to skill files are welcome and expected as I learn more about the setup","filePath":"C:\\Users\\jethr\\.mavis\\memory\\user.md"}, context={"mode":"auto","rules":[],"sandboxEnabled":false,"autoAllowBashIfSandboxed":false,"workingDirectory":"C:\\Users\\jethr\\.mavis\\agents\\agent-45acf34ec377\\workspace","allowedWorkingPaths":[],"sandboxAllowPaths":[],"dataDir":"C:\\Users\\jethr\\.mavis","homeDir":"C:\\Users\\jethr","agentName":"agent-45acf34ec377","sessionId":"mvs_5e0fcbb6257a4549a051144c47bf9b3b","allowManagedPermissionRulesOnly":false,"interactiveTools":{}}
[19:27:12.035] INFO: [daemon.js:17438] [b331da846d5a4e86bc7735797d610fa9] [permission-service] Check result: toolName=write behavior=allow reasonType=internalWhitelist locale=en
[19:27:12.035] INFO: [daemon.js:17438] [0f4fc8c97ffd4098bd352a4645baf0de] Permission check result: write → allow {"locale":"en"}
[19:27:12.035] INFO: [daemon.js:17438] [0f4fc8c97ffd4098bd352a4645baf0de] ← POST /mavis/api/permission/check status=200 duration=1ms {"locale":"en"}
[19:27:12.036] INFO: [daemon.js:17438] [909f08459029415c8604c795d9a24365] → POST /mavis/api/hooks/execute
[19:27:12.036] INFO: [daemon.js:17438] [hook-registry] matcher did not match, hook filtered out {"module":"hook-registry","hookId":"builtin:binary-read-guard","matcher":"^[Rr]ead$","matchValue":"write"}
[19:27:12.036] INFO: [daemon.js:17438] [hook-registry] matcher did not match, hook filtered out {"module":"hook-registry","hookId":"builtin:docx-skill-env-gate","matcher":"^[Ss][Kk][Ii][Ll][Ll]$","matchValue":"write"}
[19:27:12.037] INFO: [daemon.js:17438] [hook-registry] hooks filtered by matcher {"module":"hook-registry","hookEvent":"PreToolUse","matchValue":"write","beforeCount":2,"afterCount":0}
[19:27:12.037] INFO: [daemon.js:17438] [909f08459029415c8604c795d9a24365] ← POST /mavis/api/hooks/execute status=200 duration=1ms {"locale":"en"}
[19:27:12.039] INFO: [daemon.js:17438] [9b0baca0dc7b485d90b5be2559c1c56d] → POST /mavis/api/metrics/runtime-event
[19:27:12.039] INFO: [daemon.js:17438] [9b0baca0dc7b485d90b5be2559c1c56d] ← POST /mavis/api/metrics/runtime-event status=204 duration=0ms {"locale":"en"}
[19:27:12.040] INFO: [daemon.js:17438] [3129ceaf555544a18c7309b71f9aed18] → POST /mavis/api/hooks/execute
[19:27:12.040] INFO: [daemon.js:17438] [hook-registry] matcher did not match, hook filtered out {"module":"hook-registry","hookId":"builtin:read-image-compressor","matcher":"^[Rr]ead$","matchValue":"write"}
[19:27:12.040] INFO: [daemon.js:17438] [hook-registry] matcher did not match, hook filtered out {"module":"hook-registry","hookId":"builtin:cu-image-injector","matcher":"^[Bb]ash$","matchValue":"write"}
[19:27:12.040] INFO: [daemon.js:17438] [hook-registry] hooks filtered by matcher {"module":"hook-registry","hookEvent":"PostToolUse","matchValue":"write","beforeCount":7,"afterCount":5}
[19:27:12.040] INFO: [daemon.js:17438] [3129ceaf555544a18c7309b71f9aed18] ← POST /mavis/api/hooks/execute status=200 duration=0ms {"locale":"en"}
[19:27:12.042] INFO: [daemon.js:17438] [1be3420f206b4c9db54d79610ef715e8] → POST /mavis/api/metrics/runtime-event
[19:27:12.042] INFO: [daemon.js:17438] [1be3420f206b4c9db54d79610ef715e8] ← POST /mavis/api/metrics/runtime-event status=204 duration=0ms {"locale":"en"}
[19:27:12.055] INFO: [daemon.js:17438] [22872ff856334b58a1c538305d4eb608] → POST /mavis/api/metrics/runtime-event
[19:27:12.055] INFO: [daemon.js:17438] [22872ff856334b58a1c538305d4eb608] ← POST /mavis/api/metrics/runtime-event status=204 duration=0ms {"locale":"en"}
[19:27:12.114] INFO: [daemon.js:17438] [cb5d425f5ada4f4195500a695db94432] → GET /mavis/api/session/mvs_5e0fcbb6257a4549a051144c47bf9b3b
[19:27:12.114] INFO: [daemon.js:17438] [cb5d425f5ada4f4195500a695db94432] ← GET /mavis/api/session/mvs_5e0fcbb6257a4549a051144c47bf9b3b status=200 duration=0ms {"locale":"en"}
[19:27:14.598] INFO: [daemon.js:17438] [0b933c2ecbc446f0930126341e9d7351] → POST /mavis/api/metrics/runtime-event
[19:27:14.599] INFO: [daemon.js:17438] [0b933c2ecbc446f0930126341e9d7351] ← POST /mavis/api/metrics/runtime-event status=204 duration=1ms {"locale":"en"}
[19:27:14.605] INFO: [daemon.js:17438] [75ba3a21be8d4c8d98068dff78622149] [monitor] response TTFT measured sessionId=mvs_5e0fcbb6257a4549a051144c47bf9b3b agentName=agent-45acf34ec377 ttftMs=22868 breakdown={"resolveSession":0,"reconcileConfig":0,"hooks":6,"modelResolve":2,"adapterSend":22860}
[19:27:14.620] INFO: [daemon.js:17438] [a0f72619c47947399679b20e067a5a70] → GET /mavis/api/session/mvs_5e0fcbb6257a4549a051144c47bf9b3b
[19:27:14.620] INFO: [daemon.js:17438] [a0f72619c47947399679b20e067a5a70] ← GET /mavis/api/session/mvs_5e0fcbb6257a4549a051144c47bf9b3b status=200 duration=0ms {"locale":"en"}
[19:27:14.893] INFO: [daemon.js:17438] [81f426b5f8d0435a9d7dd49da0e997bc] [bridge] Emitting session.finish event sessionId=mvs_5e0fcbb6257a4549a051144c47bf9b3b agentName=agent-45acf34ec377 isError=false
[19:27:14.895] INFO: [daemon.js:17438] [dad194902421480bba9f5ad43c80c55c] [cron-store] Loaded cron configs, count=0
[19:27:21.471] INFO: [daemon.js:17438] [27beb3e76cac4e28a351ab1d5684c73f] → GET /mavis/health
[19:27:21.472] INFO: [daemon.js:17438] [27beb3e76cac4e28a351ab1d5684c73f] ← GET /mavis/health status=200 duration=1ms {"locale":"en"}
[19:27:31.477] INFO: [daemon.js:17438] [6d95acb7f66a49aba4c5d92abfd39e1d] → GET /mavis/health
[19:27:31.478] INFO: [daemon.js:17438] [6d95acb7f66a49aba4c5d92abfd39e1d] ← GET /mavis/health status=200 duration=1ms {"locale":"en"}
[19:27:41.485] INFO: [daemon.js:17438] [5fa3bd0105124528aadb9eaac1d844cd] → GET /mavis/health
[19:27:41.485] INFO: [daemon.js:17438] [5fa3bd0105124528aadb9eaac1d844cd] ← GET /mavis/health status=200 duration=0ms {"locale":"en"}
[19:27:51.496] INFO: [daemon.js:17438] [e7c48b9241464f01a2448d0cbe2f34b2] → GET /mavis/health
[19:27:51.497] INFO: [daemon.js:17438] [e7c48b9241464f01a2448d0cbe2f34b2] ← GET /mavis/health status=200 duration=1ms {"locale":"en"}
[19:28:01.510] INFO: [daemon.js:17438] [05622175f8524c24bf79120a38b030e5] → GET /mavis/health
[19:28:01.510] INFO: [daemon.js:17438] [05622175f8524c24bf79120a38b030e5] ← GET /mavis/health status=200 duration=0ms {"locale":"en"}
[19:28:06.387] INFO: [daemon.js:17438] [90dc95f68b84430cad3c4f6721649ac3] → POST /mavis/api/content
[19:28:06.662] INFO: [daemon.js:17438] [90dc95f68b84430cad3c4f6721649ac3] ← POST /mavis/api/content status=200 duration=275ms {"locale":"en"}
[19:28:06.665] INFO: [daemon.js:17438] [72c78b8d5f15490f91eef07fae74baad] → POST /mavis/api/session/mvs_5e0fcbb6257a4549a051144c47bf9b3b/message
[19:28:06.666] INFO: [daemon.js:17438] [72c78b8d5f15490f91eef07fae74baad] SendMessage received for agent-45acf34ec377/mvs_5e0fcbb6257a4549a051144c47bf9b3b {"locale":"en"}
[19:28:06.679] INFO: [daemon.js:17438] [message] Forwarding user message {"ctx":{"traceId":"72c78b8d5f15490f91eef07fae74baad","locale":"en"},"agentName":"agent-45acf34ec377","sessionId":"mvs_5e0fcbb6257a4549a051144c47bf9b3b","queuedMessageCount":0,"turnId":"6cbb0ebe-da70-488c-915c-bb5f928315c2"}
[19:28:06.679] INFO: [daemon.js:17438] [72c78b8d5f15490f91eef07fae74baad] ← POST /mavis/api/session/mvs_5e0fcbb6257a4549a051144c47bf9b3b/message status=200 duration=14ms {"locale":"en"}
[19:28:06.680] INFO: [daemon.js:17438] [368f762f3c5543cc9d7e9fe87168b51e] Session turnId updated sessionId=mvs_5e0fcbb6257a4549a051144c47bf9b3b turnId=6cbb0ebe-da70-488c-915c-bb5f928315c2
[19:28:06.680] INFO: [daemon.js:17438] [4766fe044eda477da6e3c1d449f366a9] Resolved model from request override agentName=agent-45acf34ec377 providerID=minimax modelID=MiniMax-M2.7
[19:28:06.687] INFO: [daemon.js:17438] [0fd31053ce70491d8c6bbb4882032313] Resolved model from request override agentName=agent-45acf34ec377 providerID=minimax modelID=MiniMax-M2.7
[19:28:06.688] INFO: [daemon.js:17438] [72c78b8d5f15490f91eef07fae74baad] sendMessage started, agentName=agent-45acf34ec377, sessionId=mvs_5e0fcbb6257a4549a051144c47bf9b3b {"locale":"en"}
[19:28:06.716] INFO: [daemon.js:17438] [fbe356429fee491aa8b28691f4016ff1] → POST /mavis/api/metrics/runtime-event
[19:28:06.717] INFO: [daemon.js:17438] [fbe356429fee491aa8b28691f4016ff1] ← POST /mavis/api/metrics/runtime-event status=204 duration=1ms {"locale":"en"}
[19:28:09.600] INFO: [daemon.js:17438] [73f0a88da3674794b9e74efca97f1c9f] → POST /mavis/api/metrics/runtime-event
[19:28:09.601] INFO: [daemon.js:17438] [73f0a88da3674794b9e74efca97f1c9f] ← POST /mavis/api/metrics/runtime-event status=204 duration=1ms {"locale":"en"}
[19:28:09.601] INFO: [daemon.js:17438] [11d80131cd4845f6a819ad220bde5c99] → POST /mavis/api/permission/check
[19:28:09.602] INFO: [daemon.js:17438] [11d80131cd4845f6a819ad220bde5c99] Permission check requested: edit for agent-45acf34ec377 {"locale":"en"}
[19:28:09.602] INFO: [daemon.js:17438] Created ToolPermissionContext {"mode":"auto","ruleCount":0,"sandboxEnabled":false,"workingDirectory":"C:\\Users\\jethr\\.mavis\\agents\\agent-45acf34ec377\\workspace"}
[19:28:09.602] INFO: [daemon.js:17438] [23646bcd6ec245bca9392eb017e7bd1f] FsToolPermissionChecker checkPermissions called, toolName=edit, input={"filePath":"C:\\Users\\jethr\\.mavis\\agents\\agent-45acf34ec377\\agent.md","newString":"- `source` — BetterBibtex citekey (e.g. `smith2023effectiveness`)","oldString":"- `source` — citation or link to the Reference Manager"}, context={"mode":"auto","rules":[],"sandboxEnabled":false,"autoAllowBashIfSandboxed":false,"workingDirectory":"C:\\Users\\jethr\\.mavis\\agents\\agent-45acf34ec377\\workspace","allowedWorkingPaths":[],"sandboxAllowPaths":[],"dataDir":"C:\\Users\\jethr\\.mavis","homeDir":"C:\\Users\\jethr","agentName":"agent-45acf34ec377","sessionId":"mvs_5e0fcbb6257a4549a051144c47bf9b3b","allowManagedPermissionRulesOnly":false,"interactiveTools":{}}
[19:28:09.602] INFO: [daemon.js:17438] [c38c339a12fc4f49be9f73c8e65e3b75] [permission-service] Check result: toolName=edit behavior=ask reasonType=safetyCheck locale=en
[19:28:09.602] INFO: [daemon.js:17438] Running YOLO classifier {"toolName":"edit","inputLength":56,"sessionId":"mvs_5e0fcbb6257a4549a051144c47bf9b3b","agentId":"agent-45acf34ec377"}
[19:28:09.603] INFO: [daemon.js:17438] [0ce86840ea694dcda4ccebf864fe7a92] → POST /mavis/api/metrics/runtime-event
[19:28:09.604] INFO: [daemon.js:17438] [0ce86840ea694dcda4ccebf864fe7a92] ← POST /mavis/api/metrics/runtime-event status=204 duration=1ms {"locale":"en"}
[19:28:09.605] INFO: [daemon.js:17438] [46705eb42bb841d8ab7735a2d1a55300] [monitor] thinking TTFT measured sessionId=mvs_5e0fcbb6257a4549a051144c47bf9b3b agentName=agent-45acf34ec377 ttftMs=2926
[19:28:09.606] INFO: [daemon.js:17438] [1e50bf3333ec4437a8c9f8ca81a22ed8] → POST /mavis/api/permission/check
[19:28:09.606] INFO: [daemon.js:17438] [1e50bf3333ec4437a8c9f8ca81a22ed8] Permission check requested: edit for agent-45acf34ec377 {"locale":"en"}
[19:28:09.606] INFO: [daemon.js:17438] Created ToolPermissionContext {"mode":"auto","ruleCount":0,"sandboxEnabled":false,"workingDirectory":"C:\\Users\\jethr\\.mavis\\agents\\agent-45acf34ec377\\workspace"}
[19:28:09.607] INFO: [daemon.js:17438] [9ccd5de8a442478a9259236fe6282b4c] FsToolPermissionChecker checkPermissions called, toolName=edit, input={"filePath":"C:\\Users\\jethr\\.mavis\\memory\\user.md","newString":"- **Preferred citation format in frontmatter**: BetterBibtex citekey (e.g. `smith2023effectiveness`)","oldString":"- **Preferred citation format in frontmatter**: short citation (e.g. \"Smith et al., 2023\"), NOT Zotero key or DOI"}, context={"mode":"auto","rules":[],"sandboxEnabled":false,"autoAllowBashIfSandboxed":false,"workingDirectory":"C:\\Users\\jethr\\.mavis\\agents\\agent-45acf34ec377\\workspace","allowedWorkingPaths":[],"sandboxAllowPaths":[],"dataDir":"C:\\Users\\jethr\\.mavis","homeDir":"C:\\Users\\jethr","agentName":"agent-45acf34ec377","sessionId":"mvs_5e0fcbb6257a4549a051144c47bf9b3b","allowManagedPermissionRulesOnly":false,"interactiveTools":{}}
[19:28:09.607] INFO: [daemon.js:17438] [e91cf469e3e34d69bb36a1ab18c7661f] [permission-service] Check result: toolName=edit behavior=allow reasonType=internalWhitelist locale=en
[19:28:09.607] INFO: [daemon.js:17438] [1e50bf3333ec4437a8c9f8ca81a22ed8] Permission check result: edit → allow {"locale":"en"}
[19:28:09.607] INFO: [daemon.js:17438] [1e50bf3333ec4437a8c9f8ca81a22ed8] ← POST /mavis/api/permission/check status=200 duration=1ms {"locale":"en"}
[19:28:09.607] INFO: [daemon.js:17438] [2923bedb302d43fc9854394d7b2cf1ae] → POST /mavis/api/hooks/execute
[19:28:09.608] INFO: [daemon.js:17438] [hook-registry] matcher did not match, hook filtered out {"module":"hook-registry","hookId":"builtin:binary-read-guard","matcher":"^[Rr]ead$","matchValue":"edit"}
[19:28:09.608] INFO: [daemon.js:17438] [hook-registry] matcher did not match, hook filtered out {"module":"hook-registry","hookId":"builtin:docx-skill-env-gate","matcher":"^[Ss][Kk][Ii][Ll][Ll]$","matchValue":"edit"}
[19:28:09.608] INFO: [daemon.js:17438] [hook-registry] hooks filtered by matcher {"module":"hook-registry","hookEvent":"PreToolUse","matchValue":"edit","beforeCount":2,"afterCount":0}
[19:28:09.608] INFO: [daemon.js:17438] [2923bedb302d43fc9854394d7b2cf1ae] ← POST /mavis/api/hooks/execute status=200 duration=1ms {"locale":"en"}
[19:28:09.612] INFO: [daemon.js:17438] [d3db8f3fe56c43fa80b9bcebaf4bcb1a] → POST /mavis/api/metrics/runtime-event
[19:28:09.613] INFO: [daemon.js:17438] [d3db8f3fe56c43fa80b9bcebaf4bcb1a] ← POST /mavis/api/metrics/runtime-event status=204 duration=1ms {"locale":"en"}
[19:28:09.613] INFO: [daemon.js:17438] [42da1d6c200546ef9f987245ad74024f] → POST /mavis/api/hooks/execute
[19:28:09.614] INFO: [daemon.js:17438] [hook-registry] matcher did not match, hook filtered out {"module":"hook-registry","hookId":"builtin:read-image-compressor","matcher":"^[Rr]ead$","matchValue":"edit"}
[19:28:09.614] INFO: [daemon.js:17438] [hook-registry] matcher did not match, hook filtered out {"module":"hook-registry","hookId":"builtin:cu-image-injector","matcher":"^[Bb]ash$","matchValue":"edit"}
[19:28:09.614] INFO: [daemon.js:17438] [hook-registry] hooks filtered by matcher {"module":"hook-registry","hookEvent":"PostToolUse","matchValue":"edit","beforeCount":7,"afterCount":5}
[19:28:09.614] INFO: [daemon.js:17438] [42da1d6c200546ef9f987245ad74024f] ← POST /mavis/api/hooks/execute status=200 duration=1ms {"locale":"en"}
[19:28:11.519] INFO: [daemon.js:17438] [76fcae67c44d4646ab620cb1c06a763a] → GET /mavis/health
[19:28:11.519] INFO: [daemon.js:17438] [76fcae67c44d4646ab620cb1c06a763a] ← GET /mavis/health status=200 duration=0ms {"locale":"en"}
[19:28:14.551] INFO: [daemon.js:17438] Stage 2 LLM classification result {"toolName":"edit","verdict":"allow","reason":"Editing a file within the agent workspace; bounded scope, no system path or secret file involved. The user's intent is to update citation format in their agent configuration.","model":"minimax/MiniMax-M2.7","isIrreversibleDelete":false,"confidence":0.95}
[19:28:14.551] INFO: [daemon.js:17438] [db2f7db2407448dabfad44127d2f73af] [permission-service] Auto mode classifier result: toolName=edit verdict=allow reason=Editing a file within the agent workspace; bounded scope, no system path or secret file involved. The user's intent is to update citation format in their agent configuration. model=minimax/MiniMax-M2.7 stage=thinking durationMs=4949 locale=en
[19:28:14.551] INFO: [daemon.js:17438] [11d80131cd4845f6a819ad220bde5c99] Permission check result: edit → allow {"locale":"en"}
[19:28:14.551] INFO: [daemon.js:17438] [11d80131cd4845f6a819ad220bde5c99] ← POST /mavis/api/permission/check status=200 duration=4950ms {"locale":"en"}
[19:28:14.557] INFO: [daemon.js:17438] [d43e4c04bf124f1e9a4274a3af268d05] → POST /mavis/api/hooks/execute
[19:28:14.558] INFO: [daemon.js:17438] [hook-registry] matcher did not match, hook filtered out {"module":"hook-registry","hookId":"builtin:binary-read-guard","matcher":"^[Rr]ead$","matchValue":"edit"}
[19:28:14.558] INFO: [daemon.js:17438] [hook-registry] matcher did not match, hook filtered out {"module":"hook-registry","hookId":"builtin:docx-skill-env-gate","matcher":"^[Ss][Kk][Ii][Ll][Ll]$","matchValue":"edit"}
[19:28:14.558] INFO: [daemon.js:17438] [hook-registry] hooks filtered by matcher {"module":"hook-registry","hookEvent":"PreToolUse","matchValue":"edit","beforeCount":2,"afterCount":0}
[19:28:14.558] INFO: [daemon.js:17438] [d43e4c04bf124f1e9a4274a3af268d05] ← POST /mavis/api/hooks/execute status=200 duration=1ms {"locale":"en"}
[19:28:14.562] INFO: [daemon.js:17438] [57be5394a6b84945be43e4a174eab535] → POST /mavis/api/metrics/runtime-event
[19:28:14.563] INFO: [daemon.js:17438] [57be5394a6b84945be43e4a174eab535] ← POST /mavis/api/metrics/runtime-event status=204 duration=1ms {"locale":"en"}
[19:28:14.563] INFO: [daemon.js:17438] [04dc2c4a60aa49438fd379e9b3eff057] → POST /mavis/api/hooks/execute
[19:28:14.563] INFO: [daemon.js:17438] [hook-registry] matcher did not match, hook filtered out {"module":"hook-registry","hookId":"builtin:read-image-compressor","matcher":"^[Rr]ead$","matchValue":"edit"}
[19:28:14.563] INFO: [daemon.js:17438] [hook-registry] matcher did not match, hook filtered out {"module":"hook-registry","hookId":"builtin:cu-image-injector","matcher":"^[Bb]ash$","matchValue":"edit"}
[19:28:14.563] INFO: [daemon.js:17438] [hook-registry] hooks filtered by matcher {"module":"hook-registry","hookEvent":"PostToolUse","matchValue":"edit","beforeCount":7,"afterCount":5}
[19:28:14.563] INFO: [daemon.js:17438] [04dc2c4a60aa49438fd379e9b3eff057] ← POST /mavis/api/hooks/execute status=200 duration=0ms {"locale":"en"}
[19:28:14.566] INFO: [daemon.js:17438] [2135bd68db5b41b29fb8bdf8cb99345a] → POST /mavis/api/metrics/runtime-event
[19:28:14.566] INFO: [daemon.js:17438] [2135bd68db5b41b29fb8bdf8cb99345a] ← POST /mavis/api/metrics/runtime-event status=204 duration=0ms {"locale":"en"}
[19:28:14.580] INFO: [daemon.js:17438] [0681a5dfa5a14e5d8e93e1bdb992c936] → POST /mavis/api/metrics/runtime-event
[19:28:14.581] INFO: [daemon.js:17438] [0681a5dfa5a14e5d8e93e1bdb992c936] ← POST /mavis/api/metrics/runtime-event status=204 duration=1ms {"locale":"en"}
[19:28:16.569] INFO: [daemon.js:17438] [0ec5f2fe151d4c7b98b8bd103289ad6a] → POST /mavis/api/metrics/runtime-event
[19:28:16.569] INFO: [daemon.js:17438] [0ec5f2fe151d4c7b98b8bd103289ad6a] ← POST /mavis/api/metrics/runtime-event status=204 duration=0ms {"locale":"en"}
[19:28:16.569] INFO: [daemon.js:17438] [0e2fd33f0afa4f24a7230d501a759674] → POST /mavis/api/permission/check
[19:28:16.570] INFO: [daemon.js:17438] [0e2fd33f0afa4f24a7230d501a759674] Permission check requested: bash for agent-45acf34ec377 {"locale":"en"}
[19:28:16.570] INFO: [daemon.js:17438] Created ToolPermissionContext {"mode":"auto","ruleCount":0,"sandboxEnabled":false,"workingDirectory":"C:\\Users\\jethr\\.mavis\\agents\\agent-45acf34ec377\\workspace"}
[19:28:16.570] INFO: [daemon.js:17438] [99094423e79049cd8640866543d1075b] BashToolPermissionChecker checkPermissions called, _toolName=bash, input={"command":"zot --local --library-id 0 --library-type user items get E65S32AP --output json 2>&1 | Select-Object -First 100","description":"Check if citekey is exposed in zot output"}, context={"mode":"auto","rules":[],"sandboxEnabled":false,"autoAllowBashIfSandboxed":false,"workingDirectory":"C:\\Users\\jethr\\.mavis\\agents\\agent-45acf34ec377\\workspace","allowedWorkingPaths":[],"sandboxAllowPaths":[],"dataDir":"C:\\Users\\jethr\\.mavis","homeDir":"C:\\Users\\jethr","agentName":"agent-45acf34ec377","sessionId":"mvs_5e0fcbb6257a4549a051144c47bf9b3b","allowManagedPermissionRulesOnly":false,"interactiveTools":{}}
[19:28:16.570] INFO: [daemon.js:17438] [permission] subcommand layer=tail mode=default verdict=ask {"permLayer":"tail","permMode":"default","permVerdict":"ask","permReasonType":"safetyCheck","cmdPreview":"zot --local --library-id 0 --library-type user items get E65S32AP --output json 2>&1"}
[19:28:16.570] INFO: [daemon.js:17438] [permission] subcommand layer=tail mode=default verdict=ask {"permLayer":"tail","permMode":"default","permVerdict":"ask","permReasonType":"safetyCheck","cmdPreview":"Select-Object -First 100"}
[19:28:16.570] INFO: [daemon.js:17438] [permission] whole-command layer=aggregated mode=default verdict=ask {"permLayer":"aggregated","permMode":"default","permVerdict":"ask","permScope":"whole-command","cmdPreview":"zot --local --library-id 0 --library-type user items get E65S32AP --output json 2>&1 | Select-Object -First 100","sessionId":"mvs_5e0fcbb6257a4549a051144c47bf9b3b","subcommandCount":2}
[19:28:16.571] INFO: [daemon.js:17438] [7c6c1b683d5543c29dbb3fb6a698e224] [permission-service] Check result: toolName=bash behavior=ask reasonType=safetyCheck locale=en
[19:28:16.571] INFO: [daemon.js:17438] Running YOLO classifier {"toolName":"bash","inputLength":111,"sessionId":"mvs_5e0fcbb6257a4549a051144c47bf9b3b","agentId":"agent-45acf34ec377"}
[19:28:16.571] INFO: [daemon.js:17438] [permission] subcommand layer=tail mode=auto verdict=undecided {"permLayer":"tail","permMode":"auto","permVerdict":"undecided","permReasonType":"safetyCheck","cmdPreview":"zot --local --library-id 0 --library-type user items get E65S32AP --output json 2>&1"}
[19:28:16.571] INFO: [daemon.js:17438] [permission] subcommand layer=tail mode=auto verdict=undecided {"permLayer":"tail","permMode":"auto","permVerdict":"undecided","permReasonType":"safetyCheck","cmdPreview":"Select-Object -First 100"}
[19:28:16.571] INFO: [daemon.js:17438] [permission] whole-command layer=aggregated mode=auto verdict=undecided {"permLayer":"aggregated","permMode":"auto","permVerdict":"undecided","permScope":"whole-command","cmdPreview":"zot --local --library-id 0 --library-type user items get E65S32AP --output json 2>&1 | Select-Object -First 100","subcommandCount":2}
[19:28:16.573] INFO: [daemon.js:17438] [0cf00db91b554f669581920b8a0a4bbf] [monitor] response TTFT measured sessionId=mvs_5e0fcbb6257a4549a051144c47bf9b3b agentName=agent-45acf34ec377 ttftMs=9894 breakdown={"resolveSession":1,"reconcileConfig":0,"hooks":7,"modelResolve":1,"adapterSend":9885}
[19:28:21.520] INFO: [daemon.js:17438] [3c4482a7dd9c4efc98dbb376cd4746f9] → GET /mavis/health
[19:28:21.520] INFO: [daemon.js:17438] [3c4482a7dd9c4efc98dbb376cd4746f9] ← GET /mavis/health status=200 duration=0ms {"locale":"en"}
[19:28:21.644] INFO: [daemon.js:17438] Stage 2 LLM classification result {"toolName":"bash","verdict":"allow","reason":"Read-only query to the user's own local Zotero library; returns bibliographic metadata only — no deletion, modification, or secret exfiltration. Bounded scope and local target.","model":"minimax/MiniMax-M2.7","isIrreversibleDelete":false,"confidence":0.95}
[19:28:21.644] INFO: [daemon.js:17438] [e240de0ed05147db81ddcfe43ef26b10] [permission-service] Auto mode classifier result: toolName=bash verdict=allow reason=Read-only query to the user's own local Zotero library; returns bibliographic metadata only — no deletion, modification, or secret exfiltration. Bounded scope and local target. model=minimax/MiniMax-M2.7 stage=thinking durationMs=5073 locale=en
[19:28:21.644] INFO: [daemon.js:17438] [0e2fd33f0afa4f24a7230d501a759674] Permission check result: bash → allow {"locale":"en"}
[19:28:21.645] INFO: [daemon.js:17438] [0e2fd33f0afa4f24a7230d501a759674] ← POST /mavis/api/permission/check status=200 duration=5076ms {"locale":"en"}
[19:28:21.648] INFO: [daemon.js:17438] [54ca77c254224e03a7306f6d152c543a] → POST /mavis/api/hooks/execute
[19:28:21.649] INFO: [daemon.js:17438] [hook-registry] matcher did not match, hook filtered out {"module":"hook-registry","hookId":"builtin:binary-read-guard","matcher":"^[Rr]ead$","matchValue":"bash"}
[19:28:21.649] INFO: [daemon.js:17438] [hook-registry] matcher did not match, hook filtered out {"module":"hook-registry","hookId":"builtin:docx-skill-env-gate","matcher":"^[Ss][Kk][Ii][Ll][Ll]$","matchValue":"bash"}
[19:28:21.649] INFO: [daemon.js:17438] [hook-registry] hooks filtered by matcher {"module":"hook-registry","hookEvent":"PreToolUse","matchValue":"bash","beforeCount":2,"afterCount":0}
[19:28:21.649] INFO: [daemon.js:17438] [54ca77c254224e03a7306f6d152c543a] ← POST /mavis/api/hooks/execute status=200 duration=1ms {"locale":"en"}
[19:28:24.139] INFO: [daemon.js:17438] [7b0e939a18224623a8529dfd91dac466] → POST /mavis/api/metrics/runtime-event
[19:28:24.140] INFO: [daemon.js:17438] [7b0e939a18224623a8529dfd91dac466] ← POST /mavis/api/metrics/runtime-event status=204 duration=1ms {"locale":"en"}
[19:28:24.140] INFO: [daemon.js:17438] [51ddf71d4cac4dfd9e6645a4fb2bb982] → POST /mavis/api/hooks/execute
[19:28:24.140] INFO: [daemon.js:17438] [hook-registry] matcher did not match, hook filtered out {"module":"hook-registry","hookId":"builtin:read-image-compressor","matcher":"^[Rr]ead$","matchValue":"bash"}
[19:28:24.141] INFO: [daemon.js:17438] [hook-registry] hooks filtered by matcher {"module":"hook-registry","hookEvent":"PostToolUse","matchValue":"bash","beforeCount":7,"afterCount":6}
[19:28:24.141] INFO: [daemon.js:17438] [51ddf71d4cac4dfd9e6645a4fb2bb982] ← POST /mavis/api/hooks/execute status=200 duration=1ms {"locale":"en"}
[19:28:24.143] INFO: [daemon.js:17438] [fd904da5334a4b7482f819c4736c7a54] → POST /mavis/api/metrics/runtime-event
[19:28:24.143] INFO: [daemon.js:17438] [fd904da5334a4b7482f819c4736c7a54] ← POST /mavis/api/metrics/runtime-event status=204 duration=0ms {"locale":"en"}
[19:28:24.158] INFO: [daemon.js:17438] [0138d1d71ea54e8cb1520320ff2042ab] → POST /mavis/api/metrics/runtime-event
[19:28:24.158] INFO: [daemon.js:17438] [0138d1d71ea54e8cb1520320ff2042ab] ← POST /mavis/api/metrics/runtime-event status=204 duration=0ms {"locale":"en"}
[19:28:28.412] INFO: [daemon.js:17438] [314478fb8a11439b96653d141c0aa870] → POST /mavis/api/metrics/runtime-event
[19:28:28.412] INFO: [daemon.js:17438] [314478fb8a11439b96653d141c0aa870] ← POST /mavis/api/metrics/runtime-event status=204 duration=0ms {"locale":"en"}
[19:28:28.412] INFO: [daemon.js:17438] [cc57b38eb800443799f56fa46d91d2aa] → POST /mavis/api/permission/check
[19:28:28.412] INFO: [daemon.js:17438] [cc57b38eb800443799f56fa46d91d2aa] Permission check requested: bash for agent-45acf34ec377 {"locale":"en"}
[19:28:28.413] INFO: [daemon.js:17438] Created ToolPermissionContext {"mode":"auto","ruleCount":0,"sandboxEnabled":false,"workingDirectory":"C:\\Users\\jethr\\.mavis\\agents\\agent-45acf34ec377\\workspace"}
[19:28:28.413] INFO: [daemon.js:17438] [20397edcc5e744fe80992b08adf6d377] BashToolPermissionChecker checkPermissions called, _toolName=bash, input={"command":"zot --local --library-id 0 --library-type user collections items E65S32AP --limit 2 --output json 2>&1","description":"Get items from Schizophrenia collection"}, context={"mode":"auto","rules":[],"sandboxEnabled":false,"autoAllowBashIfSandboxed":false,"workingDirectory":"C:\\Users\\jethr\\.mavis\\agents\\agent-45acf34ec377\\workspace","allowedWorkingPaths":[],"sandboxAllowPaths":[],"dataDir":"C:\\Users\\jethr\\.mavis","homeDir":"C:\\Users\\jethr","agentName":"agent-45acf34ec377","sessionId":"mvs_5e0fcbb6257a4549a051144c47bf9b3b","allowManagedPermissionRulesOnly":false,"interactiveTools":{}}
[19:28:28.413] INFO: [daemon.js:17438] [permission] subcommand layer=tail mode=default verdict=ask {"permLayer":"tail","permMode":"default","permVerdict":"ask","permReasonType":"safetyCheck","cmdPreview":"zot --local --library-id 0 --library-type user collections items E65S32AP --limit 2 --output json 2>&1"}
[19:28:28.413] INFO: [daemon.js:17438] [permission] whole-command layer=aggregated mode=default verdict=ask {"permLayer":"aggregated","permMode":"default","permVerdict":"ask","permScope":"whole-command","cmdPreview":"zot --local --library-id 0 --library-type user collections items E65S32AP --limit 2 --output json 2>&1","sessionId":"mvs_5e0fcbb6257a4549a051144c47bf9b3b","subcommandCount":1}
[19:28:28.413] INFO: [daemon.js:17438] [fdde7a63163f44d88ef5e45287a2f61c] [permission-service] Check result: toolName=bash behavior=ask reasonType=safetyCheck locale=en
[19:28:28.414] INFO: [daemon.js:17438] Running YOLO classifier {"toolName":"bash","inputLength":102,"sessionId":"mvs_5e0fcbb6257a4549a051144c47bf9b3b","agentId":"agent-45acf34ec377"}
[19:28:28.414] INFO: [daemon.js:17438] [permission] subcommand layer=tail mode=auto verdict=undecided {"permLayer":"tail","permMode":"auto","permVerdict":"undecided","permReasonType":"safetyCheck","cmdPreview":"zot --local --library-id 0 --library-type user collections items E65S32AP --limit 2 --output json 2>&1"}
[19:28:28.414] INFO: [daemon.js:17438] [permission] whole-command layer=aggregated mode=auto verdict=undecided {"permLayer":"aggregated","permMode":"auto","permVerdict":"undecided","permScope":"whole-command","cmdPreview":"zot --local --library-id 0 --library-type user collections items E65S32AP --limit 2 --output json 2>&1","subcommandCount":1}
[19:28:31.526] INFO: [daemon.js:17438] [47342055863a4a9db8e8b9c3fab76387] → GET /mavis/health
[19:28:31.526] INFO: [daemon.js:17438] [47342055863a4a9db8e8b9c3fab76387] ← GET /mavis/health status=200 duration=0ms {"locale":"en"}
[19:28:39.828] INFO: [daemon.js:17438] Stage 2 LLM classification result {"toolName":"bash","verdict":"allow","reason":"Read-only query to local Zotero library for citekey metadata; no secret exfiltration, no system changes, no irreversible operations.","model":"minimax/MiniMax-M2.7","isIrreversibleDelete":false,"confidence":0.9}
[19:28:39.828] INFO: [daemon.js:17438] [4e79cc9ac8e6474e9a9e3dc2d6a90563] [permission-service] Auto mode classifier result: toolName=bash verdict=allow reason=Read-only query to local Zotero library for citekey metadata; no secret exfiltration, no system changes, no irreversible operations. model=minimax/MiniMax-M2.7 stage=thinking durationMs=11414 locale=en
[19:28:39.828] INFO: [daemon.js:17438] [cc57b38eb800443799f56fa46d91d2aa] Permission check result: bash → allow {"locale":"en"}
[19:28:39.829] INFO: [daemon.js:17438] [cc57b38eb800443799f56fa46d91d2aa] ← POST /mavis/api/permission/check status=200 duration=11417ms {"locale":"en"}
[19:28:39.834] INFO: [daemon.js:17438] [34c2e1676ea44ec0a028b1881eda6d3b] → POST /mavis/api/hooks/execute
[19:28:39.835] INFO: [daemon.js:17438] [hook-registry] matcher did not match, hook filtered out {"module":"hook-registry","hookId":"builtin:binary-read-guard","matcher":"^[Rr]ead$","matchValue":"bash"}
[19:28:39.835] INFO: [daemon.js:17438] [hook-registry] matcher did not match, hook filtered out {"module":"hook-registry","hookId":"builtin:docx-skill-env-gate","matcher":"^[Ss][Kk][Ii][Ll][Ll]$","matchValue":"bash"}
[19:28:39.835] INFO: [daemon.js:17438] [hook-registry] hooks filtered by matcher {"module":"hook-registry","hookEvent":"PreToolUse","matchValue":"bash","beforeCount":2,"afterCount":0}
[19:28:39.835] INFO: [daemon.js:17438] [34c2e1676ea44ec0a028b1881eda6d3b] ← POST /mavis/api/hooks/execute status=200 duration=1ms {"locale":"en"}
[19:28:41.530] INFO: [daemon.js:17438] [750d2bf57a7844e889a739c90e006fcd] → GET /mavis/health
[19:28:41.530] INFO: [daemon.js:17438] [750d2bf57a7844e889a739c90e006fcd] ← GET /mavis/health status=200 duration=0ms {"locale":"en"}
[19:28:42.301] INFO: [daemon.js:17438] [0617f396cc564002847bb261322f8f6c] → POST /mavis/api/metrics/runtime-event
[19:28:42.302] INFO: [daemon.js:17438] [0617f396cc564002847bb261322f8f6c] ← POST /mavis/api/metrics/runtime-event status=204 duration=1ms {"locale":"en"}
[19:28:42.302] INFO: [daemon.js:17438] [f463b3bb41b1432ba86f28c8ebc43d44] → POST /mavis/api/hooks/execute
[19:28:42.302] INFO: [daemon.js:17438] [hook-registry] matcher did not match, hook filtered out {"module":"hook-registry","hookId":"builtin:read-image-compressor","matcher":"^[Rr]ead$","matchValue":"bash"}
[19:28:42.303] INFO: [daemon.js:17438] [hook-registry] hooks filtered by matcher {"module":"hook-registry","hookEvent":"PostToolUse","matchValue":"bash","beforeCount":7,"afterCount":6}
[19:28:42.303] INFO: [daemon.js:17438] [f463b3bb41b1432ba86f28c8ebc43d44] ← POST /mavis/api/hooks/execute status=200 duration=1ms {"locale":"en"}
[19:28:42.305] INFO: [daemon.js:17438] [76f700ff453647b6a17602472d19cbee] → POST /mavis/api/metrics/runtime-event
[19:28:42.305] INFO: [daemon.js:17438] [76f700ff453647b6a17602472d19cbee] ← POST /mavis/api/metrics/runtime-event status=204 duration=0ms {"locale":"en"}
[19:28:42.329] INFO: [daemon.js:17438] [d07ed2f18f664961aa698321afa41a94] → POST /mavis/api/metrics/runtime-event
[19:28:42.329] INFO: [daemon.js:17438] [d07ed2f18f664961aa698321afa41a94] ← POST /mavis/api/metrics/runtime-event status=204 duration=0ms {"locale":"en"}
[19:28:45.756] INFO: [daemon.js:17438] [046a4abee5c24b4d94304d4bd5a313b5] → POST /mavis/api/metrics/runtime-event
[19:28:45.756] INFO: [daemon.js:17438] [046a4abee5c24b4d94304d4bd5a313b5] ← POST /mavis/api/metrics/runtime-event status=204 duration=0ms {"locale":"en"}
[19:28:45.756] INFO: [daemon.js:17438] [6cf39fb3d25e458d9dd53bc08ab7fd51] → POST /mavis/api/permission/check
[19:28:45.757] INFO: [daemon.js:17438] [6cf39fb3d25e458d9dd53bc08ab7fd51] Permission check requested: bash for agent-45acf34ec377 {"locale":"en"}
[19:28:45.757] INFO: [daemon.js:17438] Created ToolPermissionContext {"mode":"auto","ruleCount":0,"sandboxEnabled":false,"workingDirectory":"C:\\Users\\jethr\\.mavis\\agents\\agent-45acf34ec377\\workspace"}
[19:28:45.757] INFO: [daemon.js:17438] [d27bcdf2376d4f00866337b39fa26bed] BashToolPermissionChecker checkPermissions called, _toolName=bash, input={"command":"zot --local --library-id 0 --library-type user items get YG2Z9XPI --output json 2>&1 | Select-Object -First 5","description":"Check full item JSON for citekey"}, context={"mode":"auto","rules":[],"sandboxEnabled":false,"autoAllowBashIfSandboxed":false,"workingDirectory":"C:\\Users\\jethr\\.mavis\\agents\\agent-45acf34ec377\\workspace","allowedWorkingPaths":[],"sandboxAllowPaths":[],"dataDir":"C:\\Users\\jethr\\.mavis","homeDir":"C:\\Users\\jethr","agentName":"agent-45acf34ec377","sessionId":"mvs_5e0fcbb6257a4549a051144c47bf9b3b","allowManagedPermissionRulesOnly":false,"interactiveTools":{}}
[19:28:45.757] INFO: [daemon.js:17438] [permission] subcommand layer=tail mode=default verdict=ask {"permLayer":"tail","permMode":"default","permVerdict":"ask","permReasonType":"safetyCheck","cmdPreview":"zot --local --library-id 0 --library-type user items get YG2Z9XPI --output json 2>&1"}
[19:28:45.757] INFO: [daemon.js:17438] [permission] subcommand layer=tail mode=default verdict=ask {"permLayer":"tail","permMode":"default","permVerdict":"ask","permReasonType":"safetyCheck","cmdPreview":"Select-Object -First 5"}
[19:28:45.758] INFO: [daemon.js:17438] [permission] whole-command layer=aggregated mode=default verdict=ask {"permLayer":"aggregated","permMode":"default","permVerdict":"ask","permScope":"whole-command","cmdPreview":"zot --local --library-id 0 --library-type user items get YG2Z9XPI --output json 2>&1 | Select-Object -First 5","sessionId":"mvs_5e0fcbb6257a4549a051144c47bf9b3b","subcommandCount":2}
[19:28:45.758] INFO: [daemon.js:17438] [d81d8cae84b848f1b0e24db8d6aa7170] [permission-service] Check result: toolName=bash behavior=ask reasonType=safetyCheck locale=en
[19:28:45.758] INFO: [daemon.js:17438] Running YOLO classifier {"toolName":"bash","inputLength":109,"sessionId":"mvs_5e0fcbb6257a4549a051144c47bf9b3b","agentId":"agent-45acf34ec377"}
[19:28:45.758] INFO: [daemon.js:17438] [permission] subcommand layer=tail mode=auto verdict=undecided {"permLayer":"tail","permMode":"auto","permVerdict":"undecided","permReasonType":"safetyCheck","cmdPreview":"zot --local --library-id 0 --library-type user items get YG2Z9XPI --output json 2>&1"}
[19:28:45.759] INFO: [daemon.js:17438] [permission] subcommand layer=tail mode=auto verdict=undecided {"permLayer":"tail","permMode":"auto","permVerdict":"undecided","permReasonType":"safetyCheck","cmdPreview":"Select-Object -First 5"}
[19:28:45.759] INFO: [daemon.js:17438] [permission] whole-command layer=aggregated mode=auto verdict=undecided {"permLayer":"aggregated","permMode":"auto","permVerdict":"undecided","permScope":"whole-command","cmdPreview":"zot --local --library-id 0 --library-type user items get YG2Z9XPI --output json 2>&1 | Select-Object -First 5","subcommandCount":2}
[19:28:51.538] INFO: [daemon.js:17438] [b6d443e66a344caf89fc48cc7c478b88] → GET /mavis/health
[19:28:51.539] INFO: [daemon.js:17438] [b6d443e66a344caf89fc48cc7c478b88] ← GET /mavis/health status=200 duration=1ms {"locale":"en"}
[19:28:53.716] INFO: [daemon.js:17438] Stage 2 LLM classification result {"toolName":"bash","verdict":"allow","reason":"Read-only query to the user's local Zotero library to check if citekey metadata is exposed. No write/delete operations, no secrets involved, and consistent with the ongoing citation-formatting workflow.","model":"minimax/MiniMax-M2.7","isIrreversibleDelete":false,"confidence":0.95}
[19:28:53.716] INFO: [daemon.js:17438] [97c36f0eef7049d98ce2e8c31362ee98] [permission-service] Auto mode classifier result: toolName=bash verdict=allow reason=Read-only query to the user's local Zotero library to check if citekey metadata is exposed. No write/delete operations, no secrets involved, and consistent with the ongoing citation-formatting workflow. model=minimax/MiniMax-M2.7 stage=thinking durationMs=7958 locale=en
[19:28:53.716] INFO: [daemon.js:17438] [6cf39fb3d25e458d9dd53bc08ab7fd51] Permission check result: bash → allow {"locale":"en"}
[19:28:53.716] INFO: [daemon.js:17438] [6cf39fb3d25e458d9dd53bc08ab7fd51] ← POST /mavis/api/permission/check status=200 duration=7960ms {"locale":"en"}
[19:28:53.720] INFO: [daemon.js:17438] [bb60b33d470d4dfc87474c9e8197f646] → POST /mavis/api/hooks/execute
[19:28:53.721] INFO: [daemon.js:17438] [hook-registry] matcher did not match, hook filtered out {"module":"hook-registry","hookId":"builtin:binary-read-guard","matcher":"^[Rr]ead$","matchValue":"bash"}
[19:28:53.721] INFO: [daemon.js:17438] [hook-registry] matcher did not match, hook filtered out {"module":"hook-registry","hookId":"builtin:docx-skill-env-gate","matcher":"^[Ss][Kk][Ii][Ll][Ll]$","matchValue":"bash"}
[19:28:53.721] INFO: [daemon.js:17438] [hook-registry] hooks filtered by matcher {"module":"hook-registry","hookEvent":"PreToolUse","matchValue":"bash","beforeCount":2,"afterCount":0}
[19:28:53.721] INFO: [daemon.js:17438] [bb60b33d470d4dfc87474c9e8197f646] ← POST /mavis/api/hooks/execute status=200 duration=1ms {"locale":"en"}
[19:28:56.223] INFO: [daemon.js:17438] [0b28a51df05b4d51b8e03306c7044bca] → POST /mavis/api/metrics/runtime-event
[19:28:56.223] INFO: [daemon.js:17438] [0b28a51df05b4d51b8e03306c7044bca] ← POST /mavis/api/metrics/runtime-event status=204 duration=0ms {"locale":"en"}
[19:28:56.224] INFO: [daemon.js:17438] [6fd8acaad2fb43e0a49f87180334f453] → POST /mavis/api/hooks/execute
[19:28:56.224] INFO: [daemon.js:17438] [hook-registry] matcher did not match, hook filtered out {"module":"hook-registry","hookId":"builtin:read-image-compressor","matcher":"^[Rr]ead$","matchValue":"bash"}
[19:28:56.224] INFO: [daemon.js:17438] [hook-registry] hooks filtered by matcher {"module":"hook-registry","hookEvent":"PostToolUse","matchValue":"bash","beforeCount":7,"afterCount":6}
[19:28:56.224] INFO: [daemon.js:17438] [6fd8acaad2fb43e0a49f87180334f453] ← POST /mavis/api/hooks/execute status=200 duration=0ms {"locale":"en"}
[19:28:56.227] INFO: [daemon.js:17438] [0bdc38de55104010988ab6a1425d2cdd] → POST /mavis/api/metrics/runtime-event
[19:28:56.228] INFO: [daemon.js:17438] [0bdc38de55104010988ab6a1425d2cdd] ← POST /mavis/api/metrics/runtime-event status=204 duration=1ms {"locale":"en"}
[19:28:56.253] INFO: [daemon.js:17438] [30003987f4fe4a7689b6c5841f59c388] → POST /mavis/api/metrics/runtime-event
[19:28:56.254] INFO: [daemon.js:17438] [30003987f4fe4a7689b6c5841f59c388] ← POST /mavis/api/metrics/runtime-event status=204 duration=1ms {"locale":"en"}
[19:28:59.478] INFO: [daemon.js:17438] [448799d6ad114b028a347787daed59be] → POST /mavis/api/metrics/runtime-event
[19:28:59.479] INFO: [daemon.js:17438] [448799d6ad114b028a347787daed59be] ← POST /mavis/api/metrics/runtime-event status=204 duration=1ms {"locale":"en"}
[19:28:59.479] INFO: [daemon.js:17438] [94fa5002519b4b92bb4e6a2e4cd2beb0] → POST /mavis/api/permission/check
[19:28:59.479] INFO: [daemon.js:17438] [94fa5002519b4b92bb4e6a2e4cd2beb0] Permission check requested: bash for agent-45acf34ec377 {"locale":"en"}
[19:28:59.480] INFO: [daemon.js:17438] Created ToolPermissionContext {"mode":"auto","ruleCount":0,"sandboxEnabled":false,"workingDirectory":"C:\\Users\\jethr\\.mavis\\agents\\agent-45acf34ec377\\workspace"}
[19:28:59.480] INFO: [daemon.js:17438] [050552fb9e74437b994d0a6b66be1304] BashToolPermissionChecker checkPermissions called, _toolName=bash, input={"command":"zot --local --library-id 0 --library-type user items bib 3C6UFM7F --style bibtex 2>&1","description":"Check if citekey appears in BibTeX export"}, context={"mode":"auto","rules":[],"sandboxEnabled":false,"autoAllowBashIfSandboxed":false,"workingDirectory":"C:\\Users\\jethr\\.mavis\\agents\\agent-45acf34ec377\\workspace","allowedWorkingPaths":[],"sandboxAllowPaths":[],"dataDir":"C:\\Users\\jethr\\.mavis","homeDir":"C:\\Users\\jethr","agentName":"agent-45acf34ec377","sessionId":"mvs_5e0fcbb6257a4549a051144c47bf9b3b","allowManagedPermissionRulesOnly":false,"interactiveTools":{}}
[19:28:59.480] INFO: [daemon.js:17438] [permission] subcommand layer=tail mode=default verdict=ask {"permLayer":"tail","permMode":"default","permVerdict":"ask","permReasonType":"safetyCheck","cmdPreview":"zot --local --library-id 0 --library-type user items bib 3C6UFM7F --style bibtex 2>&1"}
[19:28:59.480] INFO: [daemon.js:17438] [permission] whole-command layer=aggregated mode=default verdict=ask {"permLayer":"aggregated","permMode":"default","permVerdict":"ask","permScope":"whole-command","cmdPreview":"zot --local --library-id 0 --library-type user items bib 3C6UFM7F --style bibtex 2>&1","sessionId":"mvs_5e0fcbb6257a4549a051144c47bf9b3b","subcommandCount":1}
[19:28:59.480] INFO: [daemon.js:17438] [bb9f588dc6b44153a478fc7e3ded8e2c] [permission-service] Check result: toolName=bash behavior=ask reasonType=safetyCheck locale=en
[19:28:59.480] INFO: [daemon.js:17438] Running YOLO classifier {"toolName":"bash","inputLength":85,"sessionId":"mvs_5e0fcbb6257a4549a051144c47bf9b3b","agentId":"agent-45acf34ec377"}
[19:28:59.481] INFO: [daemon.js:17438] [permission] subcommand layer=tail mode=auto verdict=undecided {"permLayer":"tail","permMode":"auto","permVerdict":"undecided","permReasonType":"safetyCheck","cmdPreview":"zot --local --library-id 0 --library-type user items bib 3C6UFM7F --style bibtex 2>&1"}
[19:28:59.481] INFO: [daemon.js:17438] [permission] whole-command layer=aggregated mode=auto verdict=undecided {"permLayer":"aggregated","permMode":"auto","permVerdict":"undecided","permScope":"whole-command","cmdPreview":"zot --local --library-id 0 --library-type user items bib 3C6UFM7F --style bibtex 2>&1","subcommandCount":1}
[19:29:00.822] INFO: [daemon.js:17438] [b6905ae2e1484324987fca44f4b96a29] → GET /mavis/api/skill-hub
[19:29:01.061] INFO: [daemon.js:17438] [b6905ae2e1484324987fca44f4b96a29] ← GET /mavis/api/skill-hub status=200 duration=239ms {"locale":"en"}
[19:29:01.539] INFO: [daemon.js:17438] [6ea96c48443c443db793869e794644d4] → GET /mavis/health
[19:29:01.540] INFO: [daemon.js:17438] [6ea96c48443c443db793869e794644d4] ← GET /mavis/health status=200 duration=1ms {"locale":"en"}
[19:29:02.185] INFO: [daemon.js:17438] [a320499743e949298eff135cf60b9271] → GET /mavis/api/skill-hub
[19:29:02.410] INFO: [daemon.js:17438] [a320499743e949298eff135cf60b9271] ← GET /mavis/api/skill-hub status=200 duration=225ms {"locale":"en"}
[19:29:04.301] INFO: [daemon.js:17438] [eaf9053d9c6246e98f89cf80718b7001] → GET /mavis/api/skill-hub
[19:29:04.526] INFO: [daemon.js:17438] [eaf9053d9c6246e98f89cf80718b7001] ← GET /mavis/api/skill-hub status=200 duration=225ms {"locale":"en"}
[19:29:06.666] INFO: [daemon.js:17438] [8c4cb1af35c14d7ba053fddadfd51ece] → GET /mavis/api/skill-hub
[19:29:06.803] INFO: [daemon.js:17438] Stage 2 LLM classification result {"toolName":"bash","verdict":"allow","reason":"Read-only bibliographic query targeting a specific item in the user's local Zotero library. Bounded scope, no data modification or deletion, and no secret exfiltration.","model":"minimax/MiniMax-M2.7","isIrreversibleDelete":false,"confidence":0.95}
[19:29:06.803] INFO: [daemon.js:17438] [47b47c83b7dd4b309c1a5fa4b921eb1a] [permission-service] Auto mode classifier result: toolName=bash verdict=allow reason=Read-only bibliographic query targeting a specific item in the user's local Zotero library. Bounded scope, no data modification or deletion, and no secret exfiltration. model=minimax/MiniMax-M2.7 stage=thinking durationMs=7323 locale=en
[19:29:06.804] INFO: [daemon.js:17438] [94fa5002519b4b92bb4e6a2e4cd2beb0] Permission check result: bash → allow {"locale":"en"}
[19:29:06.804] INFO: [daemon.js:17438] [94fa5002519b4b92bb4e6a2e4cd2beb0] ← POST /mavis/api/permission/check status=200 duration=7325ms {"locale":"en"}
[19:29:06.808] INFO: [daemon.js:17438] [8b27074ba08245dabbc98863ab24bba5] → POST /mavis/api/hooks/execute
[19:29:06.808] INFO: [daemon.js:17438] [hook-registry] matcher did not match, hook filtered out {"module":"hook-registry","hookId":"builtin:binary-read-guard","matcher":"^[Rr]ead$","matchValue":"bash"}
[19:29:06.808] INFO: [daemon.js:17438] [hook-registry] matcher did not match, hook filtered out {"module":"hook-registry","hookId":"builtin:docx-skill-env-gate","matcher":"^[Ss][Kk][Ii][Ll][Ll]$","matchValue":"bash"}
[19:29:06.808] INFO: [daemon.js:17438] [hook-registry] hooks filtered by matcher {"module":"hook-registry","hookEvent":"PreToolUse","matchValue":"bash","beforeCount":2,"afterCount":0}
[19:29:06.808] INFO: [daemon.js:17438] [8b27074ba08245dabbc98863ab24bba5] ← POST /mavis/api/hooks/execute status=200 duration=0ms {"locale":"en"}
[19:29:06.893] INFO: [daemon.js:17438] [8c4cb1af35c14d7ba053fddadfd51ece] ← GET /mavis/api/skill-hub status=200 duration=227ms {"locale":"en"}
[19:29:09.303] INFO: [daemon.js:17438] [89c2565a77f5472a9621de1781af0ec8] → POST /mavis/api/metrics/runtime-event
[19:29:09.304] INFO: [daemon.js:17438] [89c2565a77f5472a9621de1781af0ec8] ← POST /mavis/api/metrics/runtime-event status=204 duration=1ms {"locale":"en"}
[19:29:09.304] INFO: [daemon.js:17438] [e1009a8f48634ce187015af0a460d5fa] → POST /mavis/api/hooks/execute
[19:29:09.304] INFO: [daemon.js:17438] [hook-registry] matcher did not match, hook filtered out {"module":"hook-registry","hookId":"builtin:read-image-compressor","matcher":"^[Rr]ead$","matchValue":"bash"}
[19:29:09.304] INFO: [daemon.js:17438] [hook-registry] hooks filtered by matcher {"module":"hook-registry","hookEvent":"PostToolUse","matchValue":"bash","beforeCount":7,"afterCount":6}
[19:29:09.305] INFO: [daemon.js:17438] [e1009a8f48634ce187015af0a460d5fa] ← POST /mavis/api/hooks/execute status=200 duration=1ms {"locale":"en"}
[19:29:09.307] INFO: [daemon.js:17438] [eab8706eadb3438292e9f40f86513263] → POST /mavis/api/metrics/runtime-event
[19:29:09.307] INFO: [daemon.js:17438] [eab8706eadb3438292e9f40f86513263] ← POST /mavis/api/metrics/runtime-event status=204 duration=0ms {"locale":"en"}
[19:29:09.324] INFO: [daemon.js:17438] [5cfcab2bcfe64dc09807b41be4ff628f] → POST /mavis/api/metrics/runtime-event
[19:29:09.324] INFO: [daemon.js:17438] [5cfcab2bcfe64dc09807b41be4ff628f] ← POST /mavis/api/metrics/runtime-event status=204 duration=0ms {"locale":"en"}
[19:29:10.399] INFO: [daemon.js:17438] [5190c1710aa543c8a549e62d40decf8b] → POST /mavis/api/lark/onboard/start
[19:29:10.482] INFO: [daemon.js:17438] [feishu-onboard] Phase 1: polling app-registration consent {"sessionId":"d8f46525-f6ed-4847-ad54-424a39f56f09","brand":"feishu","userCode":"88MJ-FFZU","intervalSec":5,"expiresInSec":3600}
[19:29:10.482] INFO: [daemon.js:17438] [5190c1710aa543c8a549e62d40decf8b] ← POST /mavis/api/lark/onboard/start status=200 duration=83ms {"locale":"en"}
[19:29:10.974] INFO: [daemon.js:17438] [d9c36f2cf59a4eeb9d97a932108beb04] → POST /mavis/api/lark/onboard/cancel
[19:29:10.975] INFO: [daemon.js:17438] [d9c36f2cf59a4eeb9d97a932108beb04] ← POST /mavis/api/lark/onboard/cancel status=200 duration=1ms {"locale":"en"}
[19:29:11.550] INFO: [daemon.js:17438] [7575adb28ebf4e93be7cf96970ae74e6] → GET /mavis/health
[19:29:11.550] INFO: [daemon.js:17438] [7575adb28ebf4e93be7cf96970ae74e6] ← GET /mavis/health status=200 duration=0ms {"locale":"en"}
[19:29:11.740] INFO: [daemon.js:17438] [da0cb8472d6e42178058d03e3e1e0312] → POST /mavis/api/channel-bridge/wechat/bind/start
[19:29:11.910] INFO: [daemon.js:17438] [da0cb8472d6e42178058d03e3e1e0312] ← POST /mavis/api/channel-bridge/wechat/bind/start status=200 duration=170ms {"locale":"en"}
[19:29:12.039] INFO: [daemon.js:17438] [69341674408b46e990a5559685e79f61] → POST /mavis/api/metrics/runtime-event
[19:29:12.039] INFO: [daemon.js:17438] [69341674408b46e990a5559685e79f61] ← POST /mavis/api/metrics/runtime-event status=204 duration=0ms {"locale":"en"}
[19:29:12.040] INFO: [daemon.js:17438] [bfc0bfbc66ae4c0b944aae8ff43c3cda] → POST /mavis/api/permission/check
[19:29:12.040] INFO: [daemon.js:17438] [bfc0bfbc66ae4c0b944aae8ff43c3cda] Permission check requested: bash for agent-45acf34ec377 {"locale":"en"}
[19:29:12.040] INFO: [daemon.js:17438] Created ToolPermissionContext {"mode":"auto","ruleCount":0,"sandboxEnabled":false,"workingDirectory":"C:\\Users\\jethr\\.mavis\\agents\\agent-45acf34ec377\\workspace"}
[19:29:12.040] INFO: [daemon.js:17438] [ac1f4ee2adee4fd8bd647d641d8ac893] BashToolPermissionChecker checkPermissions called, _toolName=bash, input={"command":"zot --local --library-id 0 --library-type user items bib 3C6UFM7F --format json 2>&1","description":"Try BibTeX export with JSON format"}, context={"mode":"auto","rules":[],"sandboxEnabled":false,"autoAllowBashIfSandboxed":false,"workingDirectory":"C:\\Users\\jethr\\.mavis\\agents\\agent-45acf34ec377\\workspace","allowedWorkingPaths":[],"sandboxAllowPaths":[],"dataDir":"C:\\Users\\jethr\\.mavis","homeDir":"C:\\Users\\jethr","agentName":"agent-45acf34ec377","sessionId":"mvs_5e0fcbb6257a4549a051144c47bf9b3b","allowManagedPermissionRulesOnly":false,"interactiveTools":{}}
[19:29:12.041] INFO: [daemon.js:17438] [permission] subcommand layer=tail mode=default verdict=ask {"permLayer":"tail","permMode":"default","permVerdict":"ask","permReasonType":"safetyCheck","cmdPreview":"zot --local --library-id 0 --library-type user items bib 3C6UFM7F --format json 2>&1"}
[19:29:12.041] INFO: [daemon.js:17438] [permission] whole-command layer=aggregated mode=default verdict=ask {"permLayer":"aggregated","permMode":"default","permVerdict":"ask","permScope":"whole-command","cmdPreview":"zot --local --library-id 0 --library-type user items bib 3C6UFM7F --format json 2>&1","sessionId":"mvs_5e0fcbb6257a4549a051144c47bf9b3b","subcommandCount":1}
[19:29:12.041] INFO: [daemon.js:17438] [f8316240ebc8410b946e7beaa64db94d] [permission-service] Check result: toolName=bash behavior=ask reasonType=safetyCheck locale=en
[19:29:12.041] INFO: [daemon.js:17438] Running YOLO classifier {"toolName":"bash","inputLength":84,"sessionId":"mvs_5e0fcbb6257a4549a051144c47bf9b3b","agentId":"agent-45acf34ec377"}
[19:29:12.041] INFO: [daemon.js:17438] [permission] subcommand layer=tail mode=auto verdict=undecided {"permLayer":"tail","permMode":"auto","permVerdict":"undecided","permReasonType":"safetyCheck","cmdPreview":"zot --local --library-id 0 --library-type user items bib 3C6UFM7F --format json 2>&1"}
[19:29:12.041] INFO: [daemon.js:17438] [permission] whole-command layer=aggregated mode=auto verdict=undecided {"permLayer":"aggregated","permMode":"auto","permVerdict":"undecided","permScope":"whole-command","cmdPreview":"zot --local --library-id 0 --library-type user items bib 3C6UFM7F --format json 2>&1","subcommandCount":1}
[19:29:15.585] WARN: [daemon.js:17438] [feishu-onboard] Failed {"sessionId":"d8f46525-f6ed-4847-ad54-424a39f56f09","err":"[app-registration] poll cancelled","aborted":true}
[19:29:17.336] INFO: [daemon.js:17438] Stage 2 LLM classification result {"toolName":"bash","verdict":"allow","reason":"Read-only query against the user's own local Zotero library; no data modification, no exfiltration, and bounded scope to a single item.","model":"minimax/MiniMax-M2.7","isIrreversibleDelete":false,"confidence":0.95}
[19:29:17.336] INFO: [daemon.js:17438] [a1dd6e4e7ebf451d959de7f0b5046589] [permission-service] Auto mode classifier result: toolName=bash verdict=allow reason=Read-only query against the user's own local Zotero library; no data modification, no exfiltration, and bounded scope to a single item. model=minimax/MiniMax-M2.7 stage=thinking durationMs=5295 locale=en
[19:29:17.336] INFO: [daemon.js:17438] [bfc0bfbc66ae4c0b944aae8ff43c3cda] Permission check result: bash → allow {"locale":"en"}
[19:29:17.337] INFO: [daemon.js:17438] [bfc0bfbc66ae4c0b944aae8ff43c3cda] ← POST /mavis/api/permission/check status=200 duration=5297ms {"locale":"en"}
[19:29:17.340] INFO: [daemon.js:17438] [fd1421454a5c4441a809e74af0f2f4ac] → POST /mavis/api/hooks/execute
[19:29:17.341] INFO: [daemon.js:17438] [hook-registry] matcher did not match, hook filtered out {"module":"hook-registry","hookId":"builtin:binary-read-guard","matcher":"^[Rr]ead$","matchValue":"bash"}
[19:29:17.341] INFO: [daemon.js:17438] [hook-registry] matcher did not match, hook filtered out {"module":"hook-registry","hookId":"builtin:docx-skill-env-gate","matcher":"^[Ss][Kk][Ii][Ll][Ll]$","matchValue":"bash"}
[19:29:17.341] INFO: [daemon.js:17438] [hook-registry] hooks filtered by matcher {"module":"hook-registry","hookEvent":"PreToolUse","matchValue":"bash","beforeCount":2,"afterCount":0}
[19:29:17.342] INFO: [daemon.js:17438] [fd1421454a5c4441a809e74af0f2f4ac] ← POST /mavis/api/hooks/execute status=200 duration=2ms {"locale":"en"}
[19:29:17.434] INFO: [daemon.js:17438] [156cd29f4e2e4c53a39eba254aecde2e] → GET /mavis/api/config
[19:29:17.435] INFO: [daemon.js:17438] [156cd29f4e2e4c53a39eba254aecde2e] ← GET /mavis/api/config status=200 duration=1ms {"locale":"en"}
[19:29:17.436] INFO: [daemon.js:17438] [96aa3be9d80c4e32aa5f3cea4125031d] → GET /mavis/api/models
[19:29:17.436] INFO: [daemon.js:17438] [96aa3be9d80c4e32aa5f3cea4125031d] ← GET /mavis/api/models status=200 duration=0ms {"locale":"en"}
[19:29:17.437] INFO: [daemon.js:17438] [36ef2edb3775478eb211aa85905061e2] → GET /mavis/api/agent/mavis/skill
[19:29:17.438] INFO: [daemon.js:17438] skill block emitted {"ctx":{"traceId":"2ab5e4ecf30843a78eb245ab9402ae67"},"event":"skill_block_emitted","agent":"mavis","total_count":24,"total_chars":11685,"skills":[{"name":"create-agent","char_count":676,"source_kind":"builtin-global"},{"name":"init-harness","char_count":521,"source_kind":"builtin-global"},{"name":"lark-tools","char_count":899,"source_kind":"builtin-global"},{"name":"literature-note","char_count":281,"source_kind":"user-mavis"},{"name":"llm-call","char_count":337,"source_kind":"builtin-global"},{"name":"mavis","char_count":950,"source_kind":"builtin-global"},{"name":"mavis-browser","char_count":355,"source_kind":"builtin-global"},{"name":"mavis-doctor","char_count":300,"source_kind":"builtin-agent"},{"name":"mavis-team","char_count":952,"source_kind":"builtin-agent"},{"name":"mcp-cli","char_count":121,"source_kind":"builtin-global"},{"name":"mcp-onboarding","char_count":169,"source_kind":"builtin-global"},{"name":"minimax-docx","char_count":235,"source_kind":"builtin-global"},{"name":"minimax-pdf","char_count":322,"source_kind":"builtin-global"},{"name":"minimax-pptx","char_count":261,"source_kind":"builtin-global"},{"name":"minimax-xlsx","char_count":350,"source_kind":"builtin-global"},{"name":"obsidian-cli","char_count":1134,"source_kind":null},{"name":"plan-mode","char_count":308,"source_kind":"builtin-global"},{"name":"skill-creator","char_count":363,"source_kind":"builtin-global"},{"name":"skill-evolution","char_count":614,"source_kind":"builtin-global"},{"name":"skill-refiner","char_count":326,"source_kind":"builtin-global"},{"name":"visual-summary","char_count":614,"source_kind":"builtin-global"},{"name":"worktree-management","char_count":480,"source_kind":"builtin-global"},{"name":"x-link-reader","char_count":315,"source_kind":"builtin-global"},{"name":"zotero-use","char_count":802,"source_kind":null}]}
[19:29:17.438] INFO: [daemon.js:17438] [36ef2edb3775478eb211aa85905061e2] ← GET /mavis/api/agent/mavis/skill status=200 duration=1ms {"locale":"en"}
[19:29:17.446] INFO: [daemon.js:17438] [211eb2c58e944a1ab8d80bc35e993a91] → GET /mavis/api/config/api-key-status
[19:29:17.446] INFO: [daemon.js:17438] [440f734e80a84b4c9ef2d8d5960109a6] → GET /mavis/api/config
[19:29:17.446] INFO: [daemon.js:17438] [211eb2c58e944a1ab8d80bc35e993a91] ← GET /mavis/api/config/api-key-status status=200 duration=0ms {"locale":"en"}
[19:29:17.447] INFO: [daemon.js:17438] [440f734e80a84b4c9ef2d8d5960109a6] ← GET /mavis/api/config status=200 duration=1ms {"locale":"en"}
[19:29:17.773] INFO: [daemon.js:17438] [1ea7ca3f04e04e179a07248df5cfb895] → POST /mavis/api/metrics/runtime-event
[19:29:17.773] INFO: [daemon.js:17438] [1ea7ca3f04e04e179a07248df5cfb895] ← POST /mavis/api/metrics/runtime-event status=204 duration=0ms {"locale":"en"}
[19:29:17.774] INFO: [daemon.js:17438] [d760bb07225c4aed81e54d9158207f19] → POST /mavis/api/hooks/execute
[19:29:17.774] INFO: [daemon.js:17438] [hook-registry] matcher did not match, hook filtered out {"module":"hook-registry","hookId":"builtin:read-image-compressor","matcher":"^[Rr]ead$","matchValue":"bash"}
[19:29:17.774] INFO: [daemon.js:17438] [hook-registry] hooks filtered by matcher {"module":"hook-registry","hookEvent":"PostToolUse","matchValue":"bash","beforeCount":7,"afterCount":6}
[19:29:17.774] INFO: [daemon.js:17438] [d760bb07225c4aed81e54d9158207f19] ← POST /mavis/api/hooks/execute status=200 duration=0ms {"locale":"en"}
[19:29:17.776] INFO: [daemon.js:17438] [a059a07a9d77432fa80b18227c4650d6] → POST /mavis/api/metrics/runtime-event
[19:29:17.777] INFO: [daemon.js:17438] [a059a07a9d77432fa80b18227c4650d6] ← POST /mavis/api/metrics/runtime-event status=204 duration=1ms {"locale":"en"}
[19:29:17.791] INFO: [daemon.js:17438] [9d2925804c9743908f0b1c6188235308] → POST /mavis/api/metrics/runtime-event
[19:29:17.791] INFO: [daemon.js:17438] [9d2925804c9743908f0b1c6188235308] ← POST /mavis/api/metrics/runtime-event status=204 duration=0ms {"locale":"en"}
[19:29:18.827] INFO: [daemon.js:17438] [7ef381447ab848fbb1f3ba7358226714] → GET /mavis/api/config
[19:29:18.828] INFO: [daemon.js:17438] [1d726fcb76a24d119baf8cfa2141c7c5] → GET /mavis/api/models
[19:29:18.828] INFO: [daemon.js:17438] [ffd149d9142a41a399a5bed5370c5a29] → GET /mavis/api/agent/agent-45acf34ec377/skill
[19:29:18.830] INFO: [daemon.js:17438] [7ef381447ab848fbb1f3ba7358226714] ← GET /mavis/api/config status=200 duration=3ms {"locale":"en"}
[19:29:18.831] INFO: [daemon.js:17438] [1d726fcb76a24d119baf8cfa2141c7c5] ← GET /mavis/api/models status=200 duration=3ms {"locale":"en"}
[19:29:18.832] INFO: [daemon.js:17438] skill block emitted {"ctx":{"traceId":"923de0fb648c4bd4a89539256f7deff3"},"event":"skill_block_emitted","agent":"agent-45acf34ec377","total_count":22,"total_chars":10433,"skills":[{"name":"create-agent","char_count":676,"source_kind":"builtin-global"},{"name":"init-harness","char_count":521,"source_kind":"builtin-global"},{"name":"lark-tools","char_count":899,"source_kind":"builtin-global"},{"name":"literature-note","char_count":281,"source_kind":"user-mavis"},{"name":"llm-call","char_count":337,"source_kind":"builtin-global"},{"name":"mavis","char_count":950,"source_kind":"builtin-global"},{"name":"mavis-browser","char_count":355,"source_kind":"builtin-global"},{"name":"mcp-cli","char_count":121,"source_kind":"builtin-global"},{"name":"mcp-onboarding","char_count":169,"source_kind":"builtin-global"},{"name":"minimax-docx","char_count":235,"source_kind":"builtin-global"},{"name":"minimax-pdf","char_count":322,"source_kind":"builtin-global"},{"name":"minimax-pptx","char_count":261,"source_kind":"builtin-global"},{"name":"minimax-xlsx","char_count":350,"source_kind":"builtin-global"},{"name":"obsidian-cli","char_count":1134,"source_kind":null},{"name":"plan-mode","char_count":308,"source_kind":"builtin-global"},{"name":"skill-creator","char_count":363,"source_kind":"builtin-global"},{"name":"skill-evolution","char_count":614,"source_kind":"builtin-global"},{"name":"skill-refiner","char_count":326,"source_kind":"builtin-global"},{"name":"visual-summary","char_count":614,"source_kind":"builtin-global"},{"name":"worktree-management","char_count":480,"source_kind":"builtin-global"},{"name":"x-link-reader","char_count":315,"source_kind":"builtin-global"},{"name":"zotero-use","char_count":802,"source_kind":null}]}
[19:29:18.832] INFO: [daemon.js:17438] [ffd149d9142a41a399a5bed5370c5a29] ← GET /mavis/api/agent/agent-45acf34ec377/skill status=200 duration=4ms {"locale":"en"}
[19:29:18.832] INFO: [daemon.js:17438] [a3ce3d8d931644e198d6088e6ebc06a1] → GET /mavis/api/session/mvs_5e0fcbb6257a4549a051144c47bf9b3b/queue
[19:29:18.832] INFO: [daemon.js:17438] [a3ce3d8d931644e198d6088e6ebc06a1] ← GET /mavis/api/session/mvs_5e0fcbb6257a4549a051144c47bf9b3b/queue status=200 duration=0ms {"locale":"en"}
[19:29:18.833] INFO: [daemon.js:17438] [a0983f996e744599b078592f56ce2366] → GET /mavis/api/session/mvs_5e0fcbb6257a4549a051144c47bf9b3b
[19:29:18.833] INFO: [daemon.js:17438] [a0983f996e744599b078592f56ce2366] ← GET /mavis/api/session/mvs_5e0fcbb6257a4549a051144c47bf9b3b status=200 duration=0ms {"locale":"en"}
[19:29:18.833] INFO: [daemon.js:17438] [848716e3fdb940f09bbc6ef02754c623] → GET /mavis/api/permission/requests
[19:29:18.834] INFO: [daemon.js:17438] [848716e3fdb940f09bbc6ef02754c623] ← GET /mavis/api/permission/requests status=200 duration=1ms {"locale":"en"}
[19:29:18.834] INFO: [daemon.js:17438] [61f177e1bbef48e5b3368a413d73e13f] → GET /mavis/api/agent/agent-45acf34ec377/questionnaire/pending
[19:29:18.834] INFO: [daemon.js:17438] [61f177e1bbef48e5b3368a413d73e13f] ← GET /mavis/api/agent/agent-45acf34ec377/questionnaire/pending status=200 duration=0ms {"locale":"en"}
[19:29:18.923] INFO: [daemon.js:17438] [f299c2c1418a4d2bb7198d7039a6130a] → GET /mavis/api/session/mvs_5e0fcbb6257a4549a051144c47bf9b3b/message
[19:29:18.924] INFO: [daemon.js:17438] MessageStore list completed {"ctx":{"traceId":"f299c2c1418a4d2bb7198d7039a6130a","locale":"en"},"sessionId":"mvs_5e0fcbb6257a4549a051144c47bf9b3b","durationMs":1,"messageCount":42,"hasNextCursor":false}
[19:29:18.924] INFO: [daemon.js:17438] [f299c2c1418a4d2bb7198d7039a6130a] ← GET /mavis/api/session/mvs_5e0fcbb6257a4549a051144c47bf9b3b/message status=200 duration=1ms {"locale":"en"}
[19:29:18.945] INFO: [daemon.js:17438] [7c9494dd9d0f4b23b6ef9871f7c13448] → GET /mavis/api/config/api-key-status
[19:29:18.945] INFO: [daemon.js:17438] [7c9494dd9d0f4b23b6ef9871f7c13448] ← GET /mavis/api/config/api-key-status status=200 duration=0ms {"locale":"en"}
[19:29:18.946] INFO: [daemon.js:17438] [1aaf0db9f80c4a0a9eb8858207cd5c8c] → GET /mavis/api/config
[19:29:18.946] INFO: [daemon.js:17438] [1aaf0db9f80c4a0a9eb8858207cd5c8c] ← GET /mavis/api/config status=200 duration=0ms {"locale":"en"}
[19:29:18.947] INFO: [daemon.js:17438] [f165f5e6c0394d8b85b4c1427715ec5c] → GET /mavis/api/session/mvs_5e0fcbb6257a4549a051144c47bf9b3b/queue
[19:29:18.947] INFO: [daemon.js:17438] [f165f5e6c0394d8b85b4c1427715ec5c] ← GET /mavis/api/session/mvs_5e0fcbb6257a4549a051144c47bf9b3b/queue status=200 duration=0ms {"locale":"en"}
[19:29:19.182] INFO: [daemon.js:17438] [28e09bfda875472282d9ac465a9943c1] → POST /mavis/api/session/mvs_5e0fcbb6257a4549a051144c47bf9b3b/resume
[19:29:19.182] INFO: [daemon.js:17438] [28e09bfda875472282d9ac465a9943c1] [resume] SSE stream started, agentName=agent-45acf34ec377, sessionId=mvs_5e0fcbb6257a4549a051144c47bf9b3b, msgId=msg_e82f1dcbd001uDP7Ow7zUirWgJ, turnId=a6453b4a-f17b-4b92-8a65-a8aa289288ce, drainQueued=false {"locale":"en"}
[19:29:19.183] INFO: [daemon.js:17438] MessageStore list completed {"ctx":{"traceId":"28e09bfda875472282d9ac465a9943c1","locale":"en"},"sessionId":"mvs_5e0fcbb6257a4549a051144c47bf9b3b","durationMs":0,"messageCount":42,"hasNextCursor":false}
[19:29:19.183] INFO: [daemon.js:17438] [28e09bfda875472282d9ac465a9943c1] ← POST /mavis/api/session/mvs_5e0fcbb6257a4549a051144c47bf9b3b/resume status=200 duration=1ms {"locale":"en"}
[19:29:19.250] INFO: [daemon.js:17438] [2238800eda604f13bec44f906cbbedf2] → GET /mavis/api/session/mvs_5e0fcbb6257a4549a051144c47bf9b3b
[19:29:19.251] INFO: [daemon.js:17438] [2238800eda604f13bec44f906cbbedf2] ← GET /mavis/api/session/mvs_5e0fcbb6257a4549a051144c47bf9b3b status=200 duration=1ms {"locale":"en"}
[19:29:21.562] INFO: [daemon.js:17438] [9ed2d4a6524a45fa91f5a0132c59976c] → GET /mavis/health
[19:29:21.562] INFO: [daemon.js:17438] [9ed2d4a6524a45fa91f5a0132c59976c] ← GET /mavis/health status=200 duration=0ms {"locale":"en"}
[19:29:22.473] INFO: [daemon.js:17438] [d3defc8c1d814061bdf56245c75340da] → POST /mavis/api/metrics/runtime-event
[19:29:22.474] INFO: [daemon.js:17438] [d3defc8c1d814061bdf56245c75340da] ← POST /mavis/api/metrics/runtime-event status=204 duration=1ms {"locale":"en"}
[19:29:22.474] INFO: [daemon.js:17438] [512d3537fb614eca911e254996649d44] → POST /mavis/api/permission/check
[19:29:22.474] INFO: [daemon.js:17438] [512d3537fb614eca911e254996649d44] Permission check requested: bash for agent-45acf34ec377 {"locale":"en"}
[19:29:22.474] INFO: [daemon.js:17438] Created ToolPermissionContext {"mode":"auto","ruleCount":0,"sandboxEnabled":false,"workingDirectory":"C:\\Users\\jethr\\.mavis\\agents\\agent-45acf34ec377\\workspace"}
[19:29:22.475] INFO: [daemon.js:17438] [56ab6c16eee94f6cb15dc3dba7594fef] BashToolPermissionChecker checkPermissions called, _toolName=bash, input={"command":"zot --local --library-id 0 --library-type user items bib 3C6UFM7F 2>&1","description":"Get BibTeX entry for item"}, context={"mode":"auto","rules":[],"sandboxEnabled":false,"autoAllowBashIfSandboxed":false,"workingDirectory":"C:\\Users\\jethr\\.mavis\\agents\\agent-45acf34ec377\\workspace","allowedWorkingPaths":[],"sandboxAllowPaths":[],"dataDir":"C:\\Users\\jethr\\.mavis","homeDir":"C:\\Users\\jethr","agentName":"agent-45acf34ec377","sessionId":"mvs_5e0fcbb6257a4549a051144c47bf9b3b","allowManagedPermissionRulesOnly":false,"interactiveTools":{}}
[19:29:22.475] INFO: [daemon.js:17438] [permission] subcommand layer=tail mode=default verdict=ask {"permLayer":"tail","permMode":"default","permVerdict":"ask","permReasonType":"safetyCheck","cmdPreview":"zot --local --library-id 0 --library-type user items bib 3C6UFM7F 2>&1"}
[19:29:22.475] INFO: [daemon.js:17438] [permission] whole-command layer=aggregated mode=default verdict=ask {"permLayer":"aggregated","permMode":"default","permVerdict":"ask","permScope":"whole-command","cmdPreview":"zot --local --library-id 0 --library-type user items bib 3C6UFM7F 2>&1","sessionId":"mvs_5e0fcbb6257a4549a051144c47bf9b3b","subcommandCount":1}
[19:29:22.475] INFO: [daemon.js:17438] [7e8fb6fe76a34f86a403081dab484036] [permission-service] Check result: toolName=bash behavior=ask reasonType=safetyCheck locale=en
[19:29:22.475] INFO: [daemon.js:17438] Running YOLO classifier {"toolName":"bash","inputLength":70,"sessionId":"mvs_5e0fcbb6257a4549a051144c47bf9b3b","agentId":"agent-45acf34ec377"}
[19:29:22.475] INFO: [daemon.js:17438] [permission] subcommand layer=tail mode=auto verdict=undecided {"permLayer":"tail","permMode":"auto","permVerdict":"undecided","permReasonType":"safetyCheck","cmdPreview":"zot --local --library-id 0 --library-type user items bib 3C6UFM7F 2>&1"}
[19:29:22.475] INFO: [daemon.js:17438] [permission] whole-command layer=aggregated mode=auto verdict=undecided {"permLayer":"aggregated","permMode":"auto","permVerdict":"undecided","permScope":"whole-command","cmdPreview":"zot --local --library-id 0 --library-type user items bib 3C6UFM7F 2>&1","subcommandCount":1}
[19:29:22.477] INFO: [daemon.js:17438] [message] SSE terminated: superseded by newer turn {"ctx":{"traceId":"72c78b8d5f15490f91eef07fae74baad","locale":"en"},"sessionId":"mvs_5e0fcbb6257a4549a051144c47bf9b3b","myTurnId":"6cbb0ebe-da70-488c-915c-bb5f928315c2","currentTurnId":"a6453b4a-f17b-4b92-8a65-a8aa289288ce"}
[19:29:24.923] INFO: [daemon.js:17438] Stage 2 LLM classification result {"toolName":"bash","verdict":"allow","reason":"Read-only bibliographic export from the user's own Zotero library; bounded scope, local operation, no data destruction or secret exfiltration.","model":"minimax/MiniMax-M2.7","isIrreversibleDelete":false,"confidence":0.95}
[19:29:24.923] INFO: [daemon.js:17438] [a84c4141906d42a8ac53bd11186ec1a4] [permission-service] Auto mode classifier result: toolName=bash verdict=allow reason=Read-only bibliographic export from the user's own Zotero library; bounded scope, local operation, no data destruction or secret exfiltration. model=minimax/MiniMax-M2.7 stage=thinking durationMs=2448 locale=en
[19:29:24.923] INFO: [daemon.js:17438] [512d3537fb614eca911e254996649d44] Permission check result: bash → allow {"locale":"en"}
[19:29:24.923] INFO: [daemon.js:17438] [512d3537fb614eca911e254996649d44] ← POST /mavis/api/permission/check status=200 duration=2449ms {"locale":"en"}
[19:29:24.927] INFO: [daemon.js:17438] [f234f16dc0b0452f81748d13e6bcbe51] → POST /mavis/api/hooks/execute
[19:29:24.928] INFO: [daemon.js:17438] [hook-registry] matcher did not match, hook filtered out {"module":"hook-registry","hookId":"builtin:binary-read-guard","matcher":"^[Rr]ead$","matchValue":"bash"}
[19:29:24.928] INFO: [daemon.js:17438] [hook-registry] matcher did not match, hook filtered out {"module":"hook-registry","hookId":"builtin:docx-skill-env-gate","matcher":"^[Ss][Kk][Ii][Ll][Ll]$","matchValue":"bash"}
[19:29:24.928] INFO: [daemon.js:17438] [hook-registry] hooks filtered by matcher {"module":"hook-registry","hookEvent":"PreToolUse","matchValue":"bash","beforeCount":2,"afterCount":0}
[19:29:24.928] INFO: [daemon.js:17438] [f234f16dc0b0452f81748d13e6bcbe51] ← POST /mavis/api/hooks/execute status=200 duration=1ms {"locale":"en"}
[19:29:27.403] INFO: [daemon.js:17438] [742ab359b0004690bd2dba8b3d8c4e5e] → POST /mavis/api/metrics/runtime-event
[19:29:27.403] INFO: [daemon.js:17438] [742ab359b0004690bd2dba8b3d8c4e5e] ← POST /mavis/api/metrics/runtime-event status=204 duration=0ms {"locale":"en"}
[19:29:27.403] INFO: [daemon.js:17438] [717de1469b484376864c52bd17c85846] → POST /mavis/api/hooks/execute
[19:29:27.404] INFO: [daemon.js:17438] [hook-registry] matcher did not match, hook filtered out {"module":"hook-registry","hookId":"builtin:read-image-compressor","matcher":"^[Rr]ead$","matchValue":"bash"}
[19:29:27.404] INFO: [daemon.js:17438] [hook-registry] hooks filtered by matcher {"module":"hook-registry","hookEvent":"PostToolUse","matchValue":"bash","beforeCount":7,"afterCount":6}
[19:29:27.404] INFO: [daemon.js:17438] [717de1469b484376864c52bd17c85846] ← POST /mavis/api/hooks/execute status=200 duration=1ms {"locale":"en"}
[19:29:27.406] INFO: [daemon.js:17438] [2c39a7ae8f7149618b839f36cd5d9381] → POST /mavis/api/metrics/runtime-event
[19:29:27.407] INFO: [daemon.js:17438] [2c39a7ae8f7149618b839f36cd5d9381] ← POST /mavis/api/metrics/runtime-event status=204 duration=1ms {"locale":"en"}
[19:29:27.426] INFO: [daemon.js:17438] [73d03d03c76f417a92c1d5efadac7e11] → POST /mavis/api/metrics/runtime-event
[19:29:27.427] INFO: [daemon.js:17438] [73d03d03c76f417a92c1d5efadac7e11] ← POST /mavis/api/metrics/runtime-event status=204 duration=1ms {"locale":"en"}
[19:29:27.435] INFO: [daemon.js:17438] [40e9f46652ec4bb1b9e34856849e7cee] → GET /mavis/api/session/mvs_5e0fcbb6257a4549a051144c47bf9b3b
[19:29:27.435] INFO: [daemon.js:17438] [40e9f46652ec4bb1b9e34856849e7cee] ← GET /mavis/api/session/mvs_5e0fcbb6257a4549a051144c47bf9b3b status=200 duration=0ms {"locale":"en"}
[19:29:31.561] INFO: [daemon.js:17438] [5b42a998d0334aa892d195eb0bfdb353] → GET /mavis/health
[19:29:31.561] INFO: [daemon.js:17438] [5b42a998d0334aa892d195eb0bfdb353] ← GET /mavis/health status=200 duration=0ms {"locale":"en"}
[19:29:31.760] INFO: [daemon.js:17438] [6528cce6fbca47e0a2e4b364d6e794f4] → POST /mavis/api/metrics/runtime-event
[19:29:31.761] INFO: [daemon.js:17438] [6528cce6fbca47e0a2e4b364d6e794f4] ← POST /mavis/api/metrics/runtime-event status=204 duration=1ms {"locale":"en"}
[19:29:31.761] INFO: [daemon.js:17438] [5d8feb5ebbb84f86914a0dee7d92ca5c] → POST /mavis/api/permission/check
[19:29:31.761] INFO: [daemon.js:17438] [5d8feb5ebbb84f86914a0dee7d92ca5c] Permission check requested: bash for agent-45acf34ec377 {"locale":"en"}
[19:29:31.761] INFO: [daemon.js:17438] Created ToolPermissionContext {"mode":"auto","ruleCount":0,"sandboxEnabled":false,"workingDirectory":"C:\\Users\\jethr\\.mavis\\agents\\agent-45acf34ec377\\workspace"}
[19:29:31.761] INFO: [daemon.js:17438] [668e4e1a300b4171be8aa1a2fc961fea] BashToolPermissionChecker checkPermissions called, _toolName=bash, input={"command":"zot --local --library-id 0 --library-type user collections items N7YUWL9Y --limit 2 --format json 2>&1","description":"Get journal article items from Psychiatry"}, context={"mode":"auto","rules":[],"sandboxEnabled":false,"autoAllowBashIfSandboxed":false,"workingDirectory":"C:\\Users\\jethr\\.mavis\\agents\\agent-45acf34ec377\\workspace","allowedWorkingPaths":[],"sandboxAllowPaths":[],"dataDir":"C:\\Users\\jethr\\.mavis","homeDir":"C:\\Users\\jethr","agentName":"agent-45acf34ec377","sessionId":"mvs_5e0fcbb6257a4549a051144c47bf9b3b","allowManagedPermissionRulesOnly":false,"interactiveTools":{}}
[19:29:31.762] INFO: [daemon.js:17438] [permission] subcommand layer=tail mode=default verdict=ask {"permLayer":"tail","permMode":"default","permVerdict":"ask","permReasonType":"safetyCheck","cmdPreview":"zot --local --library-id 0 --library-type user collections items N7YUWL9Y --limit 2 --format json 2>&1"}
[19:29:31.762] INFO: [daemon.js:17438] [permission] whole-command layer=aggregated mode=default verdict=ask {"permLayer":"aggregated","permMode":"default","permVerdict":"ask","permScope":"whole-command","cmdPreview":"zot --local --library-id 0 --library-type user collections items N7YUWL9Y --limit 2 --format json 2>&1","sessionId":"mvs_5e0fcbb6257a4549a051144c47bf9b3b","subcommandCount":1}
[19:29:31.762] INFO: [daemon.js:17438] [df92bb1124cb4086832280fa07776ae9] [permission-service] Check result: toolName=bash behavior=ask reasonType=safetyCheck locale=en
[19:29:31.762] INFO: [daemon.js:17438] Running YOLO classifier {"toolName":"bash","inputLength":102,"sessionId":"mvs_5e0fcbb6257a4549a051144c47bf9b3b","agentId":"agent-45acf34ec377"}
[19:29:31.762] INFO: [daemon.js:17438] [permission] subcommand layer=tail mode=auto verdict=undecided {"permLayer":"tail","permMode":"auto","permVerdict":"undecided","permReasonType":"safetyCheck","cmdPreview":"zot --local --library-id 0 --library-type user collections items N7YUWL9Y --limit 2 --format json 2>&1"}
[19:29:31.762] INFO: [daemon.js:17438] [permission] whole-command layer=aggregated mode=auto verdict=undecided {"permLayer":"aggregated","permMode":"auto","permVerdict":"undecided","permScope":"whole-command","cmdPreview":"zot --local --library-id 0 --library-type user collections items N7YUWL9Y --limit 2 --format json 2>&1","subcommandCount":1}
[19:29:41.573] INFO: [daemon.js:17438] [c5c8c538103c4128b5ee5dafd13c237f] → GET /mavis/health
[19:29:41.573] INFO: [daemon.js:17438] [c5c8c538103c4128b5ee5dafd13c237f] ← GET /mavis/health status=200 duration=0ms {"locale":"en"}
[19:29:45.295] INFO: [daemon.js:17438] Stage 2 LLM classification result {"toolName":"bash","verdict":"allow","reason":"This is a read-only query to the user's local Zotero library (`zot --local`), fetching collection items with a JSON output. No system changes, deletion, or external network calls. Consistent with the user's established Zotero workflow in this session.","model":"minimax/MiniMax-M2.7","isIrreversibleDelete":false,"confidence":0.95}
[19:29:45.296] INFO: [daemon.js:17438] [8b2f8bedcafd425aba630cc3ba13ed14] [permission-service] Auto mode classifier result: toolName=bash verdict=allow reason=This is a read-only query to the user's local Zotero library (`zot --local`), fetching collection items with a JSON output. No system changes, deletion, or external network calls. Consistent with the user's established Zotero workflow in this session. model=minimax/MiniMax-M2.7 stage=thinking durationMs=13534 locale=en
[19:29:45.296] INFO: [daemon.js:17438] [5d8feb5ebbb84f86914a0dee7d92ca5c] Permission check result: bash → allow {"locale":"en"}
[19:29:45.296] INFO: [daemon.js:17438] [5d8feb5ebbb84f86914a0dee7d92ca5c] ← POST /mavis/api/permission/check status=200 duration=13535ms {"locale":"en"}
[19:29:45.299] INFO: [daemon.js:17438] [047895a7c2dd4203b59cf6a81019a654] → POST /mavis/api/hooks/execute
[19:29:45.300] INFO: [daemon.js:17438] [hook-registry] matcher did not match, hook filtered out {"module":"hook-registry","hookId":"builtin:binary-read-guard","matcher":"^[Rr]ead$","matchValue":"bash"}
[19:29:45.300] INFO: [daemon.js:17438] [hook-registry] matcher did not match, hook filtered out {"module":"hook-registry","hookId":"builtin:docx-skill-env-gate","matcher":"^[Ss][Kk][Ii][Ll][Ll]$","matchValue":"bash"}
[19:29:45.300] INFO: [daemon.js:17438] [hook-registry] hooks filtered by matcher {"module":"hook-registry","hookEvent":"PreToolUse","matchValue":"bash","beforeCount":2,"afterCount":0}
[19:29:45.300] INFO: [daemon.js:17438] [047895a7c2dd4203b59cf6a81019a654] ← POST /mavis/api/hooks/execute status=200 duration=1ms {"locale":"en"}
[19:29:45.757] INFO: [daemon.js:17438] [90f1e464f76a431bb0ede8f81cf060e1] → POST /mavis/api/metrics/runtime-event
[19:29:45.757] INFO: [daemon.js:17438] [90f1e464f76a431bb0ede8f81cf060e1] ← POST /mavis/api/metrics/runtime-event status=204 duration=0ms {"locale":"en"}
[19:29:45.758] INFO: [daemon.js:17438] [b39969e2164d4ba49b9454f992fff0bf] → POST /mavis/api/hooks/execute
[19:29:45.759] INFO: [daemon.js:17438] [hook-registry] matcher did not match, hook filtered out {"module":"hook-registry","hookId":"builtin:read-image-compressor","matcher":"^[Rr]ead$","matchValue":"bash"}
[19:29:45.759] INFO: [daemon.js:17438] [hook-registry] hooks filtered by matcher {"module":"hook-registry","hookEvent":"PostToolUse","matchValue":"bash","beforeCount":7,"afterCount":6}
[19:29:45.759] INFO: [daemon.js:17438] [b39969e2164d4ba49b9454f992fff0bf] ← POST /mavis/api/hooks/execute status=200 duration=1ms {"locale":"en"}
[19:29:45.762] INFO: [daemon.js:17438] [03b0079d928647fbb19ee3a35826d3ed] → POST /mavis/api/metrics/runtime-event
[19:29:45.763] INFO: [daemon.js:17438] [03b0079d928647fbb19ee3a35826d3ed] ← POST /mavis/api/metrics/runtime-event status=204 duration=1ms {"locale":"en"}
[19:29:45.778] INFO: [daemon.js:17438] [46f548f91d0f41afbbc3a42bc17ec7c0] → POST /mavis/api/metrics/runtime-event
[19:29:45.779] INFO: [daemon.js:17438] [46f548f91d0f41afbbc3a42bc17ec7c0] ← POST /mavis/api/metrics/runtime-event status=204 duration=1ms {"locale":"en"}
[19:29:45.788] INFO: [daemon.js:17438] [1ce2519c746d4872b3fc3b2afca60a6d] → GET /mavis/api/session/mvs_5e0fcbb6257a4549a051144c47bf9b3b
[19:29:45.789] INFO: [daemon.js:17438] [1ce2519c746d4872b3fc3b2afca60a6d] ← GET /mavis/api/session/mvs_5e0fcbb6257a4549a051144c47bf9b3b status=200 duration=1ms {"locale":"en"}
[19:29:47.651] INFO: [daemon.js:17438] [88a985b120f24c3eaa0aa89dbf6dae62] → POST /mavis/api/metrics/runtime-event
[19:29:47.651] INFO: [daemon.js:17438] [88a985b120f24c3eaa0aa89dbf6dae62] ← POST /mavis/api/metrics/runtime-event status=204 duration=0ms {"locale":"en"}
[19:29:47.652] INFO: [daemon.js:17438] [5f27f435cb304f7cb88d8c6ed949e70a] → POST /mavis/api/permission/check
[19:29:47.652] INFO: [daemon.js:17438] [5f27f435cb304f7cb88d8c6ed949e70a] Permission check requested: bash for agent-45acf34ec377 {"locale":"en"}
[19:29:47.652] INFO: [daemon.js:17438] Created ToolPermissionContext {"mode":"auto","ruleCount":0,"sandboxEnabled":false,"workingDirectory":"C:\\Users\\jethr\\.mavis\\agents\\agent-45acf34ec377\\workspace"}
[19:29:47.652] INFO: [daemon.js:17438] [e5bb7f5a30324992ba5669c66e299df2] BashToolPermissionChecker checkPermissions called, _toolName=bash, input={"command":"zot --local --library-id 0 --library-type user collections items K79WWI9E --limit 3 --output json 2>&1","description":"Get items from Depression collection JSON"}, context={"mode":"auto","rules":[],"sandboxEnabled":false,"autoAllowBashIfSandboxed":false,"workingDirectory":"C:\\Users\\jethr\\.mavis\\agents\\agent-45acf34ec377\\workspace","allowedWorkingPaths":[],"sandboxAllowPaths":[],"dataDir":"C:\\Users\\jethr\\.mavis","homeDir":"C:\\Users\\jethr","agentName":"agent-45acf34ec377","sessionId":"mvs_5e0fcbb6257a4549a051144c47bf9b3b","allowManagedPermissionRulesOnly":false,"interactiveTools":{}}
[19:29:47.652] INFO: [daemon.js:17438] [permission] subcommand layer=tail mode=default verdict=ask {"permLayer":"tail","permMode":"default","permVerdict":"ask","permReasonType":"safetyCheck","cmdPreview":"zot --local --library-id 0 --library-type user collections items K79WWI9E --limit 3 --output json 2>&1"}
[19:29:47.653] INFO: [daemon.js:17438] [permission] whole-command layer=aggregated mode=default verdict=ask {"permLayer":"aggregated","permMode":"default","permVerdict":"ask","permScope":"whole-command","cmdPreview":"zot --local --library-id 0 --library-type user collections items K79WWI9E --limit 3 --output json 2>&1","sessionId":"mvs_5e0fcbb6257a4549a051144c47bf9b3b","subcommandCount":1}
[19:29:47.653] INFO: [daemon.js:17438] [3211435265fa4a6bae748d7243d9b1ad] [permission-service] Check result: toolName=bash behavior=ask reasonType=safetyCheck locale=en
[19:29:47.653] INFO: [daemon.js:17438] Running YOLO classifier {"toolName":"bash","inputLength":102,"sessionId":"mvs_5e0fcbb6257a4549a051144c47bf9b3b","agentId":"agent-45acf34ec377"}
[19:29:47.653] INFO: [daemon.js:17438] [permission] subcommand layer=tail mode=auto verdict=undecided {"permLayer":"tail","permMode":"auto","permVerdict":"undecided","permReasonType":"safetyCheck","cmdPreview":"zot --local --library-id 0 --library-type user collections items K79WWI9E --limit 3 --output json 2>&1"}
[19:29:47.653] INFO: [daemon.js:17438] [permission] whole-command layer=aggregated mode=auto verdict=undecided {"permLayer":"aggregated","permMode":"auto","permVerdict":"undecided","permScope":"whole-command","cmdPreview":"zot --local --library-id 0 --library-type user collections items K79WWI9E --limit 3 --output json 2>&1","subcommandCount":1}
[19:29:51.583] INFO: [daemon.js:17438] [35e6acda19e349878cd561c8c3f0397c] → GET /mavis/health
[19:29:51.583] INFO: [daemon.js:17438] [35e6acda19e349878cd561c8c3f0397c] ← GET /mavis/health status=200 duration=0ms {"locale":"en"}
[19:29:59.200] INFO: [daemon.js:17438] Stage 2 LLM classification result {"toolName":"bash","verdict":"allow","reason":"Read-only query to the user's local Zotero library with bounded scope (limit 3 items). This is a standard library navigation operation with no data modification, external calls, or destructive side effects.","model":"minimax/MiniMax-M2.7","isIrreversibleDelete":false,"confidence":0.95}
[19:29:59.200] INFO: [daemon.js:17438] [3654a127172040cbb8eb6af8d70c40dc] [permission-service] Auto mode classifier result: toolName=bash verdict=allow reason=Read-only query to the user's local Zotero library with bounded scope (limit 3 items). This is a standard library navigation operation with no data modification, external calls, or destructive side effects. model=minimax/MiniMax-M2.7 stage=thinking durationMs=11547 locale=en
[19:29:59.200] INFO: [daemon.js:17438] [5f27f435cb304f7cb88d8c6ed949e70a] Permission check result: bash → allow {"locale":"en"}
[19:29:59.200] INFO: [daemon.js:17438] [5f27f435cb304f7cb88d8c6ed949e70a] ← POST /mavis/api/permission/check status=200 duration=11548ms {"locale":"en"}
[19:29:59.203] INFO: [daemon.js:17438] [a3fdb6d5790d4c18a0bdf34c1cae3f56] → POST /mavis/api/hooks/execute
[19:29:59.204] INFO: [daemon.js:17438] [hook-registry] matcher did not match, hook filtered out {"module":"hook-registry","hookId":"builtin:binary-read-guard","matcher":"^[Rr]ead$","matchValue":"bash"}
[19:29:59.204] INFO: [daemon.js:17438] [hook-registry] matcher did not match, hook filtered out {"module":"hook-registry","hookId":"builtin:docx-skill-env-gate","matcher":"^[Ss][Kk][Ii][Ll][Ll]$","matchValue":"bash"}
[19:29:59.204] INFO: [daemon.js:17438] [hook-registry] hooks filtered by matcher {"module":"hook-registry","hookEvent":"PreToolUse","matchValue":"bash","beforeCount":2,"afterCount":0}
[19:29:59.204] INFO: [daemon.js:17438] [a3fdb6d5790d4c18a0bdf34c1cae3f56] ← POST /mavis/api/hooks/execute status=200 duration=1ms {"locale":"en"}
[19:30:01.589] INFO: [daemon.js:17438] [a61c3709d03c4ff68d68e855daec4645] → GET /mavis/health
[19:30:01.590] INFO: [daemon.js:17438] [a61c3709d03c4ff68d68e855daec4645] ← GET /mavis/health status=200 duration=1ms {"locale":"en"}
[19:30:01.668] INFO: [daemon.js:17438] [13a74f0dc7a642ad8139b662d115f340] → POST /mavis/api/metrics/runtime-event
[19:30:01.669] INFO: [daemon.js:17438] [13a74f0dc7a642ad8139b662d115f340] ← POST /mavis/api/metrics/runtime-event status=204 duration=1ms {"locale":"en"}
[19:30:01.669] INFO: [daemon.js:17438] [e352201151664dac96a32851a3443774] → POST /mavis/api/hooks/execute
[19:30:01.669] INFO: [daemon.js:17438] [hook-registry] matcher did not match, hook filtered out {"module":"hook-registry","hookId":"builtin:read-image-compressor","matcher":"^[Rr]ead$","matchValue":"bash"}
[19:30:01.670] INFO: [daemon.js:17438] [hook-registry] hooks filtered by matcher {"module":"hook-registry","hookEvent":"PostToolUse","matchValue":"bash","beforeCount":7,"afterCount":6}
[19:30:01.670] INFO: [daemon.js:17438] [e352201151664dac96a32851a3443774] ← POST /mavis/api/hooks/execute status=200 duration=1ms {"locale":"en"}
[19:30:01.672] INFO: [daemon.js:17438] [a4fc99351d664c1e80ee25a945427549] → POST /mavis/api/metrics/runtime-event
[19:30:01.672] INFO: [daemon.js:17438] [a4fc99351d664c1e80ee25a945427549] ← POST /mavis/api/metrics/runtime-event status=204 duration=0ms {"locale":"en"}
[19:30:01.690] INFO: [daemon.js:17438] [0e37c1d528c04d59add539c917948cfe] → GET /mavis/api/session/mvs_5e0fcbb6257a4549a051144c47bf9b3b
[19:30:01.690] INFO: [daemon.js:17438] [0e37c1d528c04d59add539c917948cfe] ← GET /mavis/api/session/mvs_5e0fcbb6257a4549a051144c47bf9b3b status=200 duration=0ms {"locale":"en"}
[19:30:01.691] INFO: [daemon.js:17438] [5bc0501b29884146a3f41b0801a9185d] → POST /mavis/api/metrics/runtime-event
[19:30:01.691] INFO: [daemon.js:17438] [5bc0501b29884146a3f41b0801a9185d] ← POST /mavis/api/metrics/runtime-event status=204 duration=0ms {"locale":"en"}
[19:30:04.694] INFO: [daemon.js:17438] [ec2f4e2811a641c8a6e2551ac92005d3] → POST /mavis/api/metrics/runtime-event
[19:30:04.694] INFO: [daemon.js:17438] [ec2f4e2811a641c8a6e2551ac92005d3] ← POST /mavis/api/metrics/runtime-event status=204 duration=0ms {"locale":"en"}
[19:30:04.695] INFO: [daemon.js:17438] [d94d9eaf17344febaaa87bd58b593309] → POST /mavis/api/permission/check
[19:30:04.695] INFO: [daemon.js:17438] [d94d9eaf17344febaaa87bd58b593309] Permission check requested: bash for agent-45acf34ec377 {"locale":"en"}
[19:30:04.695] INFO: [daemon.js:17438] Created ToolPermissionContext {"mode":"auto","ruleCount":0,"sandboxEnabled":false,"workingDirectory":"C:\\Users\\jethr\\.mavis\\agents\\agent-45acf34ec377\\workspace"}
[19:30:04.695] INFO: [daemon.js:17438] [609dd837ad4245d8baf3a5f8112600a5] BashToolPermissionChecker checkPermissions called, _toolName=bash, input={"command":"zot --local --library-id 0 --library-type user items get IU9ZZ66F --output json 2>&1","description":"Get parent bibliographic item to see citekey"}, context={"mode":"auto","rules":[],"sandboxEnabled":false,"autoAllowBashIfSandboxed":false,"workingDirectory":"C:\\Users\\jethr\\.mavis\\agents\\agent-45acf34ec377\\workspace","allowedWorkingPaths":[],"sandboxAllowPaths":[],"dataDir":"C:\\Users\\jethr\\.mavis","homeDir":"C:\\Users\\jethr","agentName":"agent-45acf34ec377","sessionId":"mvs_5e0fcbb6257a4549a051144c47bf9b3b","allowManagedPermissionRulesOnly":false,"interactiveTools":{}}
[19:30:04.696] INFO: [daemon.js:17438] [permission] subcommand layer=tail mode=default verdict=ask {"permLayer":"tail","permMode":"default","permVerdict":"ask","permReasonType":"safetyCheck","cmdPreview":"zot --local --library-id 0 --library-type user items get IU9ZZ66F --output json 2>&1"}
[19:30:04.696] INFO: [daemon.js:17438] [permission] whole-command layer=aggregated mode=default verdict=ask {"permLayer":"aggregated","permMode":"default","permVerdict":"ask","permScope":"whole-command","cmdPreview":"zot --local --library-id 0 --library-type user items get IU9ZZ66F --output json 2>&1","sessionId":"mvs_5e0fcbb6257a4549a051144c47bf9b3b","subcommandCount":1}
[19:30:04.696] INFO: [daemon.js:17438] [2663ab0acbba442db27c692115d275ee] [permission-service] Check result: toolName=bash behavior=ask reasonType=safetyCheck locale=en
[19:30:04.696] INFO: [daemon.js:17438] Running YOLO classifier {"toolName":"bash","inputLength":84,"sessionId":"mvs_5e0fcbb6257a4549a051144c47bf9b3b","agentId":"agent-45acf34ec377"}
[19:30:04.696] INFO: [daemon.js:17438] [permission] subcommand layer=tail mode=auto verdict=undecided {"permLayer":"tail","permMode":"auto","permVerdict":"undecided","permReasonType":"safetyCheck","cmdPreview":"zot --local --library-id 0 --library-type user items get IU9ZZ66F --output json 2>&1"}
[19:30:04.696] INFO: [daemon.js:17438] [permission] whole-command layer=aggregated mode=auto verdict=undecided {"permLayer":"aggregated","permMode":"auto","permVerdict":"undecided","permScope":"whole-command","cmdPreview":"zot --local --library-id 0 --library-type user items get IU9ZZ66F --output json 2>&1","subcommandCount":1}
[19:30:11.604] INFO: [daemon.js:17438] [b4dcb2fac74c41d0bd31ef759fbacb5a] → GET /mavis/health
[19:30:11.604] INFO: [daemon.js:17438] [b4dcb2fac74c41d0bd31ef759fbacb5a] ← GET /mavis/health status=200 duration=0ms {"locale":"en"}
[19:30:18.332] INFO: [daemon.js:17438] Stage 2 LLM classification result {"toolName":"bash","verdict":"allow","reason":"Read-only item retrieval from local Zotero library in JSON format; bounded scope, no system modification or secret exposure.","model":"minimax/MiniMax-M2.7","isIrreversibleDelete":false,"confidence":0.95}
[19:30:18.333] INFO: [daemon.js:17438] [c110483cc51a48099842da5265cda90c] [permission-service] Auto mode classifier result: toolName=bash verdict=allow reason=Read-only item retrieval from local Zotero library in JSON format; bounded scope, no system modification or secret exposure. model=minimax/MiniMax-M2.7 stage=thinking durationMs=13637 locale=en
[19:30:18.333] INFO: [daemon.js:17438] [d94d9eaf17344febaaa87bd58b593309] Permission check result: bash → allow {"locale":"en"}
[19:30:18.333] INFO: [daemon.js:17438] [d94d9eaf17344febaaa87bd58b593309] ← POST /mavis/api/permission/check status=200 duration=13638ms {"locale":"en"}
[19:30:18.336] INFO: [daemon.js:17438] [95c1c0eb8f2c461ab68a5e0c1708b0df] → POST /mavis/api/hooks/execute
[19:30:18.337] INFO: [daemon.js:17438] [hook-registry] matcher did not match, hook filtered out {"module":"hook-registry","hookId":"builtin:binary-read-guard","matcher":"^[Rr]ead$","matchValue":"bash"}
[19:30:18.337] INFO: [daemon.js:17438] [hook-registry] matcher did not match, hook filtered out {"module":"hook-registry","hookId":"builtin:docx-skill-env-gate","matcher":"^[Ss][Kk][Ii][Ll][Ll]$","matchValue":"bash"}
[19:30:18.337] INFO: [daemon.js:17438] [hook-registry] hooks filtered by matcher {"module":"hook-registry","hookEvent":"PreToolUse","matchValue":"bash","beforeCount":2,"afterCount":0}
[19:30:18.337] INFO: [daemon.js:17438] [95c1c0eb8f2c461ab68a5e0c1708b0df] ← POST /mavis/api/hooks/execute status=200 duration=1ms {"locale":"en"}
[19:30:20.824] INFO: [daemon.js:17438] [c9e5c60fe9b545b68a58197c8b45b2f7] → POST /mavis/api/metrics/runtime-event
[19:30:20.825] INFO: [daemon.js:17438] [c9e5c60fe9b545b68a58197c8b45b2f7] ← POST /mavis/api/metrics/runtime-event status=204 duration=1ms {"locale":"en"}
[19:30:20.825] INFO: [daemon.js:17438] [d8a990eab12b4ba0b686ded53b9bc5c3] → POST /mavis/api/hooks/execute
[19:30:20.825] INFO: [daemon.js:17438] [hook-registry] matcher did not match, hook filtered out {"module":"hook-registry","hookId":"builtin:read-image-compressor","matcher":"^[Rr]ead$","matchValue":"bash"}
[19:30:20.825] INFO: [daemon.js:17438] [hook-registry] hooks filtered by matcher {"module":"hook-registry","hookEvent":"PostToolUse","matchValue":"bash","beforeCount":7,"afterCount":6}
[19:30:20.826] INFO: [daemon.js:17438] [d8a990eab12b4ba0b686ded53b9bc5c3] ← POST /mavis/api/hooks/execute status=200 duration=1ms {"locale":"en"}
[19:30:20.828] INFO: [daemon.js:17438] [0c5dbe86398248b181fd36cce97870cd] → POST /mavis/api/metrics/runtime-event
[19:30:20.828] INFO: [daemon.js:17438] [0c5dbe86398248b181fd36cce97870cd] ← POST /mavis/api/metrics/runtime-event status=204 duration=0ms {"locale":"en"}
[19:30:20.843] INFO: [daemon.js:17438] [0a1c704549e340afbf61661958dc808a] → POST /mavis/api/metrics/runtime-event
[19:30:20.844] INFO: [daemon.js:17438] [0a1c704549e340afbf61661958dc808a] ← POST /mavis/api/metrics/runtime-event status=204 duration=1ms {"locale":"en"}
[19:30:20.844] INFO: [daemon.js:17438] [e9f6176f0f3741a3904e147e41a0c7e8] → GET /mavis/api/session/mvs_5e0fcbb6257a4549a051144c47bf9b3b
[19:30:20.844] INFO: [daemon.js:17438] [e9f6176f0f3741a3904e147e41a0c7e8] ← GET /mavis/api/session/mvs_5e0fcbb6257a4549a051144c47bf9b3b status=200 duration=0ms {"locale":"en"}
[19:30:21.619] INFO: [daemon.js:17438] [f1212ded50a4475f9118442a63c33ca2] → GET /mavis/health
[19:30:21.619] INFO: [daemon.js:17438] [f1212ded50a4475f9118442a63c33ca2] ← GET /mavis/health status=200 duration=0ms {"locale":"en"}
[19:30:24.962] INFO: [daemon.js:17438] [ad669c352dcc45d092d0ed420168e5a5] → POST /mavis/api/metrics/runtime-event
[19:30:24.962] INFO: [daemon.js:17438] [ad669c352dcc45d092d0ed420168e5a5] ← POST /mavis/api/metrics/runtime-event status=204 duration=0ms {"locale":"en"}
[19:30:24.963] INFO: [daemon.js:17438] [3cda83333c3c4a66b6480e5dc4f31f23] → POST /mavis/api/permission/check
[19:30:24.963] INFO: [daemon.js:17438] [3cda83333c3c4a66b6480e5dc4f31f23] Permission check requested: edit for agent-45acf34ec377 {"locale":"en"}
[19:30:24.963] INFO: [daemon.js:17438] Created ToolPermissionContext {"mode":"auto","ruleCount":0,"sandboxEnabled":false,"workingDirectory":"C:\\Users\\jethr\\.mavis\\agents\\agent-45acf34ec377\\workspace"}
[19:30:24.963] INFO: [daemon.js:17438] [fe5ea52bc26b4bac95a82c885e65d74b] FsToolPermissionChecker checkPermissions called, toolName=edit, input={"filePath":"C:\\Users\\jethr\\.mavis\\agents\\agent-45acf34ec377\\agent.md","newString":"- `source` — BetterBibtex citekey (e.g. `carhart-harrisMourningMelancholiaRevisited2008`). Retrieve via `zot items get <KEY> --output json` and parse `data.citationKey`.","oldString":"- `source` — BetterBibtex citekey (e.g. `smith2023effectiveness`)"}, context={"mode":"auto","rules":[],"sandboxEnabled":false,"autoAllowBashIfSandboxed":false,"workingDirectory":"C:\\Users\\jethr\\.mavis\\agents\\agent-45acf34ec377\\workspace","allowedWorkingPaths":[],"sandboxAllowPaths":[],"dataDir":"C:\\Users\\jethr\\.mavis","homeDir":"C:\\Users\\jethr","agentName":"agent-45acf34ec377","sessionId":"mvs_5e0fcbb6257a4549a051144c47bf9b3b","allowManagedPermissionRulesOnly":false,"interactiveTools":{}}
[19:30:24.963] INFO: [daemon.js:17438] [fd287d4d1b904bf7aab02356a13c312f] [permission-service] Check result: toolName=edit behavior=ask reasonType=safetyCheck locale=en
[19:30:24.964] INFO: [daemon.js:17438] Running YOLO classifier {"toolName":"edit","inputLength":56,"sessionId":"mvs_5e0fcbb6257a4549a051144c47bf9b3b","agentId":"agent-45acf34ec377"}
[19:30:24.965] INFO: [daemon.js:17438] [24c8d26c975d497d9937cba9d23e0b5b] → POST /mavis/api/metrics/runtime-event
[19:30:24.965] INFO: [daemon.js:17438] [24c8d26c975d497d9937cba9d23e0b5b] ← POST /mavis/api/metrics/runtime-event status=204 duration=0ms {"locale":"en"}
[19:30:24.965] INFO: [daemon.js:17438] [20ca40ab28374799bdfcd9f14a654658] → POST /mavis/api/permission/check
[19:30:24.965] INFO: [daemon.js:17438] [20ca40ab28374799bdfcd9f14a654658] Permission check requested: edit for agent-45acf34ec377 {"locale":"en"}
[19:30:24.966] INFO: [daemon.js:17438] Created ToolPermissionContext {"mode":"auto","ruleCount":0,"sandboxEnabled":false,"workingDirectory":"C:\\Users\\jethr\\.mavis\\agents\\agent-45acf34ec377\\workspace"}
[19:30:24.966] INFO: [daemon.js:17438] [37aabbfe0a2e424a9f380f7bfa294b92] FsToolPermissionChecker checkPermissions called, toolName=edit, input={"filePath":"C:\\Users\\jethr\\.mavis\\skills\\zotero-use\\references\\verified-local-examples.md","newString":"BetterBibtex citekey is stored in `data.citationKey` field in the JSON output of `zot items get <KEY> --output json`. Example: `carhart-harrisMourningMelancholiaRevisited2008`.","oldString":"When `linkMode` is `imported_file`, search in `C:\\Users\\jethr\\Zotero\\storage` by item key."}, context={"mode":"auto","rules":[],"sandboxEnabled":false,"autoAllowBashIfSandboxed":false,"workingDirectory":"C:\\Users\\jethr\\.mavis\\agents\\agent-45acf34ec377\\workspace","allowedWorkingPaths":[],"sandboxAllowPaths":[],"dataDir":"C:\\Users\\jethr\\.mavis","homeDir":"C:\\Users\\jethr","agentName":"agent-45acf34ec377","sessionId":"mvs_5e0fcbb6257a4549a051144c47bf9b3b","allowManagedPermissionRulesOnly":false,"interactiveTools":{}}
[19:30:24.966] INFO: [daemon.js:17438] [5dbf902e580c41c8bcb267267debd3bc] [permission-service] Check result: toolName=edit behavior=ask reasonType=safetyCheck locale=en
[19:30:24.966] INFO: [daemon.js:17438] Running YOLO classifier {"toolName":"edit","inputLength":77,"sessionId":"mvs_5e0fcbb6257a4549a051144c47bf9b3b","agentId":"agent-45acf34ec377"}
[19:30:29.146] INFO: [daemon.js:17438] Stage 2 LLM classification result {"toolName":"edit","verdict":"allow","reason":"File edit to a skill documentation markdown file within the user's own workspace (`.mavis\\skills\\zotero-use\\references\\`). This is a standard project file write, not a system path, credential store, or irreversible operation.","model":"minimax/MiniMax-M2.7","isIrreversibleDelete":false,"confidence":0.95}
[19:30:29.146] INFO: [daemon.js:17438] [0b196ae02c174bf295bbc5adac6c0e44] [permission-service] Auto mode classifier result: toolName=edit verdict=allow reason=File edit to a skill documentation markdown file within the user's own workspace (`.mavis\skills\zotero-use\references\`). This is a standard project file write, not a system path, credential store, or irreversible operation. model=minimax/MiniMax-M2.7 stage=thinking durationMs=4180 locale=en
[19:30:29.146] INFO: [daemon.js:17438] [20ca40ab28374799bdfcd9f14a654658] Permission check result: edit → allow {"locale":"en"}
[19:30:29.146] INFO: [daemon.js:17438] [20ca40ab28374799bdfcd9f14a654658] ← POST /mavis/api/permission/check status=200 duration=4181ms {"locale":"en"}
[19:30:29.150] INFO: [daemon.js:17438] [d49c312d8b234593943195cf4b066617] → POST /mavis/api/hooks/execute
[19:30:29.151] INFO: [daemon.js:17438] [hook-registry] matcher did not match, hook filtered out {"module":"hook-registry","hookId":"builtin:binary-read-guard","matcher":"^[Rr]ead$","matchValue":"edit"}
[19:30:29.151] INFO: [daemon.js:17438] [hook-registry] matcher did not match, hook filtered out {"module":"hook-registry","hookId":"builtin:docx-skill-env-gate","matcher":"^[Ss][Kk][Ii][Ll][Ll]$","matchValue":"edit"}
[19:30:29.151] INFO: [daemon.js:17438] [hook-registry] hooks filtered by matcher {"module":"hook-registry","hookEvent":"PreToolUse","matchValue":"edit","beforeCount":2,"afterCount":0}
[19:30:29.151] INFO: [daemon.js:17438] [d49c312d8b234593943195cf4b066617] ← POST /mavis/api/hooks/execute status=200 duration=1ms {"locale":"en"}
[19:30:29.156] INFO: [daemon.js:17438] [86116dd56a304022b9a7167f7fcd4aa6] → POST /mavis/api/metrics/runtime-event
[19:30:29.157] INFO: [daemon.js:17438] [86116dd56a304022b9a7167f7fcd4aa6] ← POST /mavis/api/metrics/runtime-event status=204 duration=1ms {"locale":"en"}
[19:30:29.157] INFO: [daemon.js:17438] [d9d0b3cf6dc64e96b6ec9a25c885f2e1] → POST /mavis/api/hooks/execute
[19:30:29.157] INFO: [daemon.js:17438] [hook-registry] matcher did not match, hook filtered out {"module":"hook-registry","hookId":"builtin:read-image-compressor","matcher":"^[Rr]ead$","matchValue":"edit"}
[19:30:29.157] INFO: [daemon.js:17438] [hook-registry] matcher did not match, hook filtered out {"module":"hook-registry","hookId":"builtin:cu-image-injector","matcher":"^[Bb]ash$","matchValue":"edit"}
[19:30:29.157] INFO: [daemon.js:17438] [hook-registry] hooks filtered by matcher {"module":"hook-registry","hookEvent":"PostToolUse","matchValue":"edit","beforeCount":7,"afterCount":5}
[19:30:29.157] INFO: [daemon.js:17438] [d9d0b3cf6dc64e96b6ec9a25c885f2e1] ← POST /mavis/api/hooks/execute status=200 duration=0ms {"locale":"en"}
[19:30:31.634] INFO: [daemon.js:17438] [9f0e5ae3332c490d8c02960658b100ca] → GET /mavis/health
[19:30:31.634] INFO: [daemon.js:17438] [9f0e5ae3332c490d8c02960658b100ca] ← GET /mavis/health status=200 duration=0ms {"locale":"en"}
[19:30:32.273] INFO: [daemon.js:17438] Stage 2 LLM classification result {"toolName":"edit","verdict":"allow","reason":"File edit within the workspace directory is a safe, bounded operation. No system paths, secrets, or irreversible changes involved.","model":"minimax/MiniMax-M2.7","isIrreversibleDelete":false,"confidence":0.95}
[19:30:32.273] INFO: [daemon.js:17438] [c6e4da9acb7a49d99f9fa21179c837b5] [permission-service] Auto mode classifier result: toolName=edit verdict=allow reason=File edit within the workspace directory is a safe, bounded operation. No system paths, secrets, or irreversible changes involved. model=minimax/MiniMax-M2.7 stage=thinking durationMs=7309 locale=en
[19:30:32.273] INFO: [daemon.js:17438] [3cda83333c3c4a66b6480e5dc4f31f23] Permission check result: edit → allow {"locale":"en"}
[19:30:32.273] INFO: [daemon.js:17438] [3cda83333c3c4a66b6480e5dc4f31f23] ← POST /mavis/api/permission/check status=200 duration=7310ms {"locale":"en"}
[19:30:32.277] INFO: [daemon.js:17438] [a19ddb928d6a4981a7b54cdcdc54caa8] → POST /mavis/api/hooks/execute
[19:30:32.277] INFO: [daemon.js:17438] [hook-registry] matcher did not match, hook filtered out {"module":"hook-registry","hookId":"builtin:binary-read-guard","matcher":"^[Rr]ead$","matchValue":"edit"}
[19:30:32.277] INFO: [daemon.js:17438] [hook-registry] matcher did not match, hook filtered out {"module":"hook-registry","hookId":"builtin:docx-skill-env-gate","matcher":"^[Ss][Kk][Ii][Ll][Ll]$","matchValue":"edit"}
[19:30:32.277] INFO: [daemon.js:17438] [hook-registry] hooks filtered by matcher {"module":"hook-registry","hookEvent":"PreToolUse","matchValue":"edit","beforeCount":2,"afterCount":0}
[19:30:32.277] INFO: [daemon.js:17438] [a19ddb928d6a4981a7b54cdcdc54caa8] ← POST /mavis/api/hooks/execute status=200 duration=0ms {"locale":"en"}
[19:30:32.282] INFO: [daemon.js:17438] [30d0c4a8f45c43228a229d9edb302e38] → POST /mavis/api/metrics/runtime-event
[19:30:32.283] INFO: [daemon.js:17438] [30d0c4a8f45c43228a229d9edb302e38] ← POST /mavis/api/metrics/runtime-event status=204 duration=1ms {"locale":"en"}
[19:30:32.283] INFO: [daemon.js:17438] [f4e48bc6646d4d86a45849172a4ce2ed] → POST /mavis/api/hooks/execute
[19:30:32.284] INFO: [daemon.js:17438] [hook-registry] matcher did not match, hook filtered out {"module":"hook-registry","hookId":"builtin:read-image-compressor","matcher":"^[Rr]ead$","matchValue":"edit"}
[19:30:32.284] INFO: [daemon.js:17438] [hook-registry] matcher did not match, hook filtered out {"module":"hook-registry","hookId":"builtin:cu-image-injector","matcher":"^[Bb]ash$","matchValue":"edit"}
[19:30:32.284] INFO: [daemon.js:17438] [hook-registry] hooks filtered by matcher {"module":"hook-registry","hookEvent":"PostToolUse","matchValue":"edit","beforeCount":7,"afterCount":5}
[19:30:32.284] INFO: [daemon.js:17438] [f4e48bc6646d4d86a45849172a4ce2ed] ← POST /mavis/api/hooks/execute status=200 duration=1ms {"locale":"en"}
[19:30:32.286] INFO: [daemon.js:17438] [b4fa0bf4aca74965b9163b72eaa4a9e3] → POST /mavis/api/metrics/runtime-event
[19:30:32.286] INFO: [daemon.js:17438] [b4fa0bf4aca74965b9163b72eaa4a9e3] ← POST /mavis/api/metrics/runtime-event status=204 duration=0ms {"locale":"en"}
[19:30:32.301] INFO: [daemon.js:17438] [75df373b434e4d73aef04fa34dd2d47b] → POST /mavis/api/metrics/runtime-event
[19:30:32.302] INFO: [daemon.js:17438] [75df373b434e4d73aef04fa34dd2d47b] ← POST /mavis/api/metrics/runtime-event status=204 duration=1ms {"locale":"en"}
[19:30:32.309] INFO: [daemon.js:17438] [e7de64763a4747ea9a9731d4a217fadd] → GET /mavis/api/session/mvs_5e0fcbb6257a4549a051144c47bf9b3b
[19:30:32.310] INFO: [daemon.js:17438] [e7de64763a4747ea9a9731d4a217fadd] ← GET /mavis/api/session/mvs_5e0fcbb6257a4549a051144c47bf9b3b status=200 duration=1ms {"locale":"en"}
[19:30:35.848] INFO: [daemon.js:17438] [86978e08adc4408da4b0c46128c819f2] → POST /mavis/api/metrics/runtime-event
[19:30:35.848] INFO: [daemon.js:17438] [86978e08adc4408da4b0c46128c819f2] ← POST /mavis/api/metrics/runtime-event status=204 duration=0ms {"locale":"en"}
[19:30:35.870] INFO: [daemon.js:17438] [9683038a234642938ca4443503918385] → GET /mavis/api/session/mvs_5e0fcbb6257a4549a051144c47bf9b3b
[19:30:35.871] INFO: [daemon.js:17438] [9683038a234642938ca4443503918385] ← GET /mavis/api/session/mvs_5e0fcbb6257a4549a051144c47bf9b3b status=200 duration=1ms {"locale":"en"}
[19:30:36.125] INFO: [daemon.js:17438] [1e5a4e691b294781858551e6f7ab8358] [bridge] Emitting session.finish event sessionId=mvs_5e0fcbb6257a4549a051144c47bf9b3b agentName=agent-45acf34ec377 isError=false
[19:30:36.129] INFO: [daemon.js:17438] [0d625f925bd047c090a6065c3943eea6] [cron-store] Loaded cron configs, count=0
[19:30:41.642] INFO: [daemon.js:17438] [e7e8f24a54014a6a95573d68b686d939] → GET /mavis/health
[19:30:41.643] INFO: [daemon.js:17438] [e7e8f24a54014a6a95573d68b686d939] ← GET /mavis/health status=200 duration=1ms {"locale":"en"}
[19:30:51.642] INFO: [daemon.js:17438] [6d8bd730fdfc4a19981cb168962ec0fb] → GET /mavis/health
[19:30:51.643] INFO: [daemon.js:17438] [6d8bd730fdfc4a19981cb168962ec0fb] ← GET /mavis/health status=200 duration=1ms {"locale":"en"}
[19:31:01.649] INFO: [daemon.js:17438] [d9269123ace34668b2f6480b2e5fec99] → GET /mavis/health
[19:31:01.649] INFO: [daemon.js:17438] [d9269123ace34668b2f6480b2e5fec99] ← GET /mavis/health status=200 duration=0ms {"locale":"en"}
[19:31:03.338] INFO: [daemon.js:17438] [7ccacdd4753f4fae9ebe2aefb4072fc5] → GET /mavis/mcp/cu
[19:31:03.339] INFO: [daemon.js:17438] [7ccacdd4753f4fae9ebe2aefb4072fc5] ← GET /mavis/mcp/cu status=200 duration=1ms {"locale":"en"}
[19:31:03.339] INFO: [daemon.js:17438] [1eb118ba698642538e6a0a77dc1a66b3] → GET /mavis/mcp/trash
[19:31:03.340] INFO: [daemon.js:17438] [1eb118ba698642538e6a0a77dc1a66b3] ← GET /mavis/mcp/trash status=200 duration=1ms {"locale":"en"}
[19:31:09.737] INFO: [daemon.js:17438] [d296100915c64d3d8f267d6f2f5ec991] [mcp:matrix:stderr] [matrix-mcp-cli] tools/list dropped 2 unknown tool(s) not in this cli's KNOWN_TOOLS: matrix_extract_content_from_websites, matrix_get_upload_url
[19:31:09.738] INFO: [daemon.js:17438] [dfd52284de73472890c472af1541e6da] → POST /mavis/mcp/cu
[19:31:09.739] INFO: [daemon.js:17438] [dfd52284de73472890c472af1541e6da] ← POST /mavis/mcp/cu status=200 duration=1ms {"locale":"en"}
[19:31:09.740] INFO: [daemon.js:17438] [155dbbddb24e470d93e3975f032f8e26] → POST /mavis/mcp/trash
[19:31:09.740] INFO: [daemon.js:17438] [155dbbddb24e470d93e3975f032f8e26] ← POST /mavis/mcp/trash status=200 duration=0ms {"locale":"en"}
[19:31:11.662] INFO: [daemon.js:17438] [80152dcb565e408ca73f90cfe715f901] → GET /mavis/health
[19:31:11.662] INFO: [daemon.js:17438] [80152dcb565e408ca73f90cfe715f901] ← GET /mavis/health status=200 duration=0ms {"locale":"en"}
[19:31:21.673] INFO: [daemon.js:17438] [87ca4cd7f880401ca188601427328f5d] → GET /mavis/health
[19:31:21.673] INFO: [daemon.js:17438] [87ca4cd7f880401ca188601427328f5d] ← GET /mavis/health status=200 duration=0ms {"locale":"en"}
[19:31:31.679] INFO: [daemon.js:17438] [f339666503c9435e938600ced0ec40d7] → GET /mavis/health
[19:31:31.679] INFO: [daemon.js:17438] [f339666503c9435e938600ced0ec40d7] ← GET /mavis/health status=200 duration=0ms {"locale":"en"}
[19:31:41.684] INFO: [daemon.js:17438] [3118875baef446f6a201f21a633b7f65] → GET /mavis/health
[19:31:41.684] INFO: [daemon.js:17438] [3118875baef446f6a201f21a633b7f65] ← GET /mavis/health status=200 duration=0ms {"locale":"en"}
[19:31:50.472] INFO: [daemon.js:17438] [58105f2047324232a205848ee32ce4e1] → GET /mavis/api/session/mvs_5e0fcbb6257a4549a051144c47bf9b3b/message
[19:31:50.474] INFO: [daemon.js:17438] MessageStore list completed {"ctx":{"traceId":"58105f2047324232a205848ee32ce4e1","locale":"en"},"sessionId":"mvs_5e0fcbb6257a4549a051144c47bf9b3b","durationMs":1,"messageCount":48,"hasNextCursor":false}
[19:31:50.475] INFO: [daemon.js:17438] [58105f2047324232a205848ee32ce4e1] ← GET /mavis/api/session/mvs_5e0fcbb6257a4549a051144c47bf9b3b/message status=200 duration=3ms {"locale":"en"}
[19:31:50.477] INFO: [daemon.js:17438] [48316e333df448a381dce01237ca60b2] → GET /mavis/api/permission/requests
[19:31:50.477] INFO: [daemon.js:17438] [48316e333df448a381dce01237ca60b2] ← GET /mavis/api/permission/requests status=200 duration=0ms {"locale":"en"}
[19:31:50.482] INFO: [daemon.js:17438] [d1aa09b97da24cb081b2f65c3db75a4b] → GET /mavis/api/session/mvs_5e0fcbb6257a4549a051144c47bf9b3b
[19:31:50.490] INFO: [daemon.js:17438] [d1aa09b97da24cb081b2f65c3db75a4b] ← GET /mavis/api/session/mvs_5e0fcbb6257a4549a051144c47bf9b3b status=200 duration=8ms {"locale":"en"}
[19:31:50.493] INFO: [daemon.js:17438] [9220462b925846ac9eda51faa1d3fd53] → GET /mavis/api/session/mvs_5e0fcbb6257a4549a051144c47bf9b3b/queue
[19:31:50.494] INFO: [daemon.js:17438] [9220462b925846ac9eda51faa1d3fd53] ← GET /mavis/api/session/mvs_5e0fcbb6257a4549a051144c47bf9b3b/queue status=200 duration=1ms {"locale":"en"}
[19:31:51.685] INFO: [daemon.js:17438] [e7dfac32920949d485648162225c532d] → GET /mavis/health
[19:31:51.685] INFO: [daemon.js:17438] [e7dfac32920949d485648162225c532d] ← GET /mavis/health status=200 duration=0ms {"locale":"en"}
[19:32:01.686] INFO: [daemon.js:17438] [61110b3e74b44a11a79c0a4d1e3d47e7] → GET /mavis/health
[19:32:01.686] INFO: [daemon.js:17438] [61110b3e74b44a11a79c0a4d1e3d47e7] ← GET /mavis/health status=200 duration=0ms {"locale":"en"}
[19:32:04.981] INFO: [daemon.js:17438] [54ed1268bf5f4e01b62bc41c15bdb79b] → GET /mavis/api/cron
[19:32:04.982] INFO: [daemon.js:17438] [54ed1268bf5f4e01b62bc41c15bdb79b] ← GET /mavis/api/cron status=200 duration=1ms {"locale":"en"}
[19:32:04.982] INFO: [daemon.js:17438] [f04b799eb2b0406e9907c64a72f5d118] → GET /mavis/api/agent
[19:32:04.986] INFO: [daemon.js:17438] [f04b799eb2b0406e9907c64a72f5d118] ← GET /mavis/api/agent status=200 duration=4ms {"locale":"en"}
[19:32:11.690] INFO: [daemon.js:17438] [afcca6c25a984257a81e8d9be65bb50a] → GET /mavis/health
[19:32:11.690] INFO: [daemon.js:17438] [afcca6c25a984257a81e8d9be65bb50a] ← GET /mavis/health status=200 duration=0ms {"locale":"en"}
[19:32:21.691] INFO: [daemon.js:17438] [07f2bb3ffc4e4b9c882d4d46d5a33d23] → GET /mavis/health
[19:32:21.692] INFO: [daemon.js:17438] [07f2bb3ffc4e4b9c882d4d46d5a33d23] ← GET /mavis/health status=200 duration=1ms {"locale":"en"}
[19:32:31.707] INFO: [daemon.js:17438] [cb6272a44fac47d3a56551b191405416] → GET /mavis/health
[19:32:31.707] INFO: [daemon.js:17438] [cb6272a44fac47d3a56551b191405416] ← GET /mavis/health status=200 duration=0ms {"locale":"en"}
[19:32:41.712] INFO: [daemon.js:17438] [04de045cf31a488eb03e914ffd8ec8cf] → GET /mavis/health
[19:32:41.713] INFO: [daemon.js:17438] [04de045cf31a488eb03e914ffd8ec8cf] ← GET /mavis/health status=200 duration=1ms {"locale":"en"}
[19:32:51.727] INFO: [daemon.js:17438] [1b00073a8c3e446691ac8b51cf055d9b] → GET /mavis/health
[19:32:51.727] INFO: [daemon.js:17438] [1b00073a8c3e446691ac8b51cf055d9b] ← GET /mavis/health status=200 duration=0ms {"locale":"en"}
[19:33:01.734] INFO: [daemon.js:17438] [d248ec01eb8f4d0db5b371d6c5ab7cce] → GET /mavis/health
[19:33:01.735] INFO: [daemon.js:17438] [d248ec01eb8f4d0db5b371d6c5ab7cce] ← GET /mavis/health status=200 duration=1ms {"locale":"en"}
[19:33:11.354] INFO: [daemon.js:17438] [b4f0fd24642f4f81a9b47490bb9d70fb] Reaping idle agent process, agentName=agent-45acf34ec377, idleMs=304655, sessionCount=1
[19:33:11.355] INFO: [daemon.js:17438] [71284afc9aa745b9bbf8173c617c9f97] stopAgentProcess started, agentName=agent-45acf34ec377, pid=42356, sessionCount=1
[19:33:11.715] INFO: [daemon.js:17438] [8907a48da18a4312993b679b33a0f59a] Terminating process tree, agentName=agent-45acf34ec377, pids=[42356,43828]
[19:33:12.063] INFO: [daemon.js:17438] [6269137134ec47e2b640c3a714290325] → GET /mavis/health
[19:33:12.063] INFO: [daemon.js:17438] [6269137134ec47e2b640c3a714290325] ← GET /mavis/health status=200 duration=0ms {"locale":"en"}
[19:33:21.745] INFO: [daemon.js:17438] [7cb25f50f9324a5c812296bdd93c9260] → GET /mavis/health
[19:33:21.746] INFO: [daemon.js:17438] [7cb25f50f9324a5c812296bdd93c9260] ← GET /mavis/health status=200 duration=1ms {"locale":"en"}
[19:33:31.759] INFO: [daemon.js:17438] [fc496005955b4c20a545f5bded52a0cb] → GET /mavis/health
[19:33:31.760] INFO: [daemon.js:17438] [fc496005955b4c20a545f5bded52a0cb] ← GET /mavis/health status=200 duration=1ms {"locale":"en"}
[19:33:41.772] INFO: [daemon.js:17438] [8cee1aa29b9040ab900647d203c347f2] → GET /mavis/health
[19:33:41.773] INFO: [daemon.js:17438] [8cee1aa29b9040ab900647d203c347f2] ← GET /mavis/health status=200 duration=1ms {"locale":"en"}
[19:33:51.775] INFO: [daemon.js:17438] [8f6113dc6b2444fea116b71a1cc61a69] → GET /mavis/health
[19:33:51.776] INFO: [daemon.js:17438] [8f6113dc6b2444fea116b71a1cc61a69] ← GET /mavis/health status=200 duration=1ms {"locale":"en"}
[19:34:01.791] INFO: [daemon.js:17438] [f297dfc0c99f424faf52dcee4257ce20] → GET /mavis/health
[19:34:01.792] INFO: [daemon.js:17438] [f297dfc0c99f424faf52dcee4257ce20] ← GET /mavis/health status=200 duration=1ms {"locale":"en"}
[19:34:11.795] INFO: [daemon.js:17438] [bbd6be33c8444e0c804a3faec78bd03c] → GET /mavis/health
[19:34:11.795] INFO: [daemon.js:17438] [bbd6be33c8444e0c804a3faec78bd03c] ← GET /mavis/health status=200 duration=0ms {"locale":"en"}
[19:34:21.813] INFO: [daemon.js:17438] [1a53e56deecb4c9abda4505e909c9bac] → GET /mavis/health
[19:34:21.814] INFO: [daemon.js:17438] [1a53e56deecb4c9abda4505e909c9bac] ← GET /mavis/health status=200 duration=1ms {"locale":"en"}
[19:34:31.814] INFO: [daemon.js:17438] [35e630ac7bbc4baeaff905bb40fc1f43] → GET /mavis/health
[19:34:31.815] INFO: [daemon.js:17438] [35e630ac7bbc4baeaff905bb40fc1f43] ← GET /mavis/health status=200 duration=1ms {"locale":"en"}
[19:34:41.818] INFO: [daemon.js:17438] [60c559ad8a0241739ed123668796c0f4] → GET /mavis/health
[19:34:41.819] INFO: [daemon.js:17438] [60c559ad8a0241739ed123668796c0f4] ← GET /mavis/health status=200 duration=1ms {"locale":"en"}
[19:34:51.833] INFO: [daemon.js:17438] [585662616fb940a8b813dc70229dfa4a] → GET /mavis/health
[19:34:51.834] INFO: [daemon.js:17438] [585662616fb940a8b813dc70229dfa4a] ← GET /mavis/health status=200 duration=1ms {"locale":"en"}
[19:35:01.847] INFO: [daemon.js:17438] [daed46885f574ae293c7b4534ebe32d2] → GET /mavis/health
[19:35:01.848] INFO: [daemon.js:17438] [daed46885f574ae293c7b4534ebe32d2] ← GET /mavis/health status=200 duration=1ms {"locale":"en"}
[19:35:11.845] INFO: [daemon.js:17438] [1815a45eef8b4f449871d65943850d22] → GET /mavis/health
[19:35:11.845] INFO: [daemon.js:17438] [1815a45eef8b4f449871d65943850d22] ← GET /mavis/health status=200 duration=0ms {"locale":"en"}
[19:35:21.864] INFO: [daemon.js:17438] [c5abce9a3b964f62ac1fd8b9cba4f372] → GET /mavis/health
[19:35:21.865] INFO: [daemon.js:17438] [c5abce9a3b964f62ac1fd8b9cba4f372] ← GET /mavis/health status=200 duration=1ms {"locale":"en"}
[19:35:31.867] INFO: [daemon.js:17438] [b9efa65d80384bbeb11beab3b1f47a4e] → GET /mavis/health
[19:35:31.868] INFO: [daemon.js:17438] [b9efa65d80384bbeb11beab3b1f47a4e] ← GET /mavis/health status=200 duration=1ms {"locale":"en"}
[19:35:41.871] INFO: [daemon.js:17438] [40d7928e5ce04f00892d74421baa75c1] → GET /mavis/health
[19:35:41.871] INFO: [daemon.js:17438] [40d7928e5ce04f00892d74421baa75c1] ← GET /mavis/health status=200 duration=1ms {"locale":"en"}
[19:35:51.892] INFO: [daemon.js:17438] [29a752d320424d3cacfce58a6ab6b9e0] → GET /mavis/health
[19:35:51.892] INFO: [daemon.js:17438] [29a752d320424d3cacfce58a6ab6b9e0] ← GET /mavis/health status=200 duration=0ms {"locale":"en"}
[19:36:01.877] INFO: [daemon.js:17438] [f1f43787901f44eea807b402f9de13a2] → GET /mavis/health
[19:36:01.878] INFO: [daemon.js:17438] [f1f43787901f44eea807b402f9de13a2] ← GET /mavis/health status=200 duration=1ms {"locale":"en"}
[19:36:08.003] INFO: [daemon.js:17438] [56dfffe90eb843cc92d0453746ec14ae] → GET /mavis/mcp/trash
[19:36:08.004] INFO: [daemon.js:17438] [56dfffe90eb843cc92d0453746ec14ae] ← GET /mavis/mcp/trash status=200 duration=1ms {"locale":"en"}
[19:36:08.004] INFO: [daemon.js:17438] [ddbad52f7c594fc0b9a4e10d0710cb90] → GET /mavis/mcp/cu
[19:36:08.005] INFO: [daemon.js:17438] [ddbad52f7c594fc0b9a4e10d0710cb90] ← GET /mavis/mcp/cu status=200 duration=1ms {"locale":"en"}
[19:36:09.754] INFO: [daemon.js:17438] [214d6eb4d4704e36a50118be3e141bed] → POST /mavis/mcp/cu
[19:36:09.756] INFO: [daemon.js:17438] [214d6eb4d4704e36a50118be3e141bed] ← POST /mavis/mcp/cu status=200 duration=2ms {"locale":"en"}
[19:36:09.756] INFO: [daemon.js:17438] [8c02e048c4cc4ad8a5518ffaa6e2005e] → POST /mavis/mcp/trash
[19:36:09.757] INFO: [daemon.js:17438] [8c02e048c4cc4ad8a5518ffaa6e2005e] ← POST /mavis/mcp/trash status=200 duration=1ms {"locale":"en"}
[19:36:10.038] INFO: [daemon.js:17438] [31dbd424c92644169cb0f0c7b0c15b89] [mcp:matrix:stderr] [matrix-mcp-cli] tools/list dropped 2 unknown tool(s) not in this cli's KNOWN_TOOLS: matrix_extract_content_from_websites, matrix_get_upload_url
[19:36:11.886] INFO: [daemon.js:17438] [af3b9c5fd0174cf5b513af3b0d3b0bc3] → GET /mavis/health
[19:36:11.886] INFO: [daemon.js:17438] [af3b9c5fd0174cf5b513af3b0d3b0bc3] ← GET /mavis/health status=200 duration=0ms {"locale":"en"}
[19:36:21.893] INFO: [daemon.js:17438] [22b31ed82e8b490eb6382f2b6f29acd8] → GET /mavis/health
[19:36:21.893] INFO: [daemon.js:17438] [22b31ed82e8b490eb6382f2b6f29acd8] ← GET /mavis/health status=200 duration=0ms {"locale":"en"}
[19:36:31.904] INFO: [daemon.js:17438] [52834f91e9fa4251ab80e6340b598792] → GET /mavis/health
[19:36:31.905] INFO: [daemon.js:17438] [52834f91e9fa4251ab80e6340b598792] ← GET /mavis/health status=200 duration=1ms {"locale":"en"}
[19:36:41.906] INFO: [daemon.js:17438] [149e136e8a64423283f3ea41f925d133] → GET /mavis/health
[19:36:41.906] INFO: [daemon.js:17438] [149e136e8a64423283f3ea41f925d133] ← GET /mavis/health status=200 duration=0ms {"locale":"en"}
[19:36:51.925] INFO: [daemon.js:17438] [4495f1d113c44cdba088cceda17f9dcd] → GET /mavis/health
[19:36:51.925] INFO: [daemon.js:17438] [4495f1d113c44cdba088cceda17f9dcd] ← GET /mavis/health status=200 duration=0ms {"locale":"en"}
[19:37:01.914] INFO: [daemon.js:17438] [d4cb502abbde443f8bbe22d3baedd6c9] → GET /mavis/health
[19:37:01.914] INFO: [daemon.js:17438] [d4cb502abbde443f8bbe22d3baedd6c9] ← GET /mavis/health status=200 duration=0ms {"locale":"en"}
[19:37:11.914] INFO: [daemon.js:17438] [bef5dc0324054fb99c2b481841924f22] → GET /mavis/health
[19:37:11.915] INFO: [daemon.js:17438] [bef5dc0324054fb99c2b481841924f22] ← GET /mavis/health status=200 duration=1ms {"locale":"en"}
[19:37:21.924] INFO: [daemon.js:17438] [7c958162173c42fdb58e2e00ac4b724e] → GET /mavis/health
[19:37:21.924] INFO: [daemon.js:17438] [7c958162173c42fdb58e2e00ac4b724e] ← GET /mavis/health status=200 duration=0ms {"locale":"en"}
[19:37:31.932] INFO: [daemon.js:17438] [d97d34a403ba4dbfaa22cf3734ff3c93] → GET /mavis/health
[19:37:31.932] INFO: [daemon.js:17438] [d97d34a403ba4dbfaa22cf3734ff3c93] ← GET /mavis/health status=200 duration=0ms {"locale":"en"}
[19:37:41.946] INFO: [daemon.js:17438] [a5db683bf30541a9ada45f5fe761aae8] → GET /mavis/health
[19:37:41.946] INFO: [daemon.js:17438] [a5db683bf30541a9ada45f5fe761aae8] ← GET /mavis/health status=200 duration=0ms {"locale":"en"}
[19:37:51.947] INFO: [daemon.js:17438] [a171c121ec2a4a2ead2e7d52d3683250] → GET /mavis/health
[19:37:51.948] INFO: [daemon.js:17438] [a171c121ec2a4a2ead2e7d52d3683250] ← GET /mavis/health status=200 duration=1ms {"locale":"en"}
[19:38:01.959] INFO: [daemon.js:17438] [6846250342f149fdb82876a316f8931f] → GET /mavis/health
[19:38:01.960] INFO: [daemon.js:17438] [6846250342f149fdb82876a316f8931f] ← GET /mavis/health status=200 duration=1ms {"locale":"en"}
[19:38:11.978] INFO: [daemon.js:17438] [971e3593828e4db2adcbdf7e26d031a6] → GET /mavis/health
[19:38:11.978] INFO: [daemon.js:17438] [971e3593828e4db2adcbdf7e26d031a6] ← GET /mavis/health status=200 duration=0ms {"locale":"en"}
[19:38:21.964] INFO: [daemon.js:17438] [d77b1609e93b4ff6b9a04aad66b99fbb] → GET /mavis/health
[19:38:21.964] INFO: [daemon.js:17438] [d77b1609e93b4ff6b9a04aad66b99fbb] ← GET /mavis/health status=200 duration=0ms {"locale":"en"}
[19:38:31.977] INFO: [daemon.js:17438] [414860a9f41744fd9d4c8e05c5bd3d77] → GET /mavis/health
[19:38:31.978] INFO: [daemon.js:17438] [414860a9f41744fd9d4c8e05c5bd3d77] ← GET /mavis/health status=200 duration=1ms {"locale":"en"}
[19:38:41.981] INFO: [daemon.js:17438] [58febd6dbb41413a9be1d84ceb1f2383] → GET /mavis/health
[19:38:41.981] INFO: [daemon.js:17438] [58febd6dbb41413a9be1d84ceb1f2383] ← GET /mavis/health status=200 duration=0ms {"locale":"en"}
[19:38:51.983] INFO: [daemon.js:17438] [c5581b3b55314337be2746d898a6852e] → GET /mavis/health
[19:38:51.984] INFO: [daemon.js:17438] [c5581b3b55314337be2746d898a6852e] ← GET /mavis/health status=200 duration=1ms {"locale":"en"}
[19:39:01.991] INFO: [daemon.js:17438] [d9f1ccd46356472192d16586acb39924] → GET /mavis/health
[19:39:01.991] INFO: [daemon.js:17438] [d9f1ccd46356472192d16586acb39924] ← GET /mavis/health status=200 duration=0ms {"locale":"en"}
[19:39:11.999] INFO: [daemon.js:17438] [632ecffa0de54a0eb4ff2554ece8853b] → GET /mavis/health
[19:39:11.999] INFO: [daemon.js:17438] [632ecffa0de54a0eb4ff2554ece8853b] ← GET /mavis/health status=200 duration=0ms {"locale":"en"}
[19:39:22.012] INFO: [daemon.js:17438] [406e5e8fd3b94c8f86a0c186667fc2da] → GET /mavis/health
[19:39:22.012] INFO: [daemon.js:17438] [406e5e8fd3b94c8f86a0c186667fc2da] ← GET /mavis/health status=200 duration=0ms {"locale":"en"}
[19:39:32.012] INFO: [daemon.js:17438] [b1c70bd4932140b093b063274d12df6f] → GET /mavis/health
[19:39:32.012] INFO: [daemon.js:17438] [b1c70bd4932140b093b063274d12df6f] ← GET /mavis/health status=200 duration=0ms {"locale":"en"}
[19:39:42.014] INFO: [daemon.js:17438] [b5ecc0102fc648f8ac646f716df200a0] → GET /mavis/health
[19:39:42.014] INFO: [daemon.js:17438] [b5ecc0102fc648f8ac646f716df200a0] ← GET /mavis/health status=200 duration=0ms {"locale":"en"}
[19:39:52.027] INFO: [daemon.js:17438] [050a16d3f78d4e07addfa21add454e99] → GET /mavis/health
[19:39:52.027] INFO: [daemon.js:17438] [050a16d3f78d4e07addfa21add454e99] ← GET /mavis/health status=200 duration=0ms {"locale":"en"}
[19:40:02.032] INFO: [daemon.js:17438] [d36864f407894a05a4317ff468e93994] → GET /mavis/health
[19:40:02.032] INFO: [daemon.js:17438] [d36864f407894a05a4317ff468e93994] ← GET /mavis/health status=200 duration=0ms {"locale":"en"}
[19:40:12.019] INFO: [daemon.js:17438] [306e6620163c4c6eb64ce853d080710c] → GET /mavis/health
[19:40:12.019] INFO: [daemon.js:17438] [306e6620163c4c6eb64ce853d080710c] ← GET /mavis/health status=200 duration=0ms {"locale":"en"}
[19:40:22.032] INFO: [daemon.js:17438] [9958f253ee1d48638727367f26deac59] → GET /mavis/health
[19:40:22.033] INFO: [daemon.js:17438] [9958f253ee1d48638727367f26deac59] ← GET /mavis/health status=200 duration=1ms {"locale":"en"}
[19:40:32.037] INFO: [daemon.js:17438] [7598dbaad9ed4fae850f62e76617e4b9] → GET /mavis/health
[19:40:32.038] INFO: [daemon.js:17438] [7598dbaad9ed4fae850f62e76617e4b9] ← GET /mavis/health status=200 duration=1ms {"locale":"en"}
[19:40:42.042] INFO: [daemon.js:17438] [9ae8e703c0504dfb8fd1eb2d1cae457c] → GET /mavis/health
[19:40:42.042] INFO: [daemon.js:17438] [9ae8e703c0504dfb8fd1eb2d1cae457c] ← GET /mavis/health status=200 duration=0ms {"locale":"en"}
[19:40:52.052] INFO: [daemon.js:17438] [c9e8a5b44be34456987aa9aa47a8ece8] → GET /mavis/health
[19:40:52.052] INFO: [daemon.js:17438] [c9e8a5b44be34456987aa9aa47a8ece8] ← GET /mavis/health status=200 duration=0ms {"locale":"en"}
[19:41:02.058] INFO: [daemon.js:17438] [b83a9f6343024910b5c27de1113d9717] → GET /mavis/health
[19:41:02.058] INFO: [daemon.js:17438] [b83a9f6343024910b5c27de1113d9717] ← GET /mavis/health status=200 duration=0ms {"locale":"en"}
[19:41:09.764] INFO: [daemon.js:17438] [ef2f30c6dc0442b091f171d57bac06ff] [mcp:matrix:stderr] [matrix-mcp-cli] tools/list dropped 2 unknown tool(s) not in this cli's KNOWN_TOOLS: matrix_extract_content_from_websites, matrix_get_upload_url
[19:41:09.765] INFO: [daemon.js:17438] [55af5f5881fb458fb04f183670a54f1b] → POST /mavis/mcp/cu
[19:41:09.768] INFO: [daemon.js:17438] [55af5f5881fb458fb04f183670a54f1b] ← POST /mavis/mcp/cu status=200 duration=3ms {"locale":"en"}
[19:41:09.768] INFO: [daemon.js:17438] [86c4efe355ec4bf887c1ed102b6fdf35] → POST /mavis/mcp/trash
[19:41:09.769] INFO: [daemon.js:17438] [86c4efe355ec4bf887c1ed102b6fdf35] ← POST /mavis/mcp/trash status=200 duration=1ms {"locale":"en"}
[19:41:12.068] INFO: [daemon.js:17438] [0482f202a6744b12a6155383f265753e] → GET /mavis/health
[19:41:12.068] INFO: [daemon.js:17438] [0482f202a6744b12a6155383f265753e] ← GET /mavis/health status=200 duration=0ms {"locale":"en"}
[19:41:12.525] INFO: [daemon.js:17438] [72633b1fba214590b0ba9210bf5ded1c] → GET /mavis/mcp/trash
[19:41:12.526] INFO: [daemon.js:17438] [72633b1fba214590b0ba9210bf5ded1c] ← GET /mavis/mcp/trash status=200 duration=1ms {"locale":"en"}
[19:41:12.526] INFO: [daemon.js:17438] [aa513ed9ae984f1ab702af347a1aa3af] → GET /mavis/mcp/cu
[19:41:12.526] INFO: [daemon.js:17438] [aa513ed9ae984f1ab702af347a1aa3af] ← GET /mavis/mcp/cu status=200 duration=0ms {"locale":"en"}
[19:41:22.080] INFO: [daemon.js:17438] [8d9defbe5134421cab56e2e34d015c1a] → GET /mavis/health
[19:41:22.080] INFO: [daemon.js:17438] [8d9defbe5134421cab56e2e34d015c1a] ← GET /mavis/health status=200 duration=0ms {"locale":"en"}
[19:41:32.083] INFO: [daemon.js:17438] [808d7c8cfc854491b8f4ae6a573d37da] → GET /mavis/health
[19:41:32.083] INFO: [daemon.js:17438] [808d7c8cfc854491b8f4ae6a573d37da] ← GET /mavis/health status=200 duration=0ms {"locale":"en"}
[19:41:42.092] INFO: [daemon.js:17438] [ff615b1a07bd4115bd3b6c42490294c8] → GET /mavis/health
[19:41:42.092] INFO: [daemon.js:17438] [ff615b1a07bd4115bd3b6c42490294c8] ← GET /mavis/health status=200 duration=0ms {"locale":"en"}
[19:41:52.107] INFO: [daemon.js:17438] [5264341ebab14e0885af905707c174ed] → GET /mavis/health
[19:41:52.107] INFO: [daemon.js:17438] [5264341ebab14e0885af905707c174ed] ← GET /mavis/health status=200 duration=0ms {"locale":"en"}
[19:42:02.114] INFO: [daemon.js:17438] [b8ae0351c2e4419699414412d846de21] → GET /mavis/health
[19:42:02.114] INFO: [daemon.js:17438] [b8ae0351c2e4419699414412d846de21] ← GET /mavis/health status=200 duration=0ms {"locale":"en"}
[19:42:12.120] INFO: [daemon.js:17438] [8afec45da4224cba8109733b28513edc] → GET /mavis/health
[19:42:12.120] INFO: [daemon.js:17438] [8afec45da4224cba8109733b28513edc] ← GET /mavis/health status=200 duration=0ms {"locale":"en"}
[19:42:22.129] INFO: [daemon.js:17438] [a36de1d5f50a464cb76c38e3d54eb287] → GET /mavis/health
[19:42:22.129] INFO: [daemon.js:17438] [a36de1d5f50a464cb76c38e3d54eb287] ← GET /mavis/health status=200 duration=0ms {"locale":"en"}
[19:42:32.130] INFO: [daemon.js:17438] [d1f2c30a0dbc425e80834e9de90240ea] → GET /mavis/health
[19:42:32.131] INFO: [daemon.js:17438] [d1f2c30a0dbc425e80834e9de90240ea] ← GET /mavis/health status=200 duration=1ms {"locale":"en"}
[19:42:42.135] INFO: [daemon.js:17438] [acb573eb462640e6a1ca10242daebdff] → GET /mavis/health
[19:42:42.135] INFO: [daemon.js:17438] [acb573eb462640e6a1ca10242daebdff] ← GET /mavis/health status=200 duration=0ms {"locale":"en"}
[19:42:52.148] INFO: [daemon.js:17438] [6b12b584acde47e183dde60e7c0eef57] → GET /mavis/health
[19:42:52.148] INFO: [daemon.js:17438] [6b12b584acde47e183dde60e7c0eef57] ← GET /mavis/health status=200 duration=0ms {"locale":"en"}
[19:43:02.150] INFO: [daemon.js:17438] [5326c08cbefa41ea9a7b80f1e78aa64e] → GET /mavis/health
[19:43:02.151] INFO: [daemon.js:17438] [5326c08cbefa41ea9a7b80f1e78aa64e] ← GET /mavis/health status=200 duration=1ms {"locale":"en"}
[19:43:12.162] INFO: [daemon.js:17438] [2e929e99133d4501a3bdf070a2e83248] → GET /mavis/health
[19:43:12.163] INFO: [daemon.js:17438] [2e929e99133d4501a3bdf070a2e83248] ← GET /mavis/health status=200 duration=1ms {"locale":"en"}
[19:43:22.174] INFO: [daemon.js:17438] [93b4ef52e39d4d02aac4130da94b0702] → GET /mavis/health
[19:43:22.174] INFO: [daemon.js:17438] [93b4ef52e39d4d02aac4130da94b0702] ← GET /mavis/health status=200 duration=0ms {"locale":"en"}
[19:43:32.186] INFO: [daemon.js:17438] [ae119c944f7943949b445462e7a5eedb] → GET /mavis/health
[19:43:32.186] INFO: [daemon.js:17438] [ae119c944f7943949b445462e7a5eedb] ← GET /mavis/health status=200 duration=0ms {"locale":"en"}
[19:43:42.195] INFO: [daemon.js:17438] [836d3145a6204766858c4353f4f5379b] → GET /mavis/health
[19:43:42.195] INFO: [daemon.js:17438] [836d3145a6204766858c4353f4f5379b] ← GET /mavis/health status=200 duration=0ms {"locale":"en"}
[19:43:52.202] INFO: [daemon.js:17438] [d30603a63156434a952eef62847607d9] → GET /mavis/health
[19:43:52.202] INFO: [daemon.js:17438] [d30603a63156434a952eef62847607d9] ← GET /mavis/health status=200 duration=0ms {"locale":"en"}
[19:44:02.205] INFO: [daemon.js:17438] [0db48513e9a94e358a98b3e81043fa25] → GET /mavis/health
[19:44:02.205] INFO: [daemon.js:17438] [0db48513e9a94e358a98b3e81043fa25] ← GET /mavis/health status=200 duration=0ms {"locale":"en"}
[19:44:12.210] INFO: [daemon.js:17438] [c335ff5202f3466691b0150d817471dc] → GET /mavis/health
[19:44:12.210] INFO: [daemon.js:17438] [c335ff5202f3466691b0150d817471dc] ← GET /mavis/health status=200 duration=0ms {"locale":"en"}
[19:44:22.223] INFO: [daemon.js:17438] [2fd970d7352e443eb7a17d2c443253d9] → GET /mavis/health
[19:44:22.224] INFO: [daemon.js:17438] [2fd970d7352e443eb7a17d2c443253d9] ← GET /mavis/health status=200 duration=1ms {"locale":"en"}
[19:44:32.225] INFO: [daemon.js:17438] [b41b01ea8102427d868ac082d5e8be09] → GET /mavis/health
[19:44:32.226] INFO: [daemon.js:17438] [b41b01ea8102427d868ac082d5e8be09] ← GET /mavis/health status=200 duration=1ms {"locale":"en"}
[19:44:42.231] INFO: [daemon.js:17438] [8dc220767e6140768a97ecbf9dc40ac8] → GET /mavis/health
[19:44:42.231] INFO: [daemon.js:17438] [8dc220767e6140768a97ecbf9dc40ac8] ← GET /mavis/health status=200 duration=0ms {"locale":"en"}
[19:44:52.251] INFO: [daemon.js:17438] [e675579a9acd485c86d166e62db7bbcb] → GET /mavis/health
[19:44:52.252] INFO: [daemon.js:17438] [e675579a9acd485c86d166e62db7bbcb] ← GET /mavis/health status=200 duration=1ms {"locale":"en"}
[19:45:02.256] INFO: [daemon.js:17438] [9f826bcb2fb14ceba9353ffd8f4598df] → GET /mavis/health
[19:45:02.257] INFO: [daemon.js:17438] [9f826bcb2fb14ceba9353ffd8f4598df] ← GET /mavis/health status=200 duration=1ms {"locale":"en"}
[19:45:12.241] INFO: [daemon.js:17438] [aefbedf4a673453baa3d0410cc6b1f63] → GET /mavis/health
[19:45:12.242] INFO: [daemon.js:17438] [aefbedf4a673453baa3d0410cc6b1f63] ← GET /mavis/health status=200 duration=1ms {"locale":"en"}
[19:45:22.252] INFO: [daemon.js:17438] [430c24dcee2c476d8edd4a28fcb998f8] → GET /mavis/health
[19:45:22.252] INFO: [daemon.js:17438] [430c24dcee2c476d8edd4a28fcb998f8] ← GET /mavis/health status=200 duration=0ms {"locale":"en"}
[19:45:32.257] INFO: [daemon.js:17438] [fb421869c2514aa4b806c4ac7c24d568] → GET /mavis/health
[19:45:32.257] INFO: [daemon.js:17438] [fb421869c2514aa4b806c4ac7c24d568] ← GET /mavis/health status=200 duration=0ms {"locale":"en"}
[19:45:42.277] INFO: [daemon.js:17438] [89443e4671fe49bb8a3afd286c8b0823] → GET /mavis/health
[19:45:42.277] INFO: [daemon.js:17438] [89443e4671fe49bb8a3afd286c8b0823] ← GET /mavis/health status=200 duration=0ms {"locale":"en"}
[19:45:52.268] INFO: [daemon.js:17438] [f4bb8c1cd61d45ad8feed2917834bc4d] → GET /mavis/health
[19:45:52.268] INFO: [daemon.js:17438] [f4bb8c1cd61d45ad8feed2917834bc4d] ← GET /mavis/health status=200 duration=0ms {"locale":"en"}
[19:46:02.287] INFO: [daemon.js:17438] [2388d0dc8e694132963d4ef9f1f0c336] → GET /mavis/health
[19:46:02.287] INFO: [daemon.js:17438] [2388d0dc8e694132963d4ef9f1f0c336] ← GET /mavis/health status=200 duration=0ms {"locale":"en"}
[19:46:09.778] INFO: [daemon.js:17438] [098116ae6e5947518d1dcf76e7aa704a] → POST /mavis/mcp/cu
[19:46:09.780] INFO: [daemon.js:17438] [098116ae6e5947518d1dcf76e7aa704a] ← POST /mavis/mcp/cu status=200 duration=2ms {"locale":"en"}
[19:46:09.780] INFO: [daemon.js:17438] [e6fefd4d587d4bc6ac58712eef0857e4] → POST /mavis/mcp/trash
[19:46:09.781] INFO: [daemon.js:17438] [e6fefd4d587d4bc6ac58712eef0857e4] ← POST /mavis/mcp/trash status=200 duration=1ms {"locale":"en"}
[19:46:10.200] INFO: [daemon.js:17438] [73baba2ec8fe4ae9861ea7eb0c6d06bc] [mcp:matrix:stderr] [matrix-mcp-cli] tools/list dropped 2 unknown tool(s) not in this cli's KNOWN_TOOLS: matrix_extract_content_from_websites, matrix_get_upload_url
[19:46:12.307] INFO: [daemon.js:17438] [364ec825da504cffb921357c56fe2a8e] → GET /mavis/health
[19:46:12.308] INFO: [daemon.js:17438] [364ec825da504cffb921357c56fe2a8e] ← GET /mavis/health status=200 duration=1ms {"locale":"en"}
[19:46:17.417] INFO: [daemon.js:17438] [a3891a4abc0b4ef6a0fdcc9ef8d689c3] → GET /mavis/mcp/cu
[19:46:17.418] INFO: [daemon.js:17438] [a3891a4abc0b4ef6a0fdcc9ef8d689c3] ← GET /mavis/mcp/cu status=200 duration=1ms {"locale":"en"}
[19:46:17.418] INFO: [daemon.js:17438] [90df84301ae54976870247c8a4214018] → GET /mavis/mcp/trash
[19:46:17.418] INFO: [daemon.js:17438] [90df84301ae54976870247c8a4214018] ← GET /mavis/mcp/trash status=200 duration=0ms {"locale":"en"}
[19:46:22.307] INFO: [daemon.js:17438] [037fe1f6099b4c8481e5ec0414bbae19] → GET /mavis/health
[19:46:22.307] INFO: [daemon.js:17438] [037fe1f6099b4c8481e5ec0414bbae19] ← GET /mavis/health status=200 duration=0ms {"locale":"en"}
[19:46:32.310] INFO: [daemon.js:17438] [722eca9b63ef499fbdfb54c5b6e54ae1] → GET /mavis/health
[19:46:32.311] INFO: [daemon.js:17438] [722eca9b63ef499fbdfb54c5b6e54ae1] ← GET /mavis/health status=200 duration=1ms {"locale":"en"}
[19:46:42.322] INFO: [daemon.js:17438] [1caa6ee0624a41de932c215e3ad92c11] → GET /mavis/health
[19:46:42.322] INFO: [daemon.js:17438] [1caa6ee0624a41de932c215e3ad92c11] ← GET /mavis/health status=200 duration=0ms {"locale":"en"}
[19:46:52.342] INFO: [daemon.js:17438] [03ea7be5914849a3b3559425ce4ef826] → GET /mavis/health
[19:46:52.343] INFO: [daemon.js:17438] [03ea7be5914849a3b3559425ce4ef826] ← GET /mavis/health status=200 duration=1ms {"locale":"en"}
[19:47:02.347] INFO: [daemon.js:17438] [e4698eb0dabe45739402841c14d85dc1] → GET /mavis/health
[19:47:02.347] INFO: [daemon.js:17438] [e4698eb0dabe45739402841c14d85dc1] ← GET /mavis/health status=200 duration=0ms {"locale":"en"}
[19:47:12.352] INFO: [daemon.js:17438] [2692c20b3d8e4020a1e221c4aedf934d] → GET /mavis/health
[19:47:12.352] INFO: [daemon.js:17438] [2692c20b3d8e4020a1e221c4aedf934d] ← GET /mavis/health status=200 duration=0ms {"locale":"en"}
[19:47:22.357] INFO: [daemon.js:17438] [414a3084cd3346cca8418084404b56cc] → GET /mavis/health
[19:47:22.357] INFO: [daemon.js:17438] [414a3084cd3346cca8418084404b56cc] ← GET /mavis/health status=200 duration=0ms {"locale":"en"}
[19:47:32.362] INFO: [daemon.js:17438] [c2a67b002c894f2d9581d7f0dfcfd5df] → GET /mavis/health
[19:47:32.362] INFO: [daemon.js:17438] [c2a67b002c894f2d9581d7f0dfcfd5df] ← GET /mavis/health status=200 duration=0ms {"locale":"en"}
[19:47:42.367] INFO: [daemon.js:17438] [8389a286aa9640a091229425fe3dc88c] → GET /mavis/health
[19:47:42.367] INFO: [daemon.js:17438] [8389a286aa9640a091229425fe3dc88c] ← GET /mavis/health status=200 duration=0ms {"locale":"en"}
[19:47:52.371] INFO: [daemon.js:17438] [fa2fa053fad641d1a120af156aeb141a] → GET /mavis/health
[19:47:52.372] INFO: [daemon.js:17438] [fa2fa053fad641d1a120af156aeb141a] ← GET /mavis/health status=200 duration=1ms {"locale":"en"}
[19:48:02.377] INFO: [daemon.js:17438] [d52c758523a04b52ae593736a957e565] → GET /mavis/health
[19:48:02.378] INFO: [daemon.js:17438] [d52c758523a04b52ae593736a957e565] ← GET /mavis/health status=200 duration=1ms {"locale":"en"}
[19:48:12.397] INFO: [daemon.js:17438] [e8add64aa39d4a52b7a99e9a225b1603] → GET /mavis/health
[19:48:12.397] INFO: [daemon.js:17438] [e8add64aa39d4a52b7a99e9a225b1603] ← GET /mavis/health status=200 duration=0ms {"locale":"en"}
[19:48:22.394] INFO: [daemon.js:17438] [528e89ff526f4ce9b4eeefd5601fd3f0] → GET /mavis/health
[19:48:22.394] INFO: [daemon.js:17438] [528e89ff526f4ce9b4eeefd5601fd3f0] ← GET /mavis/health status=200 duration=0ms {"locale":"en"}
[19:48:32.422] INFO: [daemon.js:17438] [7c96afc799c146cba93a770cbbd264ed] → GET /mavis/health
[19:48:32.423] INFO: [daemon.js:17438] [7c96afc799c146cba93a770cbbd264ed] ← GET /mavis/health status=200 duration=1ms {"locale":"en"}
[19:48:42.427] INFO: [daemon.js:17438] [78eaa5b85ec740a9a4ae9d4bd0959969] → GET /mavis/health
[19:48:42.427] INFO: [daemon.js:17438] [78eaa5b85ec740a9a4ae9d4bd0959969] ← GET /mavis/health status=200 duration=0ms {"locale":"en"}
[19:48:52.416] INFO: [daemon.js:17438] [0eadba99e51b45bc88ee3ae9f5627d96] → GET /mavis/health
[19:48:52.416] INFO: [daemon.js:17438] [0eadba99e51b45bc88ee3ae9f5627d96] ← GET /mavis/health status=200 duration=0ms {"locale":"en"}
[19:49:02.436] INFO: [daemon.js:17438] [3349f3a06072410c977d63cde4c37f2c] → GET /mavis/health
[19:49:02.437] INFO: [daemon.js:17438] [3349f3a06072410c977d63cde4c37f2c] ← GET /mavis/health status=200 duration=1ms {"locale":"en"}
[19:49:12.441] INFO: [daemon.js:17438] [7574b0c995904ea4a8a9edb59c602cd0] → GET /mavis/health
[19:49:12.442] INFO: [daemon.js:17438] [7574b0c995904ea4a8a9edb59c602cd0] ← GET /mavis/health status=200 duration=1ms {"locale":"en"}
[19:49:22.430] INFO: [daemon.js:17438] [f927ee542cb147828d8b082514445a18] → GET /mavis/health
[19:49:22.431] INFO: [daemon.js:17438] [f927ee542cb147828d8b082514445a18] ← GET /mavis/health status=200 duration=1ms {"locale":"en"}
[19:49:32.436] INFO: [daemon.js:17438] [ca5f6ba7ebbf4e0ba92b68dab001e08c] → GET /mavis/health
[19:49:32.437] INFO: [daemon.js:17438] [ca5f6ba7ebbf4e0ba92b68dab001e08c] ← GET /mavis/health status=200 duration=1ms {"locale":"en"}
[19:49:42.456] INFO: [daemon.js:17438] [2329b4ca402d49ffb28578a2892d4fe0] → GET /mavis/health
[19:49:42.456] INFO: [daemon.js:17438] [2329b4ca402d49ffb28578a2892d4fe0] ← GET /mavis/health status=200 duration=0ms {"locale":"en"}
[19:49:52.461] INFO: [daemon.js:17438] [6a368df84c934bf98461acc420076320] → GET /mavis/health
[19:49:52.461] INFO: [daemon.js:17438] [6a368df84c934bf98461acc420076320] ← GET /mavis/health status=200 duration=0ms {"locale":"en"}
[19:50:02.466] INFO: [daemon.js:17438] [7333ea1224464de2bf43d0498d8ced9b] → GET /mavis/health
[19:50:02.466] INFO: [daemon.js:17438] [7333ea1224464de2bf43d0498d8ced9b] ← GET /mavis/health status=200 duration=0ms {"locale":"en"}
[19:50:12.486] INFO: [daemon.js:17438] [08da2312d8ef443a8a6290bb56c0ae97] → GET /mavis/health
[19:50:12.487] INFO: [daemon.js:17438] [08da2312d8ef443a8a6290bb56c0ae97] ← GET /mavis/health status=200 duration=1ms {"locale":"en"}
[19:50:22.486] INFO: [daemon.js:17438] [6e993b886bc849fb86f5bdcd945a835a] → GET /mavis/health
[19:50:22.486] INFO: [daemon.js:17438] [6e993b886bc849fb86f5bdcd945a835a] ← GET /mavis/health status=200 duration=0ms {"locale":"en"}
[19:50:32.512] INFO: [daemon.js:17438] [0e92612c13004bdbab13d975178b50c2] → GET /mavis/health
[19:50:32.512] INFO: [daemon.js:17438] [0e92612c13004bdbab13d975178b50c2] ← GET /mavis/health status=200 duration=0ms {"locale":"en"}
[19:50:42.517] INFO: [daemon.js:17438] [23c65392ad7145b39d2b592bc9302991] → GET /mavis/health
[19:50:42.517] INFO: [daemon.js:17438] [23c65392ad7145b39d2b592bc9302991] ← GET /mavis/health status=200 duration=0ms {"locale":"en"}
[19:50:52.537] INFO: [daemon.js:17438] [108be40a591c4819829a5edc6d585c1a] → GET /mavis/health
[19:50:52.537] INFO: [daemon.js:17438] [108be40a591c4819829a5edc6d585c1a] ← GET /mavis/health status=200 duration=0ms {"locale":"en"}
[19:51:02.541] INFO: [daemon.js:17438] [68e9155171cb41cd96c0aa3675151563] → GET /mavis/health
[19:51:02.542] INFO: [daemon.js:17438] [68e9155171cb41cd96c0aa3675151563] ← GET /mavis/health status=200 duration=1ms {"locale":"en"}
[19:51:09.782] INFO: [daemon.js:17438] [d67b5a0e67b74fc699d85f18a8015024] [mcp:matrix:stderr] [matrix-mcp-cli] tools/list dropped 2 unknown tool(s) not in this cli's KNOWN_TOOLS: matrix_extract_content_from_websites, matrix_get_upload_url
[19:51:09.783] INFO: [daemon.js:17438] [3253c44f2604404b8cf2129cd3d09f79] → POST /mavis/mcp/cu
[19:51:09.785] INFO: [daemon.js:17438] [3253c44f2604404b8cf2129cd3d09f79] ← POST /mavis/mcp/cu status=200 duration=2ms {"locale":"en"}
[19:51:09.786] INFO: [daemon.js:17438] [4b2545946b0c4b0180b52791235c603c] → POST /mavis/mcp/trash
[19:51:09.786] INFO: [daemon.js:17438] [4b2545946b0c4b0180b52791235c603c] ← POST /mavis/mcp/trash status=200 duration=0ms {"locale":"en"}
[19:51:12.546] INFO: [daemon.js:17438] [0202eb33cf04426bb354be72a89a19d1] → GET /mavis/health
[19:51:12.547] INFO: [daemon.js:17438] [0202eb33cf04426bb354be72a89a19d1] ← GET /mavis/health status=200 duration=1ms {"locale":"en"}
[19:51:22.552] INFO: [daemon.js:17438] [56dbb2ac2d994c469a9c7750e3e54236] → GET /mavis/health
[19:51:22.552] INFO: [daemon.js:17438] [56dbb2ac2d994c469a9c7750e3e54236] ← GET /mavis/health status=200 duration=0ms {"locale":"en"}
[19:51:23.701] INFO: [daemon.js:17438] [340f58ab98ce481f9f77a7ab9bd6de49] → GET /mavis/mcp/cu
[19:51:23.702] INFO: [daemon.js:17438] [340f58ab98ce481f9f77a7ab9bd6de49] ← GET /mavis/mcp/cu status=200 duration=1ms {"locale":"en"}
[19:51:23.703] INFO: [daemon.js:17438] [a4b1d4360e99457baaa7fc7de88abaea] → GET /mavis/mcp/trash
[19:51:23.703] INFO: [daemon.js:17438] [a4b1d4360e99457baaa7fc7de88abaea] ← GET /mavis/mcp/trash status=200 duration=0ms {"locale":"en"}
[19:51:32.572] INFO: [daemon.js:17438] [7c5f7ba827d74bc3b99974d3bd7772ab] → GET /mavis/health
[19:51:32.572] INFO: [daemon.js:17438] [7c5f7ba827d74bc3b99974d3bd7772ab] ← GET /mavis/health status=200 duration=0ms {"locale":"en"}
[19:51:42.577] INFO: [daemon.js:17438] [74ed1544d3064f9596c6be212aa5b3dc] → GET /mavis/health
[19:51:42.577] INFO: [daemon.js:17438] [74ed1544d3064f9596c6be212aa5b3dc] ← GET /mavis/health status=200 duration=0ms {"locale":"en"}
[19:51:52.582] INFO: [daemon.js:17438] [229aa3847f4e4dcfa26c9a1c9f46a4a5] → GET /mavis/health
[19:51:52.582] INFO: [daemon.js:17438] [229aa3847f4e4dcfa26c9a1c9f46a4a5] ← GET /mavis/health status=200 duration=0ms {"locale":"en"}
[19:52:02.579] INFO: [daemon.js:17438] [09bf4c987c0b4c8e8dd3b3e90794bd5b] → GET /mavis/health
[19:52:02.579] INFO: [daemon.js:17438] [09bf4c987c0b4c8e8dd3b3e90794bd5b] ← GET /mavis/health status=200 duration=0ms {"locale":"en"}
[19:52:12.592] INFO: [daemon.js:17438] [245707829aeb466fb7447696597dd5ed] → GET /mavis/health
[19:52:12.592] INFO: [daemon.js:17438] [245707829aeb466fb7447696597dd5ed] ← GET /mavis/health status=200 duration=0ms {"locale":"en"}
[19:52:22.597] INFO: [daemon.js:17438] [c58b87e9960c48a09715bb94e936da3e] → GET /mavis/health
[19:52:22.597] INFO: [daemon.js:17438] [c58b87e9960c48a09715bb94e936da3e] ← GET /mavis/health status=200 duration=0ms {"locale":"en"}
[19:52:32.617] INFO: [daemon.js:17438] [10f41663bc6d47a9a7d86f50445c6bf7] → GET /mavis/health
[19:52:32.617] INFO: [daemon.js:17438] [10f41663bc6d47a9a7d86f50445c6bf7] ← GET /mavis/health status=200 duration=0ms {"locale":"en"}
[19:52:42.622] INFO: [daemon.js:17438] [d66c1b1cf6fa412dbd85c114a2e2ec80] → GET /mavis/health
[19:52:42.622] INFO: [daemon.js:17438] [d66c1b1cf6fa412dbd85c114a2e2ec80] ← GET /mavis/health status=200 duration=0ms {"locale":"en"}
[19:52:52.637] INFO: [daemon.js:17438] [4ad6e77735e448fe96e432b94cd51f36] → GET /mavis/health
[19:52:52.637] INFO: [daemon.js:17438] [4ad6e77735e448fe96e432b94cd51f36] ← GET /mavis/health status=200 duration=0ms {"locale":"en"}
[19:53:02.647] INFO: [daemon.js:17438] [32cebe7e297a4d15bdc292168adc9643] → GET /mavis/health
[19:53:02.647] INFO: [daemon.js:17438] [32cebe7e297a4d15bdc292168adc9643] ← GET /mavis/health status=200 duration=0ms {"locale":"en"}
[19:53:12.667] INFO: [daemon.js:17438] [6b76aaa874ad48f08a8bab955d4db45e] → GET /mavis/health
[19:53:12.667] INFO: [daemon.js:17438] [6b76aaa874ad48f08a8bab955d4db45e] ← GET /mavis/health status=200 duration=0ms {"locale":"en"}
[19:53:22.672] INFO: [daemon.js:17438] [217feb22bd944a6290022129099a629c] → GET /mavis/health
[19:53:22.672] INFO: [daemon.js:17438] [217feb22bd944a6290022129099a629c] ← GET /mavis/health status=200 duration=0ms {"locale":"en"}
[19:53:32.677] INFO: [daemon.js:17438] [11b26135bc2043c1ac40e7a4331c101f] → GET /mavis/health
[19:53:32.677] INFO: [daemon.js:17438] [11b26135bc2043c1ac40e7a4331c101f] ← GET /mavis/health status=200 duration=0ms {"locale":"en"}
[19:53:42.682] INFO: [daemon.js:17438] [7cebeaf1e1e4482fa057c5722e095752] → GET /mavis/health
[19:53:42.682] INFO: [daemon.js:17438] [7cebeaf1e1e4482fa057c5722e095752] ← GET /mavis/health status=200 duration=0ms {"locale":"en"}
[19:53:52.687] INFO: [daemon.js:17438] [ea83f2d6220e4f80a9348638822615c4] → GET /mavis/health
[19:53:52.687] INFO: [daemon.js:17438] [ea83f2d6220e4f80a9348638822615c4] ← GET /mavis/health status=200 duration=0ms {"locale":"en"}
[19:54:02.692] INFO: [daemon.js:17438] [36c00fa179d5474f812b807dfffe4c2f] → GET /mavis/health
[19:54:02.692] INFO: [daemon.js:17438] [36c00fa179d5474f812b807dfffe4c2f] ← GET /mavis/health status=200 duration=0ms {"locale":"en"}
[19:54:12.697] INFO: [daemon.js:17438] [869d5e434b4d4f9ea24a319bec1b0571] → GET /mavis/health
[19:54:12.697] INFO: [daemon.js:17438] [869d5e434b4d4f9ea24a319bec1b0571] ← GET /mavis/health status=200 duration=0ms {"locale":"en"}
[19:54:22.702] INFO: [daemon.js:17438] [e125856faefb4d5da91479eacbb52f0d] → GET /mavis/health
[19:54:22.702] INFO: [daemon.js:17438] [e125856faefb4d5da91479eacbb52f0d] ← GET /mavis/health status=200 duration=0ms {"locale":"en"}
[19:54:32.707] INFO: [daemon.js:17438] [3a3f183b517b4dc699abda39ebe4ef89] → GET /mavis/health
[19:54:32.707] INFO: [daemon.js:17438] [3a3f183b517b4dc699abda39ebe4ef89] ← GET /mavis/health status=200 duration=0ms {"locale":"en"}
[19:54:42.727] INFO: [daemon.js:17438] [908630533e03432ea7ad8b62031ad6e7] → GET /mavis/health
[19:54:42.727] INFO: [daemon.js:17438] [908630533e03432ea7ad8b62031ad6e7] ← GET /mavis/health status=200 duration=0ms {"locale":"en"}
[19:54:52.732] INFO: [daemon.js:17438] [b273d39d3a8a42f0b7e7470becfa0b3a] → GET /mavis/health
[19:54:52.732] INFO: [daemon.js:17438] [b273d39d3a8a42f0b7e7470becfa0b3a] ← GET /mavis/health status=200 duration=0ms {"locale":"en"}
[19:55:02.752] INFO: [daemon.js:17438] [fef640f7a5234234a518700c9b4410e7] → GET /mavis/health
[19:55:02.752] INFO: [daemon.js:17438] [fef640f7a5234234a518700c9b4410e7] ← GET /mavis/health status=200 duration=0ms {"locale":"en"}
[19:55:12.742] INFO: [daemon.js:17438] [329f41accfe44164862f0e64b5cd3045] → GET /mavis/health
[19:55:12.742] INFO: [daemon.js:17438] [329f41accfe44164862f0e64b5cd3045] ← GET /mavis/health status=200 duration=0ms {"locale":"en"}
[19:55:22.747] INFO: [daemon.js:17438] [e3db068a568945c1aae53407c8b087f1] → GET /mavis/health
[19:55:22.747] INFO: [daemon.js:17438] [e3db068a568945c1aae53407c8b087f1] ← GET /mavis/health status=200 duration=0ms {"locale":"en"}
[19:55:32.752] INFO: [daemon.js:17438] [55384842384e46c7ba5a5460dac9a70e] → GET /mavis/health
[19:55:32.752] INFO: [daemon.js:17438] [55384842384e46c7ba5a5460dac9a70e] ← GET /mavis/health status=200 duration=0ms {"locale":"en"}
[19:55:42.757] INFO: [daemon.js:17438] [9893c6f5a7e842a3b085225bbb271718] → GET /mavis/health
[19:55:42.757] INFO: [daemon.js:17438] [9893c6f5a7e842a3b085225bbb271718] ← GET /mavis/health status=200 duration=0ms {"locale":"en"}
[19:55:52.761] INFO: [daemon.js:17438] [df4270dbdcef4cb3a3b671e295eebc89] → GET /mavis/health
[19:55:52.762] INFO: [daemon.js:17438] [df4270dbdcef4cb3a3b671e295eebc89] ← GET /mavis/health status=200 duration=1ms {"locale":"en"}
[19:56:02.767] INFO: [daemon.js:17438] [6c2a9f6efd2e49ef88341db9e426eaae] → GET /mavis/health
[19:56:02.767] INFO: [daemon.js:17438] [6c2a9f6efd2e49ef88341db9e426eaae] ← GET /mavis/health status=200 duration=0ms {"locale":"en"}
[19:56:09.786] INFO: [daemon.js:17438] [ced90715a950485386a80c21378f9b79] → POST /mavis/mcp/cu
[19:56:09.788] INFO: [daemon.js:17438] [ced90715a950485386a80c21378f9b79] ← POST /mavis/mcp/cu status=200 duration=2ms {"locale":"en"}
[19:56:09.788] INFO: [daemon.js:17438] [e1bbeb02c69d4add8497f7cc8467a64f] → POST /mavis/mcp/trash
[19:56:09.789] INFO: [daemon.js:17438] [e1bbeb02c69d4add8497f7cc8467a64f] ← POST /mavis/mcp/trash status=200 duration=1ms {"locale":"en"}
[19:56:10.038] INFO: [daemon.js:17438] [6534a7b501d94df9bbdeb67e8dc1cad1] [mcp:matrix:stderr] [matrix-mcp-cli] tools/list dropped 2 unknown tool(s) not in this cli's KNOWN_TOOLS: matrix_extract_content_from_websites, matrix_get_upload_url
[19:56:12.769] INFO: [daemon.js:17438] [a0b0534d5f65415399c80d8068dc5935] → GET /mavis/health
[19:56:12.769] INFO: [daemon.js:17438] [a0b0534d5f65415399c80d8068dc5935] ← GET /mavis/health status=200 duration=0ms {"locale":"en"}
[19:56:22.791] INFO: [daemon.js:17438] [1b7a49c6441944deadc6ce77605f50af] → GET /mavis/health
[19:56:22.791] INFO: [daemon.js:17438] [1b7a49c6441944deadc6ce77605f50af] ← GET /mavis/health status=200 duration=0ms {"locale":"en"}
[19:56:29.958] INFO: [daemon.js:17438] [7a747671075141f995c5660c5f31692c] → GET /mavis/mcp/trash
[19:56:29.958] INFO: [daemon.js:17438] [7a747671075141f995c5660c5f31692c] ← GET /mavis/mcp/trash status=200 duration=0ms {"locale":"en"}
[19:56:29.958] INFO: [daemon.js:17438] [732c2a1df29a49b68ed69533875d36f2] → GET /mavis/mcp/cu
[19:56:29.959] INFO: [daemon.js:17438] [732c2a1df29a49b68ed69533875d36f2] ← GET /mavis/mcp/cu status=200 duration=1ms {"locale":"en"}
[19:56:32.812] INFO: [daemon.js:17438] [9dfef48d6ca744acacbe786ed826a1ef] → GET /mavis/health
[19:56:32.812] INFO: [daemon.js:17438] [9dfef48d6ca744acacbe786ed826a1ef] ← GET /mavis/health status=200 duration=0ms {"locale":"en"}
[19:56:42.816] INFO: [daemon.js:17438] [f0540f4d7a0043438bc8f7e36d8774a2] → GET /mavis/health
[19:56:42.816] INFO: [daemon.js:17438] [f0540f4d7a0043438bc8f7e36d8774a2] ← GET /mavis/health status=200 duration=0ms {"locale":"en"}
[19:56:52.821] INFO: [daemon.js:17438] [397cb9c6b213442e8fc406a143ced314] → GET /mavis/health
[19:56:52.821] INFO: [daemon.js:17438] [397cb9c6b213442e8fc406a143ced314] ← GET /mavis/health status=200 duration=0ms {"locale":"en"}
[19:57:02.826] INFO: [daemon.js:17438] [33445a50a06843ef90300f08420e9734] → GET /mavis/health
[19:57:02.826] INFO: [daemon.js:17438] [33445a50a06843ef90300f08420e9734] ← GET /mavis/health status=200 duration=0ms {"locale":"en"}
[19:57:12.845] INFO: [daemon.js:17438] [0d10784ce4e240d09fa97e69d4610ccb] → GET /mavis/health
[19:57:12.846] INFO: [daemon.js:17438] [0d10784ce4e240d09fa97e69d4610ccb] ← GET /mavis/health status=200 duration=1ms {"locale":"en"}
[19:57:22.837] INFO: [daemon.js:17438] [8bb528a1a6d1453f939ecd2599abc357] → GET /mavis/health
[19:57:22.837] INFO: [daemon.js:17438] [8bb528a1a6d1453f939ecd2599abc357] ← GET /mavis/health status=200 duration=0ms {"locale":"en"}
[19:57:32.842] INFO: [daemon.js:17438] [3af2d5dd076d4ae183046811a89f0a2a] → GET /mavis/health
[19:57:32.842] INFO: [daemon.js:17438] [3af2d5dd076d4ae183046811a89f0a2a] ← GET /mavis/health status=200 duration=0ms {"locale":"en"}
[19:57:42.862] INFO: [daemon.js:17438] [23d5743d472b47c296e1b0fa524ff441] → GET /mavis/health
[19:57:42.862] INFO: [daemon.js:17438] [23d5743d472b47c296e1b0fa524ff441] ← GET /mavis/health status=200 duration=0ms {"locale":"en"}
[19:57:52.866] INFO: [daemon.js:17438] [9c34e5c767054f99b86d6fd8ce4d520c] → GET /mavis/health
[19:57:52.867] INFO: [daemon.js:17438] [9c34e5c767054f99b86d6fd8ce4d520c] ← GET /mavis/health status=200 duration=1ms {"locale":"en"}
[19:58:02.872] INFO: [daemon.js:17438] [7e04bcba293042e58bdc6c0edd945750] → GET /mavis/health
[19:58:02.872] INFO: [daemon.js:17438] [7e04bcba293042e58bdc6c0edd945750] ← GET /mavis/health status=200 duration=0ms {"locale":"en"}
[19:58:12.878] INFO: [daemon.js:17438] [03a5851909a44616b126e866471f663d] → GET /mavis/health
[19:58:12.878] INFO: [daemon.js:17438] [03a5851909a44616b126e866471f663d] ← GET /mavis/health status=200 duration=0ms {"locale":"en"}
[19:58:22.882] INFO: [daemon.js:17438] [ea2d2061145b4898af3b8658a0ebd333] → GET /mavis/health
[19:58:22.882] INFO: [daemon.js:17438] [ea2d2061145b4898af3b8658a0ebd333] ← GET /mavis/health status=200 duration=0ms {"locale":"en"}
[19:58:32.902] INFO: [daemon.js:17438] [7971c840807e4aca8a911db4d65a2406] → GET /mavis/health
[19:58:32.902] INFO: [daemon.js:17438] [7971c840807e4aca8a911db4d65a2406] ← GET /mavis/health status=200 duration=0ms {"locale":"en"}
[19:58:42.907] INFO: [daemon.js:17438] [97e47582a76c412e8480ec3d28820d7d] → GET /mavis/health
[19:58:42.907] INFO: [daemon.js:17438] [97e47582a76c412e8480ec3d28820d7d] ← GET /mavis/health status=200 duration=0ms {"locale":"en"}
[19:58:52.912] INFO: [daemon.js:17438] [952bb0326c0746d084a6bf536b778dd4] → GET /mavis/health
[19:58:52.912] INFO: [daemon.js:17438] [952bb0326c0746d084a6bf536b778dd4] ← GET /mavis/health status=200 duration=0ms {"locale":"en"}
[19:59:02.932] INFO: [daemon.js:17438] [a170b6250a814f32a74120f21ee1e643] → GET /mavis/health
[19:59:02.932] INFO: [daemon.js:17438] [a170b6250a814f32a74120f21ee1e643] ← GET /mavis/health status=200 duration=0ms {"locale":"en"}
[19:59:12.942] INFO: [daemon.js:17438] [aa7a3e65cb36496daeecfbd001eded2d] → GET /mavis/health
[19:59:12.942] INFO: [daemon.js:17438] [aa7a3e65cb36496daeecfbd001eded2d] ← GET /mavis/health status=200 duration=0ms {"locale":"en"}
[19:59:22.927] INFO: [daemon.js:17438] [dff677098bd54bf89694b0c1aa48dcb8] → GET /mavis/health
[19:59:22.927] INFO: [daemon.js:17438] [dff677098bd54bf89694b0c1aa48dcb8] ← GET /mavis/health status=200 duration=0ms {"locale":"en"}
[19:59:32.923] INFO: [daemon.js:17438] [c09f3e3f8ae84462a0e5b427e0f2c04d] → GET /mavis/health
[19:59:32.924] INFO: [daemon.js:17438] [c09f3e3f8ae84462a0e5b427e0f2c04d] ← GET /mavis/health status=200 duration=1ms {"locale":"en"}
[19:59:42.937] INFO: [daemon.js:17438] [5d032b5c55e940a6a3a678c5262c907c] → GET /mavis/health
[19:59:42.937] INFO: [daemon.js:17438] [5d032b5c55e940a6a3a678c5262c907c] ← GET /mavis/health status=200 duration=0ms {"locale":"en"}
[19:59:52.942] INFO: [daemon.js:17438] [19cc842c29d44a1189459e90957e61ed] → GET /mavis/health
[19:59:52.942] INFO: [daemon.js:17438] [19cc842c29d44a1189459e90957e61ed] ← GET /mavis/health status=200 duration=0ms {"locale":"en"}
