[18:00:06.613] INFO: [daemon.js:17438] [91f084b0ce2a4a008a15c1e6b990d549] → GET /mavis/health
[18:00:06.613] INFO: [daemon.js:17438] [91f084b0ce2a4a008a15c1e6b990d549] ← GET /mavis/health status=200 duration=0ms {"locale":"en"}
[18:00:16.624] INFO: [daemon.js:17438] [b4543381b9ce48acb83a9a5437872255] → GET /mavis/health
[18:00:16.624] INFO: [daemon.js:17438] [b4543381b9ce48acb83a9a5437872255] ← GET /mavis/health status=200 duration=0ms {"locale":"en"}
[18:00:26.637] INFO: [daemon.js:17438] [9f0949cf7cfb4d548df80b09f3406c0a] → GET /mavis/health
[18:00:26.638] INFO: [daemon.js:17438] [9f0949cf7cfb4d548df80b09f3406c0a] ← GET /mavis/health status=200 duration=1ms {"locale":"en"}
[18:00:36.638] INFO: [daemon.js:17438] [10392c2f65014741831ecaf87a97083d] → GET /mavis/health
[18:00:36.638] INFO: [daemon.js:17438] [10392c2f65014741831ecaf87a97083d] ← GET /mavis/health status=200 duration=0ms {"locale":"en"}
[18:00:46.647] INFO: [daemon.js:17438] [9ad2843706994674aa9dc8985ec3142f] → GET /mavis/health
[18:00:46.648] INFO: [daemon.js:17438] [9ad2843706994674aa9dc8985ec3142f] ← GET /mavis/health status=200 duration=1ms {"locale":"en"}
[18:00:56.640] INFO: [daemon.js:17438] [07e76ee1551b4380acd8d922169680bf] → GET /mavis/health
[18:00:56.640] INFO: [daemon.js:17438] [07e76ee1551b4380acd8d922169680bf] ← GET /mavis/health status=200 duration=0ms {"locale":"en"}
[18:01:06.658] INFO: [daemon.js:17438] [af12883b0ff441b8be4a760c5dbff83c] → GET /mavis/health
[18:01:06.658] INFO: [daemon.js:17438] [af12883b0ff441b8be4a760c5dbff83c] ← GET /mavis/health status=200 duration=0ms {"locale":"en"}
[18:01:09.601] INFO: [daemon.js:17438] [336605a154624153a75e1a1bdcfa7190] → POST /mavis/mcp/cu
[18:01:09.602] INFO: [daemon.js:17438] [336605a154624153a75e1a1bdcfa7190] ← POST /mavis/mcp/cu status=200 duration=1ms {"locale":"en"}
[18:01:09.603] INFO: [daemon.js:17438] [932c4c356c4340a7aca5b13ed97cac6c] [mcp:matrix:stderr] [matrix-mcp-cli] tools/list dropped 2 unknown tool(s) not in this cli's KNOWN_TOOLS: matrix_extract_content_from_websites, matrix_get_upload_url
[18:01:09.603] INFO: [daemon.js:17438] [20b320dcd973480eb9b6cf8550e2e890] → POST /mavis/mcp/trash
[18:01:09.603] INFO: [daemon.js:17438] [20b320dcd973480eb9b6cf8550e2e890] ← POST /mavis/mcp/trash status=200 duration=0ms {"locale":"en"}
[18:01:16.662] INFO: [daemon.js:17438] [be10863186cd4edea862a9de30bfe3a7] → GET /mavis/health
[18:01:16.662] INFO: [daemon.js:17438] [be10863186cd4edea862a9de30bfe3a7] ← GET /mavis/health status=200 duration=0ms {"locale":"en"}
[18:01:26.667] INFO: [daemon.js:17438] [8fcf9bb472234b52a511b9ad259b8f64] → GET /mavis/health
[18:01:26.667] INFO: [daemon.js:17438] [8fcf9bb472234b52a511b9ad259b8f64] ← GET /mavis/health status=200 duration=0ms {"locale":"en"}
[18:01:36.687] INFO: [daemon.js:17438] [f087cb6919f94edd9acf6e5e9407af8d] → GET /mavis/health
[18:01:36.687] INFO: [daemon.js:17438] [f087cb6919f94edd9acf6e5e9407af8d] ← GET /mavis/health status=200 duration=0ms {"locale":"en"}
[18:01:46.707] INFO: [daemon.js:17438] [3094ed54766c483f8c18009a18ef6daf] → GET /mavis/health
[18:01:46.707] INFO: [daemon.js:17438] [3094ed54766c483f8c18009a18ef6daf] ← GET /mavis/health status=200 duration=0ms {"locale":"en"}
[18:01:56.701] INFO: [daemon.js:17438] [423052d7d1e64a658425c45fc2baad83] → GET /mavis/health
[18:01:56.701] INFO: [daemon.js:17438] [423052d7d1e64a658425c45fc2baad83] ← GET /mavis/health status=200 duration=0ms {"locale":"en"}
[18:02:06.709] INFO: [daemon.js:17438] [f3e44eb873a0457cb32a3c18a845f60e] → GET /mavis/health
[18:02:06.709] INFO: [daemon.js:17438] [f3e44eb873a0457cb32a3c18a845f60e] ← GET /mavis/health status=200 duration=0ms {"locale":"en"}
[18:02:16.722] INFO: [daemon.js:17438] [aaab53f725444364bf5948fa9c7eac8a] → GET /mavis/health
[18:02:16.722] INFO: [daemon.js:17438] [aaab53f725444364bf5948fa9c7eac8a] ← GET /mavis/health status=200 duration=0ms {"locale":"en"}
[18:02:26.741] INFO: [daemon.js:17438] [cc5698c0621f473081f7d8f38d122f5e] → GET /mavis/health
[18:02:26.742] INFO: [daemon.js:17438] [cc5698c0621f473081f7d8f38d122f5e] ← GET /mavis/health status=200 duration=1ms {"locale":"en"}
[18:02:36.747] INFO: [daemon.js:17438] [20cfb6e1727842d6b33c201664896eaa] → GET /mavis/health
[18:02:36.747] INFO: [daemon.js:17438] [20cfb6e1727842d6b33c201664896eaa] ← GET /mavis/health status=200 duration=0ms {"locale":"en"}
[18:02:46.752] INFO: [daemon.js:17438] [e2758931fa274a5798e8fc8da7c4c3c4] → GET /mavis/health
[18:02:46.752] INFO: [daemon.js:17438] [e2758931fa274a5798e8fc8da7c4c3c4] ← GET /mavis/health status=200 duration=0ms {"locale":"en"}
[18:02:56.757] INFO: [daemon.js:17438] [93ee4a84a060463a8592b96091f528b6] → GET /mavis/health
[18:02:56.757] INFO: [daemon.js:17438] [93ee4a84a060463a8592b96091f528b6] ← GET /mavis/health status=200 duration=0ms {"locale":"en"}
[18:03:06.761] INFO: [daemon.js:17438] [0abf3a9a26934fbfb6a1dd3f2d2cdb74] → GET /mavis/health
[18:03:06.761] INFO: [daemon.js:17438] [0abf3a9a26934fbfb6a1dd3f2d2cdb74] ← GET /mavis/health status=200 duration=0ms {"locale":"en"}
[18:03:16.781] INFO: [daemon.js:17438] [3361aa00fd034dd6826dc4eeb219cb9f] → GET /mavis/health
[18:03:16.781] INFO: [daemon.js:17438] [3361aa00fd034dd6826dc4eeb219cb9f] ← GET /mavis/health status=200 duration=0ms {"locale":"en"}
[18:03:26.777] INFO: [daemon.js:17438] [765f00f0cbba4e99ac3a9b0e58a98bea] → GET /mavis/health
[18:03:26.778] INFO: [daemon.js:17438] [765f00f0cbba4e99ac3a9b0e58a98bea] ← GET /mavis/health status=200 duration=1ms {"locale":"en"}
[18:03:36.791] INFO: [daemon.js:17438] [adecacee751842b8bd2e5c636d094f7f] → GET /mavis/health
[18:03:36.792] INFO: [daemon.js:17438] [adecacee751842b8bd2e5c636d094f7f] ← GET /mavis/health status=200 duration=1ms {"locale":"en"}
[18:03:46.811] INFO: [daemon.js:17438] [f7b4d7df83d84c31a0ea23b85fb189e2] → GET /mavis/health
[18:03:46.811] INFO: [daemon.js:17438] [f7b4d7df83d84c31a0ea23b85fb189e2] ← GET /mavis/health status=200 duration=0ms {"locale":"en"}
[18:03:56.802] INFO: [daemon.js:17438] [9429a085193d4cedbbc1e1af3dec209f] → GET /mavis/health
[18:03:56.802] INFO: [daemon.js:17438] [9429a085193d4cedbbc1e1af3dec209f] ← GET /mavis/health status=200 duration=0ms {"locale":"en"}
[18:04:06.810] INFO: [daemon.js:17438] [baa4a243ea6e4583af2b2a711bf0f66c] → GET /mavis/health
[18:04:06.810] INFO: [daemon.js:17438] [baa4a243ea6e4583af2b2a711bf0f66c] ← GET /mavis/health status=200 duration=0ms {"locale":"en"}
[18:04:08.741] INFO: [daemon.js:17438] [90249b3cc0fb4a6ebfd019677aa0bbd6] → GET /mavis/mcp/cu
[18:04:08.742] INFO: [daemon.js:17438] [90249b3cc0fb4a6ebfd019677aa0bbd6] ← GET /mavis/mcp/cu status=200 duration=1ms {"locale":"en"}
[18:04:08.742] INFO: [daemon.js:17438] [3770ec0f60ed4b7983b654a43531680c] → GET /mavis/mcp/trash
[18:04:08.742] INFO: [daemon.js:17438] [3770ec0f60ed4b7983b654a43531680c] ← GET /mavis/mcp/trash status=200 duration=0ms {"locale":"en"}
[18:04:16.825] INFO: [daemon.js:17438] [fa37a188264b434193584bb98622ebd5] → GET /mavis/health
[18:04:16.825] INFO: [daemon.js:17438] [fa37a188264b434193584bb98622ebd5] ← GET /mavis/health status=200 duration=0ms {"locale":"en"}
[18:04:26.834] INFO: [daemon.js:17438] [f38612d6f5c74a7f85a882f5197684a7] → GET /mavis/health
[18:04:26.834] INFO: [daemon.js:17438] [f38612d6f5c74a7f85a882f5197684a7] ← GET /mavis/health status=200 duration=0ms {"locale":"en"}
[18:04:36.823] INFO: [daemon.js:17438] [33e0e773627e4650b021d5061e1d7f2f] → GET /mavis/health
[18:04:36.824] INFO: [daemon.js:17438] [33e0e773627e4650b021d5061e1d7f2f] ← GET /mavis/health status=200 duration=1ms {"locale":"en"}
[18:04:46.844] INFO: [daemon.js:17438] [18e3b284fab043c7bca502794ea13d0f] → GET /mavis/health
[18:04:46.844] INFO: [daemon.js:17438] [18e3b284fab043c7bca502794ea13d0f] ← GET /mavis/health status=200 duration=0ms {"locale":"en"}
[18:04:56.849] INFO: [daemon.js:17438] [67a5a2899e844da2a0012083475d93da] → GET /mavis/health
[18:04:56.849] INFO: [daemon.js:17438] [67a5a2899e844da2a0012083475d93da] ← GET /mavis/health status=200 duration=0ms {"locale":"en"}
[18:05:06.869] INFO: [daemon.js:17438] [ca3bc180263849c8a0092d5cc9420efc] → GET /mavis/health
[18:05:06.869] INFO: [daemon.js:17438] [ca3bc180263849c8a0092d5cc9420efc] ← GET /mavis/health status=200 duration=0ms {"locale":"en"}
[18:05:16.853] INFO: [daemon.js:17438] [7bbbe56180074b6a973f1eb466a5a5d2] → GET /mavis/health
[18:05:16.853] INFO: [daemon.js:17438] [7bbbe56180074b6a973f1eb466a5a5d2] ← GET /mavis/health status=200 duration=0ms {"locale":"en"}
[18:05:26.858] INFO: [daemon.js:17438] [fd121bdaa3a343f592fc918553778792] → GET /mavis/health
[18:05:26.858] INFO: [daemon.js:17438] [fd121bdaa3a343f592fc918553778792] ← GET /mavis/health status=200 duration=0ms {"locale":"en"}
[18:05:36.885] INFO: [daemon.js:17438] [301ef2e7e3aa4218aecba7b1ad544822] → GET /mavis/health
[18:05:36.885] INFO: [daemon.js:17438] [301ef2e7e3aa4218aecba7b1ad544822] ← GET /mavis/health status=200 duration=0ms {"locale":"en"}
[18:05:46.890] INFO: [daemon.js:17438] [39d81c6b08c749e29c610d754950e96f] → GET /mavis/health
[18:05:46.890] INFO: [daemon.js:17438] [39d81c6b08c749e29c610d754950e96f] ← GET /mavis/health status=200 duration=0ms {"locale":"en"}
[18:05:56.884] INFO: [daemon.js:17438] [6cb2dd8da2e14573b806f2f6a7f40d52] → GET /mavis/health
[18:05:56.884] INFO: [daemon.js:17438] [6cb2dd8da2e14573b806f2f6a7f40d52] ← GET /mavis/health status=200 duration=0ms {"locale":"en"}
[18:06:06.909] INFO: [daemon.js:17438] [07338801e9c44c99953ce7c145e6df7d] → GET /mavis/health
[18:06:06.909] INFO: [daemon.js:17438] [07338801e9c44c99953ce7c145e6df7d] ← GET /mavis/health status=200 duration=0ms {"locale":"en"}
[18:06:09.602] INFO: [daemon.js:17438] [6ebc74559ab446dbbc0a4a3fff4057f9] → POST /mavis/mcp/cu
[18:06:09.603] INFO: [daemon.js:17438] [6ebc74559ab446dbbc0a4a3fff4057f9] ← POST /mavis/mcp/cu status=200 duration=1ms {"locale":"en"}
[18:06:09.604] INFO: [daemon.js:17438] [d9b268fa872748e280f362bab6f2c84a] → POST /mavis/mcp/trash
[18:06:09.604] INFO: [daemon.js:17438] [d9b268fa872748e280f362bab6f2c84a] ← POST /mavis/mcp/trash status=200 duration=0ms {"locale":"en"}
[18:06:09.892] INFO: [daemon.js:17438] [587e052da8a54c9aba9e59ecf61433bc] [mcp:matrix:stderr] [matrix-mcp-cli] tools/list dropped 2 unknown tool(s) not in this cli's KNOWN_TOOLS: matrix_extract_content_from_websites, matrix_get_upload_url
[18:06:16.910] INFO: [daemon.js:17438] [7a6ea25c124e4532b2b40ba65d49db22] → GET /mavis/health
[18:06:16.911] INFO: [daemon.js:17438] [7a6ea25c124e4532b2b40ba65d49db22] ← GET /mavis/health status=200 duration=1ms {"locale":"en"}
[18:06:26.917] INFO: [daemon.js:17438] [0c5bf70bb1bb4288874606c0c379873e] → GET /mavis/health
[18:06:26.917] INFO: [daemon.js:17438] [0c5bf70bb1bb4288874606c0c379873e] ← GET /mavis/health status=200 duration=0ms {"locale":"en"}
[18:06:36.943] INFO: [daemon.js:17438] [c93a1beb04de42e08c33d01e2f20e8b0] → GET /mavis/health
[18:06:36.943] INFO: [daemon.js:17438] [c93a1beb04de42e08c33d01e2f20e8b0] ← GET /mavis/health status=200 duration=0ms {"locale":"en"}
[18:06:46.949] INFO: [daemon.js:17438] [4431e7e35fbe4accb2941d4ae71013c3] → GET /mavis/health
[18:06:46.949] INFO: [daemon.js:17438] [4431e7e35fbe4accb2941d4ae71013c3] ← GET /mavis/health status=200 duration=0ms {"locale":"en"}
[18:06:56.954] INFO: [daemon.js:17438] [81c9ff2047914f4396b542dbf5138c69] → GET /mavis/health
[18:06:56.954] INFO: [daemon.js:17438] [81c9ff2047914f4396b542dbf5138c69] ← GET /mavis/health status=200 duration=0ms {"locale":"en"}
[18:07:06.958] INFO: [daemon.js:17438] [c1aa669c07444fc08bf16876064aa11c] → GET /mavis/health
[18:07:06.958] INFO: [daemon.js:17438] [c1aa669c07444fc08bf16876064aa11c] ← GET /mavis/health status=200 duration=0ms {"locale":"en"}
[18:07:16.963] INFO: [daemon.js:17438] [bacc70d797b14de3be6a61088dd0a161] → GET /mavis/health
[18:07:16.963] INFO: [daemon.js:17438] [bacc70d797b14de3be6a61088dd0a161] ← GET /mavis/health status=200 duration=0ms {"locale":"en"}
[18:07:26.952] INFO: [daemon.js:17438] [aefa9f546de24ca69070d9140dde3e04] → GET /mavis/health
[18:07:26.952] INFO: [daemon.js:17438] [aefa9f546de24ca69070d9140dde3e04] ← GET /mavis/health status=200 duration=0ms {"locale":"en"}
[18:07:36.975] INFO: [daemon.js:17438] [d0a64a60cb8148468cc217c17334e71f] → GET /mavis/health
[18:07:36.975] INFO: [daemon.js:17438] [d0a64a60cb8148468cc217c17334e71f] ← GET /mavis/health status=200 duration=0ms {"locale":"en"}
[18:07:46.962] INFO: [daemon.js:17438] [9efe56b24a814c2991abe49f3cc7a01a] → GET /mavis/health
[18:07:46.963] INFO: [daemon.js:17438] [9efe56b24a814c2991abe49f3cc7a01a] ← GET /mavis/health status=200 duration=1ms {"locale":"en"}
[18:07:56.973] INFO: [daemon.js:17438] [835aef53c6d24666beaface8f618f4e8] → GET /mavis/health
[18:07:56.973] INFO: [daemon.js:17438] [835aef53c6d24666beaface8f618f4e8] ← GET /mavis/health status=200 duration=0ms {"locale":"en"}
[18:08:06.987] INFO: [daemon.js:17438] [a8510a7d21604c9a970df8b0f90ef2a9] → GET /mavis/health
[18:08:06.987] INFO: [daemon.js:17438] [a8510a7d21604c9a970df8b0f90ef2a9] ← GET /mavis/health status=200 duration=0ms {"locale":"en"}
[18:08:16.992] INFO: [daemon.js:17438] [6639b21544164988a486f348018d6e0c] → GET /mavis/health
[18:08:16.993] INFO: [daemon.js:17438] [6639b21544164988a486f348018d6e0c] ← GET /mavis/health status=200 duration=1ms {"locale":"en"}
[18:08:26.998] INFO: [daemon.js:17438] [0824349788284b4eae6dfd5fbc36087a] → GET /mavis/health
[18:08:26.998] INFO: [daemon.js:17438] [0824349788284b4eae6dfd5fbc36087a] ← GET /mavis/health status=200 duration=0ms {"locale":"en"}
[18:08:37.018] INFO: [daemon.js:17438] [c8ee5eeeb06144b5861e9ed576b10228] → GET /mavis/health
[18:08:37.019] INFO: [daemon.js:17438] [c8ee5eeeb06144b5861e9ed576b10228] ← GET /mavis/health status=200 duration=1ms {"locale":"en"}
[18:08:47.022] INFO: [daemon.js:17438] [801779091fea471d909ff4e2f9655f78] → GET /mavis/health
[18:08:47.023] INFO: [daemon.js:17438] [801779091fea471d909ff4e2f9655f78] ← GET /mavis/health status=200 duration=1ms {"locale":"en"}
[18:08:57.043] INFO: [daemon.js:17438] [70f5fef002724f71b89d035f28f111be] → GET /mavis/health
[18:08:57.043] INFO: [daemon.js:17438] [70f5fef002724f71b89d035f28f111be] ← GET /mavis/health status=200 duration=0ms {"locale":"en"}
[18:09:07.048] INFO: [daemon.js:17438] [24a4608c218b4e28bcf8b456d034097d] → GET /mavis/health
[18:09:07.048] INFO: [daemon.js:17438] [24a4608c218b4e28bcf8b456d034097d] ← GET /mavis/health status=200 duration=0ms {"locale":"en"}
[18:09:16.124] INFO: [daemon.js:17438] [054031ee633c40e0af6561e5b8fa8dec] → GET /mavis/mcp/cu
[18:09:16.125] INFO: [daemon.js:17438] [054031ee633c40e0af6561e5b8fa8dec] ← GET /mavis/mcp/cu status=200 duration=1ms {"locale":"en"}
[18:09:16.125] INFO: [daemon.js:17438] [37cb7830eaba4ce48b87b11a7d0d3276] → GET /mavis/mcp/trash
[18:09:16.125] INFO: [daemon.js:17438] [37cb7830eaba4ce48b87b11a7d0d3276] ← GET /mavis/mcp/trash status=200 duration=0ms {"locale":"en"}
[18:09:17.052] INFO: [daemon.js:17438] [fd95be245d9e42db9749ee274cb1bccc] → GET /mavis/health
[18:09:17.053] INFO: [daemon.js:17438] [fd95be245d9e42db9749ee274cb1bccc] ← GET /mavis/health status=200 duration=1ms {"locale":"en"}
[18:09:27.072] INFO: [daemon.js:17438] [c22d1df50248434d8c10b5bf40910b05] → GET /mavis/health
[18:09:27.073] INFO: [daemon.js:17438] [c22d1df50248434d8c10b5bf40910b05] ← GET /mavis/health status=200 duration=1ms {"locale":"en"}
[18:09:37.077] INFO: [daemon.js:17438] [1f3386f545a14340a72bf1d6d45ca95e] → GET /mavis/health
[18:09:37.078] INFO: [daemon.js:17438] [1f3386f545a14340a72bf1d6d45ca95e] ← GET /mavis/health status=200 duration=1ms {"locale":"en"}
[18:09:47.061] INFO: [daemon.js:17438] [fcf3137e2b8c4d4ea4ff0805d3876db3] → GET /mavis/health
[18:09:47.061] INFO: [daemon.js:17438] [fcf3137e2b8c4d4ea4ff0805d3876db3] ← GET /mavis/health status=200 duration=0ms {"locale":"en"}
[18:09:57.070] INFO: [daemon.js:17438] [b536410e766d47c7a8892af6b1a1b1a8] → GET /mavis/health
[18:09:57.070] INFO: [daemon.js:17438] [b536410e766d47c7a8892af6b1a1b1a8] ← GET /mavis/health status=200 duration=0ms {"locale":"en"}
[18:10:07.081] INFO: [daemon.js:17438] [4a4813ca4d004ae2a7ad1fd45002f853] → GET /mavis/health
[18:10:07.082] INFO: [daemon.js:17438] [4a4813ca4d004ae2a7ad1fd45002f853] ← GET /mavis/health status=200 duration=1ms {"locale":"en"}
[18:10:17.082] INFO: [daemon.js:17438] [77616a3fd36745798afb534fd5dcabdd] → GET /mavis/health
[18:10:17.082] INFO: [daemon.js:17438] [77616a3fd36745798afb534fd5dcabdd] ← GET /mavis/health status=200 duration=0ms {"locale":"en"}
[18:10:27.077] INFO: [daemon.js:17438] [bf47bafefd364e599ec5f217359cc8bc] → GET /mavis/health
[18:10:27.077] INFO: [daemon.js:17438] [bf47bafefd364e599ec5f217359cc8bc] ← GET /mavis/health status=200 duration=0ms {"locale":"en"}
[18:10:37.081] INFO: [daemon.js:17438] [b9c8a1ba90a04427b7d0b710478c6812] → GET /mavis/health
[18:10:37.081] INFO: [daemon.js:17438] [b9c8a1ba90a04427b7d0b710478c6812] ← GET /mavis/health status=200 duration=0ms {"locale":"en"}
[18:10:47.109] INFO: [daemon.js:17438] [50afa3b271d9465fb27abe0e7b620f6c] → GET /mavis/health
[18:10:47.109] INFO: [daemon.js:17438] [50afa3b271d9465fb27abe0e7b620f6c] ← GET /mavis/health status=200 duration=0ms {"locale":"en"}
[18:10:57.099] INFO: [daemon.js:17438] [6a88b711a16b473fbba0bf42bff9ef0c] → GET /mavis/health
[18:10:57.099] INFO: [daemon.js:17438] [6a88b711a16b473fbba0bf42bff9ef0c] ← GET /mavis/health status=200 duration=0ms {"locale":"en"}
[18:11:07.123] INFO: [daemon.js:17438] [a8f23cb863554f1d9299caa9280dabcb] → GET /mavis/health
[18:11:07.123] INFO: [daemon.js:17438] [a8f23cb863554f1d9299caa9280dabcb] ← GET /mavis/health status=200 duration=0ms {"locale":"en"}
[18:11:09.615] INFO: [daemon.js:17438] [e3b3f9c7df4a4c99a19cf1c4bd775c4c] → POST /mavis/mcp/cu
[18:11:09.617] INFO: [daemon.js:17438] [e3b3f9c7df4a4c99a19cf1c4bd775c4c] ← POST /mavis/mcp/cu status=200 duration=2ms {"locale":"en"}
[18:11:09.617] INFO: [daemon.js:17438] [2739d6385abf4b848d26f260bdf2815c] → POST /mavis/mcp/trash
[18:11:09.618] INFO: [daemon.js:17438] [2739d6385abf4b848d26f260bdf2815c] ← POST /mavis/mcp/trash status=200 duration=1ms {"locale":"en"}
[18:11:09.618] INFO: [daemon.js:17438] [be4507d3fd1c48b3bf253cc857d440b0] [mcp:matrix:stderr] [matrix-mcp-cli] tools/list dropped 2 unknown tool(s) not in this cli's KNOWN_TOOLS: matrix_extract_content_from_websites, matrix_get_upload_url
[18:11:17.121] INFO: [daemon.js:17438] [10d26b93f9fe4260be3a014b37a5d9ec] → GET /mavis/health
[18:11:17.121] INFO: [daemon.js:17438] [10d26b93f9fe4260be3a014b37a5d9ec] ← GET /mavis/health status=200 duration=0ms {"locale":"en"}
[18:11:27.135] INFO: [daemon.js:17438] [d02dea0a71b64e80a0a7be7967e4c845] → GET /mavis/health
[18:11:27.136] INFO: [daemon.js:17438] [d02dea0a71b64e80a0a7be7967e4c845] ← GET /mavis/health status=200 duration=1ms {"locale":"en"}
[18:11:37.138] INFO: [daemon.js:17438] [881c57235c134abeaa9ccbb9176667c0] → GET /mavis/health
[18:11:37.139] INFO: [daemon.js:17438] [881c57235c134abeaa9ccbb9176667c0] ← GET /mavis/health status=200 duration=1ms {"locale":"en"}
[18:11:47.158] INFO: [daemon.js:17438] [823db7fbabd14fb4bc22f95ba1b0da30] → GET /mavis/health
[18:11:47.158] INFO: [daemon.js:17438] [823db7fbabd14fb4bc22f95ba1b0da30] ← GET /mavis/health status=200 duration=0ms {"locale":"en"}
[18:11:57.162] INFO: [daemon.js:17438] [ecf5dafa924441d28ad45a25ef213127] → GET /mavis/health
[18:11:57.162] INFO: [daemon.js:17438] [ecf5dafa924441d28ad45a25ef213127] ← GET /mavis/health status=200 duration=0ms {"locale":"en"}
[18:12:07.175] INFO: [daemon.js:17438] [847a7b97395b479f8cb94f0cefadedf8] → GET /mavis/health
[18:12:07.175] INFO: [daemon.js:17438] [847a7b97395b479f8cb94f0cefadedf8] ← GET /mavis/health status=200 duration=0ms {"locale":"en"}
[18:12:17.177] INFO: [daemon.js:17438] [7a7d8d1c74a0437eae29dc1aa144332f] → GET /mavis/health
[18:12:17.177] INFO: [daemon.js:17438] [7a7d8d1c74a0437eae29dc1aa144332f] ← GET /mavis/health status=200 duration=0ms {"locale":"en"}
[18:12:27.193] INFO: [daemon.js:17438] [59f22b74dfc046cda8101ff7bd09a071] → GET /mavis/health
[18:12:27.193] INFO: [daemon.js:17438] [59f22b74dfc046cda8101ff7bd09a071] ← GET /mavis/health status=200 duration=0ms {"locale":"en"}
[18:12:37.196] INFO: [daemon.js:17438] [a8c8a52a7cfd47db9c15365d46e50ad7] → GET /mavis/health
[18:12:37.197] INFO: [daemon.js:17438] [a8c8a52a7cfd47db9c15365d46e50ad7] ← GET /mavis/health status=200 duration=1ms {"locale":"en"}
[18:12:47.205] INFO: [daemon.js:17438] [3ad76cd1ac7b4e4695e079bd1d23c960] → GET /mavis/health
[18:12:47.205] INFO: [daemon.js:17438] [3ad76cd1ac7b4e4695e079bd1d23c960] ← GET /mavis/health status=200 duration=0ms {"locale":"en"}
[18:12:57.222] INFO: [daemon.js:17438] [212b8754e73e47f4a4f2d99dea5747d3] → GET /mavis/health
[18:12:57.222] INFO: [daemon.js:17438] [212b8754e73e47f4a4f2d99dea5747d3] ← GET /mavis/health status=200 duration=0ms {"locale":"en"}
[18:13:07.242] INFO: [daemon.js:17438] [ba5722c14d4d4cd88da310dd3c677b9e] → GET /mavis/health
[18:13:07.242] INFO: [daemon.js:17438] [ba5722c14d4d4cd88da310dd3c677b9e] ← GET /mavis/health status=200 duration=0ms {"locale":"en"}
[18:13:17.232] INFO: [daemon.js:17438] [deecec3134354b39a2ad1c873a74a9cb] → GET /mavis/health
[18:13:17.232] INFO: [daemon.js:17438] [deecec3134354b39a2ad1c873a74a9cb] ← GET /mavis/health status=200 duration=0ms {"locale":"en"}
[18:13:27.252] INFO: [daemon.js:17438] [c4d827af82364a8bb1b5eb4037abb223] → GET /mavis/health
[18:13:27.252] INFO: [daemon.js:17438] [c4d827af82364a8bb1b5eb4037abb223] ← GET /mavis/health status=200 duration=0ms {"locale":"en"}
[18:13:37.257] INFO: [daemon.js:17438] [78525a25902c410fb5eedd40c63082f8] → GET /mavis/health
[18:13:37.257] INFO: [daemon.js:17438] [78525a25902c410fb5eedd40c63082f8] ← GET /mavis/health status=200 duration=0ms {"locale":"en"}
[18:13:47.262] INFO: [daemon.js:17438] [18d2dd4029364837a4d4782c5942e47c] → GET /mavis/health
[18:13:47.262] INFO: [daemon.js:17438] [18d2dd4029364837a4d4782c5942e47c] ← GET /mavis/health status=200 duration=0ms {"locale":"en"}
[18:13:57.268] INFO: [daemon.js:17438] [ffe111496bea4295884e27c9537772ed] → GET /mavis/health
[18:13:57.269] INFO: [daemon.js:17438] [ffe111496bea4295884e27c9537772ed] ← GET /mavis/health status=200 duration=1ms {"locale":"en"}
[18:14:07.277] INFO: [daemon.js:17438] [93a084022787413d844c1936540a8248] → GET /mavis/health
[18:14:07.277] INFO: [daemon.js:17438] [93a084022787413d844c1936540a8248] ← GET /mavis/health status=200 duration=0ms {"locale":"en"}
[18:14:17.290] INFO: [daemon.js:17438] [7d4eb1781e3341a68f3101f98f08c9f9] → GET /mavis/health
[18:14:17.291] INFO: [daemon.js:17438] [7d4eb1781e3341a68f3101f98f08c9f9] ← GET /mavis/health status=200 duration=1ms {"locale":"en"}
[18:14:23.639] INFO: [daemon.js:17438] [d32b2c71af1944fcb95e734aafd74d93] → GET /mavis/mcp/cu
[18:14:23.639] INFO: [daemon.js:17438] [d32b2c71af1944fcb95e734aafd74d93] ← GET /mavis/mcp/cu status=200 duration=0ms {"locale":"en"}
[18:14:23.640] INFO: [daemon.js:17438] [1e2ca9b379a546f9b25c03d3bf27288d] → GET /mavis/mcp/trash
[18:14:23.640] INFO: [daemon.js:17438] [1e2ca9b379a546f9b25c03d3bf27288d] ← GET /mavis/mcp/trash status=200 duration=0ms {"locale":"en"}
[18:14:27.306] INFO: [daemon.js:17438] [ae9372bcc21d40f49cfe9e332e07e05e] → GET /mavis/health
[18:14:27.306] INFO: [daemon.js:17438] [ae9372bcc21d40f49cfe9e332e07e05e] ← GET /mavis/health status=200 duration=0ms {"locale":"en"}
[18:14:37.311] INFO: [daemon.js:17438] [a4b4c90763604aec8130bd4e0d37397f] → GET /mavis/health
[18:14:37.312] INFO: [daemon.js:17438] [a4b4c90763604aec8130bd4e0d37397f] ← GET /mavis/health status=200 duration=1ms {"locale":"en"}
[18:14:47.307] INFO: [daemon.js:17438] [e025f01041834c989da10585fa91b574] → GET /mavis/health
[18:14:47.308] INFO: [daemon.js:17438] [e025f01041834c989da10585fa91b574] ← GET /mavis/health status=200 duration=1ms {"locale":"en"}
[18:14:57.336] INFO: [daemon.js:17438] [21a3d8b4e2224c278519fd0eeabd19cb] → GET /mavis/health
[18:14:57.337] INFO: [daemon.js:17438] [21a3d8b4e2224c278519fd0eeabd19cb] ← GET /mavis/health status=200 duration=1ms {"locale":"en"}
[18:15:07.318] INFO: [daemon.js:17438] [d577a54a0fe24699a59d7ec370cddf60] → GET /mavis/health
[18:15:07.318] INFO: [daemon.js:17438] [d577a54a0fe24699a59d7ec370cddf60] ← GET /mavis/health status=200 duration=0ms {"locale":"en"}
[18:15:17.331] INFO: [daemon.js:17438] [425b1f6b3d3d4efa9c3f6d5a6c7ac289] → GET /mavis/health
[18:15:17.331] INFO: [daemon.js:17438] [425b1f6b3d3d4efa9c3f6d5a6c7ac289] ← GET /mavis/health status=200 duration=0ms {"locale":"en"}
[18:15:27.336] INFO: [daemon.js:17438] [f3687baeb2b7404b9f10a201a89b5d94] → GET /mavis/health
[18:15:27.336] INFO: [daemon.js:17438] [f3687baeb2b7404b9f10a201a89b5d94] ← GET /mavis/health status=200 duration=0ms {"locale":"en"}
[18:15:37.341] INFO: [daemon.js:17438] [ad97157b11024c23bd5f88135bbadf72] → GET /mavis/health
[18:15:37.341] INFO: [daemon.js:17438] [ad97157b11024c23bd5f88135bbadf72] ← GET /mavis/health status=200 duration=0ms {"locale":"en"}
[18:15:47.361] INFO: [daemon.js:17438] [021390ac8f5047dbab045eb1f18384d1] → GET /mavis/health
[18:15:47.361] INFO: [daemon.js:17438] [021390ac8f5047dbab045eb1f18384d1] ← GET /mavis/health status=200 duration=0ms {"locale":"en"}
[18:15:57.355] INFO: [daemon.js:17438] [44e05160947c47df93235ab3ac4e6b83] → GET /mavis/health
[18:15:57.355] INFO: [daemon.js:17438] [44e05160947c47df93235ab3ac4e6b83] ← GET /mavis/health status=200 duration=0ms {"locale":"en"}
[18:16:07.372] INFO: [daemon.js:17438] [e1acdb2816034461951c81a769f37d8d] → GET /mavis/health
[18:16:07.372] INFO: [daemon.js:17438] [e1acdb2816034461951c81a769f37d8d] ← GET /mavis/health status=200 duration=0ms {"locale":"en"}
[18:16:09.627] INFO: [daemon.js:17438] [6c5af0b5cd8641c88f8c90d26905ca4f] → POST /mavis/mcp/cu
[18:16:09.631] INFO: [daemon.js:17438] [6c5af0b5cd8641c88f8c90d26905ca4f] ← POST /mavis/mcp/cu status=200 duration=4ms {"locale":"en"}
[18:16:09.631] INFO: [daemon.js:17438] [bcfe8ec8bfcc43289c79f8ffd729c745] → POST /mavis/mcp/trash
[18:16:09.631] INFO: [daemon.js:17438] [bcfe8ec8bfcc43289c79f8ffd729c745] ← POST /mavis/mcp/trash status=200 duration=0ms {"locale":"en"}
[18:16:10.073] INFO: [daemon.js:17438] [4eea47224a604f1096f8c2947a206fba] [mcp:matrix:stderr] [matrix-mcp-cli] tools/list dropped 2 unknown tool(s) not in this cli's KNOWN_TOOLS: matrix_extract_content_from_websites, matrix_get_upload_url
[18:16:17.368] INFO: [daemon.js:17438] [8528d68138444bd3a50a33f90730edc5] → GET /mavis/health
[18:16:17.368] INFO: [daemon.js:17438] [8528d68138444bd3a50a33f90730edc5] ← GET /mavis/health status=200 duration=0ms {"locale":"en"}
[18:16:27.382] INFO: [daemon.js:17438] [43aca2ce95c54cf88248b82c14b5ab3c] → GET /mavis/health
[18:16:27.382] INFO: [daemon.js:17438] [43aca2ce95c54cf88248b82c14b5ab3c] ← GET /mavis/health status=200 duration=0ms {"locale":"en"}
[18:16:37.409] INFO: [daemon.js:17438] [c2a85fad96d24156a6cb1ab97e09f9e2] → GET /mavis/health
[18:16:37.409] INFO: [daemon.js:17438] [c2a85fad96d24156a6cb1ab97e09f9e2] ← GET /mavis/health status=200 duration=0ms {"locale":"en"}
[18:16:47.395] INFO: [daemon.js:17438] [096fb9f43c4e40539df4c888fa597e9f] → GET /mavis/health
[18:16:47.395] INFO: [daemon.js:17438] [096fb9f43c4e40539df4c888fa597e9f] ← GET /mavis/health status=200 duration=0ms {"locale":"en"}
[18:16:57.403] INFO: [daemon.js:17438] [28228dbe61c044f3bf43ac8b4928e5e5] → GET /mavis/health
[18:16:57.404] INFO: [daemon.js:17438] [28228dbe61c044f3bf43ac8b4928e5e5] ← GET /mavis/health status=200 duration=1ms {"locale":"en"}
[18:17:07.404] INFO: [daemon.js:17438] [895ca1fcd815403981dc22c94a6f680e] → GET /mavis/health
[18:17:07.405] INFO: [daemon.js:17438] [895ca1fcd815403981dc22c94a6f680e] ← GET /mavis/health status=200 duration=1ms {"locale":"en"}
[18:17:17.411] INFO: [daemon.js:17438] [c8bcaff4977843ab99abe33407e5d0cf] → GET /mavis/health
[18:17:17.411] INFO: [daemon.js:17438] [c8bcaff4977843ab99abe33407e5d0cf] ← GET /mavis/health status=200 duration=0ms {"locale":"en"}
[18:17:27.421] INFO: [daemon.js:17438] [ff172d5ce3b145849c54cd237baecfc1] → GET /mavis/health
[18:17:27.422] INFO: [daemon.js:17438] [ff172d5ce3b145849c54cd237baecfc1] ← GET /mavis/health status=200 duration=1ms {"locale":"en"}
[18:17:37.455] INFO: [daemon.js:17438] [4821336badfe48eb95fc0126ffc05d47] → GET /mavis/health
[18:17:37.455] INFO: [daemon.js:17438] [4821336badfe48eb95fc0126ffc05d47] ← GET /mavis/health status=200 duration=0ms {"locale":"en"}
[18:17:47.440] INFO: [daemon.js:17438] [93f2b79242cb46cc86eb727da14fe043] → GET /mavis/health
[18:17:47.440] INFO: [daemon.js:17438] [93f2b79242cb46cc86eb727da14fe043] ← GET /mavis/health status=200 duration=0ms {"locale":"en"}
[18:17:57.453] INFO: [daemon.js:17438] [903ca591a00041609852987d44770df0] → GET /mavis/health
[18:17:57.453] INFO: [daemon.js:17438] [903ca591a00041609852987d44770df0] ← GET /mavis/health status=200 duration=0ms {"locale":"en"}
[18:18:07.459] INFO: [daemon.js:17438] [1fe5013d21da40c0b14232c9b0fac12e] → GET /mavis/health
[18:18:07.459] INFO: [daemon.js:17438] [1fe5013d21da40c0b14232c9b0fac12e] ← GET /mavis/health status=200 duration=0ms {"locale":"en"}
[18:18:17.455] INFO: [daemon.js:17438] [f50f618d567848099c0a860d9171c5f4] → GET /mavis/health
[18:18:17.455] INFO: [daemon.js:17438] [f50f618d567848099c0a860d9171c5f4] ← GET /mavis/health status=200 duration=0ms {"locale":"en"}
[18:18:27.485] INFO: [daemon.js:17438] [6a9ececcb7b84d63a281e997c2645cef] → GET /mavis/health
[18:18:27.485] INFO: [daemon.js:17438] [6a9ececcb7b84d63a281e997c2645cef] ← GET /mavis/health status=200 duration=0ms {"locale":"en"}
[18:18:37.490] INFO: [daemon.js:17438] [afc67e6b59f845519b27c82ea8c79ea9] → GET /mavis/health
[18:18:37.490] INFO: [daemon.js:17438] [afc67e6b59f845519b27c82ea8c79ea9] ← GET /mavis/health status=200 duration=0ms {"locale":"en"}
[18:18:47.495] INFO: [daemon.js:17438] [cfdc487880cc46529682a1e8b59f6cdd] → GET /mavis/health
[18:18:47.495] INFO: [daemon.js:17438] [cfdc487880cc46529682a1e8b59f6cdd] ← GET /mavis/health status=200 duration=0ms {"locale":"en"}
[18:18:57.499] INFO: [daemon.js:17438] [4b9b22d545d241a6a8e749f374c26d55] → GET /mavis/health
[18:18:57.499] INFO: [daemon.js:17438] [4b9b22d545d241a6a8e749f374c26d55] ← GET /mavis/health status=200 duration=0ms {"locale":"en"}
[18:19:07.504] INFO: [daemon.js:17438] [dbb3a7d86e9b473c83e9bc3b2ab186d4] → GET /mavis/health
[18:19:07.504] INFO: [daemon.js:17438] [dbb3a7d86e9b473c83e9bc3b2ab186d4] ← GET /mavis/health status=200 duration=0ms {"locale":"en"}
[18:19:17.509] INFO: [daemon.js:17438] [9a07657ff9ee43d290c7952f7666523c] → GET /mavis/health
[18:19:17.509] INFO: [daemon.js:17438] [9a07657ff9ee43d290c7952f7666523c] ← GET /mavis/health status=200 duration=0ms {"locale":"en"}
[18:19:27.499] INFO: [daemon.js:17438] [5cd5fcc485cb43f395c96a47edbc8368] → GET /mavis/health
[18:19:27.499] INFO: [daemon.js:17438] [5cd5fcc485cb43f395c96a47edbc8368] ← GET /mavis/health status=200 duration=0ms {"locale":"en"}
[18:19:31.156] INFO: [daemon.js:17438] [2b07329bbe9043fbb85a3e767803efa0] → GET /mavis/mcp/trash
[18:19:31.156] INFO: [daemon.js:17438] [2b07329bbe9043fbb85a3e767803efa0] ← GET /mavis/mcp/trash status=200 duration=0ms {"locale":"en"}
[18:19:31.157] INFO: [daemon.js:17438] [feb1a1624eb84ac9ac25caef83c9e843] → GET /mavis/mcp/cu
[18:19:31.157] INFO: [daemon.js:17438] [feb1a1624eb84ac9ac25caef83c9e843] ← GET /mavis/mcp/cu status=200 duration=0ms {"locale":"en"}
[18:19:37.519] INFO: [daemon.js:17438] [7f38b4a150dc42cd98803b95d491d1bd] → GET /mavis/health
[18:19:37.519] INFO: [daemon.js:17438] [7f38b4a150dc42cd98803b95d491d1bd] ← GET /mavis/health status=200 duration=0ms {"locale":"en"}
[18:19:47.524] INFO: [daemon.js:17438] [f196248f08b7485f95c2e742b6fd305d] → GET /mavis/health
[18:19:47.524] INFO: [daemon.js:17438] [f196248f08b7485f95c2e742b6fd305d] ← GET /mavis/health status=200 duration=0ms {"locale":"en"}
[18:19:57.525] INFO: [daemon.js:17438] [adcd07a68d574139a1cc232ab0115d8b] → GET /mavis/health
[18:19:57.526] INFO: [daemon.js:17438] [adcd07a68d574139a1cc232ab0115d8b] ← GET /mavis/health status=200 duration=1ms {"locale":"en"}
[18:20:07.532] INFO: [daemon.js:17438] [20c8c89996c54b7db000e1d24bb292cb] → GET /mavis/health
[18:20:07.532] INFO: [daemon.js:17438] [20c8c89996c54b7db000e1d24bb292cb] ← GET /mavis/health status=200 duration=0ms {"locale":"en"}
[18:20:17.540] INFO: [daemon.js:17438] [610a1f14f38947c0a5b96a6bec532441] → GET /mavis/health
[18:20:17.540] INFO: [daemon.js:17438] [610a1f14f38947c0a5b96a6bec532441] ← GET /mavis/health status=200 duration=0ms {"locale":"en"}
[18:20:27.533] INFO: [daemon.js:17438] [56769710566c4b0c94fa182d662257c7] → GET /mavis/health
[18:20:27.533] INFO: [daemon.js:17438] [56769710566c4b0c94fa182d662257c7] ← GET /mavis/health status=200 duration=0ms {"locale":"en"}
[18:20:37.566] INFO: [daemon.js:17438] [db81468cade7409989864b7b2fe58db5] → GET /mavis/health
[18:20:37.566] INFO: [daemon.js:17438] [db81468cade7409989864b7b2fe58db5] ← GET /mavis/health status=200 duration=0ms {"locale":"en"}
[18:20:47.570] INFO: [daemon.js:17438] [0fef2f72bff245268930c4088127ecaf] → GET /mavis/health
[18:20:47.571] INFO: [daemon.js:17438] [0fef2f72bff245268930c4088127ecaf] ← GET /mavis/health status=200 duration=1ms {"locale":"en"}
[18:20:57.575] INFO: [daemon.js:17438] [3281b2e249294143ad112f38baeefaf2] → GET /mavis/health
[18:20:57.575] INFO: [daemon.js:17438] [3281b2e249294143ad112f38baeefaf2] ← GET /mavis/health status=200 duration=0ms {"locale":"en"}
[18:21:07.580] INFO: [daemon.js:17438] [b52a87f47a02440ca16184bbdef4d939] → GET /mavis/health
[18:21:07.580] INFO: [daemon.js:17438] [b52a87f47a02440ca16184bbdef4d939] ← GET /mavis/health status=200 duration=0ms {"locale":"en"}
[18:21:09.638] INFO: [daemon.js:17438] [f4a92565c9624485ad2dd78833e028d6] [mcp:matrix:stderr] [matrix-mcp-cli] tools/list dropped 2 unknown tool(s) not in this cli's KNOWN_TOOLS: matrix_extract_content_from_websites, matrix_get_upload_url
[18:21:09.639] INFO: [daemon.js:17438] [535dd8c848b6496fad66e64fb6d73de5] → POST /mavis/mcp/cu
[18:21:09.640] INFO: [daemon.js:17438] [535dd8c848b6496fad66e64fb6d73de5] ← POST /mavis/mcp/cu status=200 duration=1ms {"locale":"en"}
[18:21:09.640] INFO: [daemon.js:17438] [3881c4dd1d2a4894bf9d7be6207faf71] → POST /mavis/mcp/trash
[18:21:09.640] INFO: [daemon.js:17438] [3881c4dd1d2a4894bf9d7be6207faf71] ← POST /mavis/mcp/trash status=200 duration=0ms {"locale":"en"}
[18:21:17.568] INFO: [daemon.js:17438] [1672d8d9aa9d4dabb9b52f53d43a3f86] → GET /mavis/health
[18:21:17.568] INFO: [daemon.js:17438] [1672d8d9aa9d4dabb9b52f53d43a3f86] ← GET /mavis/health status=200 duration=0ms {"locale":"en"}
[18:21:27.576] INFO: [daemon.js:17438] [7daed4da2aad434aa0b3fce1843d2ca4] → GET /mavis/health
[18:21:27.576] INFO: [daemon.js:17438] [7daed4da2aad434aa0b3fce1843d2ca4] ← GET /mavis/health status=200 duration=0ms {"locale":"en"}
[18:21:37.595] INFO: [daemon.js:17438] [87a9a00f6f354517ba1c325062f712ba] → GET /mavis/health
[18:21:37.595] INFO: [daemon.js:17438] [87a9a00f6f354517ba1c325062f712ba] ← GET /mavis/health status=200 duration=0ms {"locale":"en"}
[18:21:47.600] INFO: [daemon.js:17438] [026f84d6499445bdb26e978b6b37bb0f] → GET /mavis/health
[18:21:47.601] INFO: [daemon.js:17438] [026f84d6499445bdb26e978b6b37bb0f] ← GET /mavis/health status=200 duration=1ms {"locale":"en"}
[18:21:57.606] INFO: [daemon.js:17438] [d93d23483d674edd98d9058a7c53358f] → GET /mavis/health
[18:21:57.607] INFO: [daemon.js:17438] [d93d23483d674edd98d9058a7c53358f] ← GET /mavis/health status=200 duration=1ms {"locale":"en"}
[18:22:07.601] INFO: [daemon.js:17438] [ae1166264e35442bbdbc145c4c57c992] → GET /mavis/health
[18:22:07.602] INFO: [daemon.js:17438] [ae1166264e35442bbdbc145c4c57c992] ← GET /mavis/health status=200 duration=1ms {"locale":"en"}
[18:22:17.617] INFO: [daemon.js:17438] [9166fdbc86754d5b970bd57cad023cf8] → GET /mavis/health
[18:22:17.617] INFO: [daemon.js:17438] [9166fdbc86754d5b970bd57cad023cf8] ← GET /mavis/health status=200 duration=0ms {"locale":"en"}
[18:22:27.622] INFO: [daemon.js:17438] [82d9277c1bf848788af63ac0eade74b2] → GET /mavis/health
[18:22:27.623] INFO: [daemon.js:17438] [82d9277c1bf848788af63ac0eade74b2] ← GET /mavis/health status=200 duration=1ms {"locale":"en"}
[18:22:37.642] INFO: [daemon.js:17438] [10a0bf8e337d42d79ec6a5599f244734] → GET /mavis/health
[18:22:37.643] INFO: [daemon.js:17438] [10a0bf8e337d42d79ec6a5599f244734] ← GET /mavis/health status=200 duration=1ms {"locale":"en"}
[18:22:47.638] INFO: [daemon.js:17438] [6097f6ce2dbf499cb4adc4cff5a90a16] → GET /mavis/health
[18:22:47.638] INFO: [daemon.js:17438] [6097f6ce2dbf499cb4adc4cff5a90a16] ← GET /mavis/health status=200 duration=0ms {"locale":"en"}
[18:22:57.650] INFO: [daemon.js:17438] [c95798225a594b5485fbf84695100034] → GET /mavis/health
[18:22:57.650] INFO: [daemon.js:17438] [c95798225a594b5485fbf84695100034] ← GET /mavis/health status=200 duration=0ms {"locale":"en"}
[18:23:07.657] INFO: [daemon.js:17438] [68d344d6774a42c6b48197e175171ff6] → GET /mavis/health
[18:23:07.657] INFO: [daemon.js:17438] [68d344d6774a42c6b48197e175171ff6] ← GET /mavis/health status=200 duration=0ms {"locale":"en"}
[18:23:17.674] INFO: [daemon.js:17438] [b1749e6ccbc84a3db708c4ebf7990e95] → GET /mavis/health
[18:23:17.674] INFO: [daemon.js:17438] [b1749e6ccbc84a3db708c4ebf7990e95] ← GET /mavis/health status=200 duration=0ms {"locale":"en"}
[18:23:27.660] INFO: [daemon.js:17438] [f596b211e7d74a8190d3b424e30818bb] → GET /mavis/health
[18:23:27.660] INFO: [daemon.js:17438] [f596b211e7d74a8190d3b424e30818bb] ← GET /mavis/health status=200 duration=0ms {"locale":"en"}
[18:23:37.666] INFO: [daemon.js:17438] [74d5283aaeb44e7aac715c2144f6fc2f] → GET /mavis/health
[18:23:37.666] INFO: [daemon.js:17438] [74d5283aaeb44e7aac715c2144f6fc2f] ← GET /mavis/health status=200 duration=0ms {"locale":"en"}
[18:23:47.692] INFO: [daemon.js:17438] [566ab6a9bbb54cee9520b5b750d1e602] → GET /mavis/health
[18:23:47.692] INFO: [daemon.js:17438] [566ab6a9bbb54cee9520b5b750d1e602] ← GET /mavis/health status=200 duration=0ms {"locale":"en"}
[18:23:57.703] INFO: [daemon.js:17438] [d80459f6eab44801a56516a10dbeb956] → GET /mavis/health
[18:23:57.703] INFO: [daemon.js:17438] [d80459f6eab44801a56516a10dbeb956] ← GET /mavis/health status=200 duration=0ms {"locale":"en"}
[18:24:07.700] INFO: [daemon.js:17438] [69ec5497ab9141a1acf8d96c50c37c04] → GET /mavis/health
[18:24:07.700] INFO: [daemon.js:17438] [69ec5497ab9141a1acf8d96c50c37c04] ← GET /mavis/health status=200 duration=0ms {"locale":"en"}
[18:24:17.706] INFO: [daemon.js:17438] [52e7badf54b34e34b7610d57ece409d9] → GET /mavis/health
[18:24:17.706] INFO: [daemon.js:17438] [52e7badf54b34e34b7610d57ece409d9] ← GET /mavis/health status=200 duration=0ms {"locale":"en"}
[18:24:27.726] INFO: [daemon.js:17438] [1e4055bec55743dd8914dbb82ba5ff32] → GET /mavis/health
[18:24:27.727] INFO: [daemon.js:17438] [1e4055bec55743dd8914dbb82ba5ff32] ← GET /mavis/health status=200 duration=1ms {"locale":"en"}
[18:24:37.731] INFO: [daemon.js:17438] [bcc4bae3fd3e46688cd7d0bb72b457ca] → GET /mavis/health
[18:24:37.732] INFO: [daemon.js:17438] [bcc4bae3fd3e46688cd7d0bb72b457ca] ← GET /mavis/health status=200 duration=1ms {"locale":"en"}
[18:24:38.613] INFO: [daemon.js:17438] [4e70ab6fd956491c8e7ba06dda564073] → GET /mavis/mcp/trash
[18:24:38.614] INFO: [daemon.js:17438] [4e70ab6fd956491c8e7ba06dda564073] ← GET /mavis/mcp/trash status=200 duration=1ms {"locale":"en"}
[18:24:38.614] INFO: [daemon.js:17438] [b8b3f848af774f16baf95cd672c88842] → GET /mavis/mcp/cu
[18:24:38.615] INFO: [daemon.js:17438] [b8b3f848af774f16baf95cd672c88842] ← GET /mavis/mcp/cu status=200 duration=1ms {"locale":"en"}
[18:24:47.752] INFO: [daemon.js:17438] [aba44b6e68f146ac8ea44a59389117cf] → GET /mavis/health
[18:24:47.752] INFO: [daemon.js:17438] [aba44b6e68f146ac8ea44a59389117cf] ← GET /mavis/health status=200 duration=0ms {"locale":"en"}
[18:24:57.756] INFO: [daemon.js:17438] [9a99ce5e6a7d4fa3be79a637157b6aac] → GET /mavis/health
[18:24:57.756] INFO: [daemon.js:17438] [9a99ce5e6a7d4fa3be79a637157b6aac] ← GET /mavis/health status=200 duration=0ms {"locale":"en"}
[18:25:07.746] INFO: [daemon.js:17438] [0061b3609715436484c5dcfbcd2774bc] → GET /mavis/health
[18:25:07.747] INFO: [daemon.js:17438] [0061b3609715436484c5dcfbcd2774bc] ← GET /mavis/health status=200 duration=1ms {"locale":"en"}
[18:25:17.751] INFO: [daemon.js:17438] [6b89bdc0ce734e7ba95162aa6c09fb42] → GET /mavis/health
[18:25:17.751] INFO: [daemon.js:17438] [6b89bdc0ce734e7ba95162aa6c09fb42] ← GET /mavis/health status=200 duration=0ms {"locale":"en"}
[18:25:27.753] INFO: [daemon.js:17438] [a7673234ed9d45f7b7d203ce2b0c33a1] → GET /mavis/health
[18:25:27.754] INFO: [daemon.js:17438] [a7673234ed9d45f7b7d203ce2b0c33a1] ← GET /mavis/health status=200 duration=1ms {"locale":"en"}
[18:25:37.778] INFO: [daemon.js:17438] [8f460efcb51c41908d82b8db8bdcc54d] → GET /mavis/health
[18:25:37.778] INFO: [daemon.js:17438] [8f460efcb51c41908d82b8db8bdcc54d] ← GET /mavis/health status=200 duration=0ms {"locale":"en"}
[18:25:47.782] INFO: [daemon.js:17438] [41b4e4434e8d4eff8360771a7dcfe53c] → GET /mavis/health
[18:25:47.783] INFO: [daemon.js:17438] [41b4e4434e8d4eff8360771a7dcfe53c] ← GET /mavis/health status=200 duration=1ms {"locale":"en"}
[18:25:57.776] INFO: [daemon.js:17438] [04b308d7fd494ac48754b3f51a85a29a] → GET /mavis/health
[18:25:57.776] INFO: [daemon.js:17438] [04b308d7fd494ac48754b3f51a85a29a] ← GET /mavis/health status=200 duration=0ms {"locale":"en"}
[18:26:07.796] INFO: [daemon.js:17438] [c993e3ed2fca447c9d94fa35bfd9a7b4] → GET /mavis/health
[18:26:07.796] INFO: [daemon.js:17438] [c993e3ed2fca447c9d94fa35bfd9a7b4] ← GET /mavis/health status=200 duration=0ms {"locale":"en"}
[18:26:09.655] INFO: [daemon.js:17438] [b58e00a030f748c58afdcf5a98f23ab2] → POST /mavis/mcp/cu
[18:26:09.656] INFO: [daemon.js:17438] [b58e00a030f748c58afdcf5a98f23ab2] ← POST /mavis/mcp/cu status=200 duration=1ms {"locale":"en"}
[18:26:09.656] INFO: [daemon.js:17438] [29d9abc5c77e4bbea36ef9f6c6859d79] → POST /mavis/mcp/trash
[18:26:09.657] INFO: [daemon.js:17438] [29d9abc5c77e4bbea36ef9f6c6859d79] ← POST /mavis/mcp/trash status=200 duration=1ms {"locale":"en"}
[18:26:09.941] INFO: [daemon.js:17438] [706e6f60b8b84d2e9989fc146494c7ef] [mcp:matrix:stderr] [matrix-mcp-cli] tools/list dropped 2 unknown tool(s) not in this cli's KNOWN_TOOLS: matrix_extract_content_from_websites, matrix_get_upload_url
[18:26:17.814] INFO: [daemon.js:17438] [d520f962777d471b9247533a39f97a26] → GET /mavis/health
[18:26:17.814] INFO: [daemon.js:17438] [d520f962777d471b9247533a39f97a26] ← GET /mavis/health status=200 duration=0ms {"locale":"en"}
[18:26:27.806] INFO: [daemon.js:17438] [7aaaa90b9efd4a31ace44d4c0af3b94a] → GET /mavis/health
[18:26:27.806] INFO: [daemon.js:17438] [7aaaa90b9efd4a31ace44d4c0af3b94a] ← GET /mavis/health status=200 duration=0ms {"locale":"en"}
[18:26:37.838] INFO: [daemon.js:17438] [3c767718e66a43bcba231ed845ab2578] → GET /mavis/health
[18:26:37.838] INFO: [daemon.js:17438] [3c767718e66a43bcba231ed845ab2578] ← GET /mavis/health status=200 duration=0ms {"locale":"en"}
[18:26:47.843] INFO: [daemon.js:17438] [277cca8a88794da7b3518bdf24a81d8d] → GET /mavis/health
[18:26:47.844] INFO: [daemon.js:17438] [277cca8a88794da7b3518bdf24a81d8d] ← GET /mavis/health status=200 duration=1ms {"locale":"en"}
[18:26:57.848] INFO: [daemon.js:17438] [afd518979a6340c8a2ca6ece0d471fd0] → GET /mavis/health
[18:26:57.849] INFO: [daemon.js:17438] [afd518979a6340c8a2ca6ece0d471fd0] ← GET /mavis/health status=200 duration=1ms {"locale":"en"}
[18:27:07.843] INFO: [daemon.js:17438] [e36b623291304de6abc4d18f6c8ece7e] → GET /mavis/health
[18:27:07.844] INFO: [daemon.js:17438] [e36b623291304de6abc4d18f6c8ece7e] ← GET /mavis/health status=200 duration=1ms {"locale":"en"}
[18:27:17.873] INFO: [daemon.js:17438] [94d48fbcb993472a868e4a60eaef8544] → GET /mavis/health
[18:27:17.873] INFO: [daemon.js:17438] [94d48fbcb993472a868e4a60eaef8544] ← GET /mavis/health status=200 duration=0ms {"locale":"en"}
[18:27:27.878] INFO: [daemon.js:17438] [5474bad8455946e4be3a330ff9d0d2a7] → GET /mavis/health
[18:27:27.878] INFO: [daemon.js:17438] [5474bad8455946e4be3a330ff9d0d2a7] ← GET /mavis/health status=200 duration=0ms {"locale":"en"}
[18:27:37.868] INFO: [daemon.js:17438] [1ab57b5e87cf42518d699ca188a09189] → GET /mavis/health
[18:27:37.868] INFO: [daemon.js:17438] [1ab57b5e87cf42518d699ca188a09189] ← GET /mavis/health status=200 duration=0ms {"locale":"en"}
[18:27:47.863] INFO: [daemon.js:17438] [94f146cfc5e143e9b6b2e372b887c32a] → GET /mavis/health
[18:27:47.863] INFO: [daemon.js:17438] [94f146cfc5e143e9b6b2e372b887c32a] ← GET /mavis/health status=200 duration=0ms {"locale":"en"}
[18:27:57.890] INFO: [daemon.js:17438] [9aa12a5381494386881e1ce4ea101eeb] → GET /mavis/health
[18:27:57.890] INFO: [daemon.js:17438] [9aa12a5381494386881e1ce4ea101eeb] ← GET /mavis/health status=200 duration=0ms {"locale":"en"}
[18:28:07.895] INFO: [daemon.js:17438] [95fe0c2f222f4ba0b288ead267cb1708] → GET /mavis/health
[18:28:07.895] INFO: [daemon.js:17438] [95fe0c2f222f4ba0b288ead267cb1708] ← GET /mavis/health status=200 duration=0ms {"locale":"en"}
[18:28:17.909] INFO: [daemon.js:17438] [8f336bc250e64746973b0de3868ef934] → GET /mavis/health
[18:28:17.909] INFO: [daemon.js:17438] [8f336bc250e64746973b0de3868ef934] ← GET /mavis/health status=200 duration=0ms {"locale":"en"}
[18:28:27.914] INFO: [daemon.js:17438] [55ddc81869734d748ff6d723e89fd2fe] → GET /mavis/health
[18:28:27.914] INFO: [daemon.js:17438] [55ddc81869734d748ff6d723e89fd2fe] ← GET /mavis/health status=200 duration=0ms {"locale":"en"}
[18:28:37.908] INFO: [daemon.js:17438] [74e43d7e65c842789a9fed4d207acb5c] → GET /mavis/health
[18:28:37.908] INFO: [daemon.js:17438] [74e43d7e65c842789a9fed4d207acb5c] ← GET /mavis/health status=200 duration=0ms {"locale":"en"}
[18:28:47.935] INFO: [daemon.js:17438] [e243e7744b9f46ada5f93b7c621ce701] → GET /mavis/health
[18:28:47.935] INFO: [daemon.js:17438] [e243e7744b9f46ada5f93b7c621ce701] ← GET /mavis/health status=200 duration=0ms {"locale":"en"}
[18:28:57.943] INFO: [daemon.js:17438] [674281d2ab784bceae18237c925dddf1] → GET /mavis/health
[18:28:57.943] INFO: [daemon.js:17438] [674281d2ab784bceae18237c925dddf1] ← GET /mavis/health status=200 duration=0ms {"locale":"en"}
[18:29:07.963] INFO: [daemon.js:17438] [f9896b3b939b4c6fa687cbf777218c30] → GET /mavis/health
[18:29:07.963] INFO: [daemon.js:17438] [f9896b3b939b4c6fa687cbf777218c30] ← GET /mavis/health status=200 duration=0ms {"locale":"en"}
[18:29:17.946] INFO: [daemon.js:17438] [a53762006afc48a4878a25ca2e73b6b2] → GET /mavis/health
[18:29:17.947] INFO: [daemon.js:17438] [a53762006afc48a4878a25ca2e73b6b2] ← GET /mavis/health status=200 duration=1ms {"locale":"en"}
[18:29:27.958] INFO: [daemon.js:17438] [3aab39f9be464e53ac1af68e00fd5256] → GET /mavis/health
[18:29:27.959] INFO: [daemon.js:17438] [3aab39f9be464e53ac1af68e00fd5256] ← GET /mavis/health status=200 duration=1ms {"locale":"en"}
[18:29:37.960] INFO: [daemon.js:17438] [123e58d1ef9844d782588cebed30e411] → GET /mavis/health
[18:29:37.960] INFO: [daemon.js:17438] [123e58d1ef9844d782588cebed30e411] ← GET /mavis/health status=200 duration=0ms {"locale":"en"}
[18:29:46.120] INFO: [daemon.js:17438] [221be681c0614a8e9ea270f4adf3eeed] → GET /mavis/mcp/trash
[18:29:46.120] INFO: [daemon.js:17438] [221be681c0614a8e9ea270f4adf3eeed] ← GET /mavis/mcp/trash status=200 duration=0ms {"locale":"en"}
[18:29:46.121] INFO: [daemon.js:17438] [078dbeb25527437eb0f7ea99a1fd8c51] → GET /mavis/mcp/cu
[18:29:46.121] INFO: [daemon.js:17438] [078dbeb25527437eb0f7ea99a1fd8c51] ← GET /mavis/mcp/cu status=200 duration=0ms {"locale":"en"}
[18:29:47.984] INFO: [daemon.js:17438] [4eff430a0b814722a785d3e3c79331e6] → GET /mavis/health
[18:29:47.984] INFO: [daemon.js:17438] [4eff430a0b814722a785d3e3c79331e6] ← GET /mavis/health status=200 duration=0ms {"locale":"en"}
[18:29:58.002] INFO: [daemon.js:17438] [836a78f4a9454217828bcdfb30677752] → GET /mavis/health
[18:29:58.002] INFO: [daemon.js:17438] [836a78f4a9454217828bcdfb30677752] ← GET /mavis/health status=200 duration=0ms {"locale":"en"}
[18:30:08.008] INFO: [daemon.js:17438] [96e293ff36bb4d2faa160b170ed05649] → GET /mavis/health
[18:30:08.009] INFO: [daemon.js:17438] [96e293ff36bb4d2faa160b170ed05649] ← GET /mavis/health status=200 duration=1ms {"locale":"en"}
[18:30:18.000] INFO: [daemon.js:17438] [18aed05f056249218bcef9b347f3bcb1] → GET /mavis/health
[18:30:18.001] INFO: [daemon.js:17438] [18aed05f056249218bcef9b347f3bcb1] ← GET /mavis/health status=200 duration=1ms {"locale":"en"}
[18:30:28.019] INFO: [daemon.js:17438] [bbd47002e3954d2d84f23b78db678fde] → GET /mavis/health
[18:30:28.019] INFO: [daemon.js:17438] [bbd47002e3954d2d84f23b78db678fde] ← GET /mavis/health status=200 duration=0ms {"locale":"en"}
[18:30:38.009] INFO: [daemon.js:17438] [475898c5c32a47fbb5152b3bf9a0d20c] → GET /mavis/health
[18:30:38.009] INFO: [daemon.js:17438] [475898c5c32a47fbb5152b3bf9a0d20c] ← GET /mavis/health status=200 duration=0ms {"locale":"en"}
[18:30:48.027] INFO: [daemon.js:17438] [57f36618027142d299434572cce585d2] → GET /mavis/health
[18:30:48.028] INFO: [daemon.js:17438] [57f36618027142d299434572cce585d2] ← GET /mavis/health status=200 duration=1ms {"locale":"en"}
[18:30:58.048] INFO: [daemon.js:17438] [5b4203b0de4842d8b8ca882b574263f1] → GET /mavis/health
[18:30:58.048] INFO: [daemon.js:17438] [5b4203b0de4842d8b8ca882b574263f1] ← GET /mavis/health status=200 duration=0ms {"locale":"en"}
[18:31:08.053] INFO: [daemon.js:17438] [a2357b32847f4267a9dbd9cb9c7b0054] → GET /mavis/health
[18:31:08.053] INFO: [daemon.js:17438] [a2357b32847f4267a9dbd9cb9c7b0054] ← GET /mavis/health status=200 duration=0ms {"locale":"en"}
[18:31:09.659] INFO: [daemon.js:17438] [03870b07975f43ea91c0f5ff457078ae] [mcp:matrix:stderr] [matrix-mcp-cli] tools/list dropped 2 unknown tool(s) not in this cli's KNOWN_TOOLS: matrix_extract_content_from_websites, matrix_get_upload_url
[18:31:09.660] INFO: [daemon.js:17438] [98e15db30cde4ef290a45424f4589296] → POST /mavis/mcp/cu
[18:31:09.661] INFO: [daemon.js:17438] [98e15db30cde4ef290a45424f4589296] ← POST /mavis/mcp/cu status=200 duration=1ms {"locale":"en"}
[18:31:09.662] INFO: [daemon.js:17438] [11f1e70b19c843f4a06b5aef4de6e433] → POST /mavis/mcp/trash
[18:31:09.662] INFO: [daemon.js:17438] [11f1e70b19c843f4a06b5aef4de6e433] ← POST /mavis/mcp/trash status=200 duration=0ms {"locale":"en"}
[18:31:18.057] INFO: [daemon.js:17438] [51bea9f457d34db0996986224ea6a4ee] → GET /mavis/health
[18:31:18.057] INFO: [daemon.js:17438] [51bea9f457d34db0996986224ea6a4ee] ← GET /mavis/health status=200 duration=0ms {"locale":"en"}
[18:31:28.051] INFO: [daemon.js:17438] [3ba691ff8d5542fea12c9b831237faae] → GET /mavis/health
[18:31:28.051] INFO: [daemon.js:17438] [3ba691ff8d5542fea12c9b831237faae] ← GET /mavis/health status=200 duration=0ms {"locale":"en"}
[18:31:38.059] INFO: [daemon.js:17438] [7205e8df18ee435a902f3a064aa902bb] → GET /mavis/health
[18:31:38.059] INFO: [daemon.js:17438] [7205e8df18ee435a902f3a064aa902bb] ← GET /mavis/health status=200 duration=0ms {"locale":"en"}
[18:31:48.075] INFO: [daemon.js:17438] [2888d71f751c4ca4857749aee8700587] → GET /mavis/health
[18:31:48.076] INFO: [daemon.js:17438] [2888d71f751c4ca4857749aee8700587] ← GET /mavis/health status=200 duration=1ms {"locale":"en"}
[18:31:58.078] INFO: [daemon.js:17438] [00f20cf5c9c34dbf987e5fdd01beb5d4] → GET /mavis/health
[18:31:58.078] INFO: [daemon.js:17438] [00f20cf5c9c34dbf987e5fdd01beb5d4] ← GET /mavis/health status=200 duration=0ms {"locale":"en"}
[18:32:08.082] INFO: [daemon.js:17438] [59afa2cf570e44958bb3dc58b72a05e8] → GET /mavis/health
[18:32:08.082] INFO: [daemon.js:17438] [59afa2cf570e44958bb3dc58b72a05e8] ← GET /mavis/health status=200 duration=0ms {"locale":"en"}
[18:32:18.103] INFO: [daemon.js:17438] [4e6feef92b944cd5b22c3fb0ad163aee] → GET /mavis/health
[18:32:18.103] INFO: [daemon.js:17438] [4e6feef92b944cd5b22c3fb0ad163aee] ← GET /mavis/health status=200 duration=0ms {"locale":"en"}
[18:32:28.108] INFO: [daemon.js:17438] [2bb4431d78464dbfa9c9643f05fe8043] → GET /mavis/health
[18:32:28.108] INFO: [daemon.js:17438] [2bb4431d78464dbfa9c9643f05fe8043] ← GET /mavis/health status=200 duration=0ms {"locale":"en"}
[18:32:38.099] INFO: [daemon.js:17438] [dc9e74a3e93b40f0bd58154e9a042795] → GET /mavis/health
[18:32:38.100] INFO: [daemon.js:17438] [dc9e74a3e93b40f0bd58154e9a042795] ← GET /mavis/health status=200 duration=1ms {"locale":"en"}
[18:32:48.118] INFO: [daemon.js:17438] [82f243e1413140d597f582b0963f1dfb] → GET /mavis/health
[18:32:48.118] INFO: [daemon.js:17438] [82f243e1413140d597f582b0963f1dfb] ← GET /mavis/health status=200 duration=0ms {"locale":"en"}
[18:32:58.138] INFO: [daemon.js:17438] [b5a095ce26b649a08e9c25d228c6e58b] → GET /mavis/health
[18:32:58.138] INFO: [daemon.js:17438] [b5a095ce26b649a08e9c25d228c6e58b] ← GET /mavis/health status=200 duration=0ms {"locale":"en"}
[18:33:08.143] INFO: [daemon.js:17438] [74e9ac6571734e85804eb47941b4e79a] → GET /mavis/health
[18:33:08.144] INFO: [daemon.js:17438] [74e9ac6571734e85804eb47941b4e79a] ← GET /mavis/health status=200 duration=1ms {"locale":"en"}
[18:33:18.145] INFO: [daemon.js:17438] [194d8ba0dfea4dfe9ec2aa692103e934] → GET /mavis/health
[18:33:18.145] INFO: [daemon.js:17438] [194d8ba0dfea4dfe9ec2aa692103e934] ← GET /mavis/health status=200 duration=0ms {"locale":"en"}
[18:33:28.168] INFO: [daemon.js:17438] [6e3fcc9b4f7f46c0a468546fcc84d8a8] → GET /mavis/health
[18:33:28.168] INFO: [daemon.js:17438] [6e3fcc9b4f7f46c0a468546fcc84d8a8] ← GET /mavis/health status=200 duration=0ms {"locale":"en"}
[18:33:38.173] INFO: [daemon.js:17438] [2c8d4493e41a4b0983a8ebd08189098a] → GET /mavis/health
[18:33:38.173] INFO: [daemon.js:17438] [2c8d4493e41a4b0983a8ebd08189098a] ← GET /mavis/health status=200 duration=0ms {"locale":"en"}
[18:33:48.166] INFO: [daemon.js:17438] [61edf9c3bba94d48a36daf9f9ee0b571] → GET /mavis/health
[18:33:48.166] INFO: [daemon.js:17438] [61edf9c3bba94d48a36daf9f9ee0b571] ← GET /mavis/health status=200 duration=0ms {"locale":"en"}
[18:33:58.175] INFO: [daemon.js:17438] [75947e33558d415bbd6f4b975b05afab] → GET /mavis/health
[18:33:58.175] INFO: [daemon.js:17438] [75947e33558d415bbd6f4b975b05afab] ← GET /mavis/health status=200 duration=0ms {"locale":"en"}
[18:34:08.191] INFO: [daemon.js:17438] [2d24027038554a7384438c76ebd5a192] → GET /mavis/health
[18:34:08.191] INFO: [daemon.js:17438] [2d24027038554a7384438c76ebd5a192] ← GET /mavis/health status=200 duration=0ms {"locale":"en"}
[18:34:18.187] INFO: [daemon.js:17438] [df150895e832460da84e059eb60c4b33] → GET /mavis/health
[18:34:18.187] INFO: [daemon.js:17438] [df150895e832460da84e059eb60c4b33] ← GET /mavis/health status=200 duration=0ms {"locale":"en"}
[18:34:28.201] INFO: [daemon.js:17438] [8f5981579664462394d7de783ad7abdd] → GET /mavis/health
[18:34:28.202] INFO: [daemon.js:17438] [8f5981579664462394d7de783ad7abdd] ← GET /mavis/health status=200 duration=1ms {"locale":"en"}
[18:34:38.197] INFO: [daemon.js:17438] [6f52de8553114dc2934396e182d2a5cc] → GET /mavis/health
[18:34:38.197] INFO: [daemon.js:17438] [6f52de8553114dc2934396e182d2a5cc] ← GET /mavis/health status=200 duration=0ms {"locale":"en"}
[18:34:48.202] INFO: [daemon.js:17438] [cfda62298dd04855b806d2df38f108c9] → GET /mavis/health
[18:34:48.202] INFO: [daemon.js:17438] [cfda62298dd04855b806d2df38f108c9] ← GET /mavis/health status=200 duration=0ms {"locale":"en"}
[18:34:53.955] INFO: [daemon.js:17438] [eee6ea32f9f44ea4901df903e6dad023] → GET /mavis/mcp/trash
[18:34:53.955] INFO: [daemon.js:17438] [eee6ea32f9f44ea4901df903e6dad023] ← GET /mavis/mcp/trash status=200 duration=0ms {"locale":"en"}
[18:34:53.956] INFO: [daemon.js:17438] [6f8e4616358f4eeb8bb262003ab7b057] → GET /mavis/mcp/cu
[18:34:53.956] INFO: [daemon.js:17438] [6f8e4616358f4eeb8bb262003ab7b057] ← GET /mavis/mcp/cu status=200 duration=0ms {"locale":"en"}
[18:34:58.207] INFO: [daemon.js:17438] [693691ec8c864a14be9c8daee4ed4da2] → GET /mavis/health
[18:34:58.207] INFO: [daemon.js:17438] [693691ec8c864a14be9c8daee4ed4da2] ← GET /mavis/health status=200 duration=0ms {"locale":"en"}
[18:35:08.199] INFO: [daemon.js:17438] [87c254c3777e42f5a6dac52adc7a09ff] → GET /mavis/health
[18:35:08.199] INFO: [daemon.js:17438] [87c254c3777e42f5a6dac52adc7a09ff] ← GET /mavis/health status=200 duration=0ms {"locale":"en"}
[18:35:18.233] INFO: [daemon.js:17438] [58acddc478a048f88f0461c3c6c9b23d] → GET /mavis/health
[18:35:18.233] INFO: [daemon.js:17438] [58acddc478a048f88f0461c3c6c9b23d] ← GET /mavis/health status=200 duration=0ms {"locale":"en"}
[18:35:28.222] INFO: [daemon.js:17438] [640369af5daf406facb2fbc5705704dc] → GET /mavis/health
[18:35:28.222] INFO: [daemon.js:17438] [640369af5daf406facb2fbc5705704dc] ← GET /mavis/health status=200 duration=0ms {"locale":"en"}
[18:35:38.242] INFO: [daemon.js:17438] [d9067c82a047447085c12000e4644a2d] → GET /mavis/health
[18:35:38.242] INFO: [daemon.js:17438] [d9067c82a047447085c12000e4644a2d] ← GET /mavis/health status=200 duration=0ms {"locale":"en"}
[18:35:48.248] INFO: [daemon.js:17438] [b401eda027a14e969f1a42895a64700a] → GET /mavis/health
[18:35:48.249] INFO: [daemon.js:17438] [b401eda027a14e969f1a42895a64700a] ← GET /mavis/health status=200 duration=1ms {"locale":"en"}
[18:35:58.260] INFO: [daemon.js:17438] [422909342e014827a1f9a1e5198fbd2e] → GET /mavis/health
[18:35:58.260] INFO: [daemon.js:17438] [422909342e014827a1f9a1e5198fbd2e] ← GET /mavis/health status=200 duration=0ms {"locale":"en"}
[18:36:08.262] INFO: [daemon.js:17438] [1b3a97e249f94646b838d491d7cbb6ec] → GET /mavis/health
[18:36:08.262] INFO: [daemon.js:17438] [1b3a97e249f94646b838d491d7cbb6ec] ← GET /mavis/health status=200 duration=0ms {"locale":"en"}
[18:36:09.665] INFO: [daemon.js:17438] [85fc7ff5f8f64ef8b4adb447dc721c98] → POST /mavis/mcp/cu
[18:36:09.667] INFO: [daemon.js:17438] [85fc7ff5f8f64ef8b4adb447dc721c98] ← POST /mavis/mcp/cu status=200 duration=2ms {"locale":"en"}
[18:36:09.668] INFO: [daemon.js:17438] [526c0dd226f147bfab66ceea60be9f5c] → POST /mavis/mcp/trash
[18:36:09.669] INFO: [daemon.js:17438] [526c0dd226f147bfab66ceea60be9f5c] ← POST /mavis/mcp/trash status=200 duration=1ms {"locale":"en"}
[18:36:09.995] INFO: [daemon.js:17438] [28e6640ded644505b151a7dd8a050190] [mcp:matrix:stderr] [matrix-mcp-cli] tools/list dropped 2 unknown tool(s) not in this cli's KNOWN_TOOLS: matrix_extract_content_from_websites, matrix_get_upload_url
[18:36:18.265] INFO: [daemon.js:17438] [981f3821223d4b07bcbaac53e2865914] → GET /mavis/health
[18:36:18.265] INFO: [daemon.js:17438] [981f3821223d4b07bcbaac53e2865914] ← GET /mavis/health status=200 duration=0ms {"locale":"en"}
[18:36:28.276] INFO: [daemon.js:17438] [668b3045f779411da2f1a84f1b4fa181] → GET /mavis/health
[18:36:28.276] INFO: [daemon.js:17438] [668b3045f779411da2f1a84f1b4fa181] ← GET /mavis/health status=200 duration=0ms {"locale":"en"}
[18:36:29.790] INFO: [daemon.js:17438] [257558327ce84a3cb4e7d1e86f6b6964] → GET /mavis/api/session/mvs_0dbdbf20f8454c5d9ca7a005919f273e/message
[18:36:29.791] INFO: [daemon.js:17438] MessageStore list completed {"ctx":{"traceId":"257558327ce84a3cb4e7d1e86f6b6964","locale":"en"},"sessionId":"mvs_0dbdbf20f8454c5d9ca7a005919f273e","durationMs":0,"messageCount":10,"hasNextCursor":false}
[18:36:29.792] INFO: [daemon.js:17438] [257558327ce84a3cb4e7d1e86f6b6964] ← GET /mavis/api/session/mvs_0dbdbf20f8454c5d9ca7a005919f273e/message status=200 duration=2ms {"locale":"en"}
[18:36:29.793] INFO: [daemon.js:17438] [b38a0a2519874853a9f99ec83c793a10] → GET /mavis/api/permission/requests
[18:36:29.793] INFO: [daemon.js:17438] [b38a0a2519874853a9f99ec83c793a10] ← GET /mavis/api/permission/requests status=200 duration=0ms {"locale":"en"}
[18:36:29.797] INFO: [daemon.js:17438] [fc0d9ef12b9543caa40554a448832078] → GET /mavis/api/session/mvs_0dbdbf20f8454c5d9ca7a005919f273e
[18:36:29.807] INFO: [daemon.js:17438] [fc0d9ef12b9543caa40554a448832078] ← GET /mavis/api/session/mvs_0dbdbf20f8454c5d9ca7a005919f273e status=200 duration=10ms {"locale":"en"}
[18:36:29.810] INFO: [daemon.js:17438] [1d316e32194b411783dfa758a62b4ec0] → GET /mavis/api/session/mvs_0dbdbf20f8454c5d9ca7a005919f273e/queue
[18:36:29.810] INFO: [daemon.js:17438] [1d316e32194b411783dfa758a62b4ec0] ← GET /mavis/api/session/mvs_0dbdbf20f8454c5d9ca7a005919f273e/queue status=200 duration=0ms {"locale":"en"}
[18:36:38.287] INFO: [daemon.js:17438] [6ae150e21e114639ab362871d6cfd0a6] → GET /mavis/health
[18:36:38.288] INFO: [daemon.js:17438] [6ae150e21e114639ab362871d6cfd0a6] ← GET /mavis/health status=200 duration=1ms {"locale":"en"}
[18:36:48.300] INFO: [daemon.js:17438] [5e08ffc2f2554f01b98f87ccaecc722a] → GET /mavis/health
[18:36:48.301] INFO: [daemon.js:17438] [5e08ffc2f2554f01b98f87ccaecc722a] ← GET /mavis/health status=200 duration=1ms {"locale":"en"}
[18:36:58.308] INFO: [daemon.js:17438] [cc0568790fad45f0987671ac6bf1e0a3] → GET /mavis/health
[18:36:58.309] INFO: [daemon.js:17438] [cc0568790fad45f0987671ac6bf1e0a3] ← GET /mavis/health status=200 duration=1ms {"locale":"en"}
[18:37:08.311] INFO: [daemon.js:17438] [b963a7e0660543809fd4149dea5b6b8f] → GET /mavis/health
[18:37:08.311] INFO: [daemon.js:17438] [b963a7e0660543809fd4149dea5b6b8f] ← GET /mavis/health status=200 duration=0ms {"locale":"en"}
[18:37:18.329] INFO: [daemon.js:17438] [03e0ae2da5094d1fb651b064ee53a445] → GET /mavis/health
[18:37:18.329] INFO: [daemon.js:17438] [03e0ae2da5094d1fb651b064ee53a445] ← GET /mavis/health status=200 duration=0ms {"locale":"en"}
[18:37:28.325] INFO: [daemon.js:17438] [89784fe677a040ccab879b0df855981a] → GET /mavis/health
[18:37:28.325] INFO: [daemon.js:17438] [89784fe677a040ccab879b0df855981a] ← GET /mavis/health status=200 duration=0ms {"locale":"en"}
[18:37:38.333] INFO: [daemon.js:17438] [47675246e1f1466ea0e55cdb5bdf9e78] → GET /mavis/health
[18:37:38.333] INFO: [daemon.js:17438] [47675246e1f1466ea0e55cdb5bdf9e78] ← GET /mavis/health status=200 duration=0ms {"locale":"en"}
[18:37:42.246] INFO: [daemon.js:17438] [d81b24d5df294b42b56fcafd0094f378] → GET /mavis/api/session/mvs_0dbdbf20f8454c5d9ca7a005919f273e/message
[18:37:42.246] INFO: [daemon.js:17438] MessageStore list completed {"ctx":{"traceId":"d81b24d5df294b42b56fcafd0094f378","locale":"en"},"sessionId":"mvs_0dbdbf20f8454c5d9ca7a005919f273e","durationMs":0,"messageCount":10,"hasNextCursor":false}
[18:37:42.247] INFO: [daemon.js:17438] [d81b24d5df294b42b56fcafd0094f378] ← GET /mavis/api/session/mvs_0dbdbf20f8454c5d9ca7a005919f273e/message status=200 duration=1ms {"locale":"en"}
[18:37:42.247] INFO: [daemon.js:17438] [8d8d3bf77c004761af5a6ebd35c1941e] → GET /mavis/api/permission/requests
[18:37:42.248] INFO: [daemon.js:17438] [8d8d3bf77c004761af5a6ebd35c1941e] ← GET /mavis/api/permission/requests status=200 duration=1ms {"locale":"en"}
[18:37:42.251] INFO: [daemon.js:17438] [868557d0fcba42778dcf4b31614fa888] → GET /mavis/api/session/mvs_0dbdbf20f8454c5d9ca7a005919f273e
[18:37:42.261] INFO: [daemon.js:17438] [868557d0fcba42778dcf4b31614fa888] ← GET /mavis/api/session/mvs_0dbdbf20f8454c5d9ca7a005919f273e status=200 duration=10ms {"locale":"en"}
[18:37:42.263] INFO: [daemon.js:17438] [1cff67f1a98d41ca993c6fbd8ba0f27b] → GET /mavis/api/session/mvs_0dbdbf20f8454c5d9ca7a005919f273e/queue
[18:37:42.264] INFO: [daemon.js:17438] [1cff67f1a98d41ca993c6fbd8ba0f27b] ← GET /mavis/api/session/mvs_0dbdbf20f8454c5d9ca7a005919f273e/queue status=200 duration=1ms {"locale":"en"}
[18:37:48.341] INFO: [daemon.js:17438] [f6729cdb59e04a1bb530147e31ff752f] → GET /mavis/health
[18:37:48.341] INFO: [daemon.js:17438] [f6729cdb59e04a1bb530147e31ff752f] ← GET /mavis/health status=200 duration=0ms {"locale":"en"}
[18:37:58.354] INFO: [daemon.js:17438] [7827104480a04378af3e1ddd9f3e3dc2] → GET /mavis/health
[18:37:58.354] INFO: [daemon.js:17438] [7827104480a04378af3e1ddd9f3e3dc2] ← GET /mavis/health status=200 duration=0ms {"locale":"en"}
[18:38:08.373] INFO: [daemon.js:17438] [e11c4310809744d589b9006cd9b10c44] → GET /mavis/health
[18:38:08.374] INFO: [daemon.js:17438] [e11c4310809744d589b9006cd9b10c44] ← GET /mavis/health status=200 duration=1ms {"locale":"en"}
[18:38:17.041] INFO: [daemon.js:17438] [992e89ab7db748e2a6522e4258d536cf] → GET /mavis/api/cron
[18:38:17.041] INFO: [daemon.js:17438] [992e89ab7db748e2a6522e4258d536cf] ← GET /mavis/api/cron status=200 duration=0ms {"locale":"en"}
[18:38:17.041] INFO: [daemon.js:17438] [f99e6d8b11494cc29fda1153a78b6880] → GET /mavis/api/agent
[18:38:17.046] INFO: [daemon.js:17438] [f99e6d8b11494cc29fda1153a78b6880] ← GET /mavis/api/agent status=200 duration=5ms {"locale":"en"}
[18:38:18.363] INFO: [daemon.js:17438] [86d230575eda4c64b389a2ec320f390b] → GET /mavis/health
[18:38:18.363] INFO: [daemon.js:17438] [86d230575eda4c64b389a2ec320f390b] ← GET /mavis/health status=200 duration=0ms {"locale":"en"}
[18:38:28.375] INFO: [daemon.js:17438] [3e197936f0a8441eb8b9161222acbd7a] → GET /mavis/health
[18:38:28.375] INFO: [daemon.js:17438] [3e197936f0a8441eb8b9161222acbd7a] ← GET /mavis/health status=200 duration=0ms {"locale":"en"}
[18:38:36.712] INFO: [daemon.js:17438] [2ac0e39d76dd413189b2f247c4f96a36] → GET /mavis/api/cron
[18:38:36.712] INFO: [daemon.js:17438] [2ac0e39d76dd413189b2f247c4f96a36] ← GET /mavis/api/cron status=200 duration=0ms {"locale":"en"}
[18:38:36.712] INFO: [daemon.js:17438] [1b6102dc50114436ae564cd34f5bd029] → GET /mavis/api/agent
[18:38:36.715] INFO: [daemon.js:17438] [1b6102dc50114436ae564cd34f5bd029] ← GET /mavis/api/agent status=200 duration=3ms {"locale":"en"}
[18:38:37.317] INFO: [daemon.js:17438] [637c34e8c22e4d45945b71690cfd2f7a] → GET /mavis/api/skill-hub
[18:38:37.632] INFO: [daemon.js:17438] [637c34e8c22e4d45945b71690cfd2f7a] ← GET /mavis/api/skill-hub status=200 duration=315ms {"locale":"en"}
[18:38:37.868] INFO: [daemon.js:17438] [6eeb71598a8948b39ca6b1d16bd8a29a] → GET /mavis/api/config
[18:38:37.869] INFO: [daemon.js:17438] [375a180148db442a8aeab87b92de757e] → GET /mavis/api/models
[18:38:37.869] INFO: [daemon.js:17438] [bbc95bfcb64048f5b4d9f6e2b302d2a0] → GET /mavis/api/agent/mavis/skill
[18:38:37.870] INFO: [daemon.js:17438] [6eeb71598a8948b39ca6b1d16bd8a29a] ← GET /mavis/api/config status=200 duration=2ms {"locale":"en"}
[18:38:37.871] INFO: [daemon.js:17438] skill block emitted {"ctx":{"traceId":"42a54163ea644079a2d87fc59dd549d3"},"event":"skill_block_emitted","agent":"mavis","total_count":24,"total_chars":11685,"skills":[{"name":"create-agent","char_count":676,"source_kind":"builtin-global"},{"name":"init-harness","char_count":521,"source_kind":"builtin-global"},{"name":"lark-tools","char_count":899,"source_kind":"builtin-global"},{"name":"literature-note","char_count":281,"source_kind":"user-mavis"},{"name":"llm-call","char_count":337,"source_kind":"builtin-global"},{"name":"mavis","char_count":950,"source_kind":"builtin-global"},{"name":"mavis-browser","char_count":355,"source_kind":"builtin-global"},{"name":"mavis-doctor","char_count":300,"source_kind":"builtin-agent"},{"name":"mavis-team","char_count":952,"source_kind":"builtin-agent"},{"name":"mcp-cli","char_count":121,"source_kind":"builtin-global"},{"name":"mcp-onboarding","char_count":169,"source_kind":"builtin-global"},{"name":"minimax-docx","char_count":235,"source_kind":"builtin-global"},{"name":"minimax-pdf","char_count":322,"source_kind":"builtin-global"},{"name":"minimax-pptx","char_count":261,"source_kind":"builtin-global"},{"name":"minimax-xlsx","char_count":350,"source_kind":"builtin-global"},{"name":"obsidian-cli","char_count":1134,"source_kind":null},{"name":"plan-mode","char_count":308,"source_kind":"builtin-global"},{"name":"skill-creator","char_count":363,"source_kind":"builtin-global"},{"name":"skill-evolution","char_count":614,"source_kind":"builtin-global"},{"name":"skill-refiner","char_count":326,"source_kind":"builtin-global"},{"name":"visual-summary","char_count":614,"source_kind":"builtin-global"},{"name":"worktree-management","char_count":480,"source_kind":"builtin-global"},{"name":"x-link-reader","char_count":315,"source_kind":"builtin-global"},{"name":"zotero-use","char_count":802,"source_kind":null}]}
[18:38:37.871] INFO: [daemon.js:17438] [bbc95bfcb64048f5b4d9f6e2b302d2a0] ← GET /mavis/api/agent/mavis/skill status=200 duration=2ms {"locale":"en"}
[18:38:37.878] INFO: [daemon.js:17438] [d0b1a4238e1241dbbd402e7d3a4ba2fc] → GET /mavis/api/config/api-key-status
[18:38:37.879] INFO: [daemon.js:17438] [b475cae9330844d4ab513a0902d2eefd] → GET /mavis/api/config
[18:38:37.879] INFO: [daemon.js:17438] [d0b1a4238e1241dbbd402e7d3a4ba2fc] ← GET /mavis/api/config/api-key-status status=200 duration=1ms {"locale":"en"}
[18:38:37.880] INFO: [daemon.js:17438] [b475cae9330844d4ab513a0902d2eefd] ← GET /mavis/api/config status=200 duration=1ms {"locale":"en"}
[18:38:38.190] INFO: [daemon.js:17438] [375a180148db442a8aeab87b92de757e] ← GET /mavis/api/models status=200 duration=321ms {"locale":"en"}
[18:38:38.381] INFO: [daemon.js:17438] [040ef17370844a0194518d062a9067e6] → GET /mavis/health
[18:38:38.381] INFO: [daemon.js:17438] [040ef17370844a0194518d062a9067e6] ← GET /mavis/health status=200 duration=0ms {"locale":"en"}
[18:38:41.266] INFO: [daemon.js:17438] [cfbde0891d9443d49c63246da0c5bb96] → GET /mavis/api/file/tree
[18:38:41.266] INFO: [daemon.js:17438] [cfbde0891d9443d49c63246da0c5bb96] ← GET /mavis/api/file/tree status=200 duration=0ms {"locale":"en"}
[18:38:44.199] INFO: [daemon.js:17438] [2d32e180f9714bc48ac1a99fed27a993] → GET /mavis/api/file/tree
[18:38:44.200] INFO: [daemon.js:17438] [2d32e180f9714bc48ac1a99fed27a993] ← GET /mavis/api/file/tree status=200 duration=1ms {"locale":"en"}
[18:38:48.384] INFO: [daemon.js:17438] [925e123bff534d1e99ac4dfff860b8ec] → GET /mavis/health
[18:38:48.385] INFO: [daemon.js:17438] [925e123bff534d1e99ac4dfff860b8ec] ← GET /mavis/health status=200 duration=1ms {"locale":"en"}
[18:38:49.416] INFO: [daemon.js:17438] [cd60edb29f054484b51d7610586f4726] → GET /mavis/api/file/tree
[18:38:49.416] INFO: [daemon.js:17438] [cd60edb29f054484b51d7610586f4726] ← GET /mavis/api/file/tree status=200 duration=0ms {"locale":"en"}
[18:38:50.542] INFO: [daemon.js:17438] [01038ad4202c43b48581d953b13e543d] → GET /mavis/api/file/tree
[18:38:50.543] INFO: [daemon.js:17438] [01038ad4202c43b48581d953b13e543d] ← GET /mavis/api/file/tree status=200 duration=1ms {"locale":"en"}
[18:38:58.389] INFO: [daemon.js:17438] [f6d05bae3208412c8d41fbff716ed0cf] → GET /mavis/health
[18:38:58.389] INFO: [daemon.js:17438] [f6d05bae3208412c8d41fbff716ed0cf] ← GET /mavis/health status=200 duration=0ms {"locale":"en"}
[18:39:02.741] INFO: [daemon.js:17438] [8441b944d67547918eb35a319605ce61] → PUT /mavis/api/cu/enabled
[18:39:02.742] INFO: [daemon.js:17438] [5963404087224e88903f484f3eea39a9] [cu] enabled changed: false -> true
[18:39:02.742] INFO: [daemon.js:17438] [8441b944d67547918eb35a319605ce61] [cu/api] PUT /enabled enabled=true changed=true aborted=0 {"locale":"en"}
[18:39:02.742] INFO: [daemon.js:17438] [8441b944d67547918eb35a319605ce61] ← PUT /mavis/api/cu/enabled status=200 duration=1ms {"locale":"en"}
[18:39:06.309] INFO: [daemon.js:17438] [1ddb178813e14f89a4b4c9390edde37a] → GET /mavis/api/config
[18:39:06.310] INFO: [daemon.js:17438] [1ddb178813e14f89a4b4c9390edde37a] ← GET /mavis/api/config status=200 duration=1ms {"locale":"en"}
[18:39:06.312] INFO: [daemon.js:17438] [d451d988ef3c490aadc2b77ca6e0f450] → GET /mavis/api/models
[18:39:06.312] INFO: [daemon.js:17438] [d451d988ef3c490aadc2b77ca6e0f450] ← GET /mavis/api/models status=200 duration=0ms {"locale":"en"}
[18:39:06.313] INFO: [daemon.js:17438] [5e8f6748e56d44138aba1caba3307db1] → GET /mavis/api/agent/mavis/skill
[18:39:06.313] INFO: [daemon.js:17438] [c2589cafb6e84936a97fa7966fd6745a] → GET /mavis/api/session/mvs_0dbdbf20f8454c5d9ca7a005919f273e/queue
[18:39:06.313] INFO: [daemon.js:17438] [c2589cafb6e84936a97fa7966fd6745a] ← GET /mavis/api/session/mvs_0dbdbf20f8454c5d9ca7a005919f273e/queue status=200 duration=0ms {"locale":"en"}
[18:39:06.313] INFO: [daemon.js:17438] [e5f81ccc1fac403ba9d81ebf0847a565] → GET /mavis/api/session/mvs_0dbdbf20f8454c5d9ca7a005919f273e
[18:39:06.314] INFO: [daemon.js:17438] [d5b1971754c74fc18dcaca257736a251] → GET /mavis/api/permission/requests
[18:39:06.314] INFO: [daemon.js:17438] [d5b1971754c74fc18dcaca257736a251] ← GET /mavis/api/permission/requests status=200 duration=0ms {"locale":"en"}
[18:39:06.314] INFO: [daemon.js:17438] [4ae8695e89c341de80e4a87c78baaffe] → GET /mavis/api/agent/mavis/questionnaire/pending
[18:39:06.314] INFO: [daemon.js:17438] [4ae8695e89c341de80e4a87c78baaffe] ← GET /mavis/api/agent/mavis/questionnaire/pending status=200 duration=0ms {"locale":"en"}
[18:39:06.315] INFO: [daemon.js:17438] skill block emitted {"ctx":{"traceId":"77740068e82a484d815761dc373a2db6"},"event":"skill_block_emitted","agent":"mavis","total_count":24,"total_chars":11685,"skills":[{"name":"create-agent","char_count":676,"source_kind":"builtin-global"},{"name":"init-harness","char_count":521,"source_kind":"builtin-global"},{"name":"lark-tools","char_count":899,"source_kind":"builtin-global"},{"name":"literature-note","char_count":281,"source_kind":"user-mavis"},{"name":"llm-call","char_count":337,"source_kind":"builtin-global"},{"name":"mavis","char_count":950,"source_kind":"builtin-global"},{"name":"mavis-browser","char_count":355,"source_kind":"builtin-global"},{"name":"mavis-doctor","char_count":300,"source_kind":"builtin-agent"},{"name":"mavis-team","char_count":952,"source_kind":"builtin-agent"},{"name":"mcp-cli","char_count":121,"source_kind":"builtin-global"},{"name":"mcp-onboarding","char_count":169,"source_kind":"builtin-global"},{"name":"minimax-docx","char_count":235,"source_kind":"builtin-global"},{"name":"minimax-pdf","char_count":322,"source_kind":"builtin-global"},{"name":"minimax-pptx","char_count":261,"source_kind":"builtin-global"},{"name":"minimax-xlsx","char_count":350,"source_kind":"builtin-global"},{"name":"obsidian-cli","char_count":1134,"source_kind":null},{"name":"plan-mode","char_count":308,"source_kind":"builtin-global"},{"name":"skill-creator","char_count":363,"source_kind":"builtin-global"},{"name":"skill-evolution","char_count":614,"source_kind":"builtin-global"},{"name":"skill-refiner","char_count":326,"source_kind":"builtin-global"},{"name":"visual-summary","char_count":614,"source_kind":"builtin-global"},{"name":"worktree-management","char_count":480,"source_kind":"builtin-global"},{"name":"x-link-reader","char_count":315,"source_kind":"builtin-global"},{"name":"zotero-use","char_count":802,"source_kind":null}]}
[18:39:06.316] INFO: [daemon.js:17438] [5e8f6748e56d44138aba1caba3307db1] ← GET /mavis/api/agent/mavis/skill status=200 duration=3ms {"locale":"en"}
[18:39:06.321] INFO: [daemon.js:17438] [e5f81ccc1fac403ba9d81ebf0847a565] ← GET /mavis/api/session/mvs_0dbdbf20f8454c5d9ca7a005919f273e status=200 duration=8ms {"locale":"en"}
[18:39:06.348] INFO: [daemon.js:17438] [7a3cee30f4b74c0ea2e6e9c020643862] → GET /mavis/api/config/api-key-status
[18:39:06.349] INFO: [daemon.js:17438] [9b1387a9d5d740859b88e4c33de1c426] → GET /mavis/api/config
[18:39:06.349] INFO: [daemon.js:17438] [7a3cee30f4b74c0ea2e6e9c020643862] ← GET /mavis/api/config/api-key-status status=200 duration=1ms {"locale":"en"}
[18:39:06.350] INFO: [daemon.js:17438] [9b1387a9d5d740859b88e4c33de1c426] ← GET /mavis/api/config status=200 duration=1ms {"locale":"en"}
[18:39:06.352] INFO: [daemon.js:17438] [78d4c6af7d414054af52516eed804912] → GET /mavis/api/session/mvs_0dbdbf20f8454c5d9ca7a005919f273e/message
[18:39:06.352] INFO: [daemon.js:17438] MessageStore list completed {"ctx":{"traceId":"78d4c6af7d414054af52516eed804912","locale":"en"},"sessionId":"mvs_0dbdbf20f8454c5d9ca7a005919f273e","durationMs":0,"messageCount":10,"hasNextCursor":false}
[18:39:06.353] INFO: [daemon.js:17438] [78d4c6af7d414054af52516eed804912] ← GET /mavis/api/session/mvs_0dbdbf20f8454c5d9ca7a005919f273e/message status=200 duration=1ms {"locale":"en"}
[18:39:06.363] INFO: [daemon.js:17438] [c6c5b988e63f4ca28ab38717bfa67a87] → GET /mavis/api/session/mvs_0dbdbf20f8454c5d9ca7a005919f273e/queue
[18:39:06.363] INFO: [daemon.js:17438] [c6c5b988e63f4ca28ab38717bfa67a87] ← GET /mavis/api/session/mvs_0dbdbf20f8454c5d9ca7a005919f273e/queue status=200 duration=0ms {"locale":"en"}
[18:39:08.391] INFO: [daemon.js:17438] [e4b3b3727a9d4a00b95795987d658b3f] → GET /mavis/health
[18:39:08.391] INFO: [daemon.js:17438] [e4b3b3727a9d4a00b95795987d658b3f] ← GET /mavis/health status=200 duration=0ms {"locale":"en"}
[18:39:18.403] INFO: [daemon.js:17438] [9e453b0553644240a839270fac8418e9] → GET /mavis/health
[18:39:18.404] INFO: [daemon.js:17438] [9e453b0553644240a839270fac8418e9] ← GET /mavis/health status=200 duration=1ms {"locale":"en"}
[18:39:28.414] INFO: [daemon.js:17438] [96a329cac3c04dbbb8ac7d96b1ef3741] → GET /mavis/health
[18:39:28.414] INFO: [daemon.js:17438] [96a329cac3c04dbbb8ac7d96b1ef3741] ← GET /mavis/health status=200 duration=0ms {"locale":"en"}
[18:39:38.429] INFO: [daemon.js:17438] [89833d0760314bfcbc5e4873225b2a0b] → GET /mavis/health
[18:39:38.429] INFO: [daemon.js:17438] [89833d0760314bfcbc5e4873225b2a0b] ← GET /mavis/health status=200 duration=0ms {"locale":"en"}
[18:39:48.441] INFO: [daemon.js:17438] [1d957f7f256440eba720622be1f6b59d] → GET /mavis/health
[18:39:48.441] INFO: [daemon.js:17438] [1d957f7f256440eba720622be1f6b59d] ← GET /mavis/health status=200 duration=0ms {"locale":"en"}
[18:39:58.430] INFO: [daemon.js:17438] [31ae542af35349f7b649c83c696895d7] → GET /mavis/health
[18:39:58.430] INFO: [daemon.js:17438] [31ae542af35349f7b649c83c696895d7] ← GET /mavis/health status=200 duration=0ms {"locale":"en"}
[18:40:01.380] INFO: [daemon.js:17438] [186a72a9ebb64311a20667492b43de7f] → GET /mavis/mcp/trash
[18:40:01.381] INFO: [daemon.js:17438] [186a72a9ebb64311a20667492b43de7f] ← GET /mavis/mcp/trash status=200 duration=1ms {"locale":"en"}
[18:40:01.381] INFO: [daemon.js:17438] [e0f04190f5474e6d9361dd75bfe39211] → GET /mavis/mcp/cu
[18:40:01.382] INFO: [daemon.js:17438] [e0f04190f5474e6d9361dd75bfe39211] ← GET /mavis/mcp/cu status=200 duration=1ms {"locale":"en"}
[18:40:08.446] INFO: [daemon.js:17438] [7ef7fbd4a5d045c59cba1d51cbcefb9f] → GET /mavis/health
[18:40:08.446] INFO: [daemon.js:17438] [7ef7fbd4a5d045c59cba1d51cbcefb9f] ← GET /mavis/health status=200 duration=0ms {"locale":"en"}
[18:40:18.452] INFO: [daemon.js:17438] [5e3330d278ce4dfb8fc5380ff99e4f85] → GET /mavis/health
[18:40:18.452] INFO: [daemon.js:17438] [5e3330d278ce4dfb8fc5380ff99e4f85] ← GET /mavis/health status=200 duration=0ms {"locale":"en"}
[18:40:23.071] INFO: [daemon.js:17438] [b1298a9541d34285aab24ff04f16d17f] → POST /mavis/api/content
[18:40:23.318] INFO: [daemon.js:17438] [b1298a9541d34285aab24ff04f16d17f] ← POST /mavis/api/content status=200 duration=247ms {"locale":"en"}
[18:40:23.324] INFO: [daemon.js:17438] [b986215b699443159be3de11653f3ae8] → POST /mavis/api/session/mvs_0dbdbf20f8454c5d9ca7a005919f273e/message
[18:40:23.325] INFO: [daemon.js:17438] [b986215b699443159be3de11653f3ae8] SendMessage received for mavis/mvs_0dbdbf20f8454c5d9ca7a005919f273e {"locale":"en"}
[18:40:23.325] INFO: [daemon.js:17438] [message] Forwarding user message {"ctx":{"traceId":"b986215b699443159be3de11653f3ae8","locale":"en"},"agentName":"mavis","sessionId":"mvs_0dbdbf20f8454c5d9ca7a005919f273e","queuedMessageCount":0,"turnId":"409ec844-05fe-4e90-98d7-9fc87a8e93c0"}
[18:40:23.325] INFO: [daemon.js:17438] [b986215b699443159be3de11653f3ae8] ← POST /mavis/api/session/mvs_0dbdbf20f8454c5d9ca7a005919f273e/message status=200 duration=1ms {"locale":"en"}
[18:40:23.325] INFO: [daemon.js:17438] [948455af9e2b4ae998d14eddb8c243ff] Session turnId updated sessionId=mvs_0dbdbf20f8454c5d9ca7a005919f273e turnId=409ec844-05fe-4e90-98d7-9fc87a8e93c0
[18:40:23.326] INFO: [daemon.js:17438] [1299ec52e56746849d4f786a5e1397f2] Resolved model from request override agentName=mavis providerID=minimax modelID=MiniMax-M2.7
[18:40:23.333] INFO: [daemon.js:17438] [0677b9b985104fecaccdcca1c2f0ea1a] Resolved model from request override agentName=mavis providerID=minimax modelID=MiniMax-M2.7
[18:40:23.335] INFO: [daemon.js:17438] [b986215b699443159be3de11653f3ae8] sendMessage started, agentName=mavis, sessionId=mvs_0dbdbf20f8454c5d9ca7a005919f273e {"locale":"en"}
[18:40:23.364] INFO: [daemon.js:17438] [c3e2c5de3b144082864b1ab076c9d299] → POST /mavis/api/metrics/runtime-event
[18:40:23.364] INFO: [daemon.js:17438] [c3e2c5de3b144082864b1ab076c9d299] ← POST /mavis/api/metrics/runtime-event status=204 duration=0ms {"locale":"en"}
[18:40:26.693] INFO: [daemon.js:17438] [a4daa882eb5e407da581e30b76acf558] [monitor] thinking TTFT measured sessionId=mvs_0dbdbf20f8454c5d9ca7a005919f273e agentName=mavis ttftMs=3368
[18:40:27.064] INFO: [daemon.js:17438] [3d612c06df994303a34e9d1ff7e50253] → POST /mavis/api/metrics/runtime-event
[18:40:27.065] INFO: [daemon.js:17438] [3d612c06df994303a34e9d1ff7e50253] ← POST /mavis/api/metrics/runtime-event status=204 duration=1ms {"locale":"en"}
[18:40:27.065] INFO: [daemon.js:17438] [9f94c392e941420ca569a8c26e7da17e] → GET /mavis/api/session/ses_17d6a70a5ffejthngPWIKCEkSn
[18:40:27.068] INFO: [daemon.js:17438] [9f94c392e941420ca569a8c26e7da17e] ← GET /mavis/api/session/ses_17d6a70a5ffejthngPWIKCEkSn status=200 duration=3ms {"locale":"en"}
[18:40:27.069] INFO: [daemon.js:17438] [546198418e1448fa98986795fceec3b7] → POST /mavis/api/permission/check
[18:40:27.070] INFO: [daemon.js:17438] [546198418e1448fa98986795fceec3b7] Permission check requested: bash for mavis {"locale":"en"}
[18:40:27.070] INFO: [daemon.js:17438] Created ToolPermissionContext {"mode":"auto","ruleCount":0,"sandboxEnabled":false,"workingDirectory":"C:\\Users\\jethr\\.minimax-agent\\projects"}
[18:40:27.070] INFO: [daemon.js:17438] [16d6d049dc8e40a6934fd7b0f4068249] BashToolPermissionChecker checkPermissions called, _toolName=bash, input={"command":"obsidian search query=\"path:index/\" format=json","description":"List files in index folder"}, context={"mode":"auto","rules":[],"sandboxEnabled":false,"autoAllowBashIfSandboxed":false,"workingDirectory":"C:\\Users\\jethr\\.minimax-agent\\projects","allowedWorkingPaths":[],"sandboxAllowPaths":[],"dataDir":"C:\\Users\\jethr\\.mavis","homeDir":"C:\\Users\\jethr","agentName":"mavis","sessionId":"mvs_0dbdbf20f8454c5d9ca7a005919f273e","allowManagedPermissionRulesOnly":false,"interactiveTools":{}}
[18:40:27.070] INFO: [daemon.js:17438] [permission] subcommand layer=tail mode=default verdict=ask {"permLayer":"tail","permMode":"default","permVerdict":"ask","permReasonType":"safetyCheck","cmdPreview":"obsidian search query=\"path:index/\" format=json"}
[18:40:27.070] INFO: [daemon.js:17438] [permission] whole-command layer=aggregated mode=default verdict=ask {"permLayer":"aggregated","permMode":"default","permVerdict":"ask","permScope":"whole-command","cmdPreview":"obsidian search query=\"path:index/\" format=json","sessionId":"mvs_0dbdbf20f8454c5d9ca7a005919f273e","subcommandCount":1}
[18:40:27.070] INFO: [daemon.js:17438] [9fa5a0b4bc644d05abc5d1f562e98ddf] [permission-service] Check result: toolName=bash behavior=ask reasonType=safetyCheck locale=en
[18:40:27.071] INFO: [daemon.js:17438] Running YOLO classifier {"toolName":"bash","inputLength":47,"sessionId":"mvs_0dbdbf20f8454c5d9ca7a005919f273e","agentId":"mavis"}
[18:40:27.071] INFO: [daemon.js:17438] [permission] subcommand layer=tail mode=auto verdict=undecided {"permLayer":"tail","permMode":"auto","permVerdict":"undecided","permReasonType":"safetyCheck","cmdPreview":"obsidian search query=\"path:index/\" format=json"}
[18:40:27.071] INFO: [daemon.js:17438] [permission] whole-command layer=aggregated mode=auto verdict=undecided {"permLayer":"aggregated","permMode":"auto","permVerdict":"undecided","permScope":"whole-command","cmdPreview":"obsidian search query=\"path:index/\" format=json","subcommandCount":1}
[18:40:28.477] INFO: [daemon.js:17438] [dc7d4822c10c4c4dbb1ac6e598e3fc3a] → GET /mavis/health
[18:40:28.478] INFO: [daemon.js:17438] [dc7d4822c10c4c4dbb1ac6e598e3fc3a] ← GET /mavis/health status=200 duration=1ms {"locale":"en"}
[18:40:33.604] INFO: [daemon.js:17438] Stage 2 LLM classification result {"toolName":"bash","verdict":"allow","reason":"Read-only search operation using Obsidian CLI to explore the index folder. User explicitly requested exploration only (\"DO NOT EDIT ANY NOTES\"), and this query only retrieves file listings in JSON format — no modifications, deletions, or system changes.","model":"minimax/MiniMax-M2.7","isIrreversibleDelete":false,"confidence":0.95}
[18:40:33.604] INFO: [daemon.js:17438] [915777964bd345b69e9f0187c5ccc6c9] [permission-service] Auto mode classifier result: toolName=bash verdict=allow reason=Read-only search operation using Obsidian CLI to explore the index folder. User explicitly requested exploration only ("DO NOT EDIT ANY NOTES"), and this query only retrieves file listings in JSON format — no modifications, deletions, or system changes. model=minimax/MiniMax-M2.7 stage=thinking durationMs=6533 locale=en
[18:40:33.604] INFO: [daemon.js:17438] [546198418e1448fa98986795fceec3b7] Permission check result: bash → allow {"locale":"en"}
[18:40:33.604] INFO: [daemon.js:17438] [546198418e1448fa98986795fceec3b7] ← POST /mavis/api/permission/check status=200 duration=6535ms {"locale":"en"}
[18:40:33.608] INFO: [daemon.js:17438] [ddb090f5083a4f35971d788385be0358] → POST /mavis/api/hooks/execute
[18:40:33.609] INFO: [daemon.js:17438] [hook-registry] matcher did not match, hook filtered out {"module":"hook-registry","hookId":"builtin:binary-read-guard","matcher":"^[Rr]ead$","matchValue":"bash"}
[18:40:33.609] INFO: [daemon.js:17438] [hook-registry] matcher did not match, hook filtered out {"module":"hook-registry","hookId":"builtin:docx-skill-env-gate","matcher":"^[Ss][Kk][Ii][Ll][Ll]$","matchValue":"bash"}
[18:40:33.609] INFO: [daemon.js:17438] [hook-registry] hooks filtered by matcher {"module":"hook-registry","hookEvent":"PreToolUse","matchValue":"bash","beforeCount":2,"afterCount":0}
[18:40:33.609] INFO: [daemon.js:17438] [ddb090f5083a4f35971d788385be0358] ← POST /mavis/api/hooks/execute status=200 duration=1ms {"locale":"en"}
[18:40:33.829] INFO: [daemon.js:17438] [d9226907544d40d3a693cf3b233aa89e] → POST /mavis/api/metrics/runtime-event
[18:40:33.829] INFO: [daemon.js:17438] [d9226907544d40d3a693cf3b233aa89e] ← POST /mavis/api/metrics/runtime-event status=204 duration=0ms {"locale":"en"}
[18:40:33.830] INFO: [daemon.js:17438] [83db194c828a489c92ddc8ac54f1c9b7] → POST /mavis/api/hooks/execute
[18:40:33.830] INFO: [daemon.js:17438] [hook-registry] matcher did not match, hook filtered out {"module":"hook-registry","hookId":"builtin:read-image-compressor","matcher":"^[Rr]ead$","matchValue":"bash"}
[18:40:33.830] INFO: [daemon.js:17438] [hook-registry] hooks filtered by matcher {"module":"hook-registry","hookEvent":"PostToolUse","matchValue":"bash","beforeCount":7,"afterCount":6}
[18:40:33.830] INFO: [daemon.js:17438] [83db194c828a489c92ddc8ac54f1c9b7] ← POST /mavis/api/hooks/execute status=200 duration=0ms {"locale":"en"}
[18:40:33.833] INFO: [daemon.js:17438] [2a084bbbb10b4db99b2df9d014c9fd4c] → POST /mavis/api/metrics/runtime-event
[18:40:33.833] INFO: [daemon.js:17438] [2a084bbbb10b4db99b2df9d014c9fd4c] ← POST /mavis/api/metrics/runtime-event status=204 duration=0ms {"locale":"en"}
[18:40:33.848] INFO: [daemon.js:17438] [3ce7d208f8754b8b855fab861db684c3] → POST /mavis/api/metrics/runtime-event
[18:40:33.849] INFO: [daemon.js:17438] [3ce7d208f8754b8b855fab861db684c3] ← POST /mavis/api/metrics/runtime-event status=204 duration=1ms {"locale":"en"}
[18:40:35.694] INFO: [daemon.js:17438] [1225ccbe979044cd90250162282466ed] → POST /mavis/api/metrics/runtime-event
[18:40:35.694] INFO: [daemon.js:17438] [1225ccbe979044cd90250162282466ed] ← POST /mavis/api/metrics/runtime-event status=204 duration=0ms {"locale":"en"}
[18:40:35.695] INFO: [daemon.js:17438] [0799380ca2394506afc6cb7f8b65349a] → POST /mavis/api/permission/check
[18:40:35.695] INFO: [daemon.js:17438] [0799380ca2394506afc6cb7f8b65349a] Permission check requested: bash for mavis {"locale":"en"}
[18:40:35.695] INFO: [daemon.js:17438] Created ToolPermissionContext {"mode":"auto","ruleCount":0,"sandboxEnabled":false,"workingDirectory":"C:\\Users\\jethr\\.minimax-agent\\projects"}
[18:40:35.695] INFO: [daemon.js:17438] [83fc4910447c4b079e62c44d027b2193] BashToolPermissionChecker checkPermissions called, _toolName=bash, input={"command":"obsidian read path=\"index/00 Index.md\"","description":"Read the main index file"}, context={"mode":"auto","rules":[],"sandboxEnabled":false,"autoAllowBashIfSandboxed":false,"workingDirectory":"C:\\Users\\jethr\\.minimax-agent\\projects","allowedWorkingPaths":[],"sandboxAllowPaths":[],"dataDir":"C:\\Users\\jethr\\.mavis","homeDir":"C:\\Users\\jethr","agentName":"mavis","sessionId":"mvs_0dbdbf20f8454c5d9ca7a005919f273e","allowManagedPermissionRulesOnly":false,"interactiveTools":{}}
[18:40:35.695] INFO: [daemon.js:17438] [permission] subcommand layer=tail mode=default verdict=ask {"permLayer":"tail","permMode":"default","permVerdict":"ask","permReasonType":"safetyCheck","cmdPreview":"obsidian read path=\"index/00 Index.md\""}
[18:40:35.695] INFO: [daemon.js:17438] [permission] whole-command layer=aggregated mode=default verdict=ask {"permLayer":"aggregated","permMode":"default","permVerdict":"ask","permScope":"whole-command","cmdPreview":"obsidian read path=\"index/00 Index.md\"","sessionId":"mvs_0dbdbf20f8454c5d9ca7a005919f273e","subcommandCount":1}
[18:40:35.695] INFO: [daemon.js:17438] [61003fe88759486fa7ade6ff776d9632] [permission-service] Check result: toolName=bash behavior=ask reasonType=safetyCheck locale=en
[18:40:35.696] INFO: [daemon.js:17438] Running YOLO classifier {"toolName":"bash","inputLength":38,"sessionId":"mvs_0dbdbf20f8454c5d9ca7a005919f273e","agentId":"mavis"}
[18:40:35.696] INFO: [daemon.js:17438] [permission] subcommand layer=tail mode=auto verdict=undecided {"permLayer":"tail","permMode":"auto","permVerdict":"undecided","permReasonType":"safetyCheck","cmdPreview":"obsidian read path=\"index/00 Index.md\""}
[18:40:35.696] INFO: [daemon.js:17438] [permission] whole-command layer=aggregated mode=auto verdict=undecided {"permLayer":"aggregated","permMode":"auto","permVerdict":"undecided","permScope":"whole-command","cmdPreview":"obsidian read path=\"index/00 Index.md\"","subcommandCount":1}
[18:40:38.463] INFO: [daemon.js:17438] [6ffdc3693615432387d103b1d0e055af] → GET /mavis/health
[18:40:38.464] INFO: [daemon.js:17438] [6ffdc3693615432387d103b1d0e055af] ← GET /mavis/health status=200 duration=1ms {"locale":"en"}
[18:40:43.636] INFO: [daemon.js:17438] Stage 2 LLM classification result {"toolName":"bash","verdict":"allow","reason":"This is a read-only operation to view the Index file. The user explicitly authorized exploring the vault and asked not to edit notes — this request is fully within scope.","model":"minimax/MiniMax-M2.7","isIrreversibleDelete":false,"confidence":0.95}
[18:40:43.636] INFO: [daemon.js:17438] [9016854b91e64d62a1eea8e801d2bf54] [permission-service] Auto mode classifier result: toolName=bash verdict=allow reason=This is a read-only operation to view the Index file. The user explicitly authorized exploring the vault and asked not to edit notes — this request is fully within scope. model=minimax/MiniMax-M2.7 stage=thinking durationMs=7940 locale=en
[18:40:43.637] INFO: [daemon.js:17438] [0799380ca2394506afc6cb7f8b65349a] Permission check result: bash → allow {"locale":"en"}
[18:40:43.637] INFO: [daemon.js:17438] [0799380ca2394506afc6cb7f8b65349a] ← POST /mavis/api/permission/check status=200 duration=7942ms {"locale":"en"}
[18:40:43.640] INFO: [daemon.js:17438] [d6614220c55e45e9929a79e48f61ec8e] → POST /mavis/api/hooks/execute
[18:40:43.640] INFO: [daemon.js:17438] [hook-registry] matcher did not match, hook filtered out {"module":"hook-registry","hookId":"builtin:binary-read-guard","matcher":"^[Rr]ead$","matchValue":"bash"}
[18:40:43.640] INFO: [daemon.js:17438] [hook-registry] matcher did not match, hook filtered out {"module":"hook-registry","hookId":"builtin:docx-skill-env-gate","matcher":"^[Ss][Kk][Ii][Ll][Ll]$","matchValue":"bash"}
[18:40:43.641] INFO: [daemon.js:17438] [hook-registry] hooks filtered by matcher {"module":"hook-registry","hookEvent":"PreToolUse","matchValue":"bash","beforeCount":2,"afterCount":0}
[18:40:43.641] INFO: [daemon.js:17438] [d6614220c55e45e9929a79e48f61ec8e] ← POST /mavis/api/hooks/execute status=200 duration=1ms {"locale":"en"}
[18:40:43.819] INFO: [daemon.js:17438] [07d15f00d521491db7d2bcfc309ab034] → POST /mavis/api/metrics/runtime-event
[18:40:43.820] INFO: [daemon.js:17438] [07d15f00d521491db7d2bcfc309ab034] ← POST /mavis/api/metrics/runtime-event status=204 duration=1ms {"locale":"en"}
[18:40:43.820] INFO: [daemon.js:17438] [ffdacc5f9dd24193b506cd45b9c7b7b1] → POST /mavis/api/hooks/execute
[18:40:43.820] INFO: [daemon.js:17438] [hook-registry] matcher did not match, hook filtered out {"module":"hook-registry","hookId":"builtin:read-image-compressor","matcher":"^[Rr]ead$","matchValue":"bash"}
[18:40:43.820] INFO: [daemon.js:17438] [hook-registry] hooks filtered by matcher {"module":"hook-registry","hookEvent":"PostToolUse","matchValue":"bash","beforeCount":7,"afterCount":6}
[18:40:43.820] INFO: [daemon.js:17438] [ffdacc5f9dd24193b506cd45b9c7b7b1] ← POST /mavis/api/hooks/execute status=200 duration=0ms {"locale":"en"}
[18:40:43.823] INFO: [daemon.js:17438] [5575f8d1459642e9a40c520c83fc3035] → POST /mavis/api/metrics/runtime-event
[18:40:43.823] INFO: [daemon.js:17438] [5575f8d1459642e9a40c520c83fc3035] ← POST /mavis/api/metrics/runtime-event status=204 duration=0ms {"locale":"en"}
[18:40:43.836] INFO: [daemon.js:17438] [f126edff3a9b45fbbe47e14c79debdf0] → POST /mavis/api/metrics/runtime-event
[18:40:43.837] INFO: [daemon.js:17438] [f126edff3a9b45fbbe47e14c79debdf0] ← POST /mavis/api/metrics/runtime-event status=204 duration=1ms {"locale":"en"}
[18:40:45.788] INFO: [daemon.js:17438] [9199576682cc427eb6c72da8478cfa09] → POST /mavis/api/metrics/runtime-event
[18:40:45.788] INFO: [daemon.js:17438] [9199576682cc427eb6c72da8478cfa09] ← POST /mavis/api/metrics/runtime-event status=204 duration=0ms {"locale":"en"}
[18:40:45.789] INFO: [daemon.js:17438] [ebf769c77c2343ac83bc54ef59cd7eaf] → POST /mavis/api/permission/check
[18:40:45.789] INFO: [daemon.js:17438] [ebf769c77c2343ac83bc54ef59cd7eaf] Permission check requested: bash for mavis {"locale":"en"}
[18:40:45.789] INFO: [daemon.js:17438] Created ToolPermissionContext {"mode":"auto","ruleCount":0,"sandboxEnabled":false,"workingDirectory":"C:\\Users\\jethr\\.minimax-agent\\projects"}
[18:40:45.789] INFO: [daemon.js:17438] [e3b4bed60a074c29a5b7e82b75d2594a] BashToolPermissionChecker checkPermissions called, _toolName=bash, input={"command":"obsidian read path=\"index/Cardiology.md\"","description":"Read Cardiology index file"}, context={"mode":"auto","rules":[],"sandboxEnabled":false,"autoAllowBashIfSandboxed":false,"workingDirectory":"C:\\Users\\jethr\\.minimax-agent\\projects","allowedWorkingPaths":[],"sandboxAllowPaths":[],"dataDir":"C:\\Users\\jethr\\.mavis","homeDir":"C:\\Users\\jethr","agentName":"mavis","sessionId":"mvs_0dbdbf20f8454c5d9ca7a005919f273e","allowManagedPermissionRulesOnly":false,"interactiveTools":{}}
[18:40:45.790] INFO: [daemon.js:17438] [permission] subcommand layer=tail mode=default verdict=ask {"permLayer":"tail","permMode":"default","permVerdict":"ask","permReasonType":"safetyCheck","cmdPreview":"obsidian read path=\"index/Cardiology.md\""}
[18:40:45.790] INFO: [daemon.js:17438] [permission] whole-command layer=aggregated mode=default verdict=ask {"permLayer":"aggregated","permMode":"default","permVerdict":"ask","permScope":"whole-command","cmdPreview":"obsidian read path=\"index/Cardiology.md\"","sessionId":"mvs_0dbdbf20f8454c5d9ca7a005919f273e","subcommandCount":1}
[18:40:45.790] INFO: [daemon.js:17438] [db97fce09f284b82bb0e80f5001b4b25] [permission-service] Check result: toolName=bash behavior=ask reasonType=safetyCheck locale=en
[18:40:45.790] INFO: [daemon.js:17438] Running YOLO classifier {"toolName":"bash","inputLength":40,"sessionId":"mvs_0dbdbf20f8454c5d9ca7a005919f273e","agentId":"mavis"}
[18:40:45.790] INFO: [daemon.js:17438] [permission] subcommand layer=tail mode=auto verdict=undecided {"permLayer":"tail","permMode":"auto","permVerdict":"undecided","permReasonType":"safetyCheck","cmdPreview":"obsidian read path=\"index/Cardiology.md\""}
[18:40:45.790] INFO: [daemon.js:17438] [permission] whole-command layer=aggregated mode=auto verdict=undecided {"permLayer":"aggregated","permMode":"auto","permVerdict":"undecided","permScope":"whole-command","cmdPreview":"obsidian read path=\"index/Cardiology.md\"","subcommandCount":1}
[18:40:48.476] INFO: [daemon.js:17438] [c5a8ddf3c4504970b4441af47839f0d4] → GET /mavis/health
[18:40:48.476] INFO: [daemon.js:17438] [c5a8ddf3c4504970b4441af47839f0d4] ← GET /mavis/health status=200 duration=0ms {"locale":"en"}
[18:40:52.477] INFO: [daemon.js:17438] Stage 2 LLM classification result {"toolName":"bash","verdict":"allow","reason":"Read-only operation viewing a local markdown file via Obsidian CLI; consistent with the user's stated goal of exploring their vault without editing. No secrets, no external calls, no system changes.","model":"minimax/MiniMax-M2.7","isIrreversibleDelete":false,"confidence":0.95}
[18:40:52.477] INFO: [daemon.js:17438] [d5145889c01e4fd19b7f7a362e8f969e] [permission-service] Auto mode classifier result: toolName=bash verdict=allow reason=Read-only operation viewing a local markdown file via Obsidian CLI; consistent with the user's stated goal of exploring their vault without editing. No secrets, no external calls, no system changes. model=minimax/MiniMax-M2.7 stage=thinking durationMs=6687 locale=en
[18:40:52.477] INFO: [daemon.js:17438] [ebf769c77c2343ac83bc54ef59cd7eaf] Permission check result: bash → allow {"locale":"en"}
[18:40:52.477] INFO: [daemon.js:17438] [ebf769c77c2343ac83bc54ef59cd7eaf] ← POST /mavis/api/permission/check status=200 duration=6688ms {"locale":"en"}
[18:40:52.478] INFO: [daemon.js:17438] [9e4a520149f848d999c2a3fa77becff2] → POST /mavis/api/hooks/execute
[18:40:52.478] INFO: [daemon.js:17438] [hook-registry] matcher did not match, hook filtered out {"module":"hook-registry","hookId":"builtin:binary-read-guard","matcher":"^[Rr]ead$","matchValue":"bash"}
[18:40:52.478] INFO: [daemon.js:17438] [hook-registry] matcher did not match, hook filtered out {"module":"hook-registry","hookId":"builtin:docx-skill-env-gate","matcher":"^[Ss][Kk][Ii][Ll][Ll]$","matchValue":"bash"}
[18:40:52.478] INFO: [daemon.js:17438] [hook-registry] hooks filtered by matcher {"module":"hook-registry","hookEvent":"PreToolUse","matchValue":"bash","beforeCount":2,"afterCount":0}
[18:40:52.479] INFO: [daemon.js:17438] [9e4a520149f848d999c2a3fa77becff2] ← POST /mavis/api/hooks/execute status=200 duration=1ms {"locale":"en"}
[18:40:52.658] INFO: [daemon.js:17438] [308074dfd606439e918b875bc8a37a33] → POST /mavis/api/metrics/runtime-event
[18:40:52.659] INFO: [daemon.js:17438] [308074dfd606439e918b875bc8a37a33] ← POST /mavis/api/metrics/runtime-event status=204 duration=1ms {"locale":"en"}
[18:40:52.659] INFO: [daemon.js:17438] [67be6c8565204c6e86fd41cd255f413c] → POST /mavis/api/hooks/execute
[18:40:52.659] INFO: [daemon.js:17438] [hook-registry] matcher did not match, hook filtered out {"module":"hook-registry","hookId":"builtin:read-image-compressor","matcher":"^[Rr]ead$","matchValue":"bash"}
[18:40:52.659] INFO: [daemon.js:17438] [hook-registry] hooks filtered by matcher {"module":"hook-registry","hookEvent":"PostToolUse","matchValue":"bash","beforeCount":7,"afterCount":6}
[18:40:52.660] INFO: [daemon.js:17438] [67be6c8565204c6e86fd41cd255f413c] ← POST /mavis/api/hooks/execute status=200 duration=1ms {"locale":"en"}
[18:40:52.662] INFO: [daemon.js:17438] [beb3d6bc6b264fc4ae685889488a2f61] → POST /mavis/api/metrics/runtime-event
[18:40:52.662] INFO: [daemon.js:17438] [beb3d6bc6b264fc4ae685889488a2f61] ← POST /mavis/api/metrics/runtime-event status=204 duration=0ms {"locale":"en"}
[18:40:52.675] INFO: [daemon.js:17438] [cfd167d74c0043ba9169a9794563971f] → POST /mavis/api/metrics/runtime-event
[18:40:52.676] INFO: [daemon.js:17438] [cfd167d74c0043ba9169a9794563971f] ← POST /mavis/api/metrics/runtime-event status=204 duration=1ms {"locale":"en"}
[18:40:54.481] INFO: [daemon.js:17438] [c75c8610fed3484ab809b2e34bd4a2b3] → POST /mavis/api/metrics/runtime-event
[18:40:54.482] INFO: [daemon.js:17438] [c75c8610fed3484ab809b2e34bd4a2b3] ← POST /mavis/api/metrics/runtime-event status=204 duration=1ms {"locale":"en"}
[18:40:54.482] INFO: [daemon.js:17438] [07effc14b6dd4de5a32484fe0bd264fb] → POST /mavis/api/permission/check
[18:40:54.482] INFO: [daemon.js:17438] [07effc14b6dd4de5a32484fe0bd264fb] Permission check requested: bash for mavis {"locale":"en"}
[18:40:54.483] INFO: [daemon.js:17438] Created ToolPermissionContext {"mode":"auto","ruleCount":0,"sandboxEnabled":false,"workingDirectory":"C:\\Users\\jethr\\.minimax-agent\\projects"}
[18:40:54.483] INFO: [daemon.js:17438] [0ccdb8a4d5be42268d33bc9b83187acf] BashToolPermissionChecker checkPermissions called, _toolName=bash, input={"command":"obsidian read path=\"index/Psychiatry.md\"","description":"Read Psychiatry index file"}, context={"mode":"auto","rules":[],"sandboxEnabled":false,"autoAllowBashIfSandboxed":false,"workingDirectory":"C:\\Users\\jethr\\.minimax-agent\\projects","allowedWorkingPaths":[],"sandboxAllowPaths":[],"dataDir":"C:\\Users\\jethr\\.mavis","homeDir":"C:\\Users\\jethr","agentName":"mavis","sessionId":"mvs_0dbdbf20f8454c5d9ca7a005919f273e","allowManagedPermissionRulesOnly":false,"interactiveTools":{}}
[18:40:54.483] INFO: [daemon.js:17438] [permission] subcommand layer=tail mode=default verdict=ask {"permLayer":"tail","permMode":"default","permVerdict":"ask","permReasonType":"safetyCheck","cmdPreview":"obsidian read path=\"index/Psychiatry.md\""}
[18:40:54.483] INFO: [daemon.js:17438] [permission] whole-command layer=aggregated mode=default verdict=ask {"permLayer":"aggregated","permMode":"default","permVerdict":"ask","permScope":"whole-command","cmdPreview":"obsidian read path=\"index/Psychiatry.md\"","sessionId":"mvs_0dbdbf20f8454c5d9ca7a005919f273e","subcommandCount":1}
[18:40:54.483] INFO: [daemon.js:17438] [1b44ed79445e47d386033d415b64df65] [permission-service] Check result: toolName=bash behavior=ask reasonType=safetyCheck locale=en
[18:40:54.484] INFO: [daemon.js:17438] Running YOLO classifier {"toolName":"bash","inputLength":40,"sessionId":"mvs_0dbdbf20f8454c5d9ca7a005919f273e","agentId":"mavis"}
[18:40:54.484] INFO: [daemon.js:17438] [permission] subcommand layer=tail mode=auto verdict=undecided {"permLayer":"tail","permMode":"auto","permVerdict":"undecided","permReasonType":"safetyCheck","cmdPreview":"obsidian read path=\"index/Psychiatry.md\""}
[18:40:54.484] INFO: [daemon.js:17438] [permission] whole-command layer=aggregated mode=auto verdict=undecided {"permLayer":"aggregated","permMode":"auto","permVerdict":"undecided","permScope":"whole-command","cmdPreview":"obsidian read path=\"index/Psychiatry.md\"","subcommandCount":1}
[18:40:58.480] INFO: [daemon.js:17438] [dadc2ac2f5c349018ade49fcbfaa2180] → GET /mavis/health
[18:40:58.480] INFO: [daemon.js:17438] [dadc2ac2f5c349018ade49fcbfaa2180] ← GET /mavis/health status=200 duration=0ms {"locale":"en"}
[18:40:58.919] INFO: [daemon.js:17438] [934b05b07ef448c38e4765fbf9bfcfc7] → PUT /mavis/api/cu/enabled
[18:40:58.919] INFO: [daemon.js:17438] [ed7488620b934b99b421745c1f3e8c92] [cu] enabled changed: true -> false
[18:40:58.920] INFO: [daemon.js:17438] [934b05b07ef448c38e4765fbf9bfcfc7] [cu/api] PUT /enabled enabled=false changed=true aborted=0 {"locale":"en"}
[18:40:58.920] INFO: [daemon.js:17438] [934b05b07ef448c38e4765fbf9bfcfc7] ← PUT /mavis/api/cu/enabled status=200 duration=1ms {"locale":"en"}
[18:40:58.921] INFO: [daemon.js:17438] [dc5adc1e2d7f49de8ab3e1a8244f7adb] → POST /mavis/api/cu/abort
[18:40:58.921] INFO: [daemon.js:17438] [dc5adc1e2d7f49de8ab3e1a8244f7adb] [cu/api] POST /abort reason="disabled by user" aborted=0 {"locale":"en"}
[18:40:58.921] INFO: [daemon.js:17438] [dc5adc1e2d7f49de8ab3e1a8244f7adb] ← POST /mavis/api/cu/abort status=200 duration=0ms {"locale":"en"}
[18:41:02.587] INFO: [daemon.js:17438] Stage 2 LLM classification result {"toolName":"bash","verdict":"allow","reason":"Read-only operation within an authorized exploration workflow; user explicitly said not to edit notes, and this command only retrieves content from the Obsidian vault index.","model":"minimax/MiniMax-M2.7","isIrreversibleDelete":false,"confidence":0.95}
[18:41:02.588] INFO: [daemon.js:17438] [cd959b15a6d94529bfe008bd08f93fa8] [permission-service] Auto mode classifier result: toolName=bash verdict=allow reason=Read-only operation within an authorized exploration workflow; user explicitly said not to edit notes, and this command only retrieves content from the Obsidian vault index. model=minimax/MiniMax-M2.7 stage=thinking durationMs=8104 locale=en
[18:41:02.588] INFO: [daemon.js:17438] [07effc14b6dd4de5a32484fe0bd264fb] Permission check result: bash → allow {"locale":"en"}
[18:41:02.588] INFO: [daemon.js:17438] [07effc14b6dd4de5a32484fe0bd264fb] ← POST /mavis/api/permission/check status=200 duration=8106ms {"locale":"en"}
[18:41:02.589] INFO: [daemon.js:17438] [b63398af92914227bcc87b7733655774] → POST /mavis/api/hooks/execute
[18:41:02.589] INFO: [daemon.js:17438] [hook-registry] matcher did not match, hook filtered out {"module":"hook-registry","hookId":"builtin:binary-read-guard","matcher":"^[Rr]ead$","matchValue":"bash"}
[18:41:02.590] INFO: [daemon.js:17438] [hook-registry] matcher did not match, hook filtered out {"module":"hook-registry","hookId":"builtin:docx-skill-env-gate","matcher":"^[Ss][Kk][Ii][Ll][Ll]$","matchValue":"bash"}
[18:41:02.590] INFO: [daemon.js:17438] [hook-registry] hooks filtered by matcher {"module":"hook-registry","hookEvent":"PreToolUse","matchValue":"bash","beforeCount":2,"afterCount":0}
[18:41:02.590] INFO: [daemon.js:17438] [b63398af92914227bcc87b7733655774] ← POST /mavis/api/hooks/execute status=200 duration=1ms {"locale":"en"}
[18:41:02.768] INFO: [daemon.js:17438] [38e084a610384ea8a73ede9368dd9b56] → POST /mavis/api/metrics/runtime-event
[18:41:02.769] INFO: [daemon.js:17438] [38e084a610384ea8a73ede9368dd9b56] ← POST /mavis/api/metrics/runtime-event status=204 duration=1ms {"locale":"en"}
[18:41:02.769] INFO: [daemon.js:17438] [1c88a594040949dd83293fd019c416a6] → POST /mavis/api/hooks/execute
[18:41:02.770] INFO: [daemon.js:17438] [hook-registry] matcher did not match, hook filtered out {"module":"hook-registry","hookId":"builtin:read-image-compressor","matcher":"^[Rr]ead$","matchValue":"bash"}
[18:41:02.770] INFO: [daemon.js:17438] [hook-registry] hooks filtered by matcher {"module":"hook-registry","hookEvent":"PostToolUse","matchValue":"bash","beforeCount":7,"afterCount":6}
[18:41:02.770] INFO: [daemon.js:17438] [1c88a594040949dd83293fd019c416a6] ← POST /mavis/api/hooks/execute status=200 duration=1ms {"locale":"en"}
[18:41:02.772] INFO: [daemon.js:17438] [1ae2f0a530d448e48e18f1362ad91726] → POST /mavis/api/metrics/runtime-event
[18:41:02.772] INFO: [daemon.js:17438] [1ae2f0a530d448e48e18f1362ad91726] ← POST /mavis/api/metrics/runtime-event status=204 duration=0ms {"locale":"en"}
[18:41:02.787] INFO: [daemon.js:17438] [85c496ab472b4f809d32442650488542] → POST /mavis/api/metrics/runtime-event
[18:41:02.787] INFO: [daemon.js:17438] [85c496ab472b4f809d32442650488542] ← POST /mavis/api/metrics/runtime-event status=204 duration=0ms {"locale":"en"}
[18:41:07.562] INFO: [daemon.js:17438] [0f9b6c58cdf74b3f915bea8fe8f0ad1c] [monitor] response TTFT measured sessionId=mvs_0dbdbf20f8454c5d9ca7a005919f273e agentName=mavis ttftMs=44237 breakdown={"resolveSession":0,"reconcileConfig":0,"hooks":8,"modelResolve":2,"adapterSend":44227}
[18:41:08.487] INFO: [daemon.js:17438] [26dc5457c5f9494e97c453197bed7778] → GET /mavis/health
[18:41:08.487] INFO: [daemon.js:17438] [26dc5457c5f9494e97c453197bed7778] ← GET /mavis/health status=200 duration=0ms {"locale":"en"}
[18:41:09.665] INFO: [daemon.js:17438] [7d03ee2c5d5d4c8abfff918514c722fd] [mcp:matrix:stderr] [matrix-mcp-cli] tools/list dropped 2 unknown tool(s) not in this cli's KNOWN_TOOLS: matrix_extract_content_from_websites, matrix_get_upload_url
[18:41:09.665] INFO: [daemon.js:17438] [1abcb2fd0c284733b1627ec40a51ec42] → POST /mavis/mcp/cu
[18:41:09.667] INFO: [daemon.js:17438] [1abcb2fd0c284733b1627ec40a51ec42] ← POST /mavis/mcp/cu status=200 duration=2ms {"locale":"en"}
[18:41:09.667] INFO: [daemon.js:17438] [faff1935a19140a8b0afae13ef17bec6] → POST /mavis/mcp/trash
[18:41:09.668] INFO: [daemon.js:17438] [faff1935a19140a8b0afae13ef17bec6] ← POST /mavis/mcp/trash status=200 duration=1ms {"locale":"en"}
[18:41:09.671] INFO: [daemon.js:17438] [5fe4fb1dc0394de4b587eb968865fb6d] → POST /mavis/api/metrics/runtime-event
[18:41:09.672] INFO: [daemon.js:17438] [5fe4fb1dc0394de4b587eb968865fb6d] ← POST /mavis/api/metrics/runtime-event status=204 duration=1ms {"locale":"en"}
[18:41:10.310] INFO: [daemon.js:17438] [f7d984818774414a9593d9ed5979b101] [bridge] Emitting session.finish event sessionId=mvs_0dbdbf20f8454c5d9ca7a005919f273e agentName=mavis isError=false
[18:41:10.314] INFO: [daemon.js:17438] [1ab46087c500426b8fe1ae0ddbd52b90] [cron-store] Loaded cron configs, count=0
[18:41:10.320] INFO: [daemon.js:17438] [9ae9b57b21124624a0401fa5435324d3] → GET /mavis/api/session/mvs_0dbdbf20f8454c5d9ca7a005919f273e/diff
[18:41:10.321] INFO: [daemon.js:17438] [8e2a7a0703f44ca8861f0c4b8758a924] → GET /mavis/api/session/mvs_0dbdbf20f8454c5d9ca7a005919f273e
[18:41:10.324] INFO: [daemon.js:17438] [9ae9b57b21124624a0401fa5435324d3] ← GET /mavis/api/session/mvs_0dbdbf20f8454c5d9ca7a005919f273e/diff status=200 duration=4ms {"locale":"en"}
[18:41:10.325] INFO: [daemon.js:17438] [8e2a7a0703f44ca8861f0c4b8758a924] ← GET /mavis/api/session/mvs_0dbdbf20f8454c5d9ca7a005919f273e status=200 duration=4ms {"locale":"en"}
[18:41:18.514] INFO: [daemon.js:17438] [e562cb8d090a4e34af76149a8c018066] → GET /mavis/health
[18:41:18.514] INFO: [daemon.js:17438] [e562cb8d090a4e34af76149a8c018066] ← GET /mavis/health status=200 duration=0ms {"locale":"en"}
[18:41:28.513] INFO: [daemon.js:17438] [d61965a2caa04a4d9bda17883450c354] → GET /mavis/health
[18:41:28.513] INFO: [daemon.js:17438] [d61965a2caa04a4d9bda17883450c354] ← GET /mavis/health status=200 duration=0ms {"locale":"en"}
[18:41:38.518] INFO: [daemon.js:17438] [648aa1e0cb7f42d4b3c882e02bd85a76] → GET /mavis/health
[18:41:38.518] INFO: [daemon.js:17438] [648aa1e0cb7f42d4b3c882e02bd85a76] ← GET /mavis/health status=200 duration=0ms {"locale":"en"}
[18:41:48.530] INFO: [daemon.js:17438] [86d53b4985254eea9548cf81300151f7] → GET /mavis/health
[18:41:48.530] INFO: [daemon.js:17438] [86d53b4985254eea9548cf81300151f7] ← GET /mavis/health status=200 duration=0ms {"locale":"en"}
[18:41:58.560] INFO: [daemon.js:17438] [0953ed5a5620452fb856c1f547874202] → GET /mavis/health
[18:41:58.560] INFO: [daemon.js:17438] [0953ed5a5620452fb856c1f547874202] ← GET /mavis/health status=200 duration=0ms {"locale":"en"}
[18:42:06.103] INFO: [daemon.js:17438] [79e00344ab014dc0a6bbb83d22f6b920] → GET /mavis/api/cron
[18:42:06.103] INFO: [daemon.js:17438] [79e00344ab014dc0a6bbb83d22f6b920] ← GET /mavis/api/cron status=200 duration=0ms {"locale":"en"}
[18:42:06.104] INFO: [daemon.js:17438] [2da00f3763bd46668ab6e7cd12de7742] → GET /mavis/api/agent
[18:42:06.106] INFO: [daemon.js:17438] [2da00f3763bd46668ab6e7cd12de7742] ← GET /mavis/api/agent status=200 duration=2ms {"locale":"en"}
[18:42:08.556] INFO: [daemon.js:17438] [d314d1a846e74ec9b553194097acb122] → GET /mavis/health
[18:42:08.556] INFO: [daemon.js:17438] [d314d1a846e74ec9b553194097acb122] ← GET /mavis/health status=200 duration=0ms {"locale":"en"}
[18:42:18.551] INFO: [daemon.js:17438] [c6eb36fce6c1447b92dd0a454e1a29a4] → GET /mavis/health
[18:42:18.551] INFO: [daemon.js:17438] [c6eb36fce6c1447b92dd0a454e1a29a4] ← GET /mavis/health status=200 duration=0ms {"locale":"en"}
[18:42:28.564] INFO: [daemon.js:17438] [878cdf96ffb047a1b60669ba9598d393] → GET /mavis/health
[18:42:28.565] INFO: [daemon.js:17438] [878cdf96ffb047a1b60669ba9598d393] ← GET /mavis/health status=200 duration=1ms {"locale":"en"}
[18:42:38.597] INFO: [daemon.js:17438] [747e3770e9ec43dcb9cdaf9cc5c29e0c] → GET /mavis/health
[18:42:38.597] INFO: [daemon.js:17438] [747e3770e9ec43dcb9cdaf9cc5c29e0c] ← GET /mavis/health status=200 duration=0ms {"locale":"en"}
[18:42:48.584] INFO: [daemon.js:17438] [53e97400b06b4c7aa58cac3ac3b91fa8] → GET /mavis/health
[18:42:48.584] INFO: [daemon.js:17438] [53e97400b06b4c7aa58cac3ac3b91fa8] ← GET /mavis/health status=200 duration=0ms {"locale":"en"}
[18:42:58.594] INFO: [daemon.js:17438] [d1ba27818a7d404b9a08ae48cc3cb193] → GET /mavis/health
[18:42:58.594] INFO: [daemon.js:17438] [d1ba27818a7d404b9a08ae48cc3cb193] ← GET /mavis/health status=200 duration=0ms {"locale":"en"}
[18:43:08.615] INFO: [daemon.js:17438] [ffe7ddf895854d5e812feefa21b75e6a] → GET /mavis/health
[18:43:08.615] INFO: [daemon.js:17438] [ffe7ddf895854d5e812feefa21b75e6a] ← GET /mavis/health status=200 duration=0ms {"locale":"en"}
[18:43:18.609] INFO: [daemon.js:17438] [e42378959ac64353b8746083c9cebaf9] → GET /mavis/health
[18:43:18.610] INFO: [daemon.js:17438] [e42378959ac64353b8746083c9cebaf9] ← GET /mavis/health status=200 duration=1ms {"locale":"en"}
[18:43:28.613] INFO: [daemon.js:17438] [66b23e001cc54822a4620fdb076d2470] → GET /mavis/health
[18:43:28.613] INFO: [daemon.js:17438] [66b23e001cc54822a4620fdb076d2470] ← GET /mavis/health status=200 duration=0ms {"locale":"en"}
[18:43:38.632] INFO: [daemon.js:17438] [365b8936b8f84e238ee38d5e3c0720c5] → GET /mavis/health
[18:43:38.632] INFO: [daemon.js:17438] [365b8936b8f84e238ee38d5e3c0720c5] ← GET /mavis/health status=200 duration=0ms {"locale":"en"}
[18:43:48.637] INFO: [daemon.js:17438] [610506c9d57d4ddcbb0d5fb4ddffbba5] → GET /mavis/health
[18:43:48.637] INFO: [daemon.js:17438] [610506c9d57d4ddcbb0d5fb4ddffbba5] ← GET /mavis/health status=200 duration=0ms {"locale":"en"}
[18:43:58.648] INFO: [daemon.js:17438] [25aad216c50e43469480d2c8c9d7c998] → GET /mavis/health
[18:43:58.648] INFO: [daemon.js:17438] [25aad216c50e43469480d2c8c9d7c998] ← GET /mavis/health status=200 duration=0ms {"locale":"en"}
[18:44:08.657] INFO: [daemon.js:17438] [5867f06a52e045b3a591c83378157f39] → GET /mavis/health
[18:44:08.657] INFO: [daemon.js:17438] [5867f06a52e045b3a591c83378157f39] ← GET /mavis/health status=200 duration=0ms {"locale":"en"}
[18:44:09.415] INFO: [daemon.js:17438] [858583bf62e4430dbab48ca496d013be] EventBus SSE client disconnected {"locale":"en"}
[18:44:09.420] INFO: [daemon.js:17438] [3395fe2e65824ad89c8a26aa8bb5dc77] → GET /mavis/health
[18:44:09.420] INFO: [daemon.js:17438] [3395fe2e65824ad89c8a26aa8bb5dc77] ← GET /mavis/health status=200 duration=0ms {"locale":"en"}
[18:44:10.138] INFO: [daemon.js:17438] [b5f5b01033de4542bb38f5c70022dd9b] → GET /mavis/api/cron
[18:44:10.138] INFO: [daemon.js:17438] [b5f5b01033de4542bb38f5c70022dd9b] ← GET /mavis/api/cron status=200 duration=0ms {"locale":"en"}
[18:44:10.138] INFO: [daemon.js:17438] [f7b541d2dd0148a7b9d283bf377052d6] → GET /mavis/api/agent
[18:44:10.140] INFO: [daemon.js:17438] [f7b541d2dd0148a7b9d283bf377052d6] ← GET /mavis/api/agent status=200 duration=2ms {"locale":"en"}
[18:44:10.157] INFO: [daemon.js:17438] [b26e0612858847429c4c6f8e9aed0103] → GET /mavis/api/config
[18:44:10.157] INFO: [daemon.js:17438] [9229af8fd92244b2b7e9d84e4c8a1666] → GET /mavis/api/models
[18:44:10.158] INFO: [daemon.js:17438] [b26e0612858847429c4c6f8e9aed0103] ← GET /mavis/api/config status=200 duration=1ms {"locale":"en"}
[18:44:10.159] INFO: [daemon.js:17438] [eddb8a7e4e584095beae36badb68216e] → GET /mavis/api/events
[18:44:10.159] INFO: [daemon.js:17438] [eddb8a7e4e584095beae36badb68216e] EventBus SSE client connected {"locale":"en"}
[18:44:10.159] INFO: [daemon.js:17438] [eddb8a7e4e584095beae36badb68216e] ← GET /mavis/api/events status=200 duration=0ms {"locale":"en"}
[18:44:10.159] INFO: [daemon.js:17438] [157f36618a8e472d8b0a7314867c9978] → GET /mavis/api/config/api-key-status
[18:44:10.160] INFO: [daemon.js:17438] [b676e72ebb48432684829319fe5eff31] → GET /mavis/api/config
[18:44:10.160] INFO: [daemon.js:17438] [157f36618a8e472d8b0a7314867c9978] ← GET /mavis/api/config/api-key-status status=200 duration=1ms {"locale":"en"}
[18:44:10.160] INFO: [daemon.js:17438] [b676e72ebb48432684829319fe5eff31] ← GET /mavis/api/config status=200 duration=0ms {"locale":"en"}
[18:44:10.165] INFO: [daemon.js:17438] [60750b84684c4d4398051242dc97a05f] → GET /mavis/api/fs/git-info
[18:44:10.165] INFO: [daemon.js:17438] [60750b84684c4d4398051242dc97a05f] ← GET /mavis/api/fs/git-info status=200 duration=0ms {"locale":"en"}
[18:44:10.178] INFO: [daemon.js:17438] [ac8b0dae8731424d949d6ae2f1fdf2cc] → GET /mavis/api/preferences/starred-agents
[18:44:10.178] INFO: [daemon.js:17438] [ac8b0dae8731424d949d6ae2f1fdf2cc] ← GET /mavis/api/preferences/starred-agents status=200 duration=0ms {"locale":"en"}
[18:44:10.179] INFO: [daemon.js:17438] [25c478af3e774be7a6b0a373c51490e6] → GET /mavis/api/preferences/pinned-items-order
[18:44:10.179] INFO: [daemon.js:17438] [25c478af3e774be7a6b0a373c51490e6] ← GET /mavis/api/preferences/pinned-items-order status=200 duration=0ms {"locale":"en"}
[18:44:10.189] INFO: [daemon.js:17438] [58afe514ddab49ccb37a5e3bb840a44a] → GET /mavis/api/agent/mavis/session
[18:44:10.190] INFO: [daemon.js:17438] [c162606e377544c594cd6150526744b0] → GET /mavis/api/agent/mavis/skill
[18:44:10.192] INFO: [daemon.js:17438] skill block emitted {"ctx":{"traceId":"6583087d562f492d84bdc0dc5943232f"},"event":"skill_block_emitted","agent":"mavis","total_count":24,"total_chars":11685,"skills":[{"name":"create-agent","char_count":676,"source_kind":"builtin-global"},{"name":"init-harness","char_count":521,"source_kind":"builtin-global"},{"name":"lark-tools","char_count":899,"source_kind":"builtin-global"},{"name":"literature-note","char_count":281,"source_kind":"user-mavis"},{"name":"llm-call","char_count":337,"source_kind":"builtin-global"},{"name":"mavis","char_count":950,"source_kind":"builtin-global"},{"name":"mavis-browser","char_count":355,"source_kind":"builtin-global"},{"name":"mavis-doctor","char_count":300,"source_kind":"builtin-agent"},{"name":"mavis-team","char_count":952,"source_kind":"builtin-agent"},{"name":"mcp-cli","char_count":121,"source_kind":"builtin-global"},{"name":"mcp-onboarding","char_count":169,"source_kind":"builtin-global"},{"name":"minimax-docx","char_count":235,"source_kind":"builtin-global"},{"name":"minimax-pdf","char_count":322,"source_kind":"builtin-global"},{"name":"minimax-pptx","char_count":261,"source_kind":"builtin-global"},{"name":"minimax-xlsx","char_count":350,"source_kind":"builtin-global"},{"name":"obsidian-cli","char_count":1134,"source_kind":null},{"name":"plan-mode","char_count":308,"source_kind":"builtin-global"},{"name":"skill-creator","char_count":363,"source_kind":"builtin-global"},{"name":"skill-evolution","char_count":614,"source_kind":"builtin-global"},{"name":"skill-refiner","char_count":326,"source_kind":"builtin-global"},{"name":"visual-summary","char_count":614,"source_kind":"builtin-global"},{"name":"worktree-management","char_count":480,"source_kind":"builtin-global"},{"name":"x-link-reader","char_count":315,"source_kind":"builtin-global"},{"name":"zotero-use","char_count":802,"source_kind":null}]}
[18:44:10.192] INFO: [daemon.js:17438] [c162606e377544c594cd6150526744b0] ← GET /mavis/api/agent/mavis/skill status=200 duration=2ms {"locale":"en"}
[18:44:10.194] INFO: [daemon.js:17438] [b44abef8159d4d329781eed14a673260] → GET /mavis/api/agent/mavis/session/tree
[18:44:10.204] INFO: [daemon.js:17438] [58afe514ddab49ccb37a5e3bb840a44a] ← GET /mavis/api/agent/mavis/session status=200 duration=15ms {"locale":"en"}
[18:44:10.207] INFO: [daemon.js:17438] [b44abef8159d4d329781eed14a673260] ← GET /mavis/api/agent/mavis/session/tree status=200 duration=13ms {"locale":"en"}
[18:44:10.212] INFO: [daemon.js:17438] [2648b5b3b7df406a8c019bcc6a55ac85] → GET /mavis/api/agent/mavis/session
[18:44:10.216] INFO: [daemon.js:17438] [2648b5b3b7df406a8c019bcc6a55ac85] ← GET /mavis/api/agent/mavis/session status=200 duration=4ms {"locale":"en"}
[18:44:10.318] INFO: [daemon.js:17438] [8684b978c10b476c94952fc4c747583e] → POST /mavis/internal/auth-context
[18:44:10.318] INFO: [daemon.js:17438] [c29bcf3959a04af7be1f45d74c958e45] [internal-auth-context] updated parent context: accessToken=set, userName=set/subUserName=cleared
[18:44:10.319] INFO: [daemon.js:17438] [8684b978c10b476c94952fc4c747583e] ← POST /mavis/internal/auth-context status=200 duration=1ms {"locale":"en"}
[18:44:10.509] INFO: [daemon.js:17438] [9229af8fd92244b2b7e9d84e4c8a1666] ← GET /mavis/api/models status=200 duration=352ms {"locale":"en"}
[18:44:19.457] INFO: [daemon.js:17438] [2d9282ca34704ac3b28ab18f88ea7026] → GET /mavis/health
[18:44:19.457] INFO: [daemon.js:17438] [2d9282ca34704ac3b28ab18f88ea7026] ← GET /mavis/health status=200 duration=0ms {"locale":"en"}
[18:44:29.458] INFO: [daemon.js:17438] [49e70265cea94b798ef9d9c6e133ce49] → GET /mavis/health
[18:44:29.458] INFO: [daemon.js:17438] [49e70265cea94b798ef9d9c6e133ce49] ← GET /mavis/health status=200 duration=0ms {"locale":"en"}
[18:44:39.465] INFO: [daemon.js:17438] [72651965ac12457fb0edb5d3dd96cbf4] → GET /mavis/health
[18:44:39.465] INFO: [daemon.js:17438] [72651965ac12457fb0edb5d3dd96cbf4] ← GET /mavis/health status=200 duration=0ms {"locale":"en"}
[18:44:49.472] INFO: [daemon.js:17438] [a1716649250f4a8f810a547b47d9d3ca] → GET /mavis/health
[18:44:49.473] INFO: [daemon.js:17438] [a1716649250f4a8f810a547b47d9d3ca] ← GET /mavis/health status=200 duration=1ms {"locale":"en"}
[18:44:59.473] INFO: [daemon.js:17438] [c2fcaa3d751e468ca528189989ec5bcf] → GET /mavis/health
[18:44:59.473] INFO: [daemon.js:17438] [c2fcaa3d751e468ca528189989ec5bcf] ← GET /mavis/health status=200 duration=0ms {"locale":"en"}
[18:45:08.763] INFO: [daemon.js:17438] [b3b6c715e74e484baad372f2981b9b00] → GET /mavis/mcp/trash
[18:45:08.764] INFO: [daemon.js:17438] [b3b6c715e74e484baad372f2981b9b00] ← GET /mavis/mcp/trash status=200 duration=1ms {"locale":"en"}
[18:45:08.764] INFO: [daemon.js:17438] [a6f58051d3ea46ce88983f138ebab3d7] → GET /mavis/mcp/cu
[18:45:08.765] INFO: [daemon.js:17438] [a6f58051d3ea46ce88983f138ebab3d7] ← GET /mavis/mcp/cu status=200 duration=1ms {"locale":"en"}
[18:45:09.478] INFO: [daemon.js:17438] [b06e5698aade4fba8b1aca9e3c756e13] → GET /mavis/health
[18:45:09.478] INFO: [daemon.js:17438] [b06e5698aade4fba8b1aca9e3c756e13] ← GET /mavis/health status=200 duration=0ms {"locale":"en"}
[18:45:19.484] INFO: [daemon.js:17438] [c3e0034c9abb429f9017178407ee9dfa] → GET /mavis/health
[18:45:19.484] INFO: [daemon.js:17438] [c3e0034c9abb429f9017178407ee9dfa] ← GET /mavis/health status=200 duration=0ms {"locale":"en"}
[18:45:29.492] INFO: [daemon.js:17438] [c7454443f5734806bef35c1527190882] → GET /mavis/health
[18:45:29.493] INFO: [daemon.js:17438] [c7454443f5734806bef35c1527190882] ← GET /mavis/health status=200 duration=1ms {"locale":"en"}
[18:45:39.504] INFO: [daemon.js:17438] [84084656c70d4890bfb210b34cd2a83c] → GET /mavis/health
[18:45:39.504] INFO: [daemon.js:17438] [84084656c70d4890bfb210b34cd2a83c] ← GET /mavis/health status=200 duration=0ms {"locale":"en"}
[18:45:45.130] INFO: [daemon.js:17438] [a74ca5a07e754682a068320f251f3008] → POST /mavis/api/agent
[18:45:45.130] INFO: [daemon.js:17438] [a74ca5a07e754682a068320f251f3008] createAgent started: agent=agent-78ebe0ad09ce framework=opencode {"locale":"en"}
[18:45:45.406] INFO: [daemon.js:17438] [a74ca5a07e754682a068320f251f3008] Agent directory structure created: agent=agent-78ebe0ad09ce dir=C:\Users\jethr\.mavis\agents\agent-78ebe0ad09ce {"locale":"en"}
[18:45:45.406] INFO: [daemon.js:17438] [a74ca5a07e754682a068320f251f3008] newSession started, agentName=agent-78ebe0ad09ce, workspaceDir=C:\Users\jethr\.minimax-agent\projects {"locale":"en"}
[18:45:45.406] INFO: [daemon.js:17438] [a74ca5a07e754682a068320f251f3008] Rebuilding agent opencode.json, agentName=agent-78ebe0ad09ce, missingConfig=true {"locale":"en"}
[18:45:45.424] INFO: [daemon.js:17438] [a74ca5a07e754682a068320f251f3008] Spawning opencode serve for agent, bin=C:\Users\jethr\AppData\Local\Programs\MiniMax Code\resources\resources\opencode\opencode.exe, port=64317, cwd=C:\Users\jethr\.minimax-agent\projects, agentName=agent-78ebe0ad09ce {"locale":"en"}
[18:45:45.458] INFO: [daemon.js:17438] [a74ca5a07e754682a068320f251f3008] OpenCode spawn runtime prepared, agentName=agent-78ebe0ad09ce, agentDataDir=C:\Users\jethr\.mavis\agents\agent-78ebe0ad09ce, xdgConfigHome=C:\Users\jethr\.mavis\opencode\config, xdgDataHome=C:\Users\jethr\.mavis\opencode\data, xdgStateHome=C:\Users\jethr\.mavis\opencode\state, xdgCacheHome=C:\Users\jethr\.mavis\opencode\cache, tmpDir=C:\Users\jethr\.minimax-agent\projects\.opencode\tmp, logDir=C:\Users\jethr\.mavis\logs {"locale":"en"}
[18:45:46.290] INFO: [daemon.js:17438] [a74ca5a07e754682a068320f251f3008] Spawned new agent process, agentName=agent-78ebe0ad09ce, pid=33396, port=64317 {"locale":"en"}
[18:45:46.293] INFO: [daemon.js:17438] [0f2798170156446591b3de18fc863435] Connected to global OpenCode SSE event stream, port=64317
[18:45:46.293] INFO: [daemon.js:17438] [5fc4e172a2a345669e4371314dae6cb9] SSE server.connected received, port=64317
[18:45:49.505] INFO: [daemon.js:17438] [9b4643540c394e7a8b267d39bd5cc40e] → GET /mavis/health
[18:45:49.505] INFO: [daemon.js:17438] [9b4643540c394e7a8b267d39bd5cc40e] ← GET /mavis/health status=200 duration=0ms {"locale":"en"}
[18:45:50.203] INFO: [daemon.js:17438] [0919ceafa244448aa3c65a610170a309] → GET /mavis/api/config
[18:45:50.204] INFO: [daemon.js:17438] [08bf05ed0c6a4ffab87f431624f6e65d] → GET /mavis/api/mcp/native-tools
[18:45:50.205] INFO: [daemon.js:17438] [08bf05ed0c6a4ffab87f431624f6e65d] ← GET /mavis/api/mcp/native-tools status=200 duration=1ms {"locale":"en"}
[18:45:50.205] INFO: [daemon.js:17438] [0919ceafa244448aa3c65a610170a309] ← GET /mavis/api/config status=200 duration=2ms {"locale":"en"}
[18:45:50.217] INFO: [daemon.js:17438] [4eb79c2b189641f79b6f8758db427057] postSession first-call completed, agentName=agent-78ebe0ad09ce, durationMs=3926, attempt=1
[18:45:50.217] INFO: [daemon.js:17438] [a74ca5a07e754682a068320f251f3008] created session, daemonId=mvs_c59d4bde9ed14f908c4e4b55fdc6be20, frameworkId=ses_17d35cbfaffecFc3GM86am28C3, agent=agent-78ebe0ad09ce {"locale":"en"}
[18:45:50.219] INFO: [daemon.js:17438] [a74ca5a07e754682a068320f251f3008] Agent created: agent=agent-78ebe0ad09ce session=mvs_c59d4bde9ed14f908c4e4b55fdc6be20 {"locale":"en"}
[18:45:50.225] INFO: [daemon.js:17438] [77867603b7574e9283aa71364be478db] Resolved model from global fallback config agentName=agent-78ebe0ad09ce providerID=minimax modelID=MiniMax-M2.7 variant=undefined
[18:45:50.231] INFO: [daemon.js:17438] [41be995791704d4d9dcfce220cf4684d] → GET /mavis/api/session/mvs_c59d4bde9ed14f908c4e4b55fdc6be20
[18:45:50.231] INFO: [daemon.js:17438] [952a48355a2c43a1be8a653db5b12e46] → GET /mavis/api/agent/agent-78ebe0ad09ce
[18:45:50.231] INFO: [daemon.js:17438] [7681c5885d9a4226a2bcc2d7cc5913e2] Resolved model from global fallback config agentName=agent-78ebe0ad09ce providerID=minimax modelID=MiniMax-M2.7 variant=undefined
[18:45:50.232] INFO: [daemon.js:17438] [a74ca5a07e754682a068320f251f3008] sendMessage started, agentName=agent-78ebe0ad09ce, sessionId=mvs_c59d4bde9ed14f908c4e4b55fdc6be20 {"locale":"en"}
[18:45:50.232] INFO: [daemon.js:17438] [952a48355a2c43a1be8a653db5b12e46] ← GET /mavis/api/agent/agent-78ebe0ad09ce status=200 duration=1ms {"locale":"en"}
[18:45:50.269] INFO: [daemon.js:17438] [41be995791704d4d9dcfce220cf4684d] ← GET /mavis/api/session/mvs_c59d4bde9ed14f908c4e4b55fdc6be20 status=200 duration=38ms {"locale":"en"}
[18:45:50.277] INFO: [daemon.js:17438] [a74ca5a07e754682a068320f251f3008] Greeting message sent: agent=agent-78ebe0ad09ce session=mvs_c59d4bde9ed14f908c4e4b55fdc6be20 source=manual {"locale":"en"}
[18:45:50.277] INFO: [daemon.js:17438] [a74ca5a07e754682a068320f251f3008] ← POST /mavis/api/agent status=201 duration=5147ms {"locale":"en"}
[18:45:50.283] INFO: [daemon.js:17438] [530be1abc91840e9ba0bf4a3c63117e4] → GET /mavis/api/agent/agent-78ebe0ad09ce
[18:45:50.284] INFO: [daemon.js:17438] [530be1abc91840e9ba0bf4a3c63117e4] ← GET /mavis/api/agent/agent-78ebe0ad09ce status=200 duration=1ms {"locale":"en"}
[18:45:50.286] INFO: [daemon.js:17438] [16786bcbaa93400599e962a468a1251a] → GET /mavis/api/agent/agent-78ebe0ad09ce/session/root
[18:45:50.287] INFO: [daemon.js:17438] [16786bcbaa93400599e962a468a1251a] ← GET /mavis/api/agent/agent-78ebe0ad09ce/session/root status=200 duration=1ms {"locale":"en"}
[18:45:50.291] INFO: [daemon.js:17438] [0d63faf71eac40f581b099edfa402329] → GET /mavis/api/agent/agent-78ebe0ad09ce/session/tree
[18:45:50.292] INFO: [daemon.js:17438] [fd60b809c60e436397ba01c0de57c3cc] → GET /mavis/api/agent/agent-78ebe0ad09ce/skill
[18:45:50.292] INFO: [daemon.js:17438] skill block emitted {"ctx":{"traceId":"155a0d7804a84043a99b138ba9109156"},"event":"skill_block_emitted","agent":"agent-78ebe0ad09ce","total_count":22,"total_chars":10433,"skills":[{"name":"create-agent","char_count":676,"source_kind":"builtin-global"},{"name":"init-harness","char_count":521,"source_kind":"builtin-global"},{"name":"lark-tools","char_count":899,"source_kind":"builtin-global"},{"name":"literature-note","char_count":281,"source_kind":"user-mavis"},{"name":"llm-call","char_count":337,"source_kind":"builtin-global"},{"name":"mavis","char_count":950,"source_kind":"builtin-global"},{"name":"mavis-browser","char_count":355,"source_kind":"builtin-global"},{"name":"mcp-cli","char_count":121,"source_kind":"builtin-global"},{"name":"mcp-onboarding","char_count":169,"source_kind":"builtin-global"},{"name":"minimax-docx","char_count":235,"source_kind":"builtin-global"},{"name":"minimax-pdf","char_count":322,"source_kind":"builtin-global"},{"name":"minimax-pptx","char_count":261,"source_kind":"builtin-global"},{"name":"minimax-xlsx","char_count":350,"source_kind":"builtin-global"},{"name":"obsidian-cli","char_count":1134,"source_kind":null},{"name":"plan-mode","char_count":308,"source_kind":"builtin-global"},{"name":"skill-creator","char_count":363,"source_kind":"builtin-global"},{"name":"skill-evolution","char_count":614,"source_kind":"builtin-global"},{"name":"skill-refiner","char_count":326,"source_kind":"builtin-global"},{"name":"visual-summary","char_count":614,"source_kind":"builtin-global"},{"name":"worktree-management","char_count":480,"source_kind":"builtin-global"},{"name":"x-link-reader","char_count":315,"source_kind":"builtin-global"},{"name":"zotero-use","char_count":802,"source_kind":null}]}
[18:45:50.293] INFO: [daemon.js:17438] [fd60b809c60e436397ba01c0de57c3cc] ← GET /mavis/api/agent/agent-78ebe0ad09ce/skill status=200 duration=1ms {"locale":"en"}
[18:45:50.302] INFO: [daemon.js:17438] [0d63faf71eac40f581b099edfa402329] ← GET /mavis/api/agent/agent-78ebe0ad09ce/session/tree status=200 duration=11ms {"locale":"en"}
[18:45:50.319] INFO: [daemon.js:17438] [515a221d172a46fbaa3c898a9aae2901] → GET /mavis/api/config
[18:45:50.319] INFO: [daemon.js:17438] [789a86e651c34205b90058d68920dc24] → GET /mavis/api/models
[18:45:50.319] INFO: [daemon.js:17438] [a2269d054b9a4f709adca99bd03b3e93] → GET /mavis/api/agent/agent-78ebe0ad09ce/skill
[18:45:50.320] INFO: [daemon.js:17438] [515a221d172a46fbaa3c898a9aae2901] ← GET /mavis/api/config status=200 duration=1ms {"locale":"en"}
[18:45:50.320] INFO: [daemon.js:17438] [789a86e651c34205b90058d68920dc24] ← GET /mavis/api/models status=200 duration=1ms {"locale":"en"}
[18:45:50.321] INFO: [daemon.js:17438] skill block emitted {"ctx":{"traceId":"fb5496810a154382970c6ce160497979"},"event":"skill_block_emitted","agent":"agent-78ebe0ad09ce","total_count":22,"total_chars":10433,"skills":[{"name":"create-agent","char_count":676,"source_kind":"builtin-global"},{"name":"init-harness","char_count":521,"source_kind":"builtin-global"},{"name":"lark-tools","char_count":899,"source_kind":"builtin-global"},{"name":"literature-note","char_count":281,"source_kind":"user-mavis"},{"name":"llm-call","char_count":337,"source_kind":"builtin-global"},{"name":"mavis","char_count":950,"source_kind":"builtin-global"},{"name":"mavis-browser","char_count":355,"source_kind":"builtin-global"},{"name":"mcp-cli","char_count":121,"source_kind":"builtin-global"},{"name":"mcp-onboarding","char_count":169,"source_kind":"builtin-global"},{"name":"minimax-docx","char_count":235,"source_kind":"builtin-global"},{"name":"minimax-pdf","char_count":322,"source_kind":"builtin-global"},{"name":"minimax-pptx","char_count":261,"source_kind":"builtin-global"},{"name":"minimax-xlsx","char_count":350,"source_kind":"builtin-global"},{"name":"obsidian-cli","char_count":1134,"source_kind":null},{"name":"plan-mode","char_count":308,"source_kind":"builtin-global"},{"name":"skill-creator","char_count":363,"source_kind":"builtin-global"},{"name":"skill-evolution","char_count":614,"source_kind":"builtin-global"},{"name":"skill-refiner","char_count":326,"source_kind":"builtin-global"},{"name":"visual-summary","char_count":614,"source_kind":"builtin-global"},{"name":"worktree-management","char_count":480,"source_kind":"builtin-global"},{"name":"x-link-reader","char_count":315,"source_kind":"builtin-global"},{"name":"zotero-use","char_count":802,"source_kind":null}]}
[18:45:50.321] INFO: [daemon.js:17438] [a2269d054b9a4f709adca99bd03b3e93] ← GET /mavis/api/agent/agent-78ebe0ad09ce/skill status=200 duration=2ms {"locale":"en"}
[18:45:50.321] INFO: [daemon.js:17438] [9593b05705a9449d94964c46786ff33b] → GET /mavis/api/session/mvs_c59d4bde9ed14f908c4e4b55fdc6be20/queue
[18:45:50.321] INFO: [daemon.js:17438] [9593b05705a9449d94964c46786ff33b] ← GET /mavis/api/session/mvs_c59d4bde9ed14f908c4e4b55fdc6be20/queue status=200 duration=0ms {"locale":"en"}
[18:45:50.323] INFO: [daemon.js:17438] [6ae3d745fa514d258e85286634d730d7] → GET /mavis/api/session/mvs_c59d4bde9ed14f908c4e4b55fdc6be20
[18:45:50.323] INFO: [daemon.js:17438] [6ae3d745fa514d258e85286634d730d7] ← GET /mavis/api/session/mvs_c59d4bde9ed14f908c4e4b55fdc6be20 status=200 duration=0ms {"locale":"en"}
[18:45:50.323] INFO: [daemon.js:17438] [15d9ba7ae3d746e597955175bd55638c] → GET /mavis/api/permission/requests
[18:45:50.323] INFO: [daemon.js:17438] [15d9ba7ae3d746e597955175bd55638c] ← GET /mavis/api/permission/requests status=200 duration=0ms {"locale":"en"}
[18:45:50.323] INFO: [daemon.js:17438] [ac25ac20c71b4d53ab939d81111d7973] → GET /mavis/api/agent/agent-78ebe0ad09ce/questionnaire/pending
[18:45:50.323] INFO: [daemon.js:17438] [ac25ac20c71b4d53ab939d81111d7973] ← GET /mavis/api/agent/agent-78ebe0ad09ce/questionnaire/pending status=200 duration=0ms {"locale":"en"}
[18:45:50.340] INFO: [daemon.js:17438] [7f3e96ddb9574990834d368ad74bf083] → GET /mavis/api/config/api-key-status
[18:45:50.341] INFO: [daemon.js:17438] [ec6e38ac10c941b880773040347c5030] → GET /mavis/api/config
[18:45:50.341] INFO: [daemon.js:17438] [7f3e96ddb9574990834d368ad74bf083] ← GET /mavis/api/config/api-key-status status=200 duration=1ms {"locale":"en"}
[18:45:50.341] INFO: [daemon.js:17438] [ec6e38ac10c941b880773040347c5030] ← GET /mavis/api/config status=200 duration=0ms {"locale":"en"}
[18:45:50.355] INFO: [daemon.js:17438] [cb9fe481eacf4bbd9e6dde31691d2b5e] → GET /mavis/api/session/mvs_c59d4bde9ed14f908c4e4b55fdc6be20/message
[18:45:50.356] INFO: [daemon.js:17438] MessageStore list completed {"ctx":{"traceId":"cb9fe481eacf4bbd9e6dde31691d2b5e","locale":"en"},"sessionId":"mvs_c59d4bde9ed14f908c4e4b55fdc6be20","durationMs":0,"messageCount":0,"hasNextCursor":false}
[18:45:50.356] INFO: [daemon.js:17438] [cb9fe481eacf4bbd9e6dde31691d2b5e] ← GET /mavis/api/session/mvs_c59d4bde9ed14f908c4e4b55fdc6be20/message status=200 duration=1ms {"locale":"en"}
[18:45:50.360] INFO: [daemon.js:17438] [4bd2174ea03a4f27bbfef12d63e3c33d] → GET /mavis/api/session/mvs_c59d4bde9ed14f908c4e4b55fdc6be20/queue
[18:45:50.360] INFO: [daemon.js:17438] [4bd2174ea03a4f27bbfef12d63e3c33d] ← GET /mavis/api/session/mvs_c59d4bde9ed14f908c4e4b55fdc6be20/queue status=200 duration=0ms {"locale":"en"}
[18:45:50.441] INFO: [daemon.js:17438] [015fd7513ee2413cbf54378e2a14a8ce] → GET /mavis/api/session/ses_17d35cbfaffecFc3GM86am28C3
[18:45:50.443] INFO: [daemon.js:17438] [015fd7513ee2413cbf54378e2a14a8ce] ← GET /mavis/api/session/ses_17d35cbfaffecFc3GM86am28C3 status=200 duration=2ms {"locale":"en"}
[18:45:50.444] INFO: [daemon.js:17438] [1af2313963e04923967aeedb45b52b8e] → GET /mavis/api/agent/agent-78ebe0ad09ce
[18:45:50.456] INFO: [daemon.js:17438] [1af2313963e04923967aeedb45b52b8e] ← GET /mavis/api/agent/agent-78ebe0ad09ce status=200 duration=12ms {"locale":"en"}
[18:45:50.458] INFO: [daemon.js:17438] [647a163dc31f4f6b9a5becb48623d540] → GET /mavis/api/agent/agent-78ebe0ad09ce/skill
[18:45:50.458] INFO: [daemon.js:17438] [f466e0552a694c65992000812b58b0b1] → GET /mavis/api/mcp/servers
[18:45:50.460] INFO: [daemon.js:17438] [f466e0552a694c65992000812b58b0b1] ← GET /mavis/api/mcp/servers status=200 duration=2ms {"locale":"en"}
[18:45:50.460] INFO: [daemon.js:17438] [dc9785aa575c4821a63a5e6255a9b131] → GET /mavis/api/mcp/native-tools
[18:45:50.461] INFO: [daemon.js:17438] [dc9785aa575c4821a63a5e6255a9b131] ← GET /mavis/api/mcp/native-tools status=200 duration=1ms {"locale":"en"}
[18:45:50.461] INFO: [daemon.js:17438] skill block emitted {"ctx":{"traceId":"d47e3fe14f6e4230b78463b5171f50ea"},"event":"skill_block_emitted","agent":"agent-78ebe0ad09ce","total_count":22,"total_chars":10433,"skills":[{"name":"create-agent","char_count":676,"source_kind":"builtin-global"},{"name":"init-harness","char_count":521,"source_kind":"builtin-global"},{"name":"lark-tools","char_count":899,"source_kind":"builtin-global"},{"name":"literature-note","char_count":281,"source_kind":"user-mavis"},{"name":"llm-call","char_count":337,"source_kind":"builtin-global"},{"name":"mavis","char_count":950,"source_kind":"builtin-global"},{"name":"mavis-browser","char_count":355,"source_kind":"builtin-global"},{"name":"mcp-cli","char_count":121,"source_kind":"builtin-global"},{"name":"mcp-onboarding","char_count":169,"source_kind":"builtin-global"},{"name":"minimax-docx","char_count":235,"source_kind":"builtin-global"},{"name":"minimax-pdf","char_count":322,"source_kind":"builtin-global"},{"name":"minimax-pptx","char_count":261,"source_kind":"builtin-global"},{"name":"minimax-xlsx","char_count":350,"source_kind":"builtin-global"},{"name":"obsidian-cli","char_count":1134,"source_kind":null},{"name":"plan-mode","char_count":308,"source_kind":"builtin-global"},{"name":"skill-creator","char_count":363,"source_kind":"builtin-global"},{"name":"skill-evolution","char_count":614,"source_kind":"builtin-global"},{"name":"skill-refiner","char_count":326,"source_kind":"builtin-global"},{"name":"visual-summary","char_count":614,"source_kind":"builtin-global"},{"name":"worktree-management","char_count":480,"source_kind":"builtin-global"},{"name":"x-link-reader","char_count":315,"source_kind":"builtin-global"},{"name":"zotero-use","char_count":802,"source_kind":null}]}
[18:45:50.462] INFO: [daemon.js:17438] [647a163dc31f4f6b9a5becb48623d540] ← GET /mavis/api/agent/agent-78ebe0ad09ce/skill status=200 duration=4ms {"locale":"en"}
[18:45:50.464] INFO: [daemon.js:17438] [815cc4d5d36c46f49c833a4495f8d8d3] → POST /mavis/api/metrics/runtime-event
[18:45:50.464] INFO: [daemon.js:17438] [815cc4d5d36c46f49c833a4495f8d8d3] ← POST /mavis/api/metrics/runtime-event status=204 duration=0ms {"locale":"en"}
[18:45:50.549] INFO: [daemon.js:17438] [e2f803df213343f1930e1c4bb2706ecd] → POST /mavis/api/session/mvs_c59d4bde9ed14f908c4e4b55fdc6be20/resume
[18:45:50.550] INFO: [daemon.js:17438] [e2f803df213343f1930e1c4bb2706ecd] [resume] SSE stream started, agentName=agent-78ebe0ad09ce, sessionId=mvs_c59d4bde9ed14f908c4e4b55fdc6be20, msgId=undefined, turnId=2cd5ebe3-47dc-467e-a1ef-271666de5da4, drainQueued=false {"locale":"en"}
[18:45:50.550] INFO: [daemon.js:17438] [e2f803df213343f1930e1c4bb2706ecd] ← POST /mavis/api/session/mvs_c59d4bde9ed14f908c4e4b55fdc6be20/resume status=200 duration=1ms {"locale":"en"}
[18:45:53.492] INFO: [daemon.js:17438] [d77dae256b864556b36e58e8c998ca10] [monitor] thinking TTFT measured sessionId=mvs_c59d4bde9ed14f908c4e4b55fdc6be20 agentName=agent-78ebe0ad09ce ttftMs=3268
[18:45:58.099] INFO: [daemon.js:17438] [f9f23185cc2f47bf98c65bf308b80533] [monitor] response TTFT measured sessionId=mvs_c59d4bde9ed14f908c4e4b55fdc6be20 agentName=agent-78ebe0ad09ce ttftMs=7875 breakdown={"resolveSession":1,"reconcileConfig":0,"hooks":5,"modelResolve":2,"adapterSend":7867}
[18:45:59.517] INFO: [daemon.js:17438] [b7306b3dc37f4a8fb8f403e1051a48d2] → GET /mavis/health
[18:45:59.517] INFO: [daemon.js:17438] [b7306b3dc37f4a8fb8f403e1051a48d2] ← GET /mavis/health status=200 duration=0ms {"locale":"en"}
[18:45:59.557] INFO: [daemon.js:17438] [1b4221f3d4b349dc884e00f8f52e825d] → POST /mavis/api/metrics/runtime-event
[18:45:59.558] INFO: [daemon.js:17438] [1b4221f3d4b349dc884e00f8f52e825d] ← POST /mavis/api/metrics/runtime-event status=204 duration=1ms {"locale":"en"}
[18:45:59.569] INFO: [daemon.js:17438] [7d94197a512b400daaa396caed4e9312] → GET /mavis/api/session/mvs_c59d4bde9ed14f908c4e4b55fdc6be20
[18:45:59.570] INFO: [daemon.js:17438] [7d94197a512b400daaa396caed4e9312] ← GET /mavis/api/session/mvs_c59d4bde9ed14f908c4e4b55fdc6be20 status=200 duration=1ms {"locale":"en"}
[18:45:59.839] INFO: [daemon.js:17438] [5684060bcd8640959b9a2a30cb3cc1f8] [bridge] Emitting session.finish event sessionId=mvs_c59d4bde9ed14f908c4e4b55fdc6be20 agentName=agent-78ebe0ad09ce isError=false
[18:45:59.842] INFO: [daemon.js:17438] [5f6d49b1ceb347bc835eb311c1722d28] [cron-store] Loaded cron configs, count=0
[18:46:04.457] INFO: [daemon.js:17438] [9b91b3d4f91c414f9b8000262c34a97c] → GET /mavis/api/agent/agent-78ebe0ad09ce
[18:46:04.458] INFO: [daemon.js:17438] [264f9cb2e087481dbcc5365355dab992] → GET /mavis/api/channel-bridge/status
[18:46:04.458] INFO: [daemon.js:17438] [264f9cb2e087481dbcc5365355dab992] ← GET /mavis/api/channel-bridge/status status=200 duration=0ms {"locale":"en"}
[18:46:04.459] INFO: [daemon.js:17438] [9b91b3d4f91c414f9b8000262c34a97c] ← GET /mavis/api/agent/agent-78ebe0ad09ce status=200 duration=2ms {"locale":"en"}
[18:46:09.522] INFO: [daemon.js:17438] [43ad96d19fd5444e9189cba7a292222a] → GET /mavis/health
[18:46:09.522] INFO: [daemon.js:17438] [43ad96d19fd5444e9189cba7a292222a] ← GET /mavis/health status=200 duration=0ms {"locale":"en"}
[18:46:09.680] INFO: [daemon.js:17438] [0a2e0a614d6d4243a6062f0455d653df] → POST /mavis/mcp/cu
[18:46:09.681] INFO: [daemon.js:17438] [0a2e0a614d6d4243a6062f0455d653df] ← POST /mavis/mcp/cu status=200 duration=1ms {"locale":"en"}
[18:46:09.682] INFO: [daemon.js:17438] [5a3c4c9aabf343c7898d13ed29bee10e] → POST /mavis/mcp/trash
[18:46:09.683] INFO: [daemon.js:17438] [5a3c4c9aabf343c7898d13ed29bee10e] ← POST /mavis/mcp/trash status=200 duration=1ms {"locale":"en"}
[18:46:09.933] INFO: [daemon.js:17438] [49c9ebbd4eca406b9960e16ca9281bd2] [mcp:matrix:stderr] [matrix-mcp-cli] tools/list dropped 2 unknown tool(s) not in this cli's KNOWN_TOOLS: matrix_extract_content_from_websites, matrix_get_upload_url
[18:46:10.946] INFO: [daemon.js:17438] [239c7b7e89be4411a0e899863fef2c9f] → GET /mavis/api/agent/agent-78ebe0ad09ce
[18:46:10.947] INFO: [daemon.js:17438] [662ca0446bf043ab8340aff83f8fe82b] → GET /mavis/api/channel-bridge/status
[18:46:10.947] INFO: [daemon.js:17438] [662ca0446bf043ab8340aff83f8fe82b] ← GET /mavis/api/channel-bridge/status status=200 duration=0ms {"locale":"en"}
[18:46:10.948] INFO: [daemon.js:17438] [239c7b7e89be4411a0e899863fef2c9f] ← GET /mavis/api/agent/agent-78ebe0ad09ce status=200 duration=2ms {"locale":"en"}
[18:46:19.527] INFO: [daemon.js:17438] [37fb1a9b9e014cbf87478cf2d67d2824] → GET /mavis/health
[18:46:19.527] INFO: [daemon.js:17438] [37fb1a9b9e014cbf87478cf2d67d2824] ← GET /mavis/health status=200 duration=0ms {"locale":"en"}
[18:46:29.538] INFO: [daemon.js:17438] [2b09ed7a0dde43e0ba8bedd79f9670ae] → GET /mavis/health
[18:46:29.538] INFO: [daemon.js:17438] [2b09ed7a0dde43e0ba8bedd79f9670ae] ← GET /mavis/health status=200 duration=0ms {"locale":"en"}
[18:46:36.632] INFO: [daemon.js:17438] [39b153cd3fed4b49b8766c588e5449f2] → GET /mavis/api/agent/agent-78ebe0ad09ce
[18:46:36.632] INFO: [daemon.js:17438] [7edd995d353f481f830029f4bd115614] → GET /mavis/api/channel-bridge/status
[18:46:36.632] INFO: [daemon.js:17438] [7edd995d353f481f830029f4bd115614] ← GET /mavis/api/channel-bridge/status status=200 duration=0ms {"locale":"en"}
[18:46:36.633] INFO: [daemon.js:17438] [39b153cd3fed4b49b8766c588e5449f2] ← GET /mavis/api/agent/agent-78ebe0ad09ce status=200 duration=1ms {"locale":"en"}
[18:46:39.550] INFO: [daemon.js:17438] [0faef84cecc843d2a65775243d1a072d] → GET /mavis/health
[18:46:39.550] INFO: [daemon.js:17438] [0faef84cecc843d2a65775243d1a072d] ← GET /mavis/health status=200 duration=0ms {"locale":"en"}
[18:46:49.554] INFO: [daemon.js:17438] [5d21c3d4d9a1484681f5435c0200526d] → GET /mavis/health
[18:46:49.554] INFO: [daemon.js:17438] [5d21c3d4d9a1484681f5435c0200526d] ← GET /mavis/health status=200 duration=0ms {"locale":"en"}
[18:46:59.569] INFO: [daemon.js:17438] [1202d6e08584404bbc2f84b996906f4a] → GET /mavis/health
[18:46:59.569] INFO: [daemon.js:17438] [1202d6e08584404bbc2f84b996906f4a] ← GET /mavis/health status=200 duration=0ms {"locale":"en"}
[18:47:09.576] INFO: [daemon.js:17438] [6fb78ad41dcc4707bb15b2c703ebba59] → GET /mavis/health
[18:47:09.576] INFO: [daemon.js:17438] [6fb78ad41dcc4707bb15b2c703ebba59] ← GET /mavis/health status=200 duration=0ms {"locale":"en"}
[18:47:19.585] INFO: [daemon.js:17438] [a2a4223d57f04ec3ab0956df0b6391c6] → GET /mavis/health
[18:47:19.585] INFO: [daemon.js:17438] [a2a4223d57f04ec3ab0956df0b6391c6] ← GET /mavis/health status=200 duration=0ms {"locale":"en"}
[18:47:29.588] INFO: [daemon.js:17438] [9c6305d30c194ea9b4a56e8942038eaf] → GET /mavis/health
[18:47:29.588] INFO: [daemon.js:17438] [9c6305d30c194ea9b4a56e8942038eaf] ← GET /mavis/health status=200 duration=0ms {"locale":"en"}
[18:47:39.593] INFO: [daemon.js:17438] [e2234686e3744a4280e1ea6af57c422c] → GET /mavis/health
[18:47:39.593] INFO: [daemon.js:17438] [e2234686e3744a4280e1ea6af57c422c] ← GET /mavis/health status=200 duration=0ms {"locale":"en"}
[18:47:49.602] INFO: [daemon.js:17438] [74ea58dcf07146418ccb5cd0c58f9f31] → GET /mavis/health
[18:47:49.602] INFO: [daemon.js:17438] [74ea58dcf07146418ccb5cd0c58f9f31] ← GET /mavis/health status=200 duration=0ms {"locale":"en"}
[18:47:59.611] INFO: [daemon.js:17438] [a7988eaba19c4af2be5e91ae7a00d4d8] → GET /mavis/health
[18:47:59.611] INFO: [daemon.js:17438] [a7988eaba19c4af2be5e91ae7a00d4d8] ← GET /mavis/health status=200 duration=0ms {"locale":"en"}
[18:48:09.619] INFO: [daemon.js:17438] [abf43894593a4eadb7a42146733cdf1c] → GET /mavis/health
[18:48:09.619] INFO: [daemon.js:17438] [abf43894593a4eadb7a42146733cdf1c] ← GET /mavis/health status=200 duration=0ms {"locale":"en"}
[18:48:19.630] INFO: [daemon.js:17438] [b8e309db17714439a8fe41e66d410d81] → GET /mavis/health
[18:48:19.630] INFO: [daemon.js:17438] [b8e309db17714439a8fe41e66d410d81] ← GET /mavis/health status=200 duration=0ms {"locale":"en"}
[18:48:29.639] INFO: [daemon.js:17438] [12b6ba6a72e54b879ffba4c472fb2511] → GET /mavis/health
[18:48:29.640] INFO: [daemon.js:17438] [12b6ba6a72e54b879ffba4c472fb2511] ← GET /mavis/health status=200 duration=1ms {"locale":"en"}
[18:48:39.663] INFO: [daemon.js:17438] [1d73e15158a14db58c30914f96946599] → GET /mavis/health
[18:48:39.663] INFO: [daemon.js:17438] [1d73e15158a14db58c30914f96946599] ← GET /mavis/health status=200 duration=0ms {"locale":"en"}
[18:48:49.661] INFO: [daemon.js:17438] [b0be01155aab485bb61dec8f407e9de7] → GET /mavis/health
[18:48:49.661] INFO: [daemon.js:17438] [b0be01155aab485bb61dec8f407e9de7] ← GET /mavis/health status=200 duration=0ms {"locale":"en"}
[18:48:59.672] INFO: [daemon.js:17438] [ae1bf2c3192246f596e71481ac195e07] → GET /mavis/health
[18:48:59.672] INFO: [daemon.js:17438] [ae1bf2c3192246f596e71481ac195e07] ← GET /mavis/health status=200 duration=0ms {"locale":"en"}
[18:49:09.665] INFO: [daemon.js:17438] [91cf2a75df494bacb2adeba8c372e2d3] → GET /mavis/health
[18:49:09.665] INFO: [daemon.js:17438] [91cf2a75df494bacb2adeba8c372e2d3] ← GET /mavis/health status=200 duration=0ms {"locale":"en"}
[18:49:19.673] INFO: [daemon.js:17438] [344a831fd0b149d3bc91090c4ff443d4] → GET /mavis/health
[18:49:19.673] INFO: [daemon.js:17438] [344a831fd0b149d3bc91090c4ff443d4] ← GET /mavis/health status=200 duration=0ms {"locale":"en"}
[18:49:29.686] INFO: [daemon.js:17438] [cee54aefdff04923a2811095ac4a0fd2] → GET /mavis/health
[18:49:29.687] INFO: [daemon.js:17438] [cee54aefdff04923a2811095ac4a0fd2] ← GET /mavis/health status=200 duration=1ms {"locale":"en"}
[18:49:39.701] INFO: [daemon.js:17438] [7a08b33dd0ea4189b14bb7b80a02b5f5] → GET /mavis/health
[18:49:39.701] INFO: [daemon.js:17438] [7a08b33dd0ea4189b14bb7b80a02b5f5] ← GET /mavis/health status=200 duration=0ms {"locale":"en"}
[18:49:49.690] INFO: [daemon.js:17438] [9163551c5ba44010be7174e334d8f00c] → GET /mavis/health
[18:49:49.690] INFO: [daemon.js:17438] [9163551c5ba44010be7174e334d8f00c] ← GET /mavis/health status=200 duration=0ms {"locale":"en"}
[18:49:59.700] INFO: [daemon.js:17438] [4441f1091dd34e7890d7d84e740918b4] → GET /mavis/health
[18:49:59.700] INFO: [daemon.js:17438] [4441f1091dd34e7890d7d84e740918b4] ← GET /mavis/health status=200 duration=0ms {"locale":"en"}
[18:50:09.712] INFO: [daemon.js:17438] [ad7d46c1f04b40f992da03206c1a94f7] → GET /mavis/health
[18:50:09.712] INFO: [daemon.js:17438] [ad7d46c1f04b40f992da03206c1a94f7] ← GET /mavis/health status=200 duration=0ms {"locale":"en"}
[18:50:14.637] INFO: [daemon.js:17438] [99cb4756b36e4883b4ddef9307155677] → GET /mavis/mcp/trash
[18:50:14.638] INFO: [daemon.js:17438] [99cb4756b36e4883b4ddef9307155677] ← GET /mavis/mcp/trash status=200 duration=1ms {"locale":"en"}
[18:50:14.638] INFO: [daemon.js:17438] [9818577bfc9d47859c224a8ad877ff8d] → GET /mavis/mcp/cu
[18:50:14.638] INFO: [daemon.js:17438] [9818577bfc9d47859c224a8ad877ff8d] ← GET /mavis/mcp/cu status=200 duration=0ms {"locale":"en"}
[18:50:19.717] INFO: [daemon.js:17438] [eb9bb3d7bfb84120a11daa8821020dc6] → GET /mavis/health
[18:50:19.717] INFO: [daemon.js:17438] [eb9bb3d7bfb84120a11daa8821020dc6] ← GET /mavis/health status=200 duration=0ms {"locale":"en"}
[18:50:29.731] INFO: [daemon.js:17438] [7ed8a2eb3a934d6d87c2176ae0fe36e2] → GET /mavis/health
[18:50:29.732] INFO: [daemon.js:17438] [7ed8a2eb3a934d6d87c2176ae0fe36e2] ← GET /mavis/health status=200 duration=1ms {"locale":"en"}
[18:50:39.743] INFO: [daemon.js:17438] [597987c82bbc469bba82b04d8ac63641] → GET /mavis/health
[18:50:39.744] INFO: [daemon.js:17438] [597987c82bbc469bba82b04d8ac63641] ← GET /mavis/health status=200 duration=1ms {"locale":"en"}
[18:50:49.765] INFO: [daemon.js:17438] [3f8853b74cab4156b973a697eb8e4d41] → GET /mavis/health
[18:50:49.765] INFO: [daemon.js:17438] [3f8853b74cab4156b973a697eb8e4d41] ← GET /mavis/health status=200 duration=0ms {"locale":"en"}
[18:50:59.777] INFO: [daemon.js:17438] [7b4052b1992d49ceb565f1f4e332f8eb] → GET /mavis/health
[18:50:59.777] INFO: [daemon.js:17438] [7b4052b1992d49ceb565f1f4e332f8eb] ← GET /mavis/health status=200 duration=0ms {"locale":"en"}
[18:51:09.683] INFO: [daemon.js:17438] [25b100b01c18460aa832435c15591408] [mcp:matrix:stderr] [matrix-mcp-cli] tools/list dropped 2 unknown tool(s) not in this cli's KNOWN_TOOLS: matrix_extract_content_from_websites, matrix_get_upload_url
[18:51:09.683] INFO: [daemon.js:17438] [d991d5c8f319491da6a71a1c5483364d] → POST /mavis/mcp/cu
[18:51:09.684] INFO: [daemon.js:17438] [d991d5c8f319491da6a71a1c5483364d] ← POST /mavis/mcp/cu status=200 duration=1ms {"locale":"en"}
[18:51:09.685] INFO: [daemon.js:17438] [242b12d569f74e5480e50122818713fc] → POST /mavis/mcp/trash
[18:51:09.685] INFO: [daemon.js:17438] [242b12d569f74e5480e50122818713fc] ← POST /mavis/mcp/trash status=200 duration=0ms {"locale":"en"}
[18:51:09.782] INFO: [daemon.js:17438] [b3d99b43a0904c438aa772ad4b59f8cd] → GET /mavis/health
[18:51:09.782] INFO: [daemon.js:17438] [b3d99b43a0904c438aa772ad4b59f8cd] ← GET /mavis/health status=200 duration=0ms {"locale":"en"}
[18:51:11.036] INFO: [daemon.js:17438] [2b60bd0011df471d8e654d544debb1d0] Reaping idle agent process, agentName=agent-78ebe0ad09ce, idleMs=320759, sessionCount=1
[18:51:11.037] INFO: [daemon.js:17438] [16968e0954b0494a9712b6c89fbf3d85] stopAgentProcess started, agentName=agent-78ebe0ad09ce, pid=33396, sessionCount=1
[18:51:11.288] INFO: [daemon.js:17438] [405af844e772457fb91496995b5cf066] Terminating process tree, agentName=agent-78ebe0ad09ce, pids=[33396,32904]
[18:51:19.785] INFO: [daemon.js:17438] [fa6846e03bd8406e97adfb227a73327f] → GET /mavis/health
[18:51:19.786] INFO: [daemon.js:17438] [fa6846e03bd8406e97adfb227a73327f] ← GET /mavis/health status=200 duration=1ms {"locale":"en"}
[18:51:29.801] INFO: [daemon.js:17438] [5f4f9b03fa714e16b3d4e4350a7ec6f8] → GET /mavis/health
[18:51:29.801] INFO: [daemon.js:17438] [5f4f9b03fa714e16b3d4e4350a7ec6f8] ← GET /mavis/health status=200 duration=0ms {"locale":"en"}
[18:51:39.804] INFO: [daemon.js:17438] [d6ca367f49f34b83a487ed82d16cc924] → GET /mavis/health
[18:51:39.804] INFO: [daemon.js:17438] [d6ca367f49f34b83a487ed82d16cc924] ← GET /mavis/health status=200 duration=0ms {"locale":"en"}
[18:51:49.809] INFO: [daemon.js:17438] [1487db63e6a94751b8a2e6c296aaca73] → GET /mavis/health
[18:51:49.810] INFO: [daemon.js:17438] [1487db63e6a94751b8a2e6c296aaca73] ← GET /mavis/health status=200 duration=1ms {"locale":"en"}
[18:51:59.820] INFO: [daemon.js:17438] [10ae974c0ba642e2ae2a9764450e8661] → GET /mavis/health
[18:51:59.820] INFO: [daemon.js:17438] [10ae974c0ba642e2ae2a9764450e8661] ← GET /mavis/health status=200 duration=0ms {"locale":"en"}
[18:52:09.843] INFO: [daemon.js:17438] [66fb3b6b2406457aa0df260bd5011582] → GET /mavis/health
[18:52:09.843] INFO: [daemon.js:17438] [66fb3b6b2406457aa0df260bd5011582] ← GET /mavis/health status=200 duration=0ms {"locale":"en"}
[18:52:19.840] INFO: [daemon.js:17438] [b4a8fee890f44dd0b2c75b816f8e0d3e] → GET /mavis/health
[18:52:19.840] INFO: [daemon.js:17438] [b4a8fee890f44dd0b2c75b816f8e0d3e] ← GET /mavis/health status=200 duration=0ms {"locale":"en"}
[18:52:29.853] INFO: [daemon.js:17438] [dba7700cfe564702885add3ae43379cc] → GET /mavis/health
[18:52:29.853] INFO: [daemon.js:17438] [dba7700cfe564702885add3ae43379cc] ← GET /mavis/health status=200 duration=0ms {"locale":"en"}
[18:52:36.641] INFO: [daemon.js:17438] [4fcd5f52a96440b4b10e0abd77053e15] → GET /mavis/api/permission/requests
[18:52:36.642] INFO: [daemon.js:17438] [4fcd5f52a96440b4b10e0abd77053e15] ← GET /mavis/api/permission/requests status=200 duration=1ms {"locale":"en"}
[18:52:36.642] INFO: [daemon.js:17438] [a363d16798d745ee9a6c439dcf0dd90e] → GET /mavis/api/session/mvs_c59d4bde9ed14f908c4e4b55fdc6be20/message
[18:52:36.642] INFO: [daemon.js:17438] MessageStore list completed {"ctx":{"traceId":"a363d16798d745ee9a6c439dcf0dd90e","locale":"en"},"sessionId":"mvs_c59d4bde9ed14f908c4e4b55fdc6be20","durationMs":0,"messageCount":1,"hasNextCursor":false}
[18:52:36.643] INFO: [daemon.js:17438] [a363d16798d745ee9a6c439dcf0dd90e] ← GET /mavis/api/session/mvs_c59d4bde9ed14f908c4e4b55fdc6be20/message status=200 duration=1ms {"locale":"en"}
[18:52:36.647] INFO: [daemon.js:17438] [decdeef525d74b4a99aad1cbd5f6c3fa] → GET /mavis/api/session/mvs_c59d4bde9ed14f908c4e4b55fdc6be20
[18:52:36.648] INFO: [daemon.js:17438] [decdeef525d74b4a99aad1cbd5f6c3fa] ← GET /mavis/api/session/mvs_c59d4bde9ed14f908c4e4b55fdc6be20 status=200 duration=1ms {"locale":"en"}
[18:52:36.650] INFO: [daemon.js:17438] [29fe567b69a04264853b3090975c5291] → GET /mavis/api/session/mvs_c59d4bde9ed14f908c4e4b55fdc6be20/queue
[18:52:36.650] INFO: [daemon.js:17438] [29fe567b69a04264853b3090975c5291] ← GET /mavis/api/session/mvs_c59d4bde9ed14f908c4e4b55fdc6be20/queue status=200 duration=0ms {"locale":"en"}
[18:52:39.873] INFO: [daemon.js:17438] [7b040f9de50048398f8d2a1cd8d33edb] → GET /mavis/health
[18:52:39.873] INFO: [daemon.js:17438] [7b040f9de50048398f8d2a1cd8d33edb] ← GET /mavis/health status=200 duration=0ms {"locale":"en"}
[18:52:49.878] INFO: [daemon.js:17438] [9bb38e20581646bf9d2e56ffbc0ce422] → GET /mavis/health
[18:52:49.878] INFO: [daemon.js:17438] [9bb38e20581646bf9d2e56ffbc0ce422] ← GET /mavis/health status=200 duration=0ms {"locale":"en"}
[18:52:56.150] INFO: [daemon.js:17438] [ccc5956cf846470f98b8c33db468bd2b] → GET /mavis/api/config
[18:52:56.151] INFO: [daemon.js:17438] [f020ef0dcc3141f684e97ff0956666fc] → GET /mavis/api/models
[18:52:56.151] INFO: [daemon.js:17438] [3d9dd35d80da4fac9b7c00f3051e62a4] → GET /mavis/api/agent/mavis/skill
[18:52:56.152] INFO: [daemon.js:17438] [ccc5956cf846470f98b8c33db468bd2b] ← GET /mavis/api/config status=200 duration=2ms {"locale":"en"}
[18:52:56.153] INFO: [daemon.js:17438] skill block emitted {"ctx":{"traceId":"3d429c6906cf47a0b6801e71cebf0973"},"event":"skill_block_emitted","agent":"mavis","total_count":24,"total_chars":11685,"skills":[{"name":"create-agent","char_count":676,"source_kind":"builtin-global"},{"name":"init-harness","char_count":521,"source_kind":"builtin-global"},{"name":"lark-tools","char_count":899,"source_kind":"builtin-global"},{"name":"literature-note","char_count":281,"source_kind":"user-mavis"},{"name":"llm-call","char_count":337,"source_kind":"builtin-global"},{"name":"mavis","char_count":950,"source_kind":"builtin-global"},{"name":"mavis-browser","char_count":355,"source_kind":"builtin-global"},{"name":"mavis-doctor","char_count":300,"source_kind":"builtin-agent"},{"name":"mavis-team","char_count":952,"source_kind":"builtin-agent"},{"name":"mcp-cli","char_count":121,"source_kind":"builtin-global"},{"name":"mcp-onboarding","char_count":169,"source_kind":"builtin-global"},{"name":"minimax-docx","char_count":235,"source_kind":"builtin-global"},{"name":"minimax-pdf","char_count":322,"source_kind":"builtin-global"},{"name":"minimax-pptx","char_count":261,"source_kind":"builtin-global"},{"name":"minimax-xlsx","char_count":350,"source_kind":"builtin-global"},{"name":"obsidian-cli","char_count":1134,"source_kind":null},{"name":"plan-mode","char_count":308,"source_kind":"builtin-global"},{"name":"skill-creator","char_count":363,"source_kind":"builtin-global"},{"name":"skill-evolution","char_count":614,"source_kind":"builtin-global"},{"name":"skill-refiner","char_count":326,"source_kind":"builtin-global"},{"name":"visual-summary","char_count":614,"source_kind":"builtin-global"},{"name":"worktree-management","char_count":480,"source_kind":"builtin-global"},{"name":"x-link-reader","char_count":315,"source_kind":"builtin-global"},{"name":"zotero-use","char_count":802,"source_kind":null}]}
[18:52:56.153] INFO: [daemon.js:17438] [3d9dd35d80da4fac9b7c00f3051e62a4] ← GET /mavis/api/agent/mavis/skill status=200 duration=2ms {"locale":"en"}
[18:52:56.167] INFO: [daemon.js:17438] [6a10381345f64e9f840fd601208d0303] → GET /mavis/api/config/api-key-status
[18:52:56.167] INFO: [daemon.js:17438] [6007e738a36440e6b9cdbc5dd314873a] → GET /mavis/api/config
[18:52:56.168] INFO: [daemon.js:17438] [6a10381345f64e9f840fd601208d0303] ← GET /mavis/api/config/api-key-status status=200 duration=1ms {"locale":"en"}
[18:52:56.168] INFO: [daemon.js:17438] [6007e738a36440e6b9cdbc5dd314873a] ← GET /mavis/api/config status=200 duration=1ms {"locale":"en"}
[18:52:56.531] INFO: [daemon.js:17438] [f020ef0dcc3141f684e97ff0956666fc] ← GET /mavis/api/models status=200 duration=380ms {"locale":"en"}
[18:52:59.897] INFO: [daemon.js:17438] [135e8e991a934b89849c741ea59897aa] → GET /mavis/health
[18:52:59.898] INFO: [daemon.js:17438] [135e8e991a934b89849c741ea59897aa] ← GET /mavis/health status=200 duration=1ms {"locale":"en"}
[18:53:09.892] INFO: [daemon.js:17438] [343b6aa6baf94422a7d5a9c0ec99b13a] → GET /mavis/health
[18:53:09.893] INFO: [daemon.js:17438] [343b6aa6baf94422a7d5a9c0ec99b13a] ← GET /mavis/health status=200 duration=1ms {"locale":"en"}
[18:53:19.908] INFO: [daemon.js:17438] [861d53ccf60c4a08970c997fd8bdaa33] → GET /mavis/health
[18:53:19.908] INFO: [daemon.js:17438] [861d53ccf60c4a08970c997fd8bdaa33] ← GET /mavis/health status=200 duration=0ms {"locale":"en"}
[18:53:22.055] INFO: [daemon.js:17438] [975e078c84ed4c40848b40992aef202d] → POST /mavis/api/agent/mavis/session
[18:53:22.056] INFO: [daemon.js:17438] [975e078c84ed4c40848b40992aef202d] Creating new session, name=mavis, workspaceDir=C:\Users\jethr\.minimax-agent\projects, title=undefined, model=undefined {"locale":"en"}
[18:53:22.056] INFO: [daemon.js:17438] [975e078c84ed4c40848b40992aef202d] newSession started, agentName=mavis, workspaceDir=C:\Users\jethr\.minimax-agent\projects, parentSessionId=undefined {"locale":"en"}
[18:53:22.056] INFO: [daemon.js:17438] [975e078c84ed4c40848b40992aef202d] newSession started, agentName=mavis, workspaceDir=C:\Users\jethr\.minimax-agent\projects {"locale":"en"}
[18:53:22.064] INFO: [daemon.js:17438] [975e078c84ed4c40848b40992aef202d] created session, daemonId=mvs_b64802478430455b968a4d7fb38e953a, frameworkId=ses_17d2ee6f1ffeln5wikkdU7hu8T, agent=mavis {"locale":"en"}
[18:53:22.066] INFO: [daemon.js:17438] Branch session created {"ctx":{"traceId":"975e078c84ed4c40848b40992aef202d","locale":"en"},"agentName":"mavis","sessionId":"mvs_b64802478430455b968a4d7fb38e953a","workspaceDir":"C:\\Users\\jethr\\.minimax-agent\\projects"}
[18:53:22.066] INFO: [daemon.js:17438] [975e078c84ed4c40848b40992aef202d] ← POST /mavis/api/agent/mavis/session status=201 duration=11ms {"locale":"en"}
[18:53:22.068] INFO: [daemon.js:17438] [d653b651f8c34cf499b9793d40ed3a85] → GET /mavis/api/session/mvs_b64802478430455b968a4d7fb38e953a
[18:53:22.069] INFO: [daemon.js:17438] [24e02eb408fc4789a48212b5b5b2b8a1] → PUT /mavis/api/models/select
[18:53:22.069] INFO: [daemon.js:17438] [24e02eb408fc4789a48212b5b5b2b8a1] ← PUT /mavis/api/models/select status=200 duration=0ms {"locale":"en"}
[18:53:22.070] INFO: [daemon.js:17438] [d653b651f8c34cf499b9793d40ed3a85] ← GET /mavis/api/session/mvs_b64802478430455b968a4d7fb38e953a status=200 duration=2ms {"locale":"en"}
[18:53:22.087] INFO: [daemon.js:17438] [126ccce53d9343e7817de92c59b5f29b] → GET /mavis/api/config
[18:53:22.087] INFO: [daemon.js:17438] [9bae7a1c8a844ac4ad6685faf4e97c20] → GET /mavis/api/models
[18:53:22.088] INFO: [daemon.js:17438] [126ccce53d9343e7817de92c59b5f29b] ← GET /mavis/api/config status=200 duration=1ms {"locale":"en"}
[18:53:22.088] INFO: [daemon.js:17438] [9bae7a1c8a844ac4ad6685faf4e97c20] ← GET /mavis/api/models status=200 duration=1ms {"locale":"en"}
[18:53:22.088] INFO: [daemon.js:17438] [e1e71935136647fe942d0825057367be] → GET /mavis/api/agent/mavis/skill
[18:53:22.089] INFO: [daemon.js:17438] skill block emitted {"ctx":{"traceId":"057294966d9f4e7aa23cd1eaa7632d74"},"event":"skill_block_emitted","agent":"mavis","total_count":24,"total_chars":11685,"skills":[{"name":"create-agent","char_count":676,"source_kind":"builtin-global"},{"name":"init-harness","char_count":521,"source_kind":"builtin-global"},{"name":"lark-tools","char_count":899,"source_kind":"builtin-global"},{"name":"literature-note","char_count":281,"source_kind":"user-mavis"},{"name":"llm-call","char_count":337,"source_kind":"builtin-global"},{"name":"mavis","char_count":950,"source_kind":"builtin-global"},{"name":"mavis-browser","char_count":355,"source_kind":"builtin-global"},{"name":"mavis-doctor","char_count":300,"source_kind":"builtin-agent"},{"name":"mavis-team","char_count":952,"source_kind":"builtin-agent"},{"name":"mcp-cli","char_count":121,"source_kind":"builtin-global"},{"name":"mcp-onboarding","char_count":169,"source_kind":"builtin-global"},{"name":"minimax-docx","char_count":235,"source_kind":"builtin-global"},{"name":"minimax-pdf","char_count":322,"source_kind":"builtin-global"},{"name":"minimax-pptx","char_count":261,"source_kind":"builtin-global"},{"name":"minimax-xlsx","char_count":350,"source_kind":"builtin-global"},{"name":"obsidian-cli","char_count":1134,"source_kind":null},{"name":"plan-mode","char_count":308,"source_kind":"builtin-global"},{"name":"skill-creator","char_count":363,"source_kind":"builtin-global"},{"name":"skill-evolution","char_count":614,"source_kind":"builtin-global"},{"name":"skill-refiner","char_count":326,"source_kind":"builtin-global"},{"name":"visual-summary","char_count":614,"source_kind":"builtin-global"},{"name":"worktree-management","char_count":480,"source_kind":"builtin-global"},{"name":"x-link-reader","char_count":315,"source_kind":"builtin-global"},{"name":"zotero-use","char_count":802,"source_kind":null}]}
[18:53:22.089] INFO: [daemon.js:17438] [e1e71935136647fe942d0825057367be] ← GET /mavis/api/agent/mavis/skill status=200 duration=1ms {"locale":"en"}
[18:53:22.090] INFO: [daemon.js:17438] [fec123b5e641480f9a105a98db0b1e2f] → GET /mavis/api/session/mvs_b64802478430455b968a4d7fb38e953a/queue
[18:53:22.090] INFO: [daemon.js:17438] [fec123b5e641480f9a105a98db0b1e2f] ← GET /mavis/api/session/mvs_b64802478430455b968a4d7fb38e953a/queue status=200 duration=0ms {"locale":"en"}
[18:53:22.090] INFO: [daemon.js:17438] [5a46631cb4c949fd8889f37c0d0a2d0a] → GET /mavis/api/session/mvs_b64802478430455b968a4d7fb38e953a
[18:53:22.090] INFO: [daemon.js:17438] [75dd34a38e57490ca13b108df36cef9f] → GET /mavis/api/permission/requests
[18:53:22.091] INFO: [daemon.js:17438] [75dd34a38e57490ca13b108df36cef9f] ← GET /mavis/api/permission/requests status=200 duration=1ms {"locale":"en"}
[18:53:22.091] INFO: [daemon.js:17438] [5c5573a017a04f92a83f26a05426bb80] → GET /mavis/api/agent/mavis/questionnaire/pending
[18:53:22.092] INFO: [daemon.js:17438] [5c5573a017a04f92a83f26a05426bb80] ← GET /mavis/api/agent/mavis/questionnaire/pending status=200 duration=1ms {"locale":"en"}
[18:53:22.092] INFO: [daemon.js:17438] [5a46631cb4c949fd8889f37c0d0a2d0a] ← GET /mavis/api/session/mvs_b64802478430455b968a4d7fb38e953a status=200 duration=2ms {"locale":"en"}
[18:53:22.101] INFO: [daemon.js:17438] [01d780b3000e4f7a8ec09bd4be1dae38] → GET /mavis/api/config/api-key-status
[18:53:22.102] INFO: [daemon.js:17438] [4506efdcb0094e0990eebdeadccbe11b] → GET /mavis/api/config
[18:53:22.102] INFO: [daemon.js:17438] [01d780b3000e4f7a8ec09bd4be1dae38] ← GET /mavis/api/config/api-key-status status=200 duration=1ms {"locale":"en"}
[18:53:22.102] INFO: [daemon.js:17438] [4506efdcb0094e0990eebdeadccbe11b] ← GET /mavis/api/config status=200 duration=0ms {"locale":"en"}
[18:53:22.111] INFO: [daemon.js:17438] [4f8abe6ae78649da9b07b84c51a872fa] → GET /mavis/api/session/mvs_b64802478430455b968a4d7fb38e953a/message
[18:53:22.112] INFO: [daemon.js:17438] MessageStore list completed {"ctx":{"traceId":"4f8abe6ae78649da9b07b84c51a872fa","locale":"en"},"sessionId":"mvs_b64802478430455b968a4d7fb38e953a","durationMs":0,"messageCount":0,"hasNextCursor":false}
[18:53:22.112] INFO: [daemon.js:17438] [4f8abe6ae78649da9b07b84c51a872fa] ← GET /mavis/api/session/mvs_b64802478430455b968a4d7fb38e953a/message status=200 duration=1ms {"locale":"en"}
[18:53:22.114] INFO: [daemon.js:17438] [d1d03f91d0f44c9e8f26590e05477f05] → GET /mavis/api/session/mvs_b64802478430455b968a4d7fb38e953a/queue
[18:53:22.115] INFO: [daemon.js:17438] [d1d03f91d0f44c9e8f26590e05477f05] ← GET /mavis/api/session/mvs_b64802478430455b968a4d7fb38e953a/queue status=200 duration=0ms {"locale":"en"}
[18:53:22.120] INFO: [daemon.js:17438] [b6a4be7c1b974d54a393e6477881887c] → POST /mavis/api/content
[18:53:22.383] INFO: [daemon.js:17438] [b6a4be7c1b974d54a393e6477881887c] ← POST /mavis/api/content status=200 duration=263ms {"locale":"en"}
[18:53:22.388] INFO: [daemon.js:17438] [5a5ed15996114f0e9c153c59e8b670ce] → POST /mavis/api/session/mvs_b64802478430455b968a4d7fb38e953a/message
[18:53:22.389] INFO: [daemon.js:17438] [5a5ed15996114f0e9c153c59e8b670ce] SendMessage received for mavis/mvs_b64802478430455b968a4d7fb38e953a {"locale":"en"}
[18:53:22.389] INFO: [daemon.js:17438] [message] Forwarding user message {"ctx":{"traceId":"5a5ed15996114f0e9c153c59e8b670ce","locale":"en"},"agentName":"mavis","sessionId":"mvs_b64802478430455b968a4d7fb38e953a","queuedMessageCount":0,"turnId":"1833a8fa-8b37-4002-a1aa-a4fe722cb80c"}
[18:53:22.389] INFO: [daemon.js:17438] [5a5ed15996114f0e9c153c59e8b670ce] ← POST /mavis/api/session/mvs_b64802478430455b968a4d7fb38e953a/message status=200 duration=1ms {"locale":"en"}
[18:53:22.390] INFO: [daemon.js:17438] [09d461356c0849bd8e5a14087b37f48d] Session turnId updated sessionId=mvs_b64802478430455b968a4d7fb38e953a turnId=1833a8fa-8b37-4002-a1aa-a4fe722cb80c
[18:53:22.390] INFO: [daemon.js:17438] [bd4bfd2c3d294978a8a6cd64bae40f3e] Resolved model from request override agentName=mavis providerID=minimax modelID=MiniMax-M2.7
[18:53:22.397] INFO: [daemon.js:17438] [1286a312e27f45a1832cf8201ff26c9b] Resolved model from request override agentName=mavis providerID=minimax modelID=MiniMax-M2.7
[18:53:22.401] INFO: [daemon.js:17438] [5a5ed15996114f0e9c153c59e8b670ce] sendMessage started, agentName=mavis, sessionId=mvs_b64802478430455b968a4d7fb38e953a {"locale":"en"}
[18:53:22.425] INFO: [daemon.js:17438] [4abb8206f8ba42399187680c04253415] → GET /mavis/api/session/ses_17d2ee6f1ffeln5wikkdU7hu8T
[18:53:22.427] INFO: [daemon.js:17438] [4abb8206f8ba42399187680c04253415] ← GET /mavis/api/session/ses_17d2ee6f1ffeln5wikkdU7hu8T status=200 duration=2ms {"locale":"en"}
[18:53:22.428] INFO: [daemon.js:17438] [efc67f2e1adf4cf5b0e2b5ab7a7ae459] → GET /mavis/api/agent/mavis
[18:53:22.429] INFO: [daemon.js:17438] [efc67f2e1adf4cf5b0e2b5ab7a7ae459] ← GET /mavis/api/agent/mavis status=200 duration=1ms {"locale":"en"}
[18:53:22.430] INFO: [daemon.js:17438] [aae67ab4b36f45079ef1a861e112b7b9] → GET /mavis/api/agent/mavis/skill
[18:53:22.430] INFO: [daemon.js:17438] [322286b108d24957b4ed9f9069d1ffd3] → GET /mavis/api/mcp/servers
[18:53:22.432] INFO: [daemon.js:17438] [322286b108d24957b4ed9f9069d1ffd3] ← GET /mavis/api/mcp/servers status=200 duration=2ms {"locale":"en"}
[18:53:22.432] INFO: [daemon.js:17438] [00a022003167424cbecf46206eb4b092] → GET /mavis/api/mcp/native-tools
[18:53:22.433] INFO: [daemon.js:17438] [00a022003167424cbecf46206eb4b092] ← GET /mavis/api/mcp/native-tools status=200 duration=1ms {"locale":"en"}
[18:53:22.434] INFO: [daemon.js:17438] skill block emitted {"ctx":{"traceId":"691a7185a3ec4671871a6aaac2b282c3"},"event":"skill_block_emitted","agent":"mavis","total_count":24,"total_chars":11685,"skills":[{"name":"create-agent","char_count":676,"source_kind":"builtin-global"},{"name":"init-harness","char_count":521,"source_kind":"builtin-global"},{"name":"lark-tools","char_count":899,"source_kind":"builtin-global"},{"name":"literature-note","char_count":281,"source_kind":"user-mavis"},{"name":"llm-call","char_count":337,"source_kind":"builtin-global"},{"name":"mavis","char_count":950,"source_kind":"builtin-global"},{"name":"mavis-browser","char_count":355,"source_kind":"builtin-global"},{"name":"mavis-doctor","char_count":300,"source_kind":"builtin-agent"},{"name":"mavis-team","char_count":952,"source_kind":"builtin-agent"},{"name":"mcp-cli","char_count":121,"source_kind":"builtin-global"},{"name":"mcp-onboarding","char_count":169,"source_kind":"builtin-global"},{"name":"minimax-docx","char_count":235,"source_kind":"builtin-global"},{"name":"minimax-pdf","char_count":322,"source_kind":"builtin-global"},{"name":"minimax-pptx","char_count":261,"source_kind":"builtin-global"},{"name":"minimax-xlsx","char_count":350,"source_kind":"builtin-global"},{"name":"obsidian-cli","char_count":1134,"source_kind":null},{"name":"plan-mode","char_count":308,"source_kind":"builtin-global"},{"name":"skill-creator","char_count":363,"source_kind":"builtin-global"},{"name":"skill-evolution","char_count":614,"source_kind":"builtin-global"},{"name":"skill-refiner","char_count":326,"source_kind":"builtin-global"},{"name":"visual-summary","char_count":614,"source_kind":"builtin-global"},{"name":"worktree-management","char_count":480,"source_kind":"builtin-global"},{"name":"x-link-reader","char_count":315,"source_kind":"builtin-global"},{"name":"zotero-use","char_count":802,"source_kind":null}]}
[18:53:22.434] INFO: [daemon.js:17438] [aae67ab4b36f45079ef1a861e112b7b9] ← GET /mavis/api/agent/mavis/skill status=200 duration=4ms {"locale":"en"}
[18:53:22.435] INFO: [daemon.js:17438] [b89f811d98004eaabc3c09bfcff6e6a6] → POST /mavis/api/metrics/runtime-event
[18:53:22.436] INFO: [daemon.js:17438] [b89f811d98004eaabc3c09bfcff6e6a6] ← POST /mavis/api/metrics/runtime-event status=204 duration=1ms {"locale":"en"}
[18:53:29.555] WARN: [daemon.js:17438] LLM returned invalid title, retrying {"sessionId":"mvs_b64802478430455b968a4d7fb38e953a","attempt":0,"rawLen":2264,"raw":"# Agent Teams Explanation & Setup Guide ## What Are Agent Teams? Agent teams all"}
[18:53:29.928] INFO: [daemon.js:17438] [925127d1a0ce408e936a37df2597ef90] → GET /mavis/health
[18:53:29.928] INFO: [daemon.js:17438] [925127d1a0ce408e936a37df2597ef90] ← GET /mavis/health status=200 duration=0ms {"locale":"en"}
[18:53:31.090] INFO: [daemon.js:17438] [2aba35935d404b50936a56922dc0e283] → POST /mavis/api/metrics/runtime-event
[18:53:31.091] INFO: [daemon.js:17438] [2aba35935d404b50936a56922dc0e283] ← POST /mavis/api/metrics/runtime-event status=204 duration=1ms {"locale":"en"}
[18:53:31.093] INFO: [daemon.js:17438] [3268b024d5da4b4bbbfad0780045d54a] [monitor] thinking TTFT measured sessionId=mvs_b64802478430455b968a4d7fb38e953a agentName=mavis ttftMs=8704
[18:53:31.094] INFO: [daemon.js:17438] [24e6ba222ea148ce8bb06eaee8121114] [monitor] response TTFT measured sessionId=mvs_b64802478430455b968a4d7fb38e953a agentName=mavis ttftMs=8705 breakdown={"resolveSession":1,"reconcileConfig":0,"hooks":7,"modelResolve":4,"adapterSend":8693}
[18:53:31.760] INFO: [daemon.js:17438] [daa36ed80e21440eb2b4fa2ef611ea74] [bridge] Emitting session.finish event sessionId=mvs_b64802478430455b968a4d7fb38e953a agentName=mavis isError=false
[18:53:31.766] INFO: [daemon.js:17438] [8811d00d1bb549988f13d2842857726e] [cron-store] Loaded cron configs, count=0
[18:53:31.773] INFO: [daemon.js:17438] [63d400be528c46ad87ac91b0e3306831] → GET /mavis/api/session/mvs_b64802478430455b968a4d7fb38e953a/diff
[18:53:31.773] INFO: [daemon.js:17438] [00c455659f18416c903c41cca1ad97b8] → GET /mavis/api/session/mvs_b64802478430455b968a4d7fb38e953a
[18:53:31.775] INFO: [daemon.js:17438] [63d400be528c46ad87ac91b0e3306831] ← GET /mavis/api/session/mvs_b64802478430455b968a4d7fb38e953a/diff status=200 duration=2ms {"locale":"en"}
[18:53:31.777] INFO: [daemon.js:17438] [00c455659f18416c903c41cca1ad97b8] ← GET /mavis/api/session/mvs_b64802478430455b968a4d7fb38e953a status=200 duration=4ms {"locale":"en"}
[18:53:39.933] INFO: [daemon.js:17438] [d7517fb28938472a86d471cb940091d0] → GET /mavis/health
[18:53:39.933] INFO: [daemon.js:17438] [d7517fb28938472a86d471cb940091d0] ← GET /mavis/health status=200 duration=0ms {"locale":"en"}
[18:53:44.385] WARN: [daemon.js:17438] LLM returned invalid title, retrying {"sessionId":"mvs_b64802478430455b968a4d7fb38e953a","attempt":1,"rawLen":1661,"raw":"# Agent Teams ## How Agent Teams Work Agent teams enable **multiple AI agents to"}
[18:53:44.625] INFO: [daemon.js:17438] [74908f11b15d4db9acfc56ac4925e404] Session updated, sessionId=mvs_b64802478430455b968a4d7fb38e953a, updates={"title":"/create-agent Would you please"}
[18:53:44.625] INFO: [daemon.js:17438] Session title auto-generated {"sessionId":"mvs_b64802478430455b968a4d7fb38e953a","agentName":"mavis","title":"/create-agent Would you please"}
[18:53:44.626] INFO: [daemon.js:17438] [e16f1274636c4861912c72cf88574c20] → GET /mavis/api/session/mvs_b64802478430455b968a4d7fb38e953a
[18:53:44.632] INFO: [daemon.js:17438] [e16f1274636c4861912c72cf88574c20] ← GET /mavis/api/session/mvs_b64802478430455b968a4d7fb38e953a status=200 duration=6ms {"locale":"en"}
[18:53:49.921] INFO: [daemon.js:17438] [888128858d714a289fd9e985c35d31cf] → GET /mavis/health
[18:53:49.921] INFO: [daemon.js:17438] [888128858d714a289fd9e985c35d31cf] ← GET /mavis/health status=200 duration=0ms {"locale":"en"}
[18:53:59.943] INFO: [daemon.js:17438] [cdeb319be24a4056a436e8196202fc21] → GET /mavis/health
[18:53:59.943] INFO: [daemon.js:17438] [cdeb319be24a4056a436e8196202fc21] ← GET /mavis/health status=200 duration=0ms {"locale":"en"}
[18:54:09.947] INFO: [daemon.js:17438] [7fb611d8979142f5b0c6122db15c764b] → GET /mavis/health
[18:54:09.948] INFO: [daemon.js:17438] [7fb611d8979142f5b0c6122db15c764b] ← GET /mavis/health status=200 duration=1ms {"locale":"en"}
[18:54:19.952] INFO: [daemon.js:17438] [e0a7bc315f874c2a98d8525f78d51155] → GET /mavis/health
[18:54:19.952] INFO: [daemon.js:17438] [e0a7bc315f874c2a98d8525f78d51155] ← GET /mavis/health status=200 duration=0ms {"locale":"en"}
[18:54:29.972] INFO: [daemon.js:17438] [31eca4aca36444ea9379d768596d570e] → GET /mavis/health
[18:54:29.973] INFO: [daemon.js:17438] [31eca4aca36444ea9379d768596d570e] ← GET /mavis/health status=200 duration=1ms {"locale":"en"}
[18:54:39.978] INFO: [daemon.js:17438] [3aa34fa52fcb4f26ab64f1455fada17d] → GET /mavis/health
[18:54:39.978] INFO: [daemon.js:17438] [3aa34fa52fcb4f26ab64f1455fada17d] ← GET /mavis/health status=200 duration=0ms {"locale":"en"}
[18:54:49.968] INFO: [daemon.js:17438] [2143cc6389c14c3889cbb8ceb478cb8b] → GET /mavis/health
[18:54:49.968] INFO: [daemon.js:17438] [2143cc6389c14c3889cbb8ceb478cb8b] ← GET /mavis/health status=200 duration=0ms {"locale":"en"}
[18:54:59.987] INFO: [daemon.js:17438] [918d434f6a5c442e9e7998ea066ce0e5] → GET /mavis/health
[18:54:59.988] INFO: [daemon.js:17438] [918d434f6a5c442e9e7998ea066ce0e5] ← GET /mavis/health status=200 duration=1ms {"locale":"en"}
[18:55:09.992] INFO: [daemon.js:17438] [fe3f575b458f49da88c19fb77a57fda9] → GET /mavis/health
[18:55:09.993] INFO: [daemon.js:17438] [fe3f575b458f49da88c19fb77a57fda9] ← GET /mavis/health status=200 duration=1ms {"locale":"en"}
[18:55:20.013] INFO: [daemon.js:17438] [5fe535a21e4744b2a6b006a92ff7d976] → GET /mavis/health
[18:55:20.013] INFO: [daemon.js:17438] [5fe535a21e4744b2a6b006a92ff7d976] ← GET /mavis/health status=200 duration=1ms {"locale":"en"}
[18:55:22.210] INFO: [daemon.js:17438] [69cf4c1cc97f44fda6ac569018547617] → GET /mavis/mcp/cu
[18:55:22.210] INFO: [daemon.js:17438] [69cf4c1cc97f44fda6ac569018547617] ← GET /mavis/mcp/cu status=200 duration=1ms {"locale":"en"}
[18:55:22.210] INFO: [daemon.js:17438] [03c4822d30734c68b0e5fa32dd082704] → GET /mavis/mcp/trash
[18:55:22.211] INFO: [daemon.js:17438] [03c4822d30734c68b0e5fa32dd082704] ← GET /mavis/mcp/trash status=200 duration=1ms {"locale":"en"}
[18:55:30.003] INFO: [daemon.js:17438] [ab4ad078cc824b43a4d2dd36159b8952] → GET /mavis/health
[18:55:30.003] INFO: [daemon.js:17438] [ab4ad078cc824b43a4d2dd36159b8952] ← GET /mavis/health status=200 duration=0ms {"locale":"en"}
[18:55:39.997] INFO: [daemon.js:17438] [1c4431657c1947c0b47623d667a77323] → GET /mavis/health
[18:55:39.997] INFO: [daemon.js:17438] [1c4431657c1947c0b47623d667a77323] ← GET /mavis/health status=200 duration=0ms {"locale":"en"}
[18:55:47.386] INFO: [daemon.js:17438] [baf0507df58746aa899bf5803c88e042] → POST /mavis/api/content
[18:55:47.620] INFO: [daemon.js:17438] [baf0507df58746aa899bf5803c88e042] ← POST /mavis/api/content status=200 duration=234ms {"locale":"en"}
[18:55:47.627] INFO: [daemon.js:17438] [acaee00f659f4520ba6af80ae74482f4] → POST /mavis/api/session/mvs_b64802478430455b968a4d7fb38e953a/message
[18:55:47.628] INFO: [daemon.js:17438] [acaee00f659f4520ba6af80ae74482f4] SendMessage received for mavis/mvs_b64802478430455b968a4d7fb38e953a {"locale":"en"}
[18:55:47.628] INFO: [daemon.js:17438] [message] Forwarding user message {"ctx":{"traceId":"acaee00f659f4520ba6af80ae74482f4","locale":"en"},"agentName":"mavis","sessionId":"mvs_b64802478430455b968a4d7fb38e953a","queuedMessageCount":0,"turnId":"79276e80-1b11-4ae4-a6df-1aaf7994ffd8"}
[18:55:47.628] INFO: [daemon.js:17438] [acaee00f659f4520ba6af80ae74482f4] ← POST /mavis/api/session/mvs_b64802478430455b968a4d7fb38e953a/message status=200 duration=1ms {"locale":"en"}
[18:55:47.628] INFO: [daemon.js:17438] [f3672be49e284151b35eaa9f554ba821] Session turnId updated sessionId=mvs_b64802478430455b968a4d7fb38e953a turnId=79276e80-1b11-4ae4-a6df-1aaf7994ffd8
[18:55:47.629] INFO: [daemon.js:17438] [cb9fe09e4b7740f2ab3d3219fe902ac4] Resolved model from request override agentName=mavis providerID=minimax modelID=MiniMax-M2.7
[18:55:47.636] INFO: [daemon.js:17438] [e917fc649eb241ceb0f9c657f96091aa] Resolved model from request override agentName=mavis providerID=minimax modelID=MiniMax-M2.7
[18:55:47.636] INFO: [daemon.js:17438] [acaee00f659f4520ba6af80ae74482f4] sendMessage started, agentName=mavis, sessionId=mvs_b64802478430455b968a4d7fb38e953a {"locale":"en"}
[18:55:47.665] INFO: [daemon.js:17438] [7c95f48cdff7415b91041852466d9141] → POST /mavis/api/metrics/runtime-event
[18:55:47.666] INFO: [daemon.js:17438] [7c95f48cdff7415b91041852466d9141] ← POST /mavis/api/metrics/runtime-event status=204 duration=1ms {"locale":"en"}
[18:55:48.872] INFO: [daemon.js:17438] [4e79812ab2e7429a8da9eef43e87c111] → GET /mavis/api/cron
[18:55:48.872] INFO: [daemon.js:17438] [4e79812ab2e7429a8da9eef43e87c111] ← GET /mavis/api/cron status=200 duration=0ms {"locale":"en"}
[18:55:48.872] INFO: [daemon.js:17438] [2ede856dc0a34962ac6487ca695cafd4] → GET /mavis/api/agent
[18:55:48.875] INFO: [daemon.js:17438] [2ede856dc0a34962ac6487ca695cafd4] ← GET /mavis/api/agent status=200 duration=3ms {"locale":"en"}
[18:55:50.007] INFO: [daemon.js:17438] [60c4030bdc594c76a9fdc852df2cf6a9] → GET /mavis/health
[18:55:50.007] INFO: [daemon.js:17438] [60c4030bdc594c76a9fdc852df2cf6a9] ← GET /mavis/health status=200 duration=0ms {"locale":"en"}
[18:55:56.321] INFO: [daemon.js:17438] [65d3a7e16d884deaa1109d17f98c6705] → GET /mavis/api/config
[18:55:56.321] INFO: [daemon.js:17438] [65d3a7e16d884deaa1109d17f98c6705] ← GET /mavis/api/config status=200 duration=0ms {"locale":"en"}
[18:55:56.323] INFO: [daemon.js:17438] [cce3381360b8456881c6fc36ed37efc5] → GET /mavis/api/models
[18:55:56.324] INFO: [daemon.js:17438] [4f22f3a93707460aba3dfcab45272fe5] → GET /mavis/api/agent/mavis/skill
[18:55:56.324] INFO: [daemon.js:17438] [32fc3413397d46a6aa52dec926ddef47] → GET /mavis/api/session/mvs_b64802478430455b968a4d7fb38e953a/queue
[18:55:56.324] INFO: [daemon.js:17438] [32fc3413397d46a6aa52dec926ddef47] ← GET /mavis/api/session/mvs_b64802478430455b968a4d7fb38e953a/queue status=200 duration=0ms {"locale":"en"}
[18:55:56.324] INFO: [daemon.js:17438] [6e466cffe9a149078ce0ea2b3eb473e7] → GET /mavis/api/session/mvs_b64802478430455b968a4d7fb38e953a
[18:55:56.325] INFO: [daemon.js:17438] [6e466cffe9a149078ce0ea2b3eb473e7] ← GET /mavis/api/session/mvs_b64802478430455b968a4d7fb38e953a status=200 duration=1ms {"locale":"en"}
[18:55:56.325] INFO: [daemon.js:17438] [4c387c62670647be9b231292daa62a9c] → GET /mavis/api/permission/requests
[18:55:56.325] INFO: [daemon.js:17438] [4c387c62670647be9b231292daa62a9c] ← GET /mavis/api/permission/requests status=200 duration=0ms {"locale":"en"}
[18:55:56.325] INFO: [daemon.js:17438] [7a4fecc68bbb443d96520109a98a7a3f] → GET /mavis/api/agent/mavis/questionnaire/pending
[18:55:56.325] INFO: [daemon.js:17438] [7a4fecc68bbb443d96520109a98a7a3f] ← GET /mavis/api/agent/mavis/questionnaire/pending status=200 duration=0ms {"locale":"en"}
[18:55:56.326] INFO: [daemon.js:17438] [cce3381360b8456881c6fc36ed37efc5] ← GET /mavis/api/models status=200 duration=3ms {"locale":"en"}
[18:55:56.326] INFO: [daemon.js:17438] skill block emitted {"ctx":{"traceId":"e1af9fec4666455dae5be80fd8415195"},"event":"skill_block_emitted","agent":"mavis","total_count":24,"total_chars":11685,"skills":[{"name":"create-agent","char_count":676,"source_kind":"builtin-global"},{"name":"init-harness","char_count":521,"source_kind":"builtin-global"},{"name":"lark-tools","char_count":899,"source_kind":"builtin-global"},{"name":"literature-note","char_count":281,"source_kind":"user-mavis"},{"name":"llm-call","char_count":337,"source_kind":"builtin-global"},{"name":"mavis","char_count":950,"source_kind":"builtin-global"},{"name":"mavis-browser","char_count":355,"source_kind":"builtin-global"},{"name":"mavis-doctor","char_count":300,"source_kind":"builtin-agent"},{"name":"mavis-team","char_count":952,"source_kind":"builtin-agent"},{"name":"mcp-cli","char_count":121,"source_kind":"builtin-global"},{"name":"mcp-onboarding","char_count":169,"source_kind":"builtin-global"},{"name":"minimax-docx","char_count":235,"source_kind":"builtin-global"},{"name":"minimax-pdf","char_count":322,"source_kind":"builtin-global"},{"name":"minimax-pptx","char_count":261,"source_kind":"builtin-global"},{"name":"minimax-xlsx","char_count":350,"source_kind":"builtin-global"},{"name":"obsidian-cli","char_count":1134,"source_kind":null},{"name":"plan-mode","char_count":308,"source_kind":"builtin-global"},{"name":"skill-creator","char_count":363,"source_kind":"builtin-global"},{"name":"skill-evolution","char_count":614,"source_kind":"builtin-global"},{"name":"skill-refiner","char_count":326,"source_kind":"builtin-global"},{"name":"visual-summary","char_count":614,"source_kind":"builtin-global"},{"name":"worktree-management","char_count":480,"source_kind":"builtin-global"},{"name":"x-link-reader","char_count":315,"source_kind":"builtin-global"},{"name":"zotero-use","char_count":802,"source_kind":null}]}
[18:55:56.326] INFO: [daemon.js:17438] [4f22f3a93707460aba3dfcab45272fe5] ← GET /mavis/api/agent/mavis/skill status=200 duration=2ms {"locale":"en"}
[18:55:56.346] INFO: [daemon.js:17438] [2f16ba1bc59e47939de410bff7f66390] → GET /mavis/api/session/mvs_b64802478430455b968a4d7fb38e953a/message
[18:55:56.346] INFO: [daemon.js:17438] MessageStore list completed {"ctx":{"traceId":"2f16ba1bc59e47939de410bff7f66390","locale":"en"},"sessionId":"mvs_b64802478430455b968a4d7fb38e953a","durationMs":0,"messageCount":3,"hasNextCursor":false}
[18:55:56.346] INFO: [daemon.js:17438] [2f16ba1bc59e47939de410bff7f66390] ← GET /mavis/api/session/mvs_b64802478430455b968a4d7fb38e953a/message status=200 duration=1ms {"locale":"en"}
[18:55:56.354] INFO: [daemon.js:17438] [a7365f9451e44eb78ee8cd4e6024dfbe] → GET /mavis/api/session/mvs_b64802478430455b968a4d7fb38e953a/queue
[18:55:56.354] INFO: [daemon.js:17438] [a7365f9451e44eb78ee8cd4e6024dfbe] ← GET /mavis/api/session/mvs_b64802478430455b968a4d7fb38e953a/queue status=200 duration=0ms {"locale":"en"}
[18:55:56.567] INFO: [daemon.js:17438] [1502f5468fb8481d95bd486726c58268] → POST /mavis/api/session/mvs_b64802478430455b968a4d7fb38e953a/resume
[18:55:56.568] INFO: [daemon.js:17438] [1502f5468fb8481d95bd486726c58268] [resume] SSE stream started, agentName=mavis, sessionId=mvs_b64802478430455b968a4d7fb38e953a, msgId=umsg_76d42c02e9934638ad47940957510387, turnId=ace341ac-2228-40bc-a6d4-c4a2eaacbec0, drainQueued=false {"locale":"en"}
[18:55:56.568] INFO: [daemon.js:17438] MessageStore list completed {"ctx":{"traceId":"1502f5468fb8481d95bd486726c58268","locale":"en"},"sessionId":"mvs_b64802478430455b968a4d7fb38e953a","durationMs":0,"messageCount":3,"hasNextCursor":false}
[18:55:56.568] INFO: [daemon.js:17438] [1502f5468fb8481d95bd486726c58268] ← POST /mavis/api/session/mvs_b64802478430455b968a4d7fb38e953a/resume status=200 duration=1ms {"locale":"en"}
[18:56:00.016] INFO: [daemon.js:17438] [e91005f0e88746e9bbd2b3f5d4ce0fd7] → GET /mavis/health
[18:56:00.017] INFO: [daemon.js:17438] [e91005f0e88746e9bbd2b3f5d4ce0fd7] ← GET /mavis/health status=200 duration=1ms {"locale":"en"}
[18:56:01.067] INFO: [daemon.js:17438] [61e1ab44bf114a0ca4ae2bc310d8b8fb] → POST /mavis/api/metrics/runtime-event
[18:56:01.067] INFO: [daemon.js:17438] [61e1ab44bf114a0ca4ae2bc310d8b8fb] ← POST /mavis/api/metrics/runtime-event status=204 duration=0ms {"locale":"en"}
[18:56:01.071] INFO: [daemon.js:17438] [23dad31ff51d4a7989b201a63257cffc] [monitor] thinking TTFT measured sessionId=mvs_b64802478430455b968a4d7fb38e953a agentName=mavis ttftMs=13443
[18:56:01.071] INFO: [daemon.js:17438] [message] SSE terminated: superseded by newer turn {"ctx":{"traceId":"acaee00f659f4520ba6af80ae74482f4","locale":"en"},"sessionId":"mvs_b64802478430455b968a4d7fb38e953a","myTurnId":"79276e80-1b11-4ae4-a6df-1aaf7994ffd8","currentTurnId":"ace341ac-2228-40bc-a6d4-c4a2eaacbec0"}
[18:56:01.072] INFO: [daemon.js:17438] [1e8746db60194d78aa148f45cc9936f2] [monitor] response TTFT measured sessionId=mvs_b64802478430455b968a4d7fb38e953a agentName=mavis ttftMs=13444 breakdown={"resolveSession":0,"reconcileConfig":0,"hooks":8,"modelResolve":0,"adapterSend":13436}
[18:56:01.096] INFO: [daemon.js:17438] [499de56b43e14c84b6141c82101ac7da] → GET /mavis/api/session/mvs_b64802478430455b968a4d7fb38e953a/diff
[18:56:01.096] INFO: [daemon.js:17438] [e0834428876b49af9c4f980d51eea8ad] → GET /mavis/api/session/mvs_b64802478430455b968a4d7fb38e953a
[18:56:01.097] INFO: [daemon.js:17438] [e0834428876b49af9c4f980d51eea8ad] ← GET /mavis/api/session/mvs_b64802478430455b968a4d7fb38e953a status=200 duration=1ms {"locale":"en"}
[18:56:01.099] INFO: [daemon.js:17438] [499de56b43e14c84b6141c82101ac7da] ← GET /mavis/api/session/mvs_b64802478430455b968a4d7fb38e953a/diff status=200 duration=3ms {"locale":"en"}
[18:56:01.738] INFO: [daemon.js:17438] [df690295ef7840f0954c4776fa34e67b] [bridge] Emitting session.finish event sessionId=mvs_b64802478430455b968a4d7fb38e953a agentName=mavis isError=false
[18:56:01.741] INFO: [daemon.js:17438] [81fe98a87aee486eac5dd7a2c5297e57] [cron-store] Loaded cron configs, count=0
[18:56:09.693] INFO: [daemon.js:17438] [15906adb2b374bbba9162fa03b07ffc5] → POST /mavis/mcp/cu
[18:56:09.694] INFO: [daemon.js:17438] [15906adb2b374bbba9162fa03b07ffc5] ← POST /mavis/mcp/cu status=200 duration=1ms {"locale":"en"}
[18:56:09.695] INFO: [daemon.js:17438] [c51f1deba4d14f1abe3fdf5718b2807e] → POST /mavis/mcp/trash
[18:56:09.695] INFO: [daemon.js:17438] [c51f1deba4d14f1abe3fdf5718b2807e] ← POST /mavis/mcp/trash status=200 duration=0ms {"locale":"en"}
[18:56:09.932] INFO: [daemon.js:17438] [f68a81f90c3840dda0a49c0736dd70ba] [mcp:matrix:stderr] [matrix-mcp-cli] tools/list dropped 2 unknown tool(s) not in this cli's KNOWN_TOOLS: matrix_extract_content_from_websites, matrix_get_upload_url
[18:56:10.034] INFO: [daemon.js:17438] [19440828002747b7b3cc4239b20cc71c] → GET /mavis/health
[18:56:10.034] INFO: [daemon.js:17438] [19440828002747b7b3cc4239b20cc71c] ← GET /mavis/health status=200 duration=0ms {"locale":"en"}
[18:56:20.018] INFO: [daemon.js:17438] [563c5cb7e6554a219c3b37187fc8e8c2] → GET /mavis/health
[18:56:20.019] INFO: [daemon.js:17438] [563c5cb7e6554a219c3b37187fc8e8c2] ← GET /mavis/health status=200 duration=1ms {"locale":"en"}
[18:56:30.048] INFO: [daemon.js:17438] [b44ba0c3e8ee4fb1b943f96353ef12b3] → GET /mavis/health
[18:56:30.048] INFO: [daemon.js:17438] [b44ba0c3e8ee4fb1b943f96353ef12b3] ← GET /mavis/health status=200 duration=0ms {"locale":"en"}
[18:56:40.037] INFO: [daemon.js:17438] [27f4a9500de34ab5a2a908798eaeae98] → GET /mavis/health
[18:56:40.037] INFO: [daemon.js:17438] [27f4a9500de34ab5a2a908798eaeae98] ← GET /mavis/health status=200 duration=0ms {"locale":"en"}
[18:56:44.182] INFO: [daemon.js:17438] [24d1a5b410f54785a23fa2dabf2a940b] → GET /mavis/api/models
[18:56:44.183] INFO: [daemon.js:17438] [24d1a5b410f54785a23fa2dabf2a940b] ← GET /mavis/api/models status=200 duration=1ms {"locale":"en"}
[18:56:44.183] INFO: [daemon.js:17438] [398964978a2a489d8ed351720ace0574] → GET /mavis/api/session/mvs_0dbdbf20f8454c5d9ca7a005919f273e/queue
[18:56:44.184] INFO: [daemon.js:17438] [398964978a2a489d8ed351720ace0574] ← GET /mavis/api/session/mvs_0dbdbf20f8454c5d9ca7a005919f273e/queue status=200 duration=1ms {"locale":"en"}
[18:56:44.184] INFO: [daemon.js:17438] [178bb17f9af342b3b7d3946dc87f026f] → GET /mavis/api/agent/mavis/questionnaire/pending
[18:56:44.184] INFO: [daemon.js:17438] [178bb17f9af342b3b7d3946dc87f026f] ← GET /mavis/api/agent/mavis/questionnaire/pending status=200 duration=0ms {"locale":"en"}
[18:56:44.306] INFO: [daemon.js:17438] [8a5f4f7f745640f681510a7589152c48] → GET /mavis/api/session/mvs_0dbdbf20f8454c5d9ca7a005919f273e
[18:56:44.319] INFO: [daemon.js:17438] [8a5f4f7f745640f681510a7589152c48] ← GET /mavis/api/session/mvs_0dbdbf20f8454c5d9ca7a005919f273e status=200 duration=13ms {"locale":"en"}
[18:56:44.320] INFO: [daemon.js:17438] [6ff4232561c84ea3b0952c3e982e08d0] → GET /mavis/api/session/mvs_0dbdbf20f8454c5d9ca7a005919f273e/message
[18:56:44.321] INFO: [daemon.js:17438] MessageStore list completed {"ctx":{"traceId":"6ff4232561c84ea3b0952c3e982e08d0","locale":"en"},"sessionId":"mvs_0dbdbf20f8454c5d9ca7a005919f273e","durationMs":0,"messageCount":16,"hasNextCursor":false}
[18:56:44.322] INFO: [daemon.js:17438] [6ff4232561c84ea3b0952c3e982e08d0] ← GET /mavis/api/session/mvs_0dbdbf20f8454c5d9ca7a005919f273e/message status=200 duration=2ms {"locale":"en"}
[18:56:44.324] INFO: [daemon.js:17438] [75752f65e35b46de9d8910292e479c7e] → GET /mavis/api/session/mvs_0dbdbf20f8454c5d9ca7a005919f273e/queue
[18:56:44.325] INFO: [daemon.js:17438] [75752f65e35b46de9d8910292e479c7e] ← GET /mavis/api/session/mvs_0dbdbf20f8454c5d9ca7a005919f273e/queue status=200 duration=1ms {"locale":"en"}
[18:56:44.657] INFO: [daemon.js:17438] [572e0104b81a471fae1648cbd066b25a] → GET /mavis/api/session/mvs_b64802478430455b968a4d7fb38e953a/queue
[18:56:44.658] INFO: [daemon.js:17438] [572e0104b81a471fae1648cbd066b25a] ← GET /mavis/api/session/mvs_b64802478430455b968a4d7fb38e953a/queue status=200 duration=1ms {"locale":"en"}
[18:56:44.658] INFO: [daemon.js:17438] [baa8f427b7814cf5bc7450644f8f70f3] → GET /mavis/api/agent/mavis/questionnaire/pending
[18:56:44.658] INFO: [daemon.js:17438] [baa8f427b7814cf5bc7450644f8f70f3] ← GET /mavis/api/agent/mavis/questionnaire/pending status=200 duration=0ms {"locale":"en"}
[18:56:44.783] INFO: [daemon.js:17438] [d2765d3bcc5b497b97844cfc62d47830] → GET /mavis/api/session/mvs_b64802478430455b968a4d7fb38e953a
[18:56:44.789] INFO: [daemon.js:17438] [d2765d3bcc5b497b97844cfc62d47830] ← GET /mavis/api/session/mvs_b64802478430455b968a4d7fb38e953a status=200 duration=6ms {"locale":"en"}
[18:56:44.791] INFO: [daemon.js:17438] [4136803e63c84cc5bbf207816d29d9ff] → GET /mavis/api/session/mvs_b64802478430455b968a4d7fb38e953a/message
[18:56:44.792] INFO: [daemon.js:17438] MessageStore list completed {"ctx":{"traceId":"4136803e63c84cc5bbf207816d29d9ff","locale":"en"},"sessionId":"mvs_b64802478430455b968a4d7fb38e953a","durationMs":0,"messageCount":4,"hasNextCursor":false}
[18:56:44.792] INFO: [daemon.js:17438] [4136803e63c84cc5bbf207816d29d9ff] ← GET /mavis/api/session/mvs_b64802478430455b968a4d7fb38e953a/message status=200 duration=1ms {"locale":"en"}
[18:56:44.795] INFO: [daemon.js:17438] [0555b380b32848cb959a0c60ce2031fb] → GET /mavis/api/session/mvs_b64802478430455b968a4d7fb38e953a/queue
[18:56:44.796] INFO: [daemon.js:17438] [0555b380b32848cb959a0c60ce2031fb] ← GET /mavis/api/session/mvs_b64802478430455b968a4d7fb38e953a/queue status=200 duration=1ms {"locale":"en"}
[18:56:50.058] INFO: [daemon.js:17438] [4d79f77d7b7b4de1920be6df8670b4f3] → GET /mavis/health
[18:56:50.058] INFO: [daemon.js:17438] [4d79f77d7b7b4de1920be6df8670b4f3] ← GET /mavis/health status=200 duration=0ms {"locale":"en"}
[18:57:00.077] INFO: [daemon.js:17438] [7b00782fad5e4085b44f3107688d6318] → GET /mavis/health
[18:57:00.078] INFO: [daemon.js:17438] [7b00782fad5e4085b44f3107688d6318] ← GET /mavis/health status=200 duration=1ms {"locale":"en"}
[18:57:10.073] INFO: [daemon.js:17438] [f7eac0a3fa444551815e1ed39ff19f5b] → GET /mavis/health
[18:57:10.073] INFO: [daemon.js:17438] [f7eac0a3fa444551815e1ed39ff19f5b] ← GET /mavis/health status=200 duration=0ms {"locale":"en"}
[18:57:20.081] INFO: [daemon.js:17438] [bf547de9cc9245ee858c67121ab6ad2e] → GET /mavis/health
[18:57:20.082] INFO: [daemon.js:17438] [bf547de9cc9245ee858c67121ab6ad2e] ← GET /mavis/health status=200 duration=1ms {"locale":"en"}
[18:57:30.108] INFO: [daemon.js:17438] [b2965b8275d84339ae8d8bda0adf078a] → GET /mavis/health
[18:57:30.108] INFO: [daemon.js:17438] [b2965b8275d84339ae8d8bda0adf078a] ← GET /mavis/health status=200 duration=0ms {"locale":"en"}
[18:57:40.109] INFO: [daemon.js:17438] [dbdaad5eaaf8438abfd84d200015846e] → GET /mavis/health
[18:57:40.110] INFO: [daemon.js:17438] [dbdaad5eaaf8438abfd84d200015846e] ← GET /mavis/health status=200 duration=1ms {"locale":"en"}
[18:57:46.008] INFO: [daemon.js:17438] [0af5589dd4f540b7b771791e3859653f] → POST /mavis/api/content
[18:57:46.237] INFO: [daemon.js:17438] [0af5589dd4f540b7b771791e3859653f] ← POST /mavis/api/content status=200 duration=229ms {"locale":"en"}
[18:57:46.241] INFO: [daemon.js:17438] [47c54420a092495083210dbe93264af7] → POST /mavis/api/session/mvs_b64802478430455b968a4d7fb38e953a/message
[18:57:46.242] INFO: [daemon.js:17438] [47c54420a092495083210dbe93264af7] SendMessage received for mavis/mvs_b64802478430455b968a4d7fb38e953a {"locale":"en"}
[18:57:46.242] INFO: [daemon.js:17438] [message] Forwarding user message {"ctx":{"traceId":"47c54420a092495083210dbe93264af7","locale":"en"},"agentName":"mavis","sessionId":"mvs_b64802478430455b968a4d7fb38e953a","queuedMessageCount":0,"turnId":"83f72112-b3ac-4fc2-a98a-ccda37ce4497"}
[18:57:46.242] INFO: [daemon.js:17438] [47c54420a092495083210dbe93264af7] ← POST /mavis/api/session/mvs_b64802478430455b968a4d7fb38e953a/message status=200 duration=1ms {"locale":"en"}
[18:57:46.242] INFO: [daemon.js:17438] [8c08c88a3bc54bc1a430c3b21f4d69bd] Session turnId updated sessionId=mvs_b64802478430455b968a4d7fb38e953a turnId=83f72112-b3ac-4fc2-a98a-ccda37ce4497
[18:57:46.243] INFO: [daemon.js:17438] [781ec5f0678441e8b47315063f51bfcd] Resolved model from request override agentName=mavis providerID=minimax modelID=MiniMax-M2.7
[18:57:46.249] INFO: [daemon.js:17438] [b606fbe20c36429a90087df70d495edd] Resolved model from request override agentName=mavis providerID=minimax modelID=MiniMax-M2.7
[18:57:46.250] INFO: [daemon.js:17438] [47c54420a092495083210dbe93264af7] sendMessage started, agentName=mavis, sessionId=mvs_b64802478430455b968a4d7fb38e953a {"locale":"en"}
[18:57:46.272] INFO: [daemon.js:17438] [fb0dfbbc176047e28346adadc4eda04d] → POST /mavis/api/metrics/runtime-event
[18:57:46.273] INFO: [daemon.js:17438] [fb0dfbbc176047e28346adadc4eda04d] ← POST /mavis/api/metrics/runtime-event status=204 duration=1ms {"locale":"en"}
[18:57:47.862] INFO: [daemon.js:17438] [463b0485d6a94b53b6b76aa745943f80] → POST /mavis/api/metrics/runtime-event
[18:57:47.863] INFO: [daemon.js:17438] [463b0485d6a94b53b6b76aa745943f80] ← POST /mavis/api/metrics/runtime-event status=204 duration=1ms {"locale":"en"}
[18:57:47.863] INFO: [daemon.js:17438] [1d5224b764e04ffca47c5f9ed2cba2a2] → POST /mavis/api/permission/check
[18:57:47.864] INFO: [daemon.js:17438] [1d5224b764e04ffca47c5f9ed2cba2a2] Permission check requested: skill for mavis {"locale":"en"}
[18:57:47.865] INFO: [daemon.js:17438] [a90e4335304c45d693074aefc82e1d5e] [monitor] thinking TTFT measured sessionId=mvs_b64802478430455b968a4d7fb38e953a agentName=mavis ttftMs=1623
[18:57:47.866] INFO: [daemon.js:17438] Created ToolPermissionContext {"mode":"auto","ruleCount":0,"sandboxEnabled":false,"workingDirectory":"C:\\Users\\jethr\\.minimax-agent\\projects"}
[18:57:47.866] INFO: [daemon.js:17438] [2ec4d76adae442f2b414e2a99cbe81c0] [permission-service] Check result: toolName=skill behavior=allow reasonType=safetyCheck locale=en
[18:57:47.866] INFO: [daemon.js:17438] [1d5224b764e04ffca47c5f9ed2cba2a2] Permission check result: skill → allow {"locale":"en"}
[18:57:47.866] INFO: [daemon.js:17438] [1d5224b764e04ffca47c5f9ed2cba2a2] ← POST /mavis/api/permission/check status=200 duration=3ms {"locale":"en"}
[18:57:47.867] INFO: [daemon.js:17438] [062bf3c1c1264c5eb7a015d17b19e757] → POST /mavis/api/hooks/execute
[18:57:47.868] INFO: [daemon.js:17438] [hook-registry] matcher did not match, hook filtered out {"module":"hook-registry","hookId":"builtin:binary-read-guard","matcher":"^[Rr]ead$","matchValue":"skill"}
[18:57:47.868] INFO: [daemon.js:17438] [hook-registry] hooks filtered by matcher {"module":"hook-registry","hookEvent":"PreToolUse","matchValue":"skill","beforeCount":2,"afterCount":1}
[18:57:47.868] INFO: [daemon.js:17438] [062bf3c1c1264c5eb7a015d17b19e757] ← POST /mavis/api/hooks/execute status=200 duration=1ms {"locale":"en"}
[18:57:47.869] INFO: [daemon.js:17438] [470982e28e1043949eb9843e41c38623] → GET /mavis/api/session/ses_17d2ee6f1ffeln5wikkdU7hu8T
[18:57:47.871] INFO: [daemon.js:17438] [470982e28e1043949eb9843e41c38623] ← GET /mavis/api/session/ses_17d2ee6f1ffeln5wikkdU7hu8T status=200 duration=2ms {"locale":"en"}
[18:57:47.871] INFO: [daemon.js:17438] [a4dacdaf173747a6abbbf1f65c2d6124] → GET /mavis/api/skill/create-agent
[18:57:47.873] INFO: [daemon.js:17438] [a4dacdaf173747a6abbbf1f65c2d6124] ← GET /mavis/api/skill/create-agent status=200 duration=2ms {"locale":"en"}
[18:57:47.873] INFO: [daemon.js:17438] [d1c024d4e9ec40dea49531e6092dcc15] → GET /mavis/api/skill/create-agent/files
[18:57:47.874] INFO: [daemon.js:17438] [d1c024d4e9ec40dea49531e6092dcc15] ← GET /mavis/api/skill/create-agent/files status=200 duration=1ms {"locale":"en"}
[18:57:47.875] INFO: [daemon.js:17438] [677ac951f0c14fdc835b8a26fe752171] → POST /mavis/api/metrics/runtime-event
[18:57:47.875] INFO: [daemon.js:17438] [677ac951f0c14fdc835b8a26fe752171] ← POST /mavis/api/metrics/runtime-event status=204 duration=0ms {"locale":"en"}
[18:57:47.875] INFO: [daemon.js:17438] [0e8d9768c38143ca8cda535a41d8e8fc] → POST /mavis/api/hooks/execute
[18:57:47.876] INFO: [daemon.js:17438] [hook-registry] matcher did not match, hook filtered out {"module":"hook-registry","hookId":"builtin:read-image-compressor","matcher":"^[Rr]ead$","matchValue":"skill"}
[18:57:47.876] INFO: [daemon.js:17438] [hook-registry] matcher did not match, hook filtered out {"module":"hook-registry","hookId":"builtin:cu-image-injector","matcher":"^[Bb]ash$","matchValue":"skill"}
[18:57:47.876] INFO: [daemon.js:17438] [hook-registry] hooks filtered by matcher {"module":"hook-registry","hookEvent":"PostToolUse","matchValue":"skill","beforeCount":7,"afterCount":5}
[18:57:47.876] INFO: [daemon.js:17438] [0e8d9768c38143ca8cda535a41d8e8fc] ← POST /mavis/api/hooks/execute status=200 duration=1ms {"locale":"en"}
[18:57:47.878] INFO: [daemon.js:17438] [4b4f9a83326843698bb1d48a2a22ef36] → POST /mavis/api/metrics/runtime-event
[18:57:47.878] INFO: [daemon.js:17438] [4b4f9a83326843698bb1d48a2a22ef36] ← POST /mavis/api/metrics/runtime-event status=204 duration=0ms {"locale":"en"}
[18:57:47.889] INFO: [daemon.js:17438] [2ef038caa3514c4ca83f04591c2cfe56] → POST /mavis/api/metrics/runtime-event
[18:57:47.889] INFO: [daemon.js:17438] [2ef038caa3514c4ca83f04591c2cfe56] ← POST /mavis/api/metrics/runtime-event status=204 duration=0ms {"locale":"en"}
[18:57:50.116] INFO: [daemon.js:17438] [5c75ef02966a4be6acc93b8e8f009bb8] → GET /mavis/health
[18:57:50.117] INFO: [daemon.js:17438] [5c75ef02966a4be6acc93b8e8f009bb8] ← GET /mavis/health status=200 duration=1ms {"locale":"en"}
[18:57:53.030] INFO: [daemon.js:17438] [c59a20ee38eb4d8eadaeb776e15ad437] → POST /mavis/api/metrics/runtime-event
[18:57:53.030] INFO: [daemon.js:17438] [c59a20ee38eb4d8eadaeb776e15ad437] ← POST /mavis/api/metrics/runtime-event status=204 duration=0ms {"locale":"en"}
[18:57:53.033] INFO: [daemon.js:17438] [9d59aa4401334396a33c946025b8a486] [monitor] response TTFT measured sessionId=mvs_b64802478430455b968a4d7fb38e953a agentName=mavis ttftMs=6791 breakdown={"resolveSession":0,"reconcileConfig":0,"hooks":7,"modelResolve":1,"adapterSend":6783}
[18:57:53.668] INFO: [daemon.js:17438] [08f2e28f21084ec58299e448eea9dbfc] [bridge] Emitting session.finish event sessionId=mvs_b64802478430455b968a4d7fb38e953a agentName=mavis isError=false
[18:57:53.671] INFO: [daemon.js:17438] [18d39f06dc6646f4a5488d244a3b4c03] [cron-store] Loaded cron configs, count=0
[18:57:53.676] INFO: [daemon.js:17438] [e6940e8c02494a9b9c5d467e3611193e] → GET /mavis/api/session/mvs_b64802478430455b968a4d7fb38e953a/diff
[18:57:53.676] INFO: [daemon.js:17438] [362c0b80c5184c7f978d05546d6e7738] → GET /mavis/api/session/mvs_b64802478430455b968a4d7fb38e953a
[18:57:53.678] INFO: [daemon.js:17438] [e6940e8c02494a9b9c5d467e3611193e] ← GET /mavis/api/session/mvs_b64802478430455b968a4d7fb38e953a/diff status=200 duration=2ms {"locale":"en"}
[18:57:53.679] INFO: [daemon.js:17438] [362c0b80c5184c7f978d05546d6e7738] ← GET /mavis/api/session/mvs_b64802478430455b968a4d7fb38e953a status=200 duration=3ms {"locale":"en"}
[18:58:00.124] INFO: [daemon.js:17438] [aff1aa4466004b468bcefa4414475955] → GET /mavis/health
[18:58:00.124] INFO: [daemon.js:17438] [aff1aa4466004b468bcefa4414475955] ← GET /mavis/health status=200 duration=0ms {"locale":"en"}
[18:58:10.128] INFO: [daemon.js:17438] [4e4a176c20914448b89aa653cbaf0b2f] → GET /mavis/health
[18:58:10.128] INFO: [daemon.js:17438] [4e4a176c20914448b89aa653cbaf0b2f] ← GET /mavis/health status=200 duration=0ms {"locale":"en"}
[18:58:20.148] INFO: [daemon.js:17438] [1366082692c04bb98bb6a5acfb9238b9] → GET /mavis/health
[18:58:20.148] INFO: [daemon.js:17438] [1366082692c04bb98bb6a5acfb9238b9] ← GET /mavis/health status=200 duration=0ms {"locale":"en"}
[18:58:30.138] INFO: [daemon.js:17438] [97936f7c2e2b4560bca4ce7b53714677] → GET /mavis/health
[18:58:30.138] INFO: [daemon.js:17438] [97936f7c2e2b4560bca4ce7b53714677] ← GET /mavis/health status=200 duration=0ms {"locale":"en"}
[18:58:40.141] INFO: [daemon.js:17438] [664b1d219f9f491da81e7521753db8f5] → GET /mavis/health
[18:58:40.141] INFO: [daemon.js:17438] [664b1d219f9f491da81e7521753db8f5] ← GET /mavis/health status=200 duration=0ms {"locale":"en"}
[18:58:50.146] INFO: [daemon.js:17438] [88cded06b5fe4634bf685e0d0ac27134] → GET /mavis/health
[18:58:50.146] INFO: [daemon.js:17438] [88cded06b5fe4634bf685e0d0ac27134] ← GET /mavis/health status=200 duration=0ms {"locale":"en"}
[18:59:00.149] INFO: [daemon.js:17438] [1c40c7b52f1248b88076fa38aaffe8a0] → GET /mavis/health
[18:59:00.149] INFO: [daemon.js:17438] [1c40c7b52f1248b88076fa38aaffe8a0] ← GET /mavis/health status=200 duration=0ms {"locale":"en"}
[18:59:06.143] INFO: [daemon.js:17438] [c875814c985f43aabd0a3ba1e279746b] → GET /mavis/api/session/mvs_b64802478430455b968a4d7fb38e953a/message
[18:59:06.144] INFO: [daemon.js:17438] MessageStore list completed {"ctx":{"traceId":"c875814c985f43aabd0a3ba1e279746b","locale":"en"},"sessionId":"mvs_b64802478430455b968a4d7fb38e953a","durationMs":0,"messageCount":7,"hasNextCursor":false}
[18:59:06.144] INFO: [daemon.js:17438] [c875814c985f43aabd0a3ba1e279746b] ← GET /mavis/api/session/mvs_b64802478430455b968a4d7fb38e953a/message status=200 duration=1ms {"locale":"en"}
[18:59:06.144] INFO: [daemon.js:17438] [fa5d5087f5004bfd8a43eb83c549c019] → GET /mavis/api/permission/requests
[18:59:06.145] INFO: [daemon.js:17438] [fa5d5087f5004bfd8a43eb83c549c019] ← GET /mavis/api/permission/requests status=200 duration=1ms {"locale":"en"}
[18:59:06.146] INFO: [daemon.js:17438] [58b5d701617d49b990509f85b764d754] → GET /mavis/api/session/mvs_b64802478430455b968a4d7fb38e953a
[18:59:06.157] INFO: [daemon.js:17438] [58b5d701617d49b990509f85b764d754] ← GET /mavis/api/session/mvs_b64802478430455b968a4d7fb38e953a status=200 duration=11ms {"locale":"en"}
[18:59:06.159] INFO: [daemon.js:17438] [a1fe812906f1422497bbe0d0d32daf2c] → GET /mavis/api/session/mvs_b64802478430455b968a4d7fb38e953a/queue
[18:59:06.159] INFO: [daemon.js:17438] [a1fe812906f1422497bbe0d0d32daf2c] ← GET /mavis/api/session/mvs_b64802478430455b968a4d7fb38e953a/queue status=200 duration=0ms {"locale":"en"}
[18:59:10.160] INFO: [daemon.js:17438] [fc28056e520e447f8ed2b0b00dda7806] → GET /mavis/health
[18:59:10.160] INFO: [daemon.js:17438] [fc28056e520e447f8ed2b0b00dda7806] ← GET /mavis/health status=200 duration=0ms {"locale":"en"}
[18:59:20.158] INFO: [daemon.js:17438] [cf825d33a10a40cc9d02d4527f07b017] → GET /mavis/health
[18:59:20.158] INFO: [daemon.js:17438] [cf825d33a10a40cc9d02d4527f07b017] ← GET /mavis/health status=200 duration=0ms {"locale":"en"}
[18:59:30.165] INFO: [daemon.js:17438] [1a927e5b72dd48dda40a8bf228152c26] → GET /mavis/health
[18:59:30.165] INFO: [daemon.js:17438] [1a927e5b72dd48dda40a8bf228152c26] ← GET /mavis/health status=200 duration=0ms {"locale":"en"}
[18:59:40.168] INFO: [daemon.js:17438] [40cbc37ed97944b59e5a70c91779e5c6] → GET /mavis/health
[18:59:40.168] INFO: [daemon.js:17438] [40cbc37ed97944b59e5a70c91779e5c6] ← GET /mavis/health status=200 duration=0ms {"locale":"en"}
[18:59:50.172] INFO: [daemon.js:17438] [395ddcf8acdc44b08a1b6c8b62079d87] → GET /mavis/health
[18:59:50.172] INFO: [daemon.js:17438] [395ddcf8acdc44b08a1b6c8b62079d87] ← GET /mavis/health status=200 duration=1ms {"locale":"en"}
